{
  "series_id": "FOODS_3_112_CA_3_validation",
  "source_run": "run_20260524_085747_563601_001_subset34590_ctx56_h16_emb8_ep10_steps100",
  "horizon": [
    1,
    2,
    3,
    4,
    5,
    6,
    7,
    8,
    9,
    10,
    11,
    12,
    13,
    14,
    15,
    16,
    17,
    18,
    19,
    20,
    21,
    22,
    23,
    24,
    25,
    26,
    27,
    28
  ],
  "actuals": [
    6.0,
    2.0,
    2.0,
    3.0,
    2.0,
    2.0,
    3.0,
    9.0,
    1.0,
    6.0,
    3.0,
    10.0,
    4.0,
    3.0,
    5.0,
    9.0,
    3.0,
    4.0,
    4.0,
    2.0,
    10.0,
    1.0,
    7.0,
    3.0,
    4.0,
    3.0,
    5.0,
    3.0
  ],
  "baselines": {
    "naive": {
      "forecast": [
        11.0,
        11.0,
        11.0,
        11.0,
        11.0,
        11.0,
        11.0,
        11.0,
        11.0,
        11.0,
        11.0,
        11.0,
        11.0,
        11.0,
        11.0,
        11.0,
        11.0,
        11.0,
        11.0,
        11.0,
        11.0,
        11.0,
        11.0,
        11.0,
        11.0,
        11.0,
        11.0,
        11.0
      ],
      "metrics": {
        "mae": 6.75,
        "mape": 2.718424036281179,
        "rmse": 7.223473640055138,
        "smape": 0.9587139984198807,
        "rmsse": 2.466912925805018
      }
    },
    "seasonal_naive": {
      "forecast": [
        1.0,
        2.0,
        2.0,
        6.0,
        1.0,
        1.0,
        3.0,
        7.0,
        2.0,
        6.0,
        2.0,
        2.0,
        3.0,
        3.0,
        6.0,
        3.0,
        8.0,
        1.0,
        4.0,
        2.0,
        4.0,
        7.0,
        3.0,
        8.0,
        2.0,
        3.0,
        5.0,
        11.0
      ],
      "metrics": {
        "mae": 2.4642857142857144,
        "mape": 0.740249433106576,
        "rmse": 3.5807022455697948,
        "smape": 0.5546768707482993,
        "rmsse": 1.2228577403637837
      }
    }
  }
}