{
  "series_id": "FOODS_2_347_TX_3_validation",
  "source_run": "run_20260524_085747_563601_001_subset34590_ctx56_h16_emb8_ep10_steps100",
  "horizon": [
    1,
    2,
    3,
    4,
    5,
    6,
    7,
    8,
    9,
    10,
    11,
    12,
    13,
    14,
    15,
    16,
    17,
    18,
    19,
    20,
    21,
    22,
    23,
    24,
    25,
    26,
    27,
    28
  ],
  "actuals": [
    8.0,
    9.0,
    5.0,
    5.0,
    9.0,
    4.0,
    8.0,
    4.0,
    8.0,
    4.0,
    7.0,
    6.0,
    16.0,
    8.0,
    4.0,
    11.0,
    5.0,
    9.0,
    17.0,
    7.0,
    14.0,
    10.0,
    9.0,
    1.0,
    7.0,
    12.0,
    11.0,
    6.0
  ],
  "baselines": {
    "naive": {
      "forecast": [
        5.0,
        5.0,
        5.0,
        5.0,
        5.0,
        5.0,
        5.0,
        5.0,
        5.0,
        5.0,
        5.0,
        5.0,
        5.0,
        5.0,
        5.0,
        5.0,
        5.0,
        5.0,
        5.0,
        5.0,
        5.0,
        5.0,
        5.0,
        5.0,
        5.0,
        5.0,
        5.0,
        5.0
      ],
      "metrics": {
        "mae": 3.5714285714285716,
        "mape": 0.4885262817248111,
        "rmse": 4.728334046695819,
        "smape": 0.4926364055621022,
        "rmsse": 1.173522007803106
      }
    },
    "seasonal_naive": {
      "forecast": [
        3.0,
        3.0,
        3.0,
        3.0,
        19.0,
        17.0,
        13.0,
        6.0,
        9.0,
        6.0,
        11.0,
        11.0,
        16.0,
        11.0,
        7.0,
        7.0,
        14.0,
        5.0,
        7.0,
        12.0,
        10.0,
        7.0,
        4.0,
        7.0,
        8.0,
        14.0,
        9.0,
        5.0
      ],
      "metrics": {
        "mae": 4.25,
        "mape": 0.8015149999393697,
        "rmse": 5.226990393278772,
        "smape": 0.5391652379268478,
        "rmsse": 1.2972831869555639
      }
    }
  }
}