{
  "series_id": "FOODS_2_152_TX_3_validation",
  "source_run": "run_20260524_085747_563601_001_subset34590_ctx56_h16_emb8_ep10_steps100",
  "horizon": [
    1,
    2,
    3,
    4,
    5,
    6,
    7,
    8,
    9,
    10,
    11,
    12,
    13,
    14,
    15,
    16,
    17,
    18,
    19,
    20,
    21,
    22,
    23,
    24,
    25,
    26,
    27,
    28
  ],
  "actuals": [
    5.0,
    4.0,
    6.0,
    0.0,
    3.0,
    4.0,
    5.0,
    9.0,
    3.0,
    2.0,
    4.0,
    6.0,
    10.0,
    2.0,
    5.0,
    7.0,
    0.0,
    5.0,
    7.0,
    0.0,
    4.0,
    5.0,
    3.0,
    0.0,
    7.0,
    3.0,
    7.0,
    8.0
  ],
  "baselines": {
    "naive": {
      "forecast": [
        7.0,
        7.0,
        7.0,
        7.0,
        7.0,
        7.0,
        7.0,
        7.0,
        7.0,
        7.0,
        7.0,
        7.0,
        7.0,
        7.0,
        7.0,
        7.0,
        7.0,
        7.0,
        7.0,
        7.0,
        7.0,
        7.0,
        7.0,
        7.0,
        7.0,
        7.0,
        7.0,
        7.0
      ],
      "metrics": {
        "mae": 3.0,
        "mape": 0.6797453703703704,
        "rmse": 3.693623849670827,
        "smape": 0.6540954960072607,
        "rmsse": 0.7909317275701964
      }
    },
    "seasonal_naive": {
      "forecast": [
        8.0,
        7.0,
        3.0,
        7.0,
        1.0,
        3.0,
        11.0,
        5.0,
        3.0,
        5.0,
        3.0,
        5.0,
        13.0,
        6.0,
        6.0,
        10.0,
        7.0,
        1.0,
        15.0,
        3.0,
        6.0,
        4.0,
        6.0,
        4.0,
        3.0,
        3.0,
        6.0,
        7.0
      ],
      "metrics": {
        "mae": 2.9642857142857144,
        "mape": 0.5724371693121694,
        "rmse": 3.610500558885746,
        "smape": 0.7084921862735163,
        "rmsse": 0.7731321760571687
      }
    }
  }
}