{
  "series_id": "FOODS_2_183_TX_2_validation",
  "source_run": "run_20260524_085747_563601_001_subset34590_ctx56_h16_emb8_ep10_steps100",
  "horizon": [
    1,
    2,
    3,
    4,
    5,
    6,
    7,
    8,
    9,
    10,
    11,
    12,
    13,
    14,
    15,
    16,
    17,
    18,
    19,
    20,
    21,
    22,
    23,
    24,
    25,
    26,
    27,
    28
  ],
  "actuals": [
    3.0,
    3.0,
    1.0,
    3.0,
    2.0,
    3.0,
    8.0,
    6.0,
    8.0,
    8.0,
    6.0,
    3.0,
    4.0,
    7.0,
    4.0,
    5.0,
    6.0,
    7.0,
    5.0,
    7.0,
    6.0,
    2.0,
    7.0,
    5.0,
    4.0,
    4.0,
    5.0,
    3.0
  ],
  "baselines": {
    "naive": {
      "forecast": [
        4.0,
        4.0,
        4.0,
        4.0,
        4.0,
        4.0,
        4.0,
        4.0,
        4.0,
        4.0,
        4.0,
        4.0,
        4.0,
        4.0,
        4.0,
        4.0,
        4.0,
        4.0,
        4.0,
        4.0,
        4.0,
        4.0,
        4.0,
        4.0,
        4.0,
        4.0,
        4.0,
        4.0
      ],
      "metrics": {
        "mae": 1.75,
        "mape": 0.44098639455782307,
        "rmse": 2.1297216451250818,
        "smape": 0.3899402185116471,
        "rmsse": 0.581034128473415
      }
    },
    "seasonal_naive": {
      "forecast": [
        6.0,
        3.0,
        4.0,
        3.0,
        6.0,
        6.0,
        4.0,
        5.0,
        4.0,
        3.0,
        3.0,
        6.0,
        7.0,
        6.0,
        6.0,
        2.0,
        4.0,
        3.0,
        3.0,
        2.0,
        4.0,
        0.0,
        3.0,
        2.0,
        2.0,
        3.0,
        5.0,
        4.0
      ],
      "metrics": {
        "mae": 2.5,
        "mape": 0.6389880952380952,
        "rmse": 2.866057521105554,
        "smape": 0.6197750662036376,
        "rmsse": 0.7819224816266716
      }
    }
  }
}