{
  "series_id": "FOODS_1_014_CA_2_validation",
  "source_run": "run_20260524_085747_563601_001_subset34590_ctx56_h16_emb8_ep10_steps100",
  "horizon": [
    1,
    2,
    3,
    4,
    5,
    6,
    7,
    8,
    9,
    10,
    11,
    12,
    13,
    14,
    15,
    16,
    17,
    18,
    19,
    20,
    21,
    22,
    23,
    24,
    25,
    26,
    27,
    28
  ],
  "actuals": [
    3.0,
    0.0,
    0.0,
    1.0,
    0.0,
    1.0,
    2.0,
    1.0,
    1.0,
    0.0,
    0.0,
    2.0,
    5.0,
    2.0,
    0.0,
    0.0,
    0.0,
    0.0,
    0.0,
    2.0,
    2.0,
    0.0,
    0.0,
    0.0,
    1.0,
    1.0,
    3.0,
    1.0
  ],
  "baselines": {
    "naive": {
      "forecast": [
        1.0,
        1.0,
        1.0,
        1.0,
        1.0,
        1.0,
        1.0,
        1.0,
        1.0,
        1.0,
        1.0,
        1.0,
        1.0,
        1.0,
        1.0,
        1.0,
        1.0,
        1.0,
        1.0,
        1.0,
        1.0,
        1.0,
        1.0,
        1.0,
        1.0,
        1.0,
        1.0,
        1.0
      ],
      "metrics": {
        "mae": 0.9285714285714286,
        "mape": 0.30888888888888894,
        "rmse": 1.224744871391589,
        "smape": 1.1666666666666665,
        "rmsse": 0.5324845753717656
      }
    },
    "seasonal_naive": {
      "forecast": [
        0.0,
        1.0,
        0.0,
        1.0,
        0.0,
        1.0,
        0.0,
        0.0,
        0.0,
        1.0,
        4.0,
        0.0,
        3.0,
        0.0,
        0.0,
        1.0,
        0.0,
        0.0,
        1.0,
        2.0,
        1.0,
        1.0,
        0.0,
        0.0,
        1.0,
        0.0,
        0.0,
        1.0
      ],
      "metrics": {
        "mae": 0.9642857142857143,
        "mape": 0.5933333333333334,
        "rmse": 1.4516001023501126,
        "smape": 1.0416666666666665,
        "rmsse": 0.6311148404575548
      }
    }
  }
}