{
  "series_id": "FOODS_1_082_WI_1_validation",
  "source_run": "run_20260524_085747_563601_001_subset34590_ctx56_h16_emb8_ep10_steps100",
  "horizon": [
    1,
    2,
    3,
    4,
    5,
    6,
    7,
    8,
    9,
    10,
    11,
    12,
    13,
    14,
    15,
    16,
    17,
    18,
    19,
    20,
    21,
    22,
    23,
    24,
    25,
    26,
    27,
    28
  ],
  "actuals": [
    2.0,
    12.0,
    2.0,
    8.0,
    13.0,
    17.0,
    5.0,
    12.0,
    7.0,
    9.0,
    10.0,
    20.0,
    22.0,
    4.0,
    4.0,
    10.0,
    3.0,
    1.0,
    10.0,
    9.0,
    4.0,
    2.0,
    5.0,
    7.0,
    15.0,
    14.0,
    4.0,
    8.0
  ],
  "baselines": {
    "naive": {
      "forecast": [
        2.0,
        2.0,
        2.0,
        2.0,
        2.0,
        2.0,
        2.0,
        2.0,
        2.0,
        2.0,
        2.0,
        2.0,
        2.0,
        2.0,
        2.0,
        2.0,
        2.0,
        2.0,
        2.0,
        2.0,
        2.0,
        2.0,
        2.0,
        2.0,
        2.0,
        2.0,
        2.0,
        2.0
      ],
      "metrics": {
        "mae": 6.607142857142857,
        "mape": 0.6551976501556334,
        "rmse": 8.516790139818774,
        "smape": 1.0303748134022348,
        "rmsse": 1.42301551886592
      }
    },
    "seasonal_naive": {
      "forecast": [
        0.0,
        0.0,
        4.0,
        1.0,
        4.0,
        3.0,
        3.0,
        7.0,
        11.0,
        9.0,
        11.0,
        4.0,
        10.0,
        5.0,
        8.0,
        5.0,
        5.0,
        8.0,
        5.0,
        3.0,
        3.0,
        2.0,
        14.0,
        2.0,
        9.0,
        5.0,
        8.0,
        2.0
      ],
      "metrics": {
        "mae": 5.571428571428571,
        "mape": 0.8701736813606561,
        "rmse": 6.959063976467771,
        "smape": 0.8309422891963801,
        "rmsse": 1.1627451038150316
      }
    }
  }
}