{
  "series_id": "FOODS_3_496_WI_1_validation",
  "source_run": "run_20260524_085747_563601_001_subset34590_ctx56_h16_emb8_ep10_steps100",
  "horizon": [
    1,
    2,
    3,
    4,
    5,
    6,
    7,
    8,
    9,
    10,
    11,
    12,
    13,
    14,
    15,
    16,
    17,
    18,
    19,
    20,
    21,
    22,
    23,
    24,
    25,
    26,
    27,
    28
  ],
  "actuals": [
    2.0,
    3.0,
    0.0,
    0.0,
    1.0,
    1.0,
    4.0,
    2.0,
    1.0,
    0.0,
    4.0,
    2.0,
    3.0,
    1.0,
    2.0,
    2.0,
    1.0,
    2.0,
    1.0,
    3.0,
    5.0,
    2.0,
    2.0,
    2.0,
    3.0,
    2.0,
    2.0,
    2.0
  ],
  "baselines": {
    "naive": {
      "forecast": [
        3.0,
        3.0,
        3.0,
        3.0,
        3.0,
        3.0,
        3.0,
        3.0,
        3.0,
        3.0,
        3.0,
        3.0,
        3.0,
        3.0,
        3.0,
        3.0,
        3.0,
        3.0,
        3.0,
        3.0,
        3.0,
        3.0,
        3.0,
        3.0,
        3.0,
        3.0,
        3.0,
        3.0
      ],
      "metrics": {
        "mae": 1.3214285714285714,
        "mape": 0.7559999999999999,
        "rmse": 1.5698043554168508,
        "smape": 0.6382653061224488,
        "rmsse": 1.063451049649891
      }
    },
    "seasonal_naive": {
      "forecast": [
        0.0,
        2.0,
        2.0,
        1.0,
        3.0,
        3.0,
        1.0,
        2.0,
        1.0,
        2.0,
        0.0,
        2.0,
        3.0,
        4.0,
        2.0,
        2.0,
        0.0,
        1.0,
        1.0,
        0.0,
        1.0,
        0.0,
        2.0,
        1.0,
        0.0,
        1.0,
        1.0,
        3.0
      ],
      "metrics": {
        "mae": 1.4285714285714286,
        "mape": 0.6953333333333334,
        "rmse": 1.889822365046136,
        "smape": 0.9714285714285715,
        "rmsse": 1.2802446182705882
      }
    }
  }
}