{
  "series_id": "FOODS_3_349_WI_3_validation",
  "source_run": "run_20260524_085747_563601_001_subset34590_ctx56_h16_emb8_ep10_steps100",
  "horizon": [
    1,
    2,
    3,
    4,
    5,
    6,
    7,
    8,
    9,
    10,
    11,
    12,
    13,
    14,
    15,
    16,
    17,
    18,
    19,
    20,
    21,
    22,
    23,
    24,
    25,
    26,
    27,
    28
  ],
  "actuals": [
    10.0,
    2.0,
    6.0,
    12.0,
    10.0,
    11.0,
    6.0,
    5.0,
    11.0,
    1.0,
    9.0,
    26.0,
    10.0,
    9.0,
    7.0,
    7.0,
    10.0,
    10.0,
    12.0,
    9.0,
    9.0,
    10.0,
    6.0,
    8.0,
    6.0,
    2.0,
    13.0,
    15.0
  ],
  "baselines": {
    "naive": {
      "forecast": [
        10.0,
        10.0,
        10.0,
        10.0,
        10.0,
        10.0,
        10.0,
        10.0,
        10.0,
        10.0,
        10.0,
        10.0,
        10.0,
        10.0,
        10.0,
        10.0,
        10.0,
        10.0,
        10.0,
        10.0,
        10.0,
        10.0,
        10.0,
        10.0,
        10.0,
        10.0,
        10.0,
        10.0
      ],
      "metrics": {
        "mae": 3.142857142857143,
        "mape": 0.8540318808175951,
        "rmse": 4.7207747548166585,
        "smape": 0.37224018516636254,
        "rmsse": 0.9388725929717417
      }
    },
    "seasonal_naive": {
      "forecast": [
        3.0,
        10.0,
        9.0,
        5.0,
        6.0,
        9.0,
        11.0,
        5.0,
        9.0,
        3.0,
        3.0,
        15.0,
        1.0,
        2.0,
        6.0,
        8.0,
        4.0,
        11.0,
        9.0,
        16.0,
        12.0,
        15.0,
        7.0,
        3.0,
        9.0,
        4.0,
        14.0,
        10.0
      ],
      "metrics": {
        "mae": 4.178571428571429,
        "mape": 0.632020459699031,
        "rmse": 5.024937810560445,
        "smape": 0.5693701502053623,
        "rmsse": 0.999364857835895
      }
    }
  }
}