{
  "series_id": "FOODS_3_100_CA_3_validation",
  "source_run": "run_20260524_085747_563601_001_subset34590_ctx56_h16_emb8_ep10_steps100",
  "horizon": [
    1,
    2,
    3,
    4,
    5,
    6,
    7,
    8,
    9,
    10,
    11,
    12,
    13,
    14,
    15,
    16,
    17,
    18,
    19,
    20,
    21,
    22,
    23,
    24,
    25,
    26,
    27,
    28
  ],
  "actuals": [
    5.0,
    3.0,
    1.0,
    1.0,
    0.0,
    2.0,
    2.0,
    1.0,
    3.0,
    1.0,
    3.0,
    0.0,
    2.0,
    2.0,
    2.0,
    4.0,
    0.0,
    4.0,
    0.0,
    0.0,
    4.0,
    1.0,
    5.0,
    0.0,
    1.0,
    1.0,
    2.0,
    4.0
  ],
  "baselines": {
    "naive": {
      "forecast": [
        1.0,
        1.0,
        1.0,
        1.0,
        1.0,
        1.0,
        1.0,
        1.0,
        1.0,
        1.0,
        1.0,
        1.0,
        1.0,
        1.0,
        1.0,
        1.0,
        1.0,
        1.0,
        1.0,
        1.0,
        1.0,
        1.0,
        1.0,
        1.0,
        1.0,
        1.0,
        1.0,
        1.0
      ],
      "metrics": {
        "mae": 1.3571428571428572,
        "mape": 0.43636363636363634,
        "rmse": 1.8126539343499315,
        "smape": 0.9452380952380953,
        "rmsse": 0.614604769352908
      }
    },
    "seasonal_naive": {
      "forecast": [
        2.0,
        2.0,
        0.0,
        1.0,
        2.0,
        5.0,
        1.0,
        0.0,
        2.0,
        6.0,
        2.0,
        0.0,
        1.0,
        1.0,
        1.0,
        4.0,
        0.0,
        0.0,
        3.0,
        3.0,
        1.0,
        2.0,
        2.0,
        1.0,
        2.0,
        4.0,
        8.0,
        1.0
      ],
      "metrics": {
        "mae": 1.8928571428571428,
        "mape": 1.0545454545454545,
        "rmse": 2.4275207811380612,
        "smape": 1.0,
        "rmsse": 0.8230836683814167
      }
    }
  }
}