{
  "series_id": "FOODS_3_367_TX_2_validation",
  "source_run": "run_20260524_085747_563601_001_subset34590_ctx56_h16_emb8_ep10_steps100",
  "horizon": [
    1,
    2,
    3,
    4,
    5,
    6,
    7,
    8,
    9,
    10,
    11,
    12,
    13,
    14,
    15,
    16,
    17,
    18,
    19,
    20,
    21,
    22,
    23,
    24,
    25,
    26,
    27,
    28
  ],
  "actuals": [
    4.0,
    1.0,
    2.0,
    2.0,
    0.0,
    0.0,
    1.0,
    4.0,
    2.0,
    0.0,
    2.0,
    7.0,
    6.0,
    0.0,
    0.0,
    2.0,
    0.0,
    0.0,
    1.0,
    10.0,
    1.0,
    2.0,
    4.0,
    1.0,
    1.0,
    3.0,
    6.0,
    5.0
  ],
  "baselines": {
    "naive": {
      "forecast": [
        1.0,
        1.0,
        1.0,
        1.0,
        1.0,
        1.0,
        1.0,
        1.0,
        1.0,
        1.0,
        1.0,
        1.0,
        1.0,
        1.0,
        1.0,
        1.0,
        1.0,
        1.0,
        1.0,
        1.0,
        1.0,
        1.0,
        1.0,
        1.0,
        1.0,
        1.0,
        1.0,
        1.0
      ],
      "metrics": {
        "mae": 1.8928571428571428,
        "mape": 0.48287981859410434,
        "rmse": 2.847304489713536,
        "smape": 1.0688157081014222,
        "rmsse": 0.9946200658675937
      }
    },
    "seasonal_naive": {
      "forecast": [
        1.0,
        1.0,
        2.0,
        0.0,
        0.0,
        3.0,
        0.0,
        0.0,
        2.0,
        5.0,
        2.0,
        0.0,
        0.0,
        5.0,
        3.0,
        0.0,
        0.0,
        0.0,
        1.0,
        0.0,
        2.0,
        1.0,
        0.0,
        2.0,
        2.0,
        0.0,
        0.0,
        1.0
      ],
      "metrics": {
        "mae": 2.5714285714285716,
        "mape": 0.7166666666666667,
        "rmse": 3.625307868699863,
        "smape": 1.1857142857142857,
        "rmsse": 1.2663921137283563
      }
    }
  }
}