{
  "series_id": "FOODS_3_449_CA_2_validation",
  "source_run": "run_20260524_085747_563601_001_subset34590_ctx56_h16_emb8_ep10_steps100",
  "horizon": [
    1,
    2,
    3,
    4,
    5,
    6,
    7,
    8,
    9,
    10,
    11,
    12,
    13,
    14,
    15,
    16,
    17,
    18,
    19,
    20,
    21,
    22,
    23,
    24,
    25,
    26,
    27,
    28
  ],
  "actuals": [
    8.0,
    4.0,
    6.0,
    4.0,
    7.0,
    14.0,
    9.0,
    8.0,
    7.0,
    7.0,
    7.0,
    6.0,
    11.0,
    12.0,
    3.0,
    7.0,
    4.0,
    4.0,
    6.0,
    7.0,
    6.0,
    2.0,
    1.0,
    5.0,
    3.0,
    5.0,
    10.0,
    5.0
  ],
  "baselines": {
    "naive": {
      "forecast": [
        16.0,
        16.0,
        16.0,
        16.0,
        16.0,
        16.0,
        16.0,
        16.0,
        16.0,
        16.0,
        16.0,
        16.0,
        16.0,
        16.0,
        16.0,
        16.0,
        16.0,
        16.0,
        16.0,
        16.0,
        16.0,
        16.0,
        16.0,
        16.0,
        16.0,
        16.0,
        16.0,
        16.0
      ],
      "metrics": {
        "mae": 9.642857142857142,
        "mape": 2.427004741290456,
        "rmse": 10.074720839804943,
        "smape": 0.9098666528784022,
        "rmsse": 2.202409728697651
      }
    },
    "seasonal_naive": {
      "forecast": [
        1.0,
        5.0,
        6.0,
        0.0,
        12.0,
        8.0,
        4.0,
        5.0,
        2.0,
        9.0,
        1.0,
        8.0,
        18.0,
        22.0,
        5.0,
        9.0,
        4.0,
        6.0,
        7.0,
        7.0,
        8.0,
        7.0,
        6.0,
        9.0,
        3.0,
        10.0,
        15.0,
        16.0
      ],
      "metrics": {
        "mae": 3.8214285714285716,
        "mape": 0.7789631003916718,
        "rmse": 4.754696925897892,
        "smape": 0.6111819257166143,
        "rmsse": 1.0394124991764115
      }
    }
  }
}