{
  "series_id": "FOODS_3_282_CA_4_validation",
  "source_run": "run_20260524_085747_563601_001_subset34590_ctx56_h16_emb8_ep10_steps100",
  "horizon": [
    1,
    2,
    3,
    4,
    5,
    6,
    7,
    8,
    9,
    10,
    11,
    12,
    13,
    14,
    15,
    16,
    17,
    18,
    19,
    20,
    21,
    22,
    23,
    24,
    25,
    26,
    27,
    28
  ],
  "actuals": [
    3.0,
    4.0,
    4.0,
    2.0,
    4.0,
    9.0,
    9.0,
    14.0,
    3.0,
    12.0,
    6.0,
    7.0,
    7.0,
    3.0,
    7.0,
    7.0,
    9.0,
    4.0,
    3.0,
    9.0,
    9.0,
    12.0,
    3.0,
    7.0,
    6.0,
    5.0,
    8.0,
    10.0
  ],
  "baselines": {
    "naive": {
      "forecast": [
        10.0,
        10.0,
        10.0,
        10.0,
        10.0,
        10.0,
        10.0,
        10.0,
        10.0,
        10.0,
        10.0,
        10.0,
        10.0,
        10.0,
        10.0,
        10.0,
        10.0,
        10.0,
        10.0,
        10.0,
        10.0,
        10.0,
        10.0,
        10.0,
        10.0,
        10.0,
        10.0,
        10.0
      ],
      "metrics": {
        "mae": 3.9285714285714284,
        "mape": 0.9845521541950114,
        "rmse": 4.58257569495584,
        "smape": 0.5365500144359057,
        "rmsse": 0.8900550344542381
      }
    },
    "seasonal_naive": {
      "forecast": [
        0.0,
        4.0,
        0.0,
        0.0,
        0.0,
        1.0,
        0.0,
        0.0,
        0.0,
        0.0,
        2.0,
        4.0,
        8.0,
        2.0,
        0.0,
        6.0,
        9.0,
        11.0,
        5.0,
        0.0,
        0.0,
        11.0,
        4.0,
        3.0,
        1.0,
        4.0,
        10.0,
        10.0
      ],
      "metrics": {
        "mae": 4.178571428571429,
        "mape": 0.6532596371882085,
        "rmse": 5.602932905439538,
        "smape": 1.0825590730870234,
        "rmsse": 1.0882348644420652
      }
    }
  }
}