{
  "series_id": "FOODS_2_345_CA_3_validation",
  "source_run": "run_20260524_085747_563601_001_subset34590_ctx56_h16_emb8_ep10_steps100",
  "horizon": [
    1,
    2,
    3,
    4,
    5,
    6,
    7,
    8,
    9,
    10,
    11,
    12,
    13,
    14,
    15,
    16,
    17,
    18,
    19,
    20,
    21,
    22,
    23,
    24,
    25,
    26,
    27,
    28
  ],
  "actuals": [
    1.0,
    3.0,
    0.0,
    1.0,
    2.0,
    1.0,
    0.0,
    1.0,
    2.0,
    1.0,
    3.0,
    0.0,
    1.0,
    1.0,
    0.0,
    2.0,
    0.0,
    1.0,
    4.0,
    1.0,
    0.0,
    1.0,
    0.0,
    0.0,
    0.0,
    0.0,
    0.0,
    3.0
  ],
  "baselines": {
    "naive": {
      "forecast": [
        1.0,
        1.0,
        1.0,
        1.0,
        1.0,
        1.0,
        1.0,
        1.0,
        1.0,
        1.0,
        1.0,
        1.0,
        1.0,
        1.0,
        1.0,
        1.0,
        1.0,
        1.0,
        1.0,
        1.0,
        1.0,
        1.0,
        1.0,
        1.0,
        1.0,
        1.0,
        1.0,
        1.0
      ],
      "metrics": {
        "mae": 0.8214285714285714,
        "mape": 0.25,
        "rmse": 1.118033988749895,
        "smape": 1.0071428571428571,
        "rmsse": 0.8258459099040134
      }
    },
    "seasonal_naive": {
      "forecast": [
        0.0,
        0.0,
        0.0,
        1.0,
        1.0,
        0.0,
        1.0,
        2.0,
        2.0,
        4.0,
        0.0,
        0.0,
        1.0,
        0.0,
        1.0,
        1.0,
        0.0,
        0.0,
        0.0,
        2.0,
        1.0,
        2.0,
        1.0,
        0.0,
        2.0,
        0.0,
        0.0,
        1.0
      ],
      "metrics": {
        "mae": 1.0714285714285714,
        "mape": 0.8627450980392156,
        "rmse": 1.5118578920369088,
        "smape": 1.0547619047619048,
        "rmsse": 1.116747495208832
      }
    }
  }
}