{
  "series_id": "FOODS_2_316_WI_1_validation",
  "source_run": "run_20260524_085747_563601_001_subset34590_ctx56_h16_emb8_ep10_steps100",
  "horizon": [
    1,
    2,
    3,
    4,
    5,
    6,
    7,
    8,
    9,
    10,
    11,
    12,
    13,
    14,
    15,
    16,
    17,
    18,
    19,
    20,
    21,
    22,
    23,
    24,
    25,
    26,
    27,
    28
  ],
  "actuals": [
    1.0,
    2.0,
    0.0,
    0.0,
    1.0,
    1.0,
    2.0,
    0.0,
    1.0,
    1.0,
    3.0,
    2.0,
    1.0,
    0.0,
    0.0,
    0.0,
    2.0,
    1.0,
    0.0,
    0.0,
    0.0,
    0.0,
    0.0,
    0.0,
    0.0,
    0.0,
    2.0,
    0.0
  ],
  "baselines": {
    "naive": {
      "forecast": [
        1.0,
        1.0,
        1.0,
        1.0,
        1.0,
        1.0,
        1.0,
        1.0,
        1.0,
        1.0,
        1.0,
        1.0,
        1.0,
        1.0,
        1.0,
        1.0,
        1.0,
        1.0,
        1.0,
        1.0,
        1.0,
        1.0,
        1.0,
        1.0,
        1.0,
        1.0,
        1.0,
        1.0
      ],
      "metrics": {
        "mae": 0.7857142857142857,
        "mape": 0.24358974358974358,
        "rmse": 0.9258200997725514,
        "smape": 1.226190476190476,
        "rmsse": 1.3783640716663876
      }
    },
    "seasonal_naive": {
      "forecast": [
        3.0,
        3.0,
        1.0,
        0.0,
        1.0,
        0.0,
        1.0,
        0.0,
        0.0,
        0.0,
        0.0,
        1.0,
        0.0,
        3.0,
        0.0,
        2.0,
        1.0,
        0.0,
        2.0,
        1.0,
        0.0,
        0.0,
        0.0,
        1.0,
        0.0,
        0.0,
        0.0,
        1.0
      ],
      "metrics": {
        "mae": 0.9642857142857143,
        "mape": 0.8461538461538461,
        "rmse": 1.2955969390869324,
        "smape": 1.1214285714285714,
        "rmsse": 1.9288890710377709
      }
    }
  }
}