{
  "series_id": "FOODS_3_755_WI_3_validation",
  "source_run": "run_20260524_085747_563601_001_subset34590_ctx56_h16_emb8_ep10_steps100",
  "horizon": [
    1,
    2,
    3,
    4,
    5,
    6,
    7,
    8,
    9,
    10,
    11,
    12,
    13,
    14,
    15,
    16,
    17,
    18,
    19,
    20,
    21,
    22,
    23,
    24,
    25,
    26,
    27,
    28
  ],
  "actuals": [
    3.0,
    1.0,
    2.0,
    2.0,
    2.0,
    4.0,
    7.0,
    2.0,
    2.0,
    3.0,
    0.0,
    1.0,
    1.0,
    14.0,
    0.0,
    0.0,
    1.0,
    1.0,
    0.0,
    3.0,
    8.0,
    10.0,
    1.0,
    1.0,
    1.0,
    0.0,
    2.0,
    5.0
  ],
  "baselines": {
    "naive": {
      "forecast": [
        7.0,
        7.0,
        7.0,
        7.0,
        7.0,
        7.0,
        7.0,
        7.0,
        7.0,
        7.0,
        7.0,
        7.0,
        7.0,
        7.0,
        7.0,
        7.0,
        7.0,
        7.0,
        7.0,
        7.0,
        7.0,
        7.0,
        7.0,
        7.0,
        7.0,
        7.0,
        7.0,
        7.0
      ],
      "metrics": {
        "mae": 5.035714285714286,
        "mape": 3.0032608695652177,
        "rmse": 5.355237756493303,
        "smape": 1.1820855614973262,
        "rmsse": 1.1220666362856313
      }
    },
    "seasonal_naive": {
      "forecast": [
        0.0,
        6.0,
        1.0,
        0.0,
        0.0,
        11.0,
        2.0,
        0.0,
        1.0,
        2.0,
        1.0,
        6.0,
        0.0,
        3.0,
        0.0,
        6.0,
        0.0,
        2.0,
        10.0,
        6.0,
        7.0,
        1.0,
        2.0,
        3.0,
        2.0,
        5.0,
        5.0,
        7.0
      ],
      "metrics": {
        "mae": 3.2857142857142856,
        "mape": 1.2829710144927535,
        "rmse": 4.4077853201547175,
        "smape": 1.234138503886403,
        "rmsse": 0.9235498165619817
      }
    }
  }
}