{
  "series_id": "FOODS_2_099_CA_1_validation",
  "source_run": "run_20260524_085747_563601_001_subset34590_ctx56_h16_emb8_ep10_steps100",
  "horizon": [
    1,
    2,
    3,
    4,
    5,
    6,
    7,
    8,
    9,
    10,
    11,
    12,
    13,
    14,
    15,
    16,
    17,
    18,
    19,
    20,
    21,
    22,
    23,
    24,
    25,
    26,
    27,
    28
  ],
  "actuals": [
    0.0,
    0.0,
    0.0,
    0.0,
    0.0,
    0.0,
    4.0,
    2.0,
    1.0,
    2.0,
    0.0,
    0.0,
    0.0,
    0.0,
    0.0,
    0.0,
    1.0,
    0.0,
    2.0,
    1.0,
    2.0,
    2.0,
    0.0,
    0.0,
    0.0,
    1.0,
    4.0,
    0.0
  ],
  "baselines": {
    "naive": {
      "forecast": [
        0.0,
        0.0,
        0.0,
        0.0,
        0.0,
        0.0,
        0.0,
        0.0,
        0.0,
        0.0,
        0.0,
        0.0,
        0.0,
        0.0,
        0.0,
        0.0,
        0.0,
        0.0,
        0.0,
        0.0,
        0.0,
        0.0,
        0.0,
        0.0,
        0.0,
        0.0,
        0.0,
        0.0
      ],
      "metrics": {
        "mae": 0.7857142857142857,
        "mape": 1.0,
        "rmse": 1.4142135623730951,
        "smape": 0.7857142857142857,
        "rmsse": 0.6474127706963054
      }
    },
    "seasonal_naive": {
      "forecast": [
        2.0,
        0.0,
        0.0,
        2.0,
        1.0,
        1.0,
        2.0,
        0.0,
        2.0,
        1.0,
        0.0,
        0.0,
        1.0,
        1.0,
        2.0,
        0.0,
        1.0,
        0.0,
        2.0,
        1.0,
        2.0,
        0.0,
        1.0,
        2.0,
        0.0,
        1.0,
        1.0,
        0.0
      ],
      "metrics": {
        "mae": 0.8571428571428571,
        "mape": 0.4318181818181818,
        "rmse": 1.2535663410560174,
        "smape": 0.8999999999999998,
        "rmsse": 0.5738700856134188
      }
    }
  }
}