{
  "series_id": "HOBBIES_1_134_CA_1_validation",
  "source_run": "run_20260524_085747_563601_001_subset34590_ctx56_h16_emb8_ep10_steps100",
  "horizon": [
    1,
    2,
    3,
    4,
    5,
    6,
    7,
    8,
    9,
    10,
    11,
    12,
    13,
    14,
    15,
    16,
    17,
    18,
    19,
    20,
    21,
    22,
    23,
    24,
    25,
    26,
    27,
    28
  ],
  "actuals": [
    2.0,
    3.0,
    4.0,
    7.0,
    7.0,
    6.0,
    1.0,
    1.0,
    9.0,
    6.0,
    2.0,
    3.0,
    5.0,
    6.0,
    0.0,
    2.0,
    2.0,
    7.0,
    2.0,
    4.0,
    5.0,
    1.0,
    1.0,
    13.0,
    4.0,
    7.0,
    6.0,
    1.0
  ],
  "baselines": {
    "naive": {
      "forecast": [
        3.0,
        3.0,
        3.0,
        3.0,
        3.0,
        3.0,
        3.0,
        3.0,
        3.0,
        3.0,
        3.0,
        3.0,
        3.0,
        3.0,
        3.0,
        3.0,
        3.0,
        3.0,
        3.0,
        3.0,
        3.0,
        3.0,
        3.0,
        3.0,
        3.0,
        3.0,
        3.0,
        3.0
      ],
      "metrics": {
        "mae": 2.4642857142857144,
        "mape": 0.732281915615249,
        "rmse": 3.1679195516480982,
        "smape": 0.6776360544217688,
        "rmsse": 0.6231741020056568
      }
    },
    "seasonal_naive": {
      "forecast": [
        2.0,
        11.0,
        0.0,
        1.0,
        7.0,
        5.0,
        11.0,
        1.0,
        1.0,
        3.0,
        2.0,
        5.0,
        3.0,
        4.0,
        11.0,
        14.0,
        0.0,
        3.0,
        2.0,
        1.0,
        8.0,
        16.0,
        0.0,
        1.0,
        2.0,
        2.0,
        2.0,
        3.0
      ],
      "metrics": {
        "mae": 4.357142857142857,
        "mape": 1.748326776104554,
        "rmse": 6.047431568147635,
        "smape": 0.977725589070127,
        "rmsse": 1.1896144063887175
      }
    }
  }
}