{
  "series_id": "HOBBIES_1_169_WI_1_validation",
  "source_run": "run_20260524_085747_563601_001_subset34590_ctx56_h16_emb8_ep10_steps100",
  "horizon": [
    1,
    2,
    3,
    4,
    5,
    6,
    7,
    8,
    9,
    10,
    11,
    12,
    13,
    14,
    15,
    16,
    17,
    18,
    19,
    20,
    21,
    22,
    23,
    24,
    25,
    26,
    27,
    28
  ],
  "actuals": [
    5.0,
    6.0,
    1.0,
    19.0,
    1.0,
    1.0,
    0.0,
    3.0,
    0.0,
    1.0,
    1.0,
    4.0,
    1.0,
    3.0,
    2.0,
    6.0,
    4.0,
    6.0,
    7.0,
    12.0,
    3.0,
    3.0,
    3.0,
    0.0,
    2.0,
    1.0,
    2.0,
    6.0
  ],
  "baselines": {
    "naive": {
      "forecast": [
        2.0,
        2.0,
        2.0,
        2.0,
        2.0,
        2.0,
        2.0,
        2.0,
        2.0,
        2.0,
        2.0,
        2.0,
        2.0,
        2.0,
        2.0,
        2.0,
        2.0,
        2.0,
        2.0,
        2.0,
        2.0,
        2.0,
        2.0,
        2.0,
        2.0,
        2.0,
        2.0,
        2.0
      ],
      "metrics": {
        "mae": 2.607142857142857,
        "mape": 0.6150275689223058,
        "rmse": 4.305312333119896,
        "smape": 0.8219954648526077,
        "rmsse": 0.6846438827942324
      }
    },
    "seasonal_naive": {
      "forecast": [
        0.0,
        3.0,
        3.0,
        0.0,
        9.0,
        3.0,
        7.0,
        2.0,
        0.0,
        1.0,
        9.0,
        7.0,
        1.0,
        5.0,
        10.0,
        0.0,
        4.0,
        2.0,
        1.0,
        13.0,
        4.0,
        1.0,
        4.0,
        7.0,
        3.0,
        4.0,
        7.0,
        2.0
      ],
      "metrics": {
        "mae": 3.892857142857143,
        "mape": 1.5542857142857143,
        "rmse": 5.519446141986143,
        "smape": 0.9467140795712223,
        "rmsse": 0.8777191397829774
      }
    }
  }
}