{
  "series_id": "HOBBIES_1_354_CA_1_validation",
  "source_run": "run_20260524_085747_563601_001_subset34590_ctx56_h16_emb8_ep10_steps100",
  "horizon": [
    1,
    2,
    3,
    4,
    5,
    6,
    7,
    8,
    9,
    10,
    11,
    12,
    13,
    14,
    15,
    16,
    17,
    18,
    19,
    20,
    21,
    22,
    23,
    24,
    25,
    26,
    27,
    28
  ],
  "actuals": [
    6.0,
    5.0,
    3.0,
    14.0,
    6.0,
    6.0,
    10.0,
    3.0,
    11.0,
    7.0,
    6.0,
    3.0,
    9.0,
    9.0,
    9.0,
    3.0,
    7.0,
    4.0,
    9.0,
    9.0,
    7.0,
    1.0,
    3.0,
    1.0,
    4.0,
    5.0,
    8.0,
    16.0
  ],
  "baselines": {
    "naive": {
      "forecast": [
        6.0,
        6.0,
        6.0,
        6.0,
        6.0,
        6.0,
        6.0,
        6.0,
        6.0,
        6.0,
        6.0,
        6.0,
        6.0,
        6.0,
        6.0,
        6.0,
        6.0,
        6.0,
        6.0,
        6.0,
        6.0,
        6.0,
        6.0,
        6.0,
        6.0,
        6.0,
        6.0,
        6.0
      ],
      "metrics": {
        "mae": 2.7857142857142856,
        "mape": 0.7427218614718615,
        "rmse": 3.595632271043777,
        "smape": 0.46066755373478063,
        "rmsse": 1.0566133281242427
      }
    },
    "seasonal_naive": {
      "forecast": [
        8.0,
        6.0,
        8.0,
        5.0,
        6.0,
        11.0,
        11.0,
        9.0,
        1.0,
        9.0,
        7.0,
        8.0,
        12.0,
        15.0,
        12.0,
        4.0,
        11.0,
        5.0,
        11.0,
        6.0,
        7.0,
        9.0,
        11.0,
        4.0,
        11.0,
        6.0,
        12.0,
        6.0
      ],
      "metrics": {
        "mae": 3.9642857142857144,
        "mape": 1.0210588023088023,
        "rmse": 4.967753156968594,
        "smape": 0.5706420716980204,
        "rmsse": 1.4598250879978245
      }
    }
  }
}