{
  "series_id": "HOUSEHOLD_2_470_WI_1_validation",
  "source_run": "run_20260524_085747_563601_001_subset34590_ctx56_h16_emb8_ep10_steps100",
  "horizon": [
    1,
    2,
    3,
    4,
    5,
    6,
    7,
    8,
    9,
    10,
    11,
    12,
    13,
    14,
    15,
    16,
    17,
    18,
    19,
    20,
    21,
    22,
    23,
    24,
    25,
    26,
    27,
    28
  ],
  "actuals": [
    2.0,
    0.0,
    0.0,
    0.0,
    0.0,
    0.0,
    2.0,
    2.0,
    2.0,
    3.0,
    1.0,
    0.0,
    2.0,
    1.0,
    1.0,
    2.0,
    1.0,
    0.0,
    1.0,
    4.0,
    1.0,
    0.0,
    3.0,
    1.0,
    0.0,
    1.0,
    3.0,
    2.0
  ],
  "baselines": {
    "naive": {
      "forecast": [
        5.0,
        5.0,
        5.0,
        5.0,
        5.0,
        5.0,
        5.0,
        5.0,
        5.0,
        5.0,
        5.0,
        5.0,
        5.0,
        5.0,
        5.0,
        5.0,
        5.0,
        5.0,
        5.0,
        5.0,
        5.0,
        5.0,
        5.0,
        5.0,
        5.0,
        5.0,
        5.0,
        5.0
      ],
      "metrics": {
        "mae": 3.75,
        "mape": 2.3552631578947363,
        "rmse": 3.9142596453772165,
        "smape": 1.2996031746031744,
        "rmsse": 2.5694085317308395
      }
    },
    "seasonal_naive": {
      "forecast": [
        0.0,
        0.0,
        2.0,
        0.0,
        1.0,
        1.0,
        3.0,
        0.0,
        2.0,
        0.0,
        3.0,
        2.0,
        1.0,
        2.0,
        0.0,
        2.0,
        4.0,
        0.0,
        3.0,
        2.0,
        4.0,
        0.0,
        1.0,
        1.0,
        3.0,
        1.0,
        3.0,
        5.0
      ],
      "metrics": {
        "mae": 1.3214285714285714,
        "mape": 0.982456140350877,
        "rmse": 1.7217101133134214,
        "smape": 0.9520408163265307,
        "rmsse": 1.1301694458463696
      }
    }
  }
}