{
  "series_id": "HOUSEHOLD_1_100_CA_3_validation",
  "run": "run_20260524_085747_563601_001_subset34590_ctx56_h16_emb8_ep10_steps100",
  "horizon": [
    1,
    2,
    3,
    4,
    5,
    6,
    7,
    8,
    9,
    10,
    11,
    12,
    13,
    14,
    15,
    16,
    17,
    18,
    19,
    20,
    21,
    22,
    23,
    24,
    25,
    26,
    27,
    28
  ],
  "actuals": [
    5.0,
    1.0,
    1.0,
    1.0,
    4.0,
    2.0,
    1.0,
    4.0,
    3.0,
    2.0,
    2.0,
    3.0,
    5.0,
    2.0,
    3.0,
    1.0,
    2.0,
    2.0,
    3.0,
    3.0,
    3.0,
    2.0,
    0.0,
    2.0,
    1.0,
    2.0,
    5.0,
    6.0
  ],
  "baselines": {
    "naive": {
      "forecast": [
        3.0,
        3.0,
        3.0,
        3.0,
        3.0,
        3.0,
        3.0,
        3.0,
        3.0,
        3.0,
        3.0,
        3.0,
        3.0,
        3.0,
        3.0,
        3.0,
        3.0,
        3.0,
        3.0,
        3.0,
        3.0,
        3.0,
        3.0,
        3.0,
        3.0,
        3.0,
        3.0,
        3.0
      ],
      "metrics": {
        "mae": 1.25,
        "mape": 0.6925925925925925,
        "rmse": 1.5236235005501102,
        "smape": 0.5120748299319727,
        "rmsse": 0.5786928593166938
      }
    },
    "seasonal_naive": {
      "forecast": [
        0.0,
        0.0,
        0.0,
        0.0,
        0.0,
        0.0,
        0.0,
        0.0,
        0.0,
        0.0,
        0.0,
        7.0,
        3.0,
        3.0,
        2.0,
        2.0,
        0.0,
        2.0,
        3.0,
        6.0,
        2.0,
        3.0,
        3.0,
        1.0,
        2.0,
        2.0,
        5.0,
        3.0
      ],
      "metrics": {
        "mae": 1.7857142857142858,
        "mape": 0.7185185185185184,
        "rmse": 2.23606797749979,
        "smape": 1.1511904761904763,
        "rmsse": 0.8492889293573166
      }
    }
  }
}