{
  "series_id": "HOUSEHOLD_2_382_CA_3_validation",
  "source_run": "run_20260524_085747_563601_001_subset34590_ctx56_h16_emb8_ep10_steps100",
  "horizon": [
    1,
    2,
    3,
    4,
    5,
    6,
    7,
    8,
    9,
    10,
    11,
    12,
    13,
    14,
    15,
    16,
    17,
    18,
    19,
    20,
    21,
    22,
    23,
    24,
    25,
    26,
    27,
    28
  ],
  "actuals": [
    0.0,
    0.0,
    0.0,
    1.0,
    1.0,
    1.0,
    0.0,
    2.0,
    2.0,
    1.0,
    3.0,
    2.0,
    3.0,
    3.0,
    5.0,
    2.0,
    2.0,
    4.0,
    3.0,
    5.0,
    1.0,
    4.0,
    3.0,
    2.0,
    3.0,
    3.0,
    1.0,
    4.0
  ],
  "baselines": {
    "naive": {
      "forecast": [
        1.0,
        1.0,
        1.0,
        1.0,
        1.0,
        1.0,
        1.0,
        1.0,
        1.0,
        1.0,
        1.0,
        1.0,
        1.0,
        1.0,
        1.0,
        1.0,
        1.0,
        1.0,
        1.0,
        1.0,
        1.0,
        1.0,
        1.0,
        1.0,
        1.0,
        1.0,
        1.0,
        1.0
      ],
      "metrics": {
        "mae": 1.4642857142857142,
        "mape": 0.47986111111111107,
        "rmse": 1.8612591743993405,
        "smape": 0.9023809523809524,
        "rmsse": 1.3190565999612547
      }
    },
    "seasonal_naive": {
      "forecast": [
        0.0,
        0.0,
        2.0,
        1.0,
        0.0,
        0.0,
        0.0,
        2.0,
        1.0,
        0.0,
        0.0,
        0.0,
        0.0,
        2.0,
        0.0,
        2.0,
        1.0,
        0.0,
        0.0,
        1.0,
        0.0,
        2.0,
        0.0,
        1.0,
        0.0,
        0.0,
        0.0,
        1.0
      ],
      "metrics": {
        "mae": 1.75,
        "mape": 0.7451388888888889,
        "rmse": 2.2440397246292867,
        "smape": 1.2714285714285716,
        "rmsse": 1.5903295199620675
      }
    }
  }
}