{
  "series_id": "HOUSEHOLD_1_235_WI_2_validation",
  "run": "run_20260524_085747_563601_001_subset34590_ctx56_h16_emb8_ep10_steps100",
  "horizon": [
    1,
    2,
    3,
    4,
    5,
    6,
    7,
    8,
    9,
    10,
    11,
    12,
    13,
    14,
    15,
    16,
    17,
    18,
    19,
    20,
    21,
    22,
    23,
    24,
    25,
    26,
    27,
    28
  ],
  "actuals": [
    0.0,
    0.0,
    0.0,
    0.0,
    3.0,
    2.0,
    2.0,
    2.0,
    2.0,
    2.0,
    0.0,
    1.0,
    2.0,
    3.0,
    1.0,
    1.0,
    4.0,
    3.0,
    3.0,
    2.0,
    1.0,
    4.0,
    0.0,
    2.0,
    1.0,
    1.0,
    3.0,
    1.0
  ],
  "baselines": {
    "naive": {
      "forecast": [
        2.0,
        2.0,
        2.0,
        2.0,
        2.0,
        2.0,
        2.0,
        2.0,
        2.0,
        2.0,
        2.0,
        2.0,
        2.0,
        2.0,
        2.0,
        2.0,
        2.0,
        2.0,
        2.0,
        2.0,
        2.0,
        2.0,
        2.0,
        2.0,
        2.0,
        2.0,
        2.0,
        2.0
      ],
      "metrics": {
        "mae": 1.0,
        "mape": 0.4393939393939394,
        "rmse": 1.2535663410560174,
        "smape": 0.7142857142857144,
        "rmsse": 0.4624496938658233
      }
    },
    "seasonal_naive": {
      "forecast": [
        0.0,
        1.0,
        1.0,
        2.0,
        8.0,
        1.0,
        2.0,
        1.0,
        3.0,
        4.0,
        2.0,
        0.0,
        3.0,
        2.0,
        0.0,
        3.0,
        3.0,
        3.0,
        1.0,
        0.0,
        4.0,
        1.0,
        2.0,
        0.0,
        0.0,
        3.0,
        2.0,
        2.0
      ],
      "metrics": {
        "mae": 1.5,
        "mape": 0.909090909090909,
        "rmse": 1.8126539343499315,
        "smape": 1.102195423623995,
        "rmsse": 0.6687011525202933
      }
    }
  }
}