{
  "series_id": "HOUSEHOLD_1_329_TX_1_validation",
  "run": "run_20260524_085747_563601_001_subset34590_ctx56_h16_emb8_ep10_steps100",
  "horizon": [
    1,
    2,
    3,
    4,
    5,
    6,
    7,
    8,
    9,
    10,
    11,
    12,
    13,
    14,
    15,
    16,
    17,
    18,
    19,
    20,
    21,
    22,
    23,
    24,
    25,
    26,
    27,
    28
  ],
  "actuals": [
    0.0,
    1.0,
    0.0,
    1.0,
    5.0,
    3.0,
    0.0,
    1.0,
    1.0,
    2.0,
    1.0,
    3.0,
    2.0,
    2.0,
    4.0,
    3.0,
    5.0,
    1.0,
    6.0,
    4.0,
    3.0,
    0.0,
    0.0,
    0.0,
    0.0,
    3.0,
    3.0,
    2.0
  ],
  "baselines": {
    "naive": {
      "forecast": [
        8.0,
        8.0,
        8.0,
        8.0,
        8.0,
        8.0,
        8.0,
        8.0,
        8.0,
        8.0,
        8.0,
        8.0,
        8.0,
        8.0,
        8.0,
        8.0,
        8.0,
        8.0,
        8.0,
        8.0,
        8.0,
        8.0,
        8.0,
        8.0,
        8.0,
        8.0,
        8.0,
        8.0
      ],
      "metrics": {
        "mae": 6.0,
        "mape": 3.215873015873015,
        "rmse": 6.239276514834987,
        "smape": 1.290357261785833,
        "rmsse": 2.8030262424350663
      }
    },
    "seasonal_naive": {
      "forecast": [
        1.0,
        1.0,
        2.0,
        3.0,
        2.0,
        0.0,
        6.0,
        3.0,
        0.0,
        1.0,
        3.0,
        3.0,
        1.0,
        1.0,
        2.0,
        3.0,
        0.0,
        0.0,
        0.0,
        0.0,
        0.0,
        0.0,
        0.0,
        0.0,
        0.0,
        4.0,
        3.0,
        8.0
      ],
      "metrics": {
        "mae": 1.8928571428571428,
        "mape": 0.9015873015873016,
        "rmse": 2.692582403567252,
        "smape": 1.0003401360544215,
        "rmsse": 1.209656138684134
      }
    }
  }
}