{
  "series_id": "HOUSEHOLD_1_540_WI_3_validation",
  "run": "run_20260524_085747_563601_001_subset34590_ctx56_h16_emb8_ep10_steps100",
  "horizon": [
    1,
    2,
    3,
    4,
    5,
    6,
    7,
    8,
    9,
    10,
    11,
    12,
    13,
    14,
    15,
    16,
    17,
    18,
    19,
    20,
    21,
    22,
    23,
    24,
    25,
    26,
    27,
    28
  ],
  "actuals": [
    6.0,
    2.0,
    2.0,
    3.0,
    3.0,
    6.0,
    5.0,
    3.0,
    6.0,
    0.0,
    2.0,
    2.0,
    4.0,
    3.0,
    2.0,
    2.0,
    3.0,
    4.0,
    1.0,
    8.0,
    9.0,
    2.0,
    6.0,
    2.0,
    3.0,
    2.0,
    4.0,
    6.0
  ],
  "baselines": {
    "naive": {
      "forecast": [
        8.0,
        8.0,
        8.0,
        8.0,
        8.0,
        8.0,
        8.0,
        8.0,
        8.0,
        8.0,
        8.0,
        8.0,
        8.0,
        8.0,
        8.0,
        8.0,
        8.0,
        8.0,
        8.0,
        8.0,
        8.0,
        8.0,
        8.0,
        8.0,
        8.0,
        8.0,
        8.0,
        8.0
      ],
      "metrics": {
        "mae": 4.464285714285714,
        "mape": 1.82880658436214,
        "rmse": 4.873397172404482,
        "smape": 0.8506377842512297,
        "rmsse": 1.9617321339656941
      }
    },
    "seasonal_naive": {
      "forecast": [
        1.0,
        2.0,
        4.0,
        2.0,
        2.0,
        6.0,
        7.0,
        6.0,
        6.0,
        3.0,
        8.0,
        5.0,
        9.0,
        5.0,
        3.0,
        3.0,
        3.0,
        4.0,
        2.0,
        4.0,
        3.0,
        3.0,
        5.0,
        2.0,
        1.0,
        8.0,
        5.0,
        8.0
      ],
      "metrics": {
        "mae": 2.107142857142857,
        "mape": 0.6814814814814812,
        "rmse": 2.8598201741668006,
        "smape": 0.5587392765964194,
        "rmsse": 1.151188982665734
      }
    }
  }
}