{
  "series_id": "HOUSEHOLD_1_212_CA_3_validation",
  "run": "run_20260524_085747_563601_001_subset34590_ctx56_h16_emb8_ep10_steps100",
  "horizon": [
    1,
    2,
    3,
    4,
    5,
    6,
    7,
    8,
    9,
    10,
    11,
    12,
    13,
    14,
    15,
    16,
    17,
    18,
    19,
    20,
    21,
    22,
    23,
    24,
    25,
    26,
    27,
    28
  ],
  "actuals": [
    2.0,
    2.0,
    0.0,
    3.0,
    3.0,
    2.0,
    3.0,
    2.0,
    0.0,
    3.0,
    2.0,
    1.0,
    2.0,
    0.0,
    2.0,
    1.0,
    5.0,
    3.0,
    2.0,
    3.0,
    3.0,
    2.0,
    0.0,
    0.0,
    0.0,
    4.0,
    1.0,
    1.0
  ],
  "baselines": {
    "naive": {
      "forecast": [
        7.0,
        7.0,
        7.0,
        7.0,
        7.0,
        7.0,
        7.0,
        7.0,
        7.0,
        7.0,
        7.0,
        7.0,
        7.0,
        7.0,
        7.0,
        7.0,
        7.0,
        7.0,
        7.0,
        7.0,
        7.0,
        7.0,
        7.0,
        7.0,
        7.0,
        7.0,
        7.0,
        7.0
      ],
      "metrics": {
        "mae": 5.142857142857143,
        "mape": 2.5901515151515153,
        "rmse": 5.30498417932204,
        "smape": 1.2313852813852815,
        "rmsse": 2.016599131331088
      }
    },
    "seasonal_naive": {
      "forecast": [
        6.0,
        2.0,
        0.0,
        2.0,
        4.0,
        5.0,
        4.0,
        2.0,
        2.0,
        4.0,
        4.0,
        1.0,
        3.0,
        3.0,
        4.0,
        2.0,
        1.0,
        1.0,
        0.0,
        7.0,
        2.0,
        3.0,
        2.0,
        3.0,
        1.0,
        4.0,
        1.0,
        7.0
      ],
      "metrics": {
        "mae": 1.7142857142857142,
        "mape": 0.8621212121212122,
        "rmse": 2.2677868380553634,
        "smape": 0.8195578231292517,
        "rmsse": 0.8620604346931272
      }
    }
  }
}