{
  "series_id": "HOUSEHOLD_1_295_WI_1_validation",
  "run": "run_20260524_085747_563601_001_subset34590_ctx56_h16_emb8_ep10_steps100",
  "horizon": [
    1,
    2,
    3,
    4,
    5,
    6,
    7,
    8,
    9,
    10,
    11,
    12,
    13,
    14,
    15,
    16,
    17,
    18,
    19,
    20,
    21,
    22,
    23,
    24,
    25,
    26,
    27,
    28
  ],
  "actuals": [
    2.0,
    1.0,
    1.0,
    1.0,
    0.0,
    7.0,
    1.0,
    7.0,
    1.0,
    1.0,
    5.0,
    7.0,
    3.0,
    1.0,
    3.0,
    2.0,
    3.0,
    2.0,
    2.0,
    4.0,
    1.0,
    1.0,
    0.0,
    2.0,
    3.0,
    3.0,
    0.0,
    4.0
  ],
  "baselines": {
    "naive": {
      "forecast": [
        3.0,
        3.0,
        3.0,
        3.0,
        3.0,
        3.0,
        3.0,
        3.0,
        3.0,
        3.0,
        3.0,
        3.0,
        3.0,
        3.0,
        3.0,
        3.0,
        3.0,
        3.0,
        3.0,
        3.0,
        3.0,
        3.0,
        3.0,
        3.0,
        3.0,
        3.0,
        3.0,
        3.0
      ],
      "metrics": {
        "mae": 1.7142857142857142,
        "mape": 0.9245714285714286,
        "rmse": 2.0873770280289223,
        "smape": 0.7311224489795917,
        "rmsse": 0.9445852599747614
      }
    },
    "seasonal_naive": {
      "forecast": [
        0.0,
        1.0,
        2.0,
        3.0,
        0.0,
        3.0,
        8.0,
        2.0,
        2.0,
        4.0,
        2.0,
        0.0,
        4.0,
        3.0,
        0.0,
        0.0,
        1.0,
        3.0,
        1.0,
        3.0,
        5.0,
        1.0,
        0.0,
        2.0,
        2.0,
        2.0,
        1.0,
        3.0
      ],
      "metrics": {
        "mae": 2.0,
        "mape": 1.162095238095238,
        "rmse": 2.7516228977511745,
        "smape": 0.8540816326530611,
        "rmsse": 1.245171521638872
      }
    }
  }
}