{
  "series_id": "FOODS_1_047_TX_2_validation",
  "run": "run_20260527_162549_305320_002_subset30490_ctx112_h64_losstweedie_ep100_steps60",
  "horizon": [
    1,
    2,
    3,
    4,
    5,
    6,
    7,
    8,
    9,
    10,
    11,
    12,
    13,
    14,
    15,
    16,
    17,
    18,
    19,
    20,
    21,
    22,
    23,
    24,
    25,
    26,
    27,
    28
  ],
  "actuals": [
    0.0,
    1.0,
    7.0,
    0.0,
    0.0,
    0.0,
    0.0,
    0.0,
    1.0,
    0.0,
    2.0,
    1.0,
    0.0,
    2.0,
    1.0,
    0.0,
    1.0,
    0.0,
    5.0,
    0.0,
    0.0,
    0.0,
    0.0,
    0.0,
    1.0,
    2.0,
    3.0,
    0.0
  ],
  "modes": {
    "mean": {
      "raw": {
        "forecast": [
          0.5293789,
          0.5312538,
          0.56398535,
          0.5805088,
          0.6199845,
          0.6363628,
          0.7012761,
          0.6099044,
          0.63513356,
          0.60726255,
          0.6241392,
          0.69356036,
          0.80422413,
          0.71551013,
          0.6608644,
          0.6156123,
          0.68089116,
          0.70614606,
          0.75071293,
          0.802531,
          0.8275645,
          0.6771697,
          0.63787585,
          0.65550977,
          0.6697923,
          0.70974475,
          0.8122339,
          0.8053476
        ],
        "metrics": {
          "mae": 1.0631727554968424,
          "mape": 0.5501958997240143,
          "rmse": 1.6656347615044993,
          "smape": 1.4956535805578126,
          "rmsse": 0.9008815612710522
        }
      },
      "rounded": {
        "forecast": [
          1.0,
          1.0,
          1.0,
          1.0,
          1.0,
          1.0,
          1.0,
          1.0,
          1.0,
          1.0,
          1.0,
          1.0,
          1.0,
          1.0,
          1.0,
          1.0,
          1.0,
          1.0,
          1.0,
          1.0,
          1.0,
          1.0,
          1.0,
          1.0,
          1.0,
          1.0,
          1.0,
          1.0
        ],
        "metrics": {
          "mae": 1.1071428571428572,
          "mape": 0.3186507936507937,
          "rmse": 1.6366341767699428,
          "smape": 1.351190476190476,
          "rmsse": 0.8851961945524555
        }
      }
    },
    "sample-mean": {
      "raw": {
        "forecast": [
          0.52901477,
          0.47699696,
          0.56150305,
          0.6066098,
          0.5079849,
          0.52160573,
          0.53054816,
          0.52149194,
          0.59228945,
          0.61078376,
          0.5923328,
          0.73236793,
          0.7303022,
          0.84161955,
          0.63500816,
          0.56763405,
          0.7204212,
          0.7046623,
          0.6851158,
          0.81197053,
          0.65924734,
          0.60824686,
          0.5717341,
          0.5065363,
          0.4984952,
          0.64975965,
          0.68756014,
          0.7973052
        ],
        "metrics": {
          "mae": 1.0397217177918978,
          "mape": 0.5713450441048259,
          "rmse": 1.6656209824603936,
          "smape": 1.513060036982124,
          "rmsse": 0.9008741086847748
        }
      },
      "rounded": {
        "forecast": [
          1.0,
          0.0,
          1.0,
          1.0,
          1.0,
          1.0,
          1.0,
          1.0,
          1.0,
          1.0,
          1.0,
          1.0,
          1.0,
          1.0,
          1.0,
          1.0,
          1.0,
          1.0,
          1.0,
          1.0,
          1.0,
          1.0,
          1.0,
          1.0,
          0.0,
          1.0,
          1.0,
          1.0
        ],
        "metrics": {
          "mae": 1.1785714285714286,
          "mape": 0.4853174603174603,
          "rmse": 1.6583123951777,
          "smape": 1.4940476190476188,
          "rmsse": 0.8969211583296973
        }
      }
    }
  }
}