{
  "series_id": "FOODS_1_166_CA_3_validation",
  "run": "run_20260527_162549_305320_002_subset30490_ctx112_h64_losstweedie_ep100_steps60",
  "horizon": [
    1,
    2,
    3,
    4,
    5,
    6,
    7,
    8,
    9,
    10,
    11,
    12,
    13,
    14,
    15,
    16,
    17,
    18,
    19,
    20,
    21,
    22,
    23,
    24,
    25,
    26,
    27,
    28
  ],
  "actuals": [
    1.0,
    1.0,
    6.0,
    5.0,
    1.0,
    5.0,
    1.0,
    4.0,
    1.0,
    1.0,
    5.0,
    4.0,
    7.0,
    2.0,
    5.0,
    0.0,
    2.0,
    0.0,
    6.0,
    1.0,
    9.0,
    5.0,
    0.0,
    0.0,
    1.0,
    3.0,
    4.0,
    7.0
  ],
  "modes": {
    "mean": {
      "raw": {
        "forecast": [
          2.63607,
          2.541584,
          2.7465258,
          2.9053383,
          3.2470448,
          3.4871275,
          3.687045,
          3.2004716,
          3.2408342,
          3.419677,
          3.29272,
          3.5665188,
          4.0405507,
          3.8353982,
          3.3532388,
          3.410546,
          3.2668345,
          3.2532175,
          3.6159592,
          3.9843938,
          3.9040358,
          3.2722805,
          3.174867,
          3.2436638,
          3.3182635,
          3.6500628,
          4.2290354,
          4.0120296
        ],
        "metrics": {
          "mae": 2.205062176500048,
          "mape": 1.0125634234497156,
          "rmse": 2.440607513194609,
          "smape": 0.8326681343735668,
          "rmsse": 0.7718686052385085
        }
      },
      "rounded": {
        "forecast": [
          3.0,
          3.0,
          3.0,
          3.0,
          3.0,
          3.0,
          4.0,
          3.0,
          3.0,
          3.0,
          3.0,
          4.0,
          4.0,
          4.0,
          3.0,
          3.0,
          3.0,
          3.0,
          4.0,
          4.0,
          4.0,
          3.0,
          3.0,
          3.0,
          3.0,
          4.0,
          4.0,
          4.0
        ],
        "metrics": {
          "mae": 2.1785714285714284,
          "mape": 1.0137235449735449,
          "rmse": 2.39791576165636,
          "smape": 0.8380322058893489,
          "rmsse": 0.7583668756335361
        }
      }
    },
    "sample-mean": {
      "raw": {
        "forecast": [
          2.7790604,
          2.519192,
          2.447208,
          2.7309701,
          3.2087927,
          3.3245587,
          4.0577817,
          3.3596406,
          3.1517386,
          2.9084039,
          3.1338165,
          3.3568482,
          3.7715182,
          4.0991426,
          3.312966,
          2.9327404,
          3.2006965,
          3.213632,
          3.2212014,
          3.3920453,
          2.9574497,
          3.2783904,
          3.1892145,
          3.130161,
          3.1687362,
          3.4011242,
          3.6193554,
          3.260183
        ],
        "metrics": {
          "mae": 2.2706555553845,
          "mape": 0.9979753206725476,
          "rmse": 2.5550237204582738,
          "smape": 0.8565679546848389,
          "rmsse": 0.8080539721358211
        }
      },
      "rounded": {
        "forecast": [
          3.0,
          3.0,
          2.0,
          3.0,
          3.0,
          3.0,
          4.0,
          3.0,
          3.0,
          3.0,
          3.0,
          3.0,
          4.0,
          4.0,
          3.0,
          3.0,
          3.0,
          3.0,
          3.0,
          3.0,
          3.0,
          3.0,
          3.0,
          3.0,
          3.0,
          3.0,
          4.0,
          3.0
        ],
        "metrics": {
          "mae": 2.2857142857142856,
          "mape": 0.9930555555555556,
          "rmse": 2.5773740789526736,
          "smape": 0.8696505875077305,
          "rmsse": 0.8151225154982366
        }
      }
    }
  }
}