{
  "series_id": "FOODS_2_177_CA_3_validation",
  "run": "run_20260527_162549_305320_002_subset30490_ctx112_h64_losstweedie_ep100_steps60",
  "horizon": [
    1,
    2,
    3,
    4,
    5,
    6,
    7,
    8,
    9,
    10,
    11,
    12,
    13,
    14,
    15,
    16,
    17,
    18,
    19,
    20,
    21,
    22,
    23,
    24,
    25,
    26,
    27,
    28
  ],
  "actuals": [
    1.0,
    0.0,
    0.0,
    0.0,
    0.0,
    0.0,
    4.0,
    1.0,
    0.0,
    0.0,
    0.0,
    0.0,
    3.0,
    0.0,
    0.0,
    3.0,
    0.0,
    5.0,
    0.0,
    0.0,
    0.0,
    0.0,
    3.0,
    0.0,
    2.0,
    0.0,
    0.0,
    2.0
  ],
  "modes": {
    "mean": {
      "raw": {
        "forecast": [
          0.8386823,
          0.8698978,
          0.8003908,
          0.7838608,
          0.8699287,
          0.92431825,
          1.0546817,
          1.0312866,
          0.994777,
          0.94352674,
          0.8846028,
          1.0141302,
          1.2364234,
          1.289401,
          1.1223732,
          1.0357316,
          0.91238785,
          0.8926499,
          0.9480424,
          1.1362195,
          1.1828547,
          1.0719508,
          0.9334634,
          0.8784644,
          0.87379426,
          0.9791274,
          1.1752579,
          1.2094486
        ],
        "metrics": {
          "mae": 1.2049258542912349,
          "mape": 0.5155825614929199,
          "rmse": 1.434557535899923,
          "smape": 1.603532009931374,
          "rmsse": 0.8044911123146499
        }
      },
      "rounded": {
        "forecast": [
          1.0,
          1.0,
          1.0,
          1.0,
          1.0,
          1.0,
          1.0,
          1.0,
          1.0,
          1.0,
          1.0,
          1.0,
          1.0,
          1.0,
          1.0,
          1.0,
          1.0,
          1.0,
          1.0,
          1.0,
          1.0,
          1.0,
          1.0,
          1.0,
          1.0,
          1.0,
          1.0,
          1.0
        ],
        "metrics": {
          "mae": 1.2142857142857142,
          "mape": 0.5055555555555555,
          "rmse": 1.439245834257849,
          "smape": 1.6023809523809522,
          "rmsse": 0.8071202814252946
        }
      }
    },
    "sample-mean": {
      "raw": {
        "forecast": [
          0.90755063,
          0.90066373,
          0.63571376,
          0.809337,
          0.9248078,
          0.95082384,
          1.018331,
          1.0427681,
          1.0425795,
          0.87503326,
          0.94269913,
          0.93424654,
          1.0662191,
          1.2916479,
          1.08899,
          0.8139547,
          0.73841286,
          0.83496636,
          0.919508,
          0.95159584,
          1.0738178,
          1.0093484,
          0.7559536,
          0.8078109,
          0.9014484,
          0.9516719,
          1.0614134,
          1.0782819
        ],
        "metrics": {
          "mae": 1.1991494276693888,
          "mape": 0.5383407957024045,
          "rmse": 1.4529494871438904,
          "smape": 1.6215440693139551,
          "rmsse": 0.8148052063426834
        }
      },
      "rounded": {
        "forecast": [
          1.0,
          1.0,
          1.0,
          1.0,
          1.0,
          1.0,
          1.0,
          1.0,
          1.0,
          1.0,
          1.0,
          1.0,
          1.0,
          1.0,
          1.0,
          1.0,
          1.0,
          1.0,
          1.0,
          1.0,
          1.0,
          1.0,
          1.0,
          1.0,
          1.0,
          1.0,
          1.0,
          1.0
        ],
        "metrics": {
          "mae": 1.2142857142857142,
          "mape": 0.5055555555555555,
          "rmse": 1.439245834257849,
          "smape": 1.6023809523809522,
          "rmsse": 0.8071202814252946
        }
      }
    }
  }
}