{
  "series_id": "FOODS_2_365_CA_1_validation",
  "run": "run_20260527_162549_305320_002_subset30490_ctx112_h64_losstweedie_ep100_steps60",
  "horizon": [
    1,
    2,
    3,
    4,
    5,
    6,
    7,
    8,
    9,
    10,
    11,
    12,
    13,
    14,
    15,
    16,
    17,
    18,
    19,
    20,
    21,
    22,
    23,
    24,
    25,
    26,
    27,
    28
  ],
  "actuals": [
    1.0,
    1.0,
    0.0,
    1.0,
    0.0,
    0.0,
    3.0,
    1.0,
    2.0,
    2.0,
    0.0,
    1.0,
    0.0,
    0.0,
    2.0,
    1.0,
    0.0,
    1.0,
    0.0,
    1.0,
    1.0,
    0.0,
    0.0,
    0.0,
    1.0,
    1.0,
    1.0,
    1.0
  ],
  "modes": {
    "mean": {
      "raw": {
        "forecast": [
          0.4824223,
          0.42597103,
          0.41546473,
          0.4156059,
          0.4753587,
          0.5467511,
          0.6699952,
          0.61587304,
          0.5554823,
          0.53631705,
          0.49581394,
          0.5835667,
          0.7503901,
          0.7753722,
          0.66658884,
          0.5978446,
          0.5131807,
          0.49544674,
          0.5549342,
          0.7061372,
          0.74671924,
          0.59418786,
          0.5277054,
          0.50711006,
          0.5002264,
          0.5647353,
          0.7376726,
          0.7859679
        ],
        "metrics": {
          "mae": 0.6453463062644005,
          "mape": 0.4846638365119111,
          "rmse": 0.7879468090613497,
          "smape": 1.1950655674977102,
          "rmsse": 0.8568618551763059
        }
      },
      "rounded": {
        "forecast": [
          0.0,
          0.0,
          0.0,
          0.0,
          0.0,
          1.0,
          1.0,
          1.0,
          1.0,
          1.0,
          0.0,
          1.0,
          1.0,
          1.0,
          1.0,
          1.0,
          1.0,
          0.0,
          1.0,
          1.0,
          1.0,
          1.0,
          1.0,
          1.0,
          1.0,
          1.0,
          1.0,
          1.0
        ],
        "metrics": {
          "mae": 0.6071428571428571,
          "mape": 0.3627450980392157,
          "rmse": 0.823754471047914,
          "smape": 0.9642857142857144,
          "rmsse": 0.8958013106401639
        }
      }
    },
    "sample-mean": {
      "raw": {
        "forecast": [
          0.4610653,
          0.4124041,
          0.39631402,
          0.45613128,
          0.51158196,
          0.45128766,
          0.56193566,
          0.54733706,
          0.4123314,
          0.6211931,
          0.48829108,
          0.44084218,
          0.6547939,
          0.6403527,
          0.54343486,
          0.48406395,
          0.45267066,
          0.52397203,
          0.50505507,
          0.5584705,
          0.59036237,
          0.55102104,
          0.39487353,
          0.46137065,
          0.40717068,
          0.4488881,
          0.6824057,
          0.7158579
        ],
        "metrics": {
          "mae": 0.665705218911171,
          "mape": 0.5467786631163429,
          "rmse": 0.8119863487970774,
          "smape": 1.259804519431233,
          "rmsse": 0.8830039302233239
        }
      },
      "rounded": {
        "forecast": [
          0.0,
          0.0,
          0.0,
          0.0,
          1.0,
          0.0,
          1.0,
          1.0,
          0.0,
          1.0,
          0.0,
          0.0,
          1.0,
          1.0,
          1.0,
          0.0,
          0.0,
          1.0,
          1.0,
          1.0,
          1.0,
          1.0,
          0.0,
          0.0,
          0.0,
          0.0,
          1.0,
          1.0
        ],
        "metrics": {
          "mae": 0.6428571428571429,
          "mape": 0.5686274509803921,
          "rmse": 0.8864052604279183,
          "smape": 1.011904761904762,
          "rmsse": 0.9639316349197444
        }
      }
    }
  }
}