{
  "series_id": "FOODS_1_104_TX_2_validation",
  "run": "run_20260527_162549_305320_002_subset30490_ctx112_h64_losstweedie_ep100_steps60",
  "horizon": [
    1,
    2,
    3,
    4,
    5,
    6,
    7,
    8,
    9,
    10,
    11,
    12,
    13,
    14,
    15,
    16,
    17,
    18,
    19,
    20,
    21,
    22,
    23,
    24,
    25,
    26,
    27,
    28
  ],
  "actuals": [
    0.0,
    0.0,
    0.0,
    0.0,
    0.0,
    0.0,
    0.0,
    0.0,
    0.0,
    0.0,
    0.0,
    0.0,
    0.0,
    0.0,
    0.0,
    0.0,
    0.0,
    0.0,
    0.0,
    0.0,
    0.0,
    0.0,
    0.0,
    0.0,
    0.0,
    0.0,
    0.0,
    0.0
  ],
  "modes": {
    "mean": {
      "raw": {
        "forecast": [
          2.0528018,
          1.9183639,
          1.9522076,
          2.0143604,
          2.1992688,
          2.3386154,
          2.5286102,
          2.1806,
          2.2224152,
          2.1993937,
          2.3580089,
          2.6986794,
          3.0818596,
          2.8046277,
          2.4946864,
          2.2878466,
          2.5491,
          2.7314303,
          2.9996002,
          3.0964735,
          3.2374706,
          2.55066,
          2.3336174,
          2.3637054,
          2.411771,
          2.6137843,
          3.00329,
          2.9046397
        ],
        "metrics": {
          "mae": 2.50456742303712,
          "mape": null,
          "rmse": 2.5307270377094278,
          "smape": 2.0,
          "rmsse": 0.8304794887195688
        }
      },
      "rounded": {
        "forecast": [
          2.0,
          2.0,
          2.0,
          2.0,
          2.0,
          2.0,
          3.0,
          2.0,
          2.0,
          2.0,
          2.0,
          3.0,
          3.0,
          3.0,
          2.0,
          2.0,
          3.0,
          3.0,
          3.0,
          3.0,
          3.0,
          3.0,
          2.0,
          2.0,
          2.0,
          3.0,
          3.0,
          3.0
        ],
        "metrics": {
          "mae": 2.4642857142857144,
          "mape": null,
          "rmse": 2.5142451295425774,
          "smape": 2.0,
          "rmsse": 0.8250708111089176
        }
      }
    },
    "sample-mean": {
      "raw": {
        "forecast": [
          1.83618,
          2.0223527,
          1.8395376,
          1.9700171,
          2.1329083,
          2.0529566,
          2.4767332,
          1.8811656,
          2.2350712,
          2.1201906,
          2.026169,
          2.5854447,
          2.831519,
          2.6589715,
          2.3041956,
          2.0833166,
          2.2066677,
          2.7844944,
          2.5829654,
          3.086867,
          2.9440176,
          2.546818,
          2.1388297,
          2.0474641,
          2.1497102,
          2.2924612,
          2.4521475,
          2.7447171
        ],
        "metrics": {
          "mae": 2.3226389033453807,
          "mape": null,
          "rmse": 2.347853499960539,
          "smape": 2.0,
          "rmsse": 0.7704679900999878
        }
      },
      "rounded": {
        "forecast": [
          2.0,
          2.0,
          2.0,
          2.0,
          2.0,
          2.0,
          2.0,
          2.0,
          2.0,
          2.0,
          2.0,
          3.0,
          3.0,
          3.0,
          2.0,
          2.0,
          2.0,
          3.0,
          3.0,
          3.0,
          3.0,
          3.0,
          2.0,
          2.0,
          2.0,
          2.0,
          2.0,
          3.0
        ],
        "metrics": {
          "mae": 2.321428571428572,
          "mape": null,
          "rmse": 2.3679406363215394,
          "smape": 2.0,
          "rmsse": 0.7770597538446952
        }
      }
    }
  }
}