{
  "series_id": "FOODS_3_411_TX_2_validation",
  "run": "run_20260527_162549_305320_002_subset30490_ctx112_h64_losstweedie_ep100_steps60",
  "horizon": [
    1,
    2,
    3,
    4,
    5,
    6,
    7,
    8,
    9,
    10,
    11,
    12,
    13,
    14,
    15,
    16,
    17,
    18,
    19,
    20,
    21,
    22,
    23,
    24,
    25,
    26,
    27,
    28
  ],
  "actuals": [
    0.0,
    2.0,
    2.0,
    2.0,
    0.0,
    1.0,
    1.0,
    1.0,
    0.0,
    0.0,
    1.0,
    2.0,
    0.0,
    1.0,
    1.0,
    0.0,
    0.0,
    0.0,
    2.0,
    0.0,
    0.0,
    4.0,
    1.0,
    1.0,
    0.0,
    2.0,
    1.0,
    3.0
  ],
  "modes": {
    "mean": {
      "raw": {
        "forecast": [
          0.70384234,
          0.669087,
          0.64445186,
          0.6635286,
          0.72006416,
          0.7516793,
          0.914268,
          0.8056075,
          0.82309514,
          0.727979,
          0.7240678,
          0.8489492,
          1.0483453,
          0.93969023,
          0.91431797,
          0.7682372,
          0.79896194,
          0.8155131,
          0.93525934,
          1.0310898,
          1.112465,
          0.8642759,
          0.79245806,
          0.7463647,
          0.76438516,
          0.82769036,
          0.9782214,
          1.0293204
        ],
        "metrics": {
          "mae": 0.8308835902384349,
          "mape": 0.3870391796032587,
          "rmse": 1.0580472400486514,
          "smape": 1.1164445565827297,
          "rmsse": 0.6174656442398152
        }
      },
      "rounded": {
        "forecast": [
          1.0,
          1.0,
          1.0,
          1.0,
          1.0,
          1.0,
          1.0,
          1.0,
          1.0,
          1.0,
          1.0,
          1.0,
          1.0,
          1.0,
          1.0,
          1.0,
          1.0,
          1.0,
          1.0,
          1.0,
          1.0,
          1.0,
          1.0,
          1.0,
          1.0,
          1.0,
          1.0,
          1.0
        ],
        "metrics": {
          "mae": 0.7857142857142857,
          "mape": 0.2598039215686274,
          "rmse": 1.035098339013531,
          "smape": 1.0071428571428571,
          "rmsse": 0.6040728982206539
        }
      }
    },
    "sample-mean": {
      "raw": {
        "forecast": [
          0.6766193,
          0.64415723,
          0.64714277,
          0.5233244,
          0.7077771,
          0.8510644,
          0.8723495,
          0.7397343,
          0.7571558,
          0.8114426,
          0.7342018,
          0.7668903,
          0.90715224,
          0.68607664,
          0.9091217,
          0.7335832,
          0.8129661,
          0.74636513,
          0.7952835,
          0.9984534,
          0.89526373,
          0.98657495,
          0.8219141,
          0.73305726,
          0.6749451,
          0.72935516,
          1.0370169,
          1.0198098
        ],
        "metrics": {
          "mae": 0.8320958146027156,
          "mape": 0.4146964839276145,
          "rmse": 1.0496415635703358,
          "smape": 1.143099713437863,
          "rmsse": 0.612560176652455
        }
      },
      "rounded": {
        "forecast": [
          1.0,
          1.0,
          1.0,
          1.0,
          1.0,
          1.0,
          1.0,
          1.0,
          1.0,
          1.0,
          1.0,
          1.0,
          1.0,
          1.0,
          1.0,
          1.0,
          1.0,
          1.0,
          1.0,
          1.0,
          1.0,
          1.0,
          1.0,
          1.0,
          1.0,
          1.0,
          1.0,
          1.0
        ],
        "metrics": {
          "mae": 0.7857142857142857,
          "mape": 0.2598039215686274,
          "rmse": 1.035098339013531,
          "smape": 1.0071428571428571,
          "rmsse": 0.6040728982206539
        }
      }
    }
  }
}