{
  "series_id": "FOODS_1_183_CA_2_validation",
  "run": "run_20260527_162549_305320_002_subset30490_ctx112_h64_losstweedie_ep100_steps60",
  "horizon": [
    1,
    2,
    3,
    4,
    5,
    6,
    7,
    8,
    9,
    10,
    11,
    12,
    13,
    14,
    15,
    16,
    17,
    18,
    19,
    20,
    21,
    22,
    23,
    24,
    25,
    26,
    27,
    28
  ],
  "actuals": [
    2.0,
    1.0,
    2.0,
    2.0,
    0.0,
    1.0,
    4.0,
    5.0,
    1.0,
    0.0,
    0.0,
    2.0,
    1.0,
    1.0,
    3.0,
    0.0,
    1.0,
    3.0,
    2.0,
    8.0,
    2.0,
    1.0,
    1.0,
    0.0,
    0.0,
    6.0,
    1.0,
    2.0
  ],
  "modes": {
    "mean": {
      "raw": {
        "forecast": [
          1.3453833,
          1.3770385,
          1.4901056,
          1.5645611,
          1.8568869,
          2.245637,
          2.169118,
          1.8213416,
          1.7839661,
          1.8028423,
          1.7649256,
          2.0285332,
          2.5610723,
          2.3923554,
          1.9220736,
          1.8661952,
          1.8016121,
          1.7993926,
          2.0516825,
          2.6046424,
          2.4914274,
          1.927957,
          1.8430248,
          1.8489538,
          1.8854214,
          2.2034218,
          2.923989,
          2.6409066
        ],
        "metrics": {
          "mae": 1.434799543448857,
          "mape": 0.6555931087696191,
          "rmse": 1.8321200134809448,
          "smape": 0.8569641367728528,
          "rmsse": 0.6224466625822445
        }
      },
      "rounded": {
        "forecast": [
          1.0,
          1.0,
          1.0,
          2.0,
          2.0,
          2.0,
          2.0,
          2.0,
          2.0,
          2.0,
          2.0,
          2.0,
          3.0,
          2.0,
          2.0,
          2.0,
          2.0,
          2.0,
          2.0,
          3.0,
          2.0,
          2.0,
          2.0,
          2.0,
          2.0,
          2.0,
          3.0,
          3.0
        ],
        "metrics": {
          "mae": 1.4642857142857142,
          "mape": 0.6617424242424241,
          "rmse": 1.8612591743993403,
          "smape": 0.8559369202226346,
          "rmsse": 0.6323464362491679
        }
      }
    },
    "sample-mean": {
      "raw": {
        "forecast": [
          1.2220588,
          1.3955432,
          1.4352272,
          1.4040779,
          1.6861775,
          2.101385,
          1.6823077,
          1.7096959,
          1.5061309,
          1.7343942,
          1.6654327,
          1.7569766,
          2.1727393,
          2.1638365,
          1.8083742,
          1.5289189,
          1.5268316,
          1.7266906,
          1.8364621,
          2.427861,
          2.223747,
          1.5611652,
          1.6176097,
          1.8755003,
          1.7532415,
          2.0751996,
          2.3506536,
          2.481576
        ],
        "metrics": {
          "mae": 1.3664268468107497,
          "mape": 0.5604970533739437,
          "rmse": 1.8131124560468328,
          "smape": 0.8436312450431468,
          "rmsse": 0.6159890120999353
        }
      },
      "rounded": {
        "forecast": [
          1.0,
          1.0,
          1.0,
          1.0,
          2.0,
          2.0,
          2.0,
          2.0,
          2.0,
          2.0,
          2.0,
          2.0,
          2.0,
          2.0,
          2.0,
          2.0,
          2.0,
          2.0,
          2.0,
          2.0,
          2.0,
          2.0,
          2.0,
          2.0,
          2.0,
          2.0,
          2.0,
          2.0
        ],
        "metrics": {
          "mae": 1.4285714285714286,
          "mape": 0.5765151515151514,
          "rmse": 1.9086270308410556,
          "smape": 0.8520408163265306,
          "rmsse": 0.6484392489136626
        }
      }
    }
  }
}