{
  "series_id": "FOODS_2_043_TX_2_validation",
  "run": "run_20260527_162549_305320_002_subset30490_ctx112_h64_losstweedie_ep100_steps60",
  "horizon": [
    1,
    2,
    3,
    4,
    5,
    6,
    7,
    8,
    9,
    10,
    11,
    12,
    13,
    14,
    15,
    16,
    17,
    18,
    19,
    20,
    21,
    22,
    23,
    24,
    25,
    26,
    27,
    28
  ],
  "actuals": [
    0.0,
    2.0,
    0.0,
    0.0,
    2.0,
    0.0,
    1.0,
    1.0,
    0.0,
    1.0,
    1.0,
    0.0,
    4.0,
    1.0,
    2.0,
    1.0,
    0.0,
    1.0,
    0.0,
    1.0,
    3.0,
    1.0,
    1.0,
    0.0,
    1.0,
    1.0,
    1.0,
    0.0
  ],
  "modes": {
    "mean": {
      "raw": {
        "forecast": [
          0.42062363,
          0.41750252,
          0.4252698,
          0.4325848,
          0.48746133,
          0.53593713,
          0.5944768,
          0.51124537,
          0.53405446,
          0.4751803,
          0.4728061,
          0.5662138,
          0.69074863,
          0.60307753,
          0.5862614,
          0.49794754,
          0.52172166,
          0.540858,
          0.59242815,
          0.63710195,
          0.68562484,
          0.55518454,
          0.49664113,
          0.48422027,
          0.47896534,
          0.52111876,
          0.61904657,
          0.62745255
        ],
        "metrics": {
          "mae": 0.7596163430384227,
          "mape": 0.5471949271029897,
          "rmse": 1.0105418563054676,
          "smape": 1.2186686177806776,
          "rmsse": 1.0150692769327652
        }
      },
      "rounded": {
        "forecast": [
          0.0,
          0.0,
          0.0,
          0.0,
          0.0,
          1.0,
          1.0,
          1.0,
          1.0,
          0.0,
          0.0,
          1.0,
          1.0,
          1.0,
          1.0,
          0.0,
          1.0,
          1.0,
          1.0,
          1.0,
          1.0,
          1.0,
          0.0,
          0.0,
          0.0,
          1.0,
          1.0,
          1.0
        ],
        "metrics": {
          "mae": 0.75,
          "mape": 0.4953703703703703,
          "rmse": 1.0856202966836188,
          "smape": 1.030952380952381,
          "rmsse": 1.0904840830710405
        }
      }
    },
    "sample-mean": {
      "raw": {
        "forecast": [
          0.38532722,
          0.29725447,
          0.39730206,
          0.3791419,
          0.34783813,
          0.39150023,
          0.43718353,
          0.40017146,
          0.49280572,
          0.47768065,
          0.36790997,
          0.44441384,
          0.8515595,
          0.4931819,
          0.6727249,
          0.41346523,
          0.6442056,
          0.5027984,
          0.4577676,
          0.5796192,
          0.6937142,
          0.51324534,
          0.50057006,
          0.48355567,
          0.3889825,
          0.4316619,
          0.6505473,
          0.5564244
        ],
        "metrics": {
          "mae": 0.7718691240463939,
          "mape": 0.59666365550624,
          "rmse": 1.0091107017558176,
          "smape": 1.2789182455485992,
          "rmsse": 1.0136317105372443
        }
      },
      "rounded": {
        "forecast": [
          0.0,
          0.0,
          0.0,
          0.0,
          0.0,
          0.0,
          0.0,
          0.0,
          0.0,
          0.0,
          0.0,
          0.0,
          1.0,
          0.0,
          1.0,
          0.0,
          1.0,
          1.0,
          0.0,
          1.0,
          1.0,
          1.0,
          1.0,
          0.0,
          0.0,
          0.0,
          1.0,
          1.0
        ],
        "metrics": {
          "mae": 0.7142857142857143,
          "mape": 0.662037037037037,
          "rmse": 1.0690449676496976,
          "smape": 0.9595238095238096,
          "rmsse": 1.0738344933955593
        }
      }
    }
  }
}