{
  "series_id": "FOODS_3_111_TX_3_validation",
  "run": "run_20260527_162549_305320_002_subset30490_ctx112_h64_losstweedie_ep100_steps60",
  "horizon": [
    1,
    2,
    3,
    4,
    5,
    6,
    7,
    8,
    9,
    10,
    11,
    12,
    13,
    14,
    15,
    16,
    17,
    18,
    19,
    20,
    21,
    22,
    23,
    24,
    25,
    26,
    27,
    28
  ],
  "actuals": [
    0.0,
    1.0,
    0.0,
    0.0,
    2.0,
    0.0,
    1.0,
    1.0,
    0.0,
    0.0,
    1.0,
    0.0,
    0.0,
    0.0,
    1.0,
    0.0,
    1.0,
    0.0,
    0.0,
    0.0,
    0.0,
    2.0,
    0.0,
    1.0,
    0.0,
    1.0,
    1.0,
    1.0
  ],
  "modes": {
    "mean": {
      "raw": {
        "forecast": [
          0.4997982,
          0.4971246,
          0.4908258,
          0.49979448,
          0.5355813,
          0.5441074,
          0.63775057,
          0.59871393,
          0.6042645,
          0.5355636,
          0.5261546,
          0.6060655,
          0.7695555,
          0.663249,
          0.6573392,
          0.5823722,
          0.58845466,
          0.5991625,
          0.6608494,
          0.7350455,
          0.8021747,
          0.63270754,
          0.5665267,
          0.53765875,
          0.5554041,
          0.5908825,
          0.68953055,
          0.70714194
        ],
        "metrics": {
          "mae": 0.5898471070187432,
          "mape": 0.4487586915493011,
          "rmse": 0.645583513751838,
          "smape": 1.3996040776064222,
          "rmsse": 0.5631923097961394
        }
      },
      "rounded": {
        "forecast": [
          0.0,
          0.0,
          0.0,
          0.0,
          1.0,
          1.0,
          1.0,
          1.0,
          1.0,
          1.0,
          1.0,
          1.0,
          1.0,
          1.0,
          1.0,
          1.0,
          1.0,
          1.0,
          1.0,
          1.0,
          1.0,
          1.0,
          1.0,
          1.0,
          1.0,
          1.0,
          1.0,
          1.0
        ],
        "metrics": {
          "mae": 0.5714285714285714,
          "mape": 0.1666666666666666,
          "rmse": 0.7559289460184544,
          "smape": 1.0476190476190477,
          "rmsse": 0.6594551441930815
        }
      }
    },
    "sample-mean": {
      "raw": {
        "forecast": [
          0.52015,
          0.48343518,
          0.452587,
          0.46109366,
          0.48355964,
          0.5197687,
          0.53726095,
          0.6594735,
          0.664093,
          0.5147526,
          0.55602896,
          0.8505903,
          0.63043046,
          0.54330176,
          0.7175329,
          0.4951061,
          0.5666136,
          0.54198015,
          0.5448944,
          0.6726955,
          0.73624796,
          0.6452084,
          0.54568154,
          0.42610452,
          0.41228896,
          0.51667017,
          0.6273231,
          0.64503103
        ],
        "metrics": {
          "mae": 0.5800507228289332,
          "mape": 0.475011841704448,
          "rmse": 0.6381596662116418,
          "smape": 1.4192511718343603,
          "rmsse": 0.5567159147911941
        }
      },
      "rounded": {
        "forecast": [
          1.0,
          0.0,
          0.0,
          0.0,
          0.0,
          1.0,
          1.0,
          1.0,
          1.0,
          1.0,
          1.0,
          1.0,
          1.0,
          1.0,
          1.0,
          0.0,
          1.0,
          1.0,
          1.0,
          1.0,
          1.0,
          1.0,
          1.0,
          0.0,
          0.0,
          1.0,
          1.0,
          1.0
        ],
        "metrics": {
          "mae": 0.6071428571428571,
          "mape": 0.2916666666666667,
          "rmse": 0.823754471047914,
          "smape": 1.0952380952380951,
          "rmsse": 0.7186245828339215
        }
      }
    }
  }
}