{
  "series_id": "FOODS_3_585_CA_3_validation",
  "run": "run_20260527_162549_305320_002_subset30490_ctx112_h64_losstweedie_ep100_steps60",
  "horizon": [
    1,
    2,
    3,
    4,
    5,
    6,
    7,
    8,
    9,
    10,
    11,
    12,
    13,
    14,
    15,
    16,
    17,
    18,
    19,
    20,
    21,
    22,
    23,
    24,
    25,
    26,
    27,
    28
  ],
  "actuals": [
    4.0,
    0.0,
    0.0,
    2.0,
    0.0,
    3.0,
    5.0,
    3.0,
    8.0,
    1.0,
    1.0,
    0.0,
    4.0,
    0.0,
    1.0,
    3.0,
    1.0,
    4.0,
    2.0,
    1.0,
    4.0,
    4.0,
    3.0,
    1.0,
    0.0,
    0.0,
    2.0,
    3.0
  ],
  "modes": {
    "mean": {
      "raw": {
        "forecast": [
          1.8214142,
          1.7325143,
          1.6664971,
          1.6396871,
          1.7675246,
          1.9391173,
          2.1771996,
          2.1912642,
          2.1562405,
          2.0655031,
          1.9103106,
          2.0830147,
          2.4619412,
          2.6205122,
          2.4156566,
          2.3983376,
          1.987083,
          1.8591945,
          1.964222,
          2.2756348,
          2.3776205,
          2.1129725,
          1.9505851,
          1.9384296,
          1.8466189,
          1.9892318,
          2.3349764,
          2.4159994
        ],
        "metrics": {
          "mae": 1.5417040032999856,
          "mape": 0.5696727502913702,
          "rmse": 1.878060403102671,
          "smape": 0.900757370887283,
          "rmsse": 0.903884471519006
        }
      },
      "rounded": {
        "forecast": [
          2.0,
          2.0,
          2.0,
          2.0,
          2.0,
          2.0,
          2.0,
          2.0,
          2.0,
          2.0,
          2.0,
          2.0,
          2.0,
          3.0,
          2.0,
          2.0,
          2.0,
          2.0,
          2.0,
          2.0,
          2.0,
          2.0,
          2.0,
          2.0,
          2.0,
          2.0,
          2.0,
          2.0
        ],
        "metrics": {
          "mae": 1.6071428571428572,
          "mape": 0.5484126984126985,
          "rmse": 1.9730324738475904,
          "smape": 0.9068027210884352,
          "rmsse": 0.9495932143435276
        }
      }
    },
    "sample-mean": {
      "raw": {
        "forecast": [
          1.851873,
          1.6967475,
          1.8160989,
          1.4616497,
          1.6966884,
          1.8191136,
          2.1254885,
          2.2146964,
          2.0413513,
          2.1793637,
          1.6957567,
          1.7597035,
          2.4388955,
          2.356167,
          2.3554301,
          2.280228,
          1.9664464,
          1.8622366,
          1.6965355,
          2.0026052,
          2.168509,
          1.8865042,
          1.8480034,
          1.7746047,
          1.6115624,
          1.5629176,
          1.9296309,
          2.4629242
        ],
        "metrics": {
          "mae": 1.5138018769877295,
          "mape": 0.5550653537114462,
          "rmse": 1.858743801395744,
          "smape": 0.9087321244436728,
          "rmsse": 0.8945876585429356
        }
      },
      "rounded": {
        "forecast": [
          2.0,
          2.0,
          2.0,
          1.0,
          2.0,
          2.0,
          2.0,
          2.0,
          2.0,
          2.0,
          2.0,
          2.0,
          2.0,
          2.0,
          2.0,
          2.0,
          2.0,
          2.0,
          2.0,
          2.0,
          2.0,
          2.0,
          2.0,
          2.0,
          2.0,
          2.0,
          2.0,
          2.0
        ],
        "metrics": {
          "mae": 1.6071428571428572,
          "mape": 0.5722222222222223,
          "rmse": 1.9364916731037085,
          "smape": 0.9306122448979592,
          "rmsse": 0.9320066328285244
        }
      }
    }
  }
}