{
  "series_id": "FOODS_3_255_CA_4_validation",
  "run": "run_20260527_162549_305320_002_subset30490_ctx112_h64_losstweedie_ep100_steps60",
  "horizon": [
    1,
    2,
    3,
    4,
    5,
    6,
    7,
    8,
    9,
    10,
    11,
    12,
    13,
    14,
    15,
    16,
    17,
    18,
    19,
    20,
    21,
    22,
    23,
    24,
    25,
    26,
    27,
    28
  ],
  "actuals": [
    0.0,
    0.0,
    0.0,
    0.0,
    0.0,
    1.0,
    0.0,
    1.0,
    0.0,
    1.0,
    1.0,
    1.0,
    1.0,
    0.0,
    0.0,
    1.0,
    0.0,
    0.0,
    0.0,
    1.0,
    0.0,
    0.0,
    0.0,
    1.0,
    1.0,
    0.0,
    3.0,
    1.0
  ],
  "modes": {
    "mean": {
      "raw": {
        "forecast": [
          0.39667228,
          0.3625992,
          0.3555105,
          0.35994422,
          0.3921465,
          0.410724,
          0.4934214,
          0.49625474,
          0.4676241,
          0.4368153,
          0.4102663,
          0.46120813,
          0.5467716,
          0.57416207,
          0.52029926,
          0.47813973,
          0.4136527,
          0.3957529,
          0.42665622,
          0.51318645,
          0.5629039,
          0.4721173,
          0.42558673,
          0.40950388,
          0.41431937,
          0.43458217,
          0.5126846,
          0.55981976
        ],
        "metrics": {
          "mae": 0.5501406277929034,
          "mape": 0.5576746563116709,
          "rmse": 0.6687883563422231,
          "smape": 1.4803125434216493,
          "rmsse": 0.8148837956643972
        }
      },
      "rounded": {
        "forecast": [
          0.0,
          0.0,
          0.0,
          0.0,
          0.0,
          0.0,
          0.0,
          0.0,
          0.0,
          0.0,
          0.0,
          0.0,
          1.0,
          1.0,
          1.0,
          0.0,
          0.0,
          0.0,
          0.0,
          1.0,
          1.0,
          0.0,
          0.0,
          0.0,
          0.0,
          0.0,
          1.0,
          1.0
        ],
        "metrics": {
          "mae": 0.4642857142857143,
          "mape": 0.7222222222222222,
          "rmse": 0.7319250547113999,
          "smape": 0.8214285714285714,
          "rmsse": 0.8918125757857815
        }
      }
    },
    "sample-mean": {
      "raw": {
        "forecast": [
          0.4056811,
          0.3900397,
          0.3195658,
          0.39229977,
          0.46221504,
          0.3980471,
          0.4336493,
          0.5305547,
          0.43993196,
          0.40588015,
          0.4286319,
          0.30687377,
          0.48505482,
          0.5294028,
          0.5110969,
          0.4471999,
          0.3593156,
          0.3602065,
          0.33702528,
          0.47359145,
          0.574075,
          0.4300786,
          0.42074165,
          0.5027654,
          0.37523323,
          0.45796502,
          0.50513643,
          0.4472181
        ],
        "metrics": {
          "mae": 0.5541822516492435,
          "mape": 0.5858808871772554,
          "rmse": 0.674566512900652,
          "smape": 1.5039330250751022,
          "rmsse": 0.8219241786250513
        }
      },
      "rounded": {
        "forecast": [
          0.0,
          0.0,
          0.0,
          0.0,
          0.0,
          0.0,
          0.0,
          1.0,
          0.0,
          0.0,
          0.0,
          0.0,
          0.0,
          1.0,
          1.0,
          0.0,
          0.0,
          0.0,
          0.0,
          0.0,
          1.0,
          0.0,
          0.0,
          1.0,
          0.0,
          0.0,
          1.0,
          0.0
        ],
        "metrics": {
          "mae": 0.5,
          "mape": 0.8055555555555555,
          "rmse": 0.7559289460184544,
          "smape": 0.8928571428571429,
          "rmsse": 0.9210600677217792
        }
      }
    }
  }
}