{
  "series_id": "FOODS_3_380_TX_2_validation",
  "run": "run_20260527_162549_305320_002_subset30490_ctx112_h64_losstweedie_ep100_steps60",
  "horizon": [
    1,
    2,
    3,
    4,
    5,
    6,
    7,
    8,
    9,
    10,
    11,
    12,
    13,
    14,
    15,
    16,
    17,
    18,
    19,
    20,
    21,
    22,
    23,
    24,
    25,
    26,
    27,
    28
  ],
  "actuals": [
    0.0,
    0.0,
    0.0,
    0.0,
    0.0,
    0.0,
    0.0,
    0.0,
    0.0,
    0.0,
    0.0,
    0.0,
    0.0,
    0.0,
    0.0,
    0.0,
    0.0,
    0.0,
    0.0,
    0.0,
    0.0,
    0.0,
    0.0,
    0.0,
    0.0,
    0.0,
    0.0,
    0.0
  ],
  "modes": {
    "mean": {
      "raw": {
        "forecast": [
          0.03141568,
          0.033305857,
          0.038909953,
          0.04405923,
          0.049182147,
          0.04804002,
          0.05258208,
          0.04864283,
          0.05799519,
          0.060882498,
          0.06726431,
          0.08567462,
          0.10843712,
          0.10206836,
          0.11359414,
          0.10623461,
          0.12008752,
          0.12483676,
          0.13577227,
          0.14112082,
          0.1567851,
          0.12420995,
          0.11543791,
          0.11327993,
          0.112475835,
          0.11890063,
          0.13498496,
          0.13821767
        ],
        "metrics": {
          "mae": 0.0922999282234481,
          "mape": null,
          "rmse": 0.0998830518477643,
          "smape": 2.0,
          "rmsse": 0.1107568385432283
        }
      },
      "rounded": {
        "forecast": [
          0.0,
          0.0,
          0.0,
          0.0,
          0.0,
          0.0,
          0.0,
          0.0,
          0.0,
          0.0,
          0.0,
          0.0,
          0.0,
          0.0,
          0.0,
          0.0,
          0.0,
          0.0,
          0.0,
          0.0,
          0.0,
          0.0,
          0.0,
          0.0,
          0.0,
          0.0,
          0.0,
          0.0
        ],
        "metrics": {
          "mae": 0.0,
          "mape": null,
          "rmse": 0.0,
          "smape": 0.0,
          "rmsse": 0.0
        }
      }
    },
    "sample-mean": {
      "raw": {
        "forecast": [
          0.034541227,
          0.025226936,
          0.03566234,
          0.016547149,
          0.065635994,
          0.053128596,
          0.03890458,
          0.056155954,
          0.04348861,
          0.07955554,
          0.055021405,
          0.08692973,
          0.09622934,
          0.078215145,
          0.09389078,
          0.06889772,
          0.10427059,
          0.105331965,
          0.09847504,
          0.10071936,
          0.14174347,
          0.08331936,
          0.08672911,
          0.07388259,
          0.114633225,
          0.115360014,
          0.15963054,
          0.11912866
        ],
        "metrics": {
          "mae": 0.079687676991203,
          "mape": null,
          "rmse": 0.0867802020126109,
          "smape": 2.0,
          "rmsse": 0.0962275445659064
        }
      },
      "rounded": {
        "forecast": [
          0.0,
          0.0,
          0.0,
          0.0,
          0.0,
          0.0,
          0.0,
          0.0,
          0.0,
          0.0,
          0.0,
          0.0,
          0.0,
          0.0,
          0.0,
          0.0,
          0.0,
          0.0,
          0.0,
          0.0,
          0.0,
          0.0,
          0.0,
          0.0,
          0.0,
          0.0,
          0.0,
          0.0
        ],
        "metrics": {
          "mae": 0.0,
          "mape": null,
          "rmse": 0.0,
          "smape": 0.0,
          "rmsse": 0.0
        }
      }
    }
  }
}