{
  "series_id": "FOODS_3_136_CA_3_validation",
  "run": "run_20260527_162549_305320_002_subset30490_ctx112_h64_losstweedie_ep100_steps60",
  "horizon": [
    1,
    2,
    3,
    4,
    5,
    6,
    7,
    8,
    9,
    10,
    11,
    12,
    13,
    14,
    15,
    16,
    17,
    18,
    19,
    20,
    21,
    22,
    23,
    24,
    25,
    26,
    27,
    28
  ],
  "actuals": [
    8.0,
    3.0,
    4.0,
    7.0,
    3.0,
    5.0,
    6.0,
    10.0,
    4.0,
    6.0,
    5.0,
    5.0,
    6.0,
    5.0,
    5.0,
    6.0,
    8.0,
    5.0,
    2.0,
    6.0,
    2.0,
    8.0,
    7.0,
    3.0,
    3.0,
    4.0,
    8.0,
    7.0
  ],
  "modes": {
    "mean": {
      "raw": {
        "forecast": [
          5.877604,
          5.4116125,
          5.3718514,
          5.340954,
          5.687348,
          6.2026973,
          7.1601596,
          6.6697907,
          6.6338086,
          6.342196,
          5.9706407,
          6.516014,
          7.7931023,
          7.9926524,
          7.061055,
          6.811426,
          5.901387,
          5.6378875,
          6.025062,
          7.3407965,
          7.5120087,
          6.2636266,
          5.8071733,
          5.799655,
          5.7694716,
          6.120982,
          7.497679,
          7.698684
        ],
        "metrics": {
          "mae": 1.946460604667664,
          "mape": 0.5102881195391117,
          "rmse": 2.250464735935388,
          "smape": 0.3604272734409001,
          "rmsse": 0.5385356400154304
        }
      },
      "rounded": {
        "forecast": [
          6.0,
          5.0,
          5.0,
          5.0,
          6.0,
          6.0,
          7.0,
          7.0,
          7.0,
          6.0,
          6.0,
          7.0,
          8.0,
          8.0,
          7.0,
          7.0,
          6.0,
          6.0,
          6.0,
          7.0,
          8.0,
          6.0,
          6.0,
          6.0,
          6.0,
          6.0,
          7.0,
          8.0
        ],
        "metrics": {
          "mae": 2.0,
          "mape": 0.5266581632653061,
          "rmse": 2.32992949004287,
          "smape": 0.3661614062874566,
          "rmsse": 0.5575515355007487
        }
      }
    },
    "sample-mean": {
      "raw": {
        "forecast": [
          5.8843756,
          5.815708,
          5.393206,
          5.4486523,
          5.7926216,
          5.948432,
          6.561424,
          6.3423576,
          6.2161036,
          5.8803363,
          6.1613927,
          6.663891,
          7.7136507,
          7.833088,
          6.9744463,
          6.3145375,
          5.4284296,
          5.653257,
          6.261911,
          7.9743514,
          7.763668,
          6.1353917,
          6.1589108,
          5.6635,
          5.8556175,
          6.6429634,
          7.849877,
          7.9322615
        ],
        "metrics": {
          "mae": 1.9645607130868092,
          "mape": 0.5211062350240694,
          "rmse": 2.3358858958068365,
          "smape": 0.3623966296937871,
          "rmsse": 0.5589769018879966
        }
      },
      "rounded": {
        "forecast": [
          6.0,
          6.0,
          5.0,
          5.0,
          6.0,
          6.0,
          7.0,
          6.0,
          6.0,
          6.0,
          6.0,
          7.0,
          8.0,
          8.0,
          7.0,
          6.0,
          5.0,
          6.0,
          6.0,
          8.0,
          8.0,
          6.0,
          6.0,
          6.0,
          6.0,
          7.0,
          8.0,
          8.0
        ],
        "metrics": {
          "mae": 2.071428571428572,
          "mape": 0.5421343537414965,
          "rmse": 2.4640269015229057,
          "smape": 0.3780984888127744,
          "rmsse": 0.5896410120264928
        }
      }
    }
  }
}