{
  "series_id": "FOODS_3_042_CA_1_validation",
  "run": "run_20260527_162549_305320_002_subset30490_ctx112_h64_losstweedie_ep100_steps60",
  "horizon": [
    1,
    2,
    3,
    4,
    5,
    6,
    7,
    8,
    9,
    10,
    11,
    12,
    13,
    14,
    15,
    16,
    17,
    18,
    19,
    20,
    21,
    22,
    23,
    24,
    25,
    26,
    27,
    28
  ],
  "actuals": [
    3.0,
    1.0,
    2.0,
    1.0,
    2.0,
    1.0,
    6.0,
    4.0,
    2.0,
    1.0,
    4.0,
    4.0,
    7.0,
    8.0,
    2.0,
    5.0,
    2.0,
    1.0,
    4.0,
    8.0,
    6.0,
    1.0,
    0.0,
    0.0,
    1.0,
    1.0,
    7.0,
    3.0
  ],
  "modes": {
    "mean": {
      "raw": {
        "forecast": [
          2.6737266,
          2.409982,
          2.427019,
          2.4446805,
          2.7996597,
          3.2410874,
          3.559623,
          3.0788054,
          2.8805532,
          2.8268814,
          2.6663935,
          3.182195,
          4.07344,
          4.0054502,
          3.2718968,
          3.0449755,
          2.696633,
          2.6385767,
          3.1118438,
          3.9188313,
          4.052328,
          3.048161,
          2.6831777,
          2.6887255,
          2.7220273,
          3.128112,
          3.993132,
          4.0164294
        ],
        "metrics": {
          "mae": 1.7701020751680647,
          "mape": 0.8044073548509088,
          "rmse": 2.017351618929934,
          "smape": 0.6630367098296733,
          "rmsse": 0.6317703548796745
        }
      },
      "rounded": {
        "forecast": [
          3.0,
          2.0,
          2.0,
          2.0,
          3.0,
          3.0,
          4.0,
          3.0,
          3.0,
          3.0,
          3.0,
          3.0,
          4.0,
          4.0,
          3.0,
          3.0,
          3.0,
          3.0,
          3.0,
          4.0,
          4.0,
          3.0,
          3.0,
          3.0,
          3.0,
          3.0,
          4.0,
          4.0
        ],
        "metrics": {
          "mae": 1.75,
          "mape": 0.7791208791208789,
          "rmse": 2.026608708444444,
          "smape": 0.6459338280766852,
          "rmsse": 0.6346693808466186
        }
      }
    },
    "sample-mean": {
      "raw": {
        "forecast": [
          2.595886,
          2.2791307,
          2.62507,
          2.3406148,
          2.850337,
          3.2961383,
          3.5521123,
          3.1354935,
          2.8276708,
          2.9119108,
          2.7137465,
          2.895301,
          3.4565952,
          3.3385465,
          2.9519882,
          3.0992367,
          2.4299364,
          2.3080406,
          3.0434678,
          4.07589,
          3.6475613,
          2.849117,
          2.7912748,
          2.5653274,
          2.8564909,
          2.771757,
          4.0577607,
          3.8599045
        ],
        "metrics": {
          "mae": 1.782253980636597,
          "mape": 0.7734600604344638,
          "rmse": 2.072422754159053,
          "smape": 0.6639198646901507,
          "rmsse": 0.649016882614776
        }
      },
      "rounded": {
        "forecast": [
          3.0,
          2.0,
          3.0,
          2.0,
          3.0,
          3.0,
          4.0,
          3.0,
          3.0,
          3.0,
          3.0,
          3.0,
          3.0,
          3.0,
          3.0,
          3.0,
          2.0,
          2.0,
          3.0,
          4.0,
          4.0,
          3.0,
          3.0,
          3.0,
          3.0,
          3.0,
          4.0,
          4.0
        ],
        "metrics": {
          "mae": 1.7857142857142858,
          "mape": 0.7509615384615385,
          "rmse": 2.138089935299395,
          "smape": 0.6517779839208411,
          "rmsse": 0.6695817548679271
        }
      }
    }
  }
}