{
  "series_id": "FOODS_1_206_WI_1_validation",
  "run": "run_20260527_162549_305320_002_subset30490_ctx112_h64_losstweedie_ep100_steps60",
  "horizon": [
    1,
    2,
    3,
    4,
    5,
    6,
    7,
    8,
    9,
    10,
    11,
    12,
    13,
    14,
    15,
    16,
    17,
    18,
    19,
    20,
    21,
    22,
    23,
    24,
    25,
    26,
    27,
    28
  ],
  "actuals": [
    2.0,
    0.0,
    1.0,
    0.0,
    1.0,
    1.0,
    0.0,
    0.0,
    0.0,
    0.0,
    1.0,
    2.0,
    1.0,
    0.0,
    1.0,
    3.0,
    0.0,
    1.0,
    1.0,
    2.0,
    1.0,
    0.0,
    0.0,
    0.0,
    0.0,
    1.0,
    0.0,
    1.0
  ],
  "modes": {
    "mean": {
      "raw": {
        "forecast": [
          0.8899615,
          0.8537769,
          0.8941265,
          0.9357266,
          1.1332442,
          1.200099,
          1.0888563,
          0.9469557,
          0.97260463,
          0.9648119,
          1.008617,
          1.1849606,
          1.3540552,
          1.1806933,
          0.99891967,
          0.95826006,
          1.0537845,
          1.1103982,
          1.1954197,
          1.4860768,
          1.2817698,
          0.99211115,
          0.9757161,
          1.0128418,
          1.0523077,
          1.2422411,
          1.4744657,
          1.3084838
        ],
        "metrics": {
          "mae": 0.7116669693163463,
          "mape": 0.2560908211602105,
          "rmse": 0.8684770982329673,
          "smape": 1.083875681335707,
          "rmsse": 0.3121242019747866
        }
      },
      "rounded": {
        "forecast": [
          1.0,
          1.0,
          1.0,
          1.0,
          1.0,
          1.0,
          1.0,
          1.0,
          1.0,
          1.0,
          1.0,
          1.0,
          1.0,
          1.0,
          1.0,
          1.0,
          1.0,
          1.0,
          1.0,
          1.0,
          1.0,
          1.0,
          1.0,
          1.0,
          1.0,
          1.0,
          1.0,
          1.0
        ],
        "metrics": {
          "mae": 0.6428571428571429,
          "mape": 0.1444444444444444,
          "rmse": 0.8451542547285166,
          "smape": 1.0357142857142858,
          "rmsse": 0.3037421456932556
        }
      }
    },
    "sample-mean": {
      "raw": {
        "forecast": [
          0.7825528,
          0.7656031,
          0.85443145,
          0.7356703,
          1.0794507,
          0.9529459,
          1.0204705,
          0.79372734,
          0.8587297,
          0.86952406,
          0.98378855,
          1.1094158,
          1.1988478,
          0.94705033,
          0.99864054,
          0.9548326,
          0.9398357,
          1.1332994,
          1.0537051,
          1.255114,
          1.1840804,
          0.818062,
          0.9997613,
          0.9107476,
          0.7711126,
          1.3570596,
          1.352176,
          1.1613315
        ],
        "metrics": {
          "mae": 0.6449472670044217,
          "mape": 0.2324099481105804,
          "rmse": 0.808085762695139,
          "smape": 1.0792173508821346,
          "rmsse": 0.2904200056876442
        }
      },
      "rounded": {
        "forecast": [
          1.0,
          1.0,
          1.0,
          1.0,
          1.0,
          1.0,
          1.0,
          1.0,
          1.0,
          1.0,
          1.0,
          1.0,
          1.0,
          1.0,
          1.0,
          1.0,
          1.0,
          1.0,
          1.0,
          1.0,
          1.0,
          1.0,
          1.0,
          1.0,
          1.0,
          1.0,
          1.0,
          1.0
        ],
        "metrics": {
          "mae": 0.6428571428571429,
          "mape": 0.1444444444444444,
          "rmse": 0.8451542547285166,
          "smape": 1.0357142857142858,
          "rmsse": 0.3037421456932556
        }
      }
    }
  }
}