{
  "series_id": "FOODS_2_376_CA_3_validation",
  "run": "run_20260527_162549_305320_002_subset30490_ctx112_h64_losstweedie_ep100_steps60",
  "horizon": [
    1,
    2,
    3,
    4,
    5,
    6,
    7,
    8,
    9,
    10,
    11,
    12,
    13,
    14,
    15,
    16,
    17,
    18,
    19,
    20,
    21,
    22,
    23,
    24,
    25,
    26,
    27,
    28
  ],
  "actuals": [
    1.0,
    2.0,
    0.0,
    0.0,
    0.0,
    3.0,
    2.0,
    2.0,
    2.0,
    3.0,
    0.0,
    2.0,
    1.0,
    0.0,
    3.0,
    1.0,
    1.0,
    1.0,
    1.0,
    3.0,
    0.0,
    1.0,
    1.0,
    2.0,
    0.0,
    3.0,
    3.0,
    5.0
  ],
  "modes": {
    "mean": {
      "raw": {
        "forecast": [
          1.2368613,
          1.169928,
          1.1977779,
          1.2164763,
          1.3128594,
          1.4419413,
          1.6964905,
          1.5519874,
          1.5003773,
          1.4945205,
          1.4188197,
          1.5479745,
          1.8994315,
          1.981902,
          1.6739857,
          1.6008501,
          1.4502305,
          1.4287492,
          1.4992492,
          1.8011786,
          1.8511376,
          1.5343618,
          1.4623979,
          1.443838,
          1.4437386,
          1.5518829,
          1.9040128,
          1.980791
        ],
        "metrics": {
          "mae": 1.0277119534356254,
          "mape": 0.4272143643999856,
          "rmse": 1.2026737600314263,
          "smape": 0.8357685561133906,
          "rmsse": 0.408725439179815
        }
      },
      "rounded": {
        "forecast": [
          1.0,
          1.0,
          1.0,
          1.0,
          1.0,
          1.0,
          2.0,
          2.0,
          2.0,
          1.0,
          1.0,
          2.0,
          2.0,
          2.0,
          2.0,
          2.0,
          1.0,
          1.0,
          1.0,
          2.0,
          2.0,
          2.0,
          1.0,
          1.0,
          1.0,
          2.0,
          2.0,
          2.0
        ],
        "metrics": {
          "mae": 0.8928571428571429,
          "mape": 0.3460317460317459,
          "rmse": 1.1801936887041646,
          "smape": 0.7782312925170067,
          "rmsse": 0.4010856474662346
        }
      }
    },
    "sample-mean": {
      "raw": {
        "forecast": [
          1.4404383,
          1.1628662,
          1.2272756,
          1.279222,
          1.4300587,
          1.1518406,
          1.8383847,
          1.3731877,
          1.5095204,
          1.4270321,
          1.3961676,
          1.450845,
          2.0325844,
          1.7776582,
          1.5451387,
          1.5310163,
          1.4173545,
          1.4904764,
          1.3149642,
          1.5291033,
          1.8560727,
          1.5599217,
          1.2628337,
          1.4591311,
          1.1883291,
          1.5198851,
          1.9089755,
          1.9902833
        ],
        "metrics": {
          "mae": 1.047792136669159,
          "mape": 0.4393923905160692,
          "rmse": 1.2270310577558086,
          "smape": 0.8531957163942313,
          "rmsse": 0.4170032012300749
        }
      },
      "rounded": {
        "forecast": [
          1.0,
          1.0,
          1.0,
          1.0,
          1.0,
          1.0,
          2.0,
          1.0,
          2.0,
          1.0,
          1.0,
          1.0,
          2.0,
          2.0,
          2.0,
          2.0,
          1.0,
          1.0,
          1.0,
          2.0,
          2.0,
          2.0,
          1.0,
          1.0,
          1.0,
          2.0,
          2.0,
          2.0
        ],
        "metrics": {
          "mae": 0.9642857142857144,
          "mape": 0.3936507936507936,
          "rmse": 1.2100767390069582,
          "smape": 0.8258503401360543,
          "rmsse": 0.411241321652327
        }
      }
    }
  }
}