{
  "series_id": "FOODS_3_487_CA_2_validation",
  "run": "run_20260527_162549_305320_002_subset30490_ctx112_h64_losstweedie_ep100_steps60",
  "horizon": [
    1,
    2,
    3,
    4,
    5,
    6,
    7,
    8,
    9,
    10,
    11,
    12,
    13,
    14,
    15,
    16,
    17,
    18,
    19,
    20,
    21,
    22,
    23,
    24,
    25,
    26,
    27,
    28
  ],
  "actuals": [
    2.0,
    4.0,
    2.0,
    4.0,
    2.0,
    4.0,
    3.0,
    0.0,
    3.0,
    0.0,
    1.0,
    3.0,
    5.0,
    2.0,
    5.0,
    1.0,
    1.0,
    1.0,
    0.0,
    4.0,
    0.0,
    0.0,
    2.0,
    0.0,
    1.0,
    1.0,
    3.0,
    1.0
  ],
  "modes": {
    "mean": {
      "raw": {
        "forecast": [
          2.1694283,
          1.964092,
          1.9343448,
          1.9416345,
          2.2990866,
          2.8242464,
          2.9732184,
          2.420882,
          2.25189,
          2.228012,
          2.0777369,
          2.4200792,
          3.2995255,
          3.234169,
          2.5040367,
          2.316367,
          2.1426232,
          2.1172175,
          2.4724545,
          3.2177656,
          3.2642853,
          2.4406896,
          2.2197838,
          2.1522958,
          2.2109823,
          2.5587869,
          3.3151267,
          3.4537394
        ],
        "metrics": {
          "mae": 1.3843869183744704,
          "mape": 0.6263869927688078,
          "rmse": 1.644637858955137,
          "smape": 0.7899812052360119,
          "rmsse": 0.6496012054497684
        }
      },
      "rounded": {
        "forecast": [
          2.0,
          2.0,
          2.0,
          2.0,
          2.0,
          3.0,
          3.0,
          2.0,
          2.0,
          2.0,
          2.0,
          2.0,
          3.0,
          3.0,
          3.0,
          2.0,
          2.0,
          2.0,
          2.0,
          3.0,
          3.0,
          2.0,
          2.0,
          2.0,
          2.0,
          3.0,
          3.0,
          3.0
        ],
        "metrics": {
          "mae": 1.25,
          "mape": 0.5666666666666667,
          "rmse": 1.5,
          "smape": 0.7656462585034013,
          "rmsse": 0.5924719553724153
        }
      }
    },
    "sample-mean": {
      "raw": {
        "forecast": [
          2.2252727,
          1.8618796,
          1.5956835,
          1.9353834,
          2.4342637,
          2.6532884,
          2.991669,
          2.128251,
          2.1426804,
          2.2367902,
          1.9716394,
          2.4219542,
          2.7525892,
          3.1561522,
          2.3717165,
          1.8260742,
          1.6762667,
          1.91173,
          2.1668034,
          3.1075919,
          2.9924207,
          2.4423418,
          1.7238034,
          2.2332826,
          2.1768136,
          2.0005026,
          2.6505806,
          3.452231
        ],
        "metrics": {
          "mae": 1.3507862772260393,
          "mape": 0.5657575763536221,
          "rmse": 1.602000052246724,
          "smape": 0.7875282358529778,
          "rmsse": 0.6327600689742187
        }
      },
      "rounded": {
        "forecast": [
          2.0,
          2.0,
          2.0,
          2.0,
          2.0,
          3.0,
          3.0,
          2.0,
          2.0,
          2.0,
          2.0,
          2.0,
          3.0,
          3.0,
          2.0,
          2.0,
          2.0,
          2.0,
          2.0,
          3.0,
          3.0,
          2.0,
          2.0,
          2.0,
          2.0,
          2.0,
          3.0,
          3.0
        ],
        "metrics": {
          "mae": 1.25,
          "mape": 0.5303030303030304,
          "rmse": 1.5236235005501102,
          "smape": 0.7664965986394557,
          "rmsse": 0.6018027964148587
        }
      }
    }
  }
}