{
  "series_id": "FOODS_3_717_WI_3_validation",
  "run": "run_20260527_162549_305320_002_subset30490_ctx112_h64_losstweedie_ep100_steps60",
  "horizon": [
    1,
    2,
    3,
    4,
    5,
    6,
    7,
    8,
    9,
    10,
    11,
    12,
    13,
    14,
    15,
    16,
    17,
    18,
    19,
    20,
    21,
    22,
    23,
    24,
    25,
    26,
    27,
    28
  ],
  "actuals": [
    0.0,
    0.0,
    0.0,
    0.0,
    0.0,
    1.0,
    1.0,
    1.0,
    1.0,
    0.0,
    0.0,
    0.0,
    0.0,
    0.0,
    1.0,
    2.0,
    0.0,
    0.0,
    0.0,
    1.0,
    1.0,
    2.0,
    0.0,
    0.0,
    0.0,
    1.0,
    0.0,
    0.0
  ],
  "modes": {
    "mean": {
      "raw": {
        "forecast": [
          0.6426751,
          0.59121996,
          0.58736277,
          0.58362085,
          0.6628058,
          0.68267906,
          0.69064415,
          0.74611,
          0.7845574,
          0.6746412,
          0.6479731,
          0.83310544,
          0.8621699,
          0.9260863,
          0.8908078,
          0.7616894,
          0.7811604,
          0.8270748,
          0.7590357,
          0.9851696,
          1.0266223,
          0.75086063,
          0.64923704,
          0.652767,
          0.6342006,
          0.73062205,
          0.8458578,
          0.8533241
        ],
        "metrics": {
          "mae": 0.6077785747391837,
          "mape": 0.2759757190942764,
          "rmse": 0.6842056931468774,
          "smape": 1.4124414262723088,
          "rmsse": 0.5319916051385337
        }
      },
      "rounded": {
        "forecast": [
          1.0,
          1.0,
          1.0,
          1.0,
          1.0,
          1.0,
          1.0,
          1.0,
          1.0,
          1.0,
          1.0,
          1.0,
          1.0,
          1.0,
          1.0,
          1.0,
          1.0,
          1.0,
          1.0,
          1.0,
          1.0,
          1.0,
          1.0,
          1.0,
          1.0,
          1.0,
          1.0,
          1.0
        ],
        "metrics": {
          "mae": 0.7142857142857143,
          "mape": 0.1,
          "rmse": 0.8451542547285166,
          "smape": 1.3333333333333333,
          "rmsse": 0.6571342113433228
        }
      }
    },
    "sample-mean": {
      "raw": {
        "forecast": [
          0.6084939,
          0.542756,
          0.6289975,
          0.49863404,
          0.7355371,
          0.7364278,
          0.6432795,
          0.6992018,
          0.8399558,
          0.7600657,
          0.65780604,
          0.8501804,
          0.8864677,
          1.0091596,
          0.7543156,
          0.6234816,
          0.6007557,
          1.0207654,
          0.7067533,
          0.9392336,
          0.9025208,
          0.59085834,
          0.4855463,
          0.6025138,
          0.5489954,
          0.6343306,
          0.6177819,
          0.8235076
        ],
        "metrics": {
          "mae": 0.6150397126163755,
          "mape": 0.3243564575910568,
          "rmse": 0.6982250510010114,
          "smape": 1.4391297169465382,
          "rmsse": 0.5428921000664987
        }
      },
      "rounded": {
        "forecast": [
          1.0,
          1.0,
          1.0,
          0.0,
          1.0,
          1.0,
          1.0,
          1.0,
          1.0,
          1.0,
          1.0,
          1.0,
          1.0,
          1.0,
          1.0,
          1.0,
          1.0,
          1.0,
          1.0,
          1.0,
          1.0,
          1.0,
          0.0,
          1.0,
          1.0,
          1.0,
          1.0,
          1.0
        ],
        "metrics": {
          "mae": 0.6428571428571429,
          "mape": 0.1,
          "rmse": 0.8017837257372732,
          "smape": 1.1904761904761902,
          "rmsse": 0.6234122508790069
        }
      }
    }
  }
}