{
  "series_id": "FOODS_3_504_TX_2_validation",
  "run": "run_20260527_162549_305320_002_subset30490_ctx112_h64_losstweedie_ep100_steps60",
  "horizon": [
    1,
    2,
    3,
    4,
    5,
    6,
    7,
    8,
    9,
    10,
    11,
    12,
    13,
    14,
    15,
    16,
    17,
    18,
    19,
    20,
    21,
    22,
    23,
    24,
    25,
    26,
    27,
    28
  ],
  "actuals": [
    1.0,
    0.0,
    0.0,
    2.0,
    0.0,
    0.0,
    0.0,
    1.0,
    1.0,
    0.0,
    1.0,
    3.0,
    1.0,
    0.0,
    0.0,
    0.0,
    1.0,
    0.0,
    1.0,
    0.0,
    3.0,
    2.0,
    0.0,
    0.0,
    0.0,
    0.0,
    1.0,
    1.0
  ],
  "modes": {
    "mean": {
      "raw": {
        "forecast": [
          0.83022946,
          0.79999447,
          0.8036731,
          0.8258838,
          0.8667739,
          0.9114337,
          1.0670284,
          0.92438304,
          0.96329606,
          0.86616546,
          0.86645424,
          1.0321122,
          1.2545173,
          1.1046944,
          1.0879704,
          0.93718773,
          1.0312078,
          1.0629846,
          1.1523808,
          1.2022815,
          1.3435944,
          1.0613401,
          0.96407014,
          0.9408821,
          0.9447578,
          1.0054959,
          1.2050773,
          1.2366757
        ],
        "metrics": {
          "mae": 0.771355682185718,
          "mape": 0.2738447686036428,
          "rmse": 0.9151383265417228,
          "smape": 1.2294051199805855,
          "rmsse": 0.3832811308769809
        }
      },
      "rounded": {
        "forecast": [
          1.0,
          1.0,
          1.0,
          1.0,
          1.0,
          1.0,
          1.0,
          1.0,
          1.0,
          1.0,
          1.0,
          1.0,
          1.0,
          1.0,
          1.0,
          1.0,
          1.0,
          1.0,
          1.0,
          1.0,
          1.0,
          1.0,
          1.0,
          1.0,
          1.0,
          1.0,
          1.0,
          1.0
        ],
        "metrics": {
          "mae": 0.75,
          "mape": 0.1794871794871794,
          "rmse": 0.944911182523068,
          "smape": 1.1904761904761905,
          "rmsse": 0.3957506926678096
        }
      }
    },
    "sample-mean": {
      "raw": {
        "forecast": [
          0.8030304,
          0.83349717,
          0.89178276,
          0.8043292,
          0.93357056,
          0.8008005,
          0.9874742,
          0.83977747,
          0.99011976,
          0.798421,
          0.89448893,
          1.0159862,
          1.0646889,
          0.9348706,
          1.138034,
          0.8105357,
          1.0216167,
          1.0881249,
          0.97803694,
          0.9545208,
          1.3815881,
          1.0120348,
          0.7808245,
          0.7725249,
          0.9076753,
          0.93033683,
          1.0735974,
          1.0880617
        ],
        "metrics": {
          "mae": 0.7175559550523758,
          "mape": 0.2334721416999132,
          "rmse": 0.8760252743748076,
          "smape": 1.214682238465025,
          "rmsse": 0.3668996785524595
        }
      },
      "rounded": {
        "forecast": [
          1.0,
          1.0,
          1.0,
          1.0,
          1.0,
          1.0,
          1.0,
          1.0,
          1.0,
          1.0,
          1.0,
          1.0,
          1.0,
          1.0,
          1.0,
          1.0,
          1.0,
          1.0,
          1.0,
          1.0,
          1.0,
          1.0,
          1.0,
          1.0,
          1.0,
          1.0,
          1.0,
          1.0
        ],
        "metrics": {
          "mae": 0.75,
          "mape": 0.1794871794871794,
          "rmse": 0.944911182523068,
          "smape": 1.1904761904761905,
          "rmsse": 0.3957506926678096
        }
      }
    }
  }
}