{
  "series_id": "FOODS_3_203_CA_4_validation",
  "run": "run_20260527_162549_305320_002_subset30490_ctx112_h64_losstweedie_ep100_steps60",
  "horizon": [
    1,
    2,
    3,
    4,
    5,
    6,
    7,
    8,
    9,
    10,
    11,
    12,
    13,
    14,
    15,
    16,
    17,
    18,
    19,
    20,
    21,
    22,
    23,
    24,
    25,
    26,
    27,
    28
  ],
  "actuals": [
    2.0,
    2.0,
    3.0,
    0.0,
    3.0,
    2.0,
    2.0,
    5.0,
    2.0,
    4.0,
    1.0,
    2.0,
    1.0,
    2.0,
    2.0,
    4.0,
    1.0,
    1.0,
    3.0,
    3.0,
    4.0,
    4.0,
    2.0,
    2.0,
    0.0,
    2.0,
    1.0,
    5.0
  ],
  "modes": {
    "mean": {
      "raw": {
        "forecast": [
          1.9129524,
          1.7272805,
          1.6758262,
          1.6766664,
          1.8523972,
          2.1912708,
          2.5730562,
          2.4237,
          2.193272,
          2.111373,
          2.0128243,
          2.2417083,
          2.7161522,
          2.8824406,
          2.570086,
          2.3650146,
          2.0332212,
          1.9226412,
          2.0934072,
          2.4564247,
          2.7327995,
          2.196171,
          1.9775012,
          1.8945316,
          1.8921883,
          2.0862355,
          2.5538611,
          2.7524712
        ],
        "metrics": {
          "mae": 1.0133490690163205,
          "mape": 0.4527824265834613,
          "rmse": 1.2440939740217385,
          "smape": 0.5071279884853792,
          "rmsse": 0.613171801420536
        }
      },
      "rounded": {
        "forecast": [
          2.0,
          2.0,
          2.0,
          2.0,
          2.0,
          2.0,
          3.0,
          2.0,
          2.0,
          2.0,
          2.0,
          2.0,
          3.0,
          3.0,
          3.0,
          2.0,
          2.0,
          2.0,
          2.0,
          2.0,
          3.0,
          2.0,
          2.0,
          2.0,
          2.0,
          2.0,
          3.0,
          3.0
        ],
        "metrics": {
          "mae": 1.0714285714285714,
          "mape": 0.483974358974359,
          "rmse": 1.3627702877384935,
          "smape": 0.5158163265306123,
          "rmsse": 0.6716633387056287
        }
      }
    },
    "sample-mean": {
      "raw": {
        "forecast": [
          2.0015311,
          1.5601381,
          1.6841874,
          1.5192215,
          1.9819418,
          2.002766,
          2.3158991,
          2.3467553,
          1.9936432,
          1.9671146,
          1.6744895,
          2.1931818,
          2.3491137,
          2.9960804,
          2.7155674,
          2.0891957,
          2.0582707,
          1.6134549,
          2.0422888,
          2.3542075,
          2.381363,
          1.9282441,
          1.7943846,
          1.8523254,
          1.7153417,
          1.9306151,
          2.3970888,
          2.4831262
        ],
        "metrics": {
          "mae": 1.0058027080127172,
          "mape": 0.4190146067967781,
          "rmse": 1.268431664624682,
          "smape": 0.507479912824762,
          "rmsse": 0.6251670251745592
        }
      },
      "rounded": {
        "forecast": [
          2.0,
          2.0,
          2.0,
          2.0,
          2.0,
          2.0,
          2.0,
          2.0,
          2.0,
          2.0,
          2.0,
          2.0,
          2.0,
          3.0,
          3.0,
          2.0,
          2.0,
          2.0,
          2.0,
          2.0,
          2.0,
          2.0,
          2.0,
          2.0,
          2.0,
          2.0,
          2.0,
          2.0
        ],
        "metrics": {
          "mae": 1.0357142857142858,
          "mape": 0.4051282051282051,
          "rmse": 1.3758114488755873,
          "smape": 0.5040816326530612,
          "rmsse": 0.6780908855260648
        }
      }
    }
  }
}