{
  "series_id": "FOODS_2_105_TX_1_validation",
  "run": "run_20260527_162549_305320_002_subset30490_ctx112_h64_losstweedie_ep100_steps60",
  "horizon": [
    1,
    2,
    3,
    4,
    5,
    6,
    7,
    8,
    9,
    10,
    11,
    12,
    13,
    14,
    15,
    16,
    17,
    18,
    19,
    20,
    21,
    22,
    23,
    24,
    25,
    26,
    27,
    28
  ],
  "actuals": [
    0.0,
    0.0,
    1.0,
    0.0,
    0.0,
    0.0,
    0.0,
    0.0,
    0.0,
    0.0,
    1.0,
    0.0,
    0.0,
    0.0,
    1.0,
    0.0,
    0.0,
    0.0,
    0.0,
    2.0,
    0.0,
    0.0,
    1.0,
    1.0,
    0.0,
    0.0,
    0.0,
    1.0
  ],
  "modes": {
    "mean": {
      "raw": {
        "forecast": [
          0.28036025,
          0.2660406,
          0.26334697,
          0.27762553,
          0.2945222,
          0.30975303,
          0.36980355,
          0.3262166,
          0.33890918,
          0.30014026,
          0.3123083,
          0.35308203,
          0.42749906,
          0.39799884,
          0.38777998,
          0.3287717,
          0.35094494,
          0.3520744,
          0.38142186,
          0.40842077,
          0.4914077,
          0.38065815,
          0.33116698,
          0.3130308,
          0.31918842,
          0.33702433,
          0.39161602,
          0.41310173
        ],
        "metrics": {
          "mae": 0.4587822535208293,
          "mape": 0.6821506896189281,
          "rmse": 0.5266545342634628,
          "smape": 1.760719953280882,
          "rmsse": 0.5734883290706511
        }
      },
      "rounded": {
        "forecast": [
          0.0,
          0.0,
          0.0,
          0.0,
          0.0,
          0.0,
          0.0,
          0.0,
          0.0,
          0.0,
          0.0,
          0.0,
          0.0,
          0.0,
          0.0,
          0.0,
          0.0,
          0.0,
          0.0,
          0.0,
          0.0,
          0.0,
          0.0,
          0.0,
          0.0,
          0.0,
          0.0,
          0.0
        ],
        "metrics": {
          "mae": 0.2857142857142857,
          "mape": 1.0,
          "rmse": 0.5976143046671968,
          "smape": 0.5,
          "rmsse": 0.6507583372307189
        }
      }
    },
    "sample-mean": {
      "raw": {
        "forecast": [
          0.2706379,
          0.259729,
          0.24263301,
          0.301446,
          0.3135467,
          0.2599234,
          0.40097955,
          0.2721904,
          0.24324723,
          0.3199668,
          0.25800174,
          0.3286532,
          0.43341047,
          0.36890805,
          0.38057888,
          0.3336273,
          0.3076304,
          0.31393,
          0.5093964,
          0.35338184,
          0.4732323,
          0.33327144,
          0.3384198,
          0.2740357,
          0.22764038,
          0.2444923,
          0.39006892,
          0.33027986
        ],
        "metrics": {
          "mae": 0.4545927585235664,
          "mape": 0.7141942999192646,
          "rmse": 0.535223696395974,
          "smape": 1.779658226905379,
          "rmsse": 0.5828195208732282
        }
      },
      "rounded": {
        "forecast": [
          0.0,
          0.0,
          0.0,
          0.0,
          0.0,
          0.0,
          0.0,
          0.0,
          0.0,
          0.0,
          0.0,
          0.0,
          0.0,
          0.0,
          0.0,
          0.0,
          0.0,
          0.0,
          1.0,
          0.0,
          0.0,
          0.0,
          0.0,
          0.0,
          0.0,
          0.0,
          0.0,
          0.0
        ],
        "metrics": {
          "mae": 0.3214285714285714,
          "mape": 1.0,
          "rmse": 0.6267831705280087,
          "smape": 0.5714285714285714,
          "rmsse": 0.6825211021080733
        }
      }
    }
  }
}