{
  "series_id": "FOODS_3_528_TX_2_validation",
  "run": "run_20260527_162549_305320_002_subset30490_ctx112_h64_losstweedie_ep100_steps60",
  "horizon": [
    1,
    2,
    3,
    4,
    5,
    6,
    7,
    8,
    9,
    10,
    11,
    12,
    13,
    14,
    15,
    16,
    17,
    18,
    19,
    20,
    21,
    22,
    23,
    24,
    25,
    26,
    27,
    28
  ],
  "actuals": [
    1.0,
    1.0,
    0.0,
    1.0,
    0.0,
    0.0,
    0.0,
    1.0,
    1.0,
    2.0,
    0.0,
    0.0,
    1.0,
    0.0,
    1.0,
    1.0,
    0.0,
    0.0,
    0.0,
    0.0,
    1.0,
    2.0,
    3.0,
    1.0,
    0.0,
    0.0,
    1.0,
    0.0
  ],
  "modes": {
    "mean": {
      "raw": {
        "forecast": [
          0.43232855,
          0.39383754,
          0.3896112,
          0.39327827,
          0.44059068,
          0.48643398,
          0.57482874,
          0.50085115,
          0.5016253,
          0.442296,
          0.4526745,
          0.5358739,
          0.6854454,
          0.6028281,
          0.58580315,
          0.47580284,
          0.50374764,
          0.50891805,
          0.57057464,
          0.61825466,
          0.70902306,
          0.52848303,
          0.45965123,
          0.43989387,
          0.43513387,
          0.46939436,
          0.6007689,
          0.63593686
        ],
        "metrics": {
          "mae": 0.6455611724938665,
          "mape": 0.5459096655249596,
          "rmse": 0.7907193286552955,
          "smape": 1.3926335180810272,
          "rmsse": 0.6935067282181974
        }
      },
      "rounded": {
        "forecast": [
          0.0,
          0.0,
          0.0,
          0.0,
          0.0,
          0.0,
          1.0,
          1.0,
          1.0,
          0.0,
          0.0,
          1.0,
          1.0,
          1.0,
          1.0,
          0.0,
          1.0,
          1.0,
          1.0,
          1.0,
          1.0,
          1.0,
          0.0,
          0.0,
          0.0,
          0.0,
          1.0,
          1.0
        ],
        "metrics": {
          "mae": 0.6785714285714286,
          "mape": 0.5357142857142857,
          "rmse": 0.9819805060619656,
          "smape": 1.0952380952380951,
          "rmsse": 0.8612538776448219
        }
      }
    },
    "sample-mean": {
      "raw": {
        "forecast": [
          0.4748316,
          0.46209088,
          0.4083591,
          0.23966387,
          0.47883126,
          0.37394392,
          0.5946078,
          0.5474767,
          0.5124488,
          0.50351447,
          0.38228118,
          0.47532603,
          0.49334562,
          0.5306501,
          0.61267304,
          0.4666742,
          0.4641638,
          0.37953794,
          0.4995347,
          0.63882047,
          0.70235705,
          0.47267848,
          0.46116287,
          0.38378656,
          0.3071623,
          0.47021425,
          0.5858228,
          0.6020006
        ],
        "metrics": {
          "mae": 0.6316752306052617,
          "mape": 0.5626436720291773,
          "rmse": 0.783141511220996,
          "smape": 1.4089627526592226,
          "rmsse": 0.6868605426686003
        }
      },
      "rounded": {
        "forecast": [
          0.0,
          0.0,
          0.0,
          0.0,
          0.0,
          0.0,
          1.0,
          1.0,
          1.0,
          1.0,
          0.0,
          0.0,
          0.0,
          1.0,
          1.0,
          0.0,
          0.0,
          0.0,
          0.0,
          1.0,
          1.0,
          0.0,
          0.0,
          0.0,
          0.0,
          0.0,
          1.0,
          1.0
        ],
        "metrics": {
          "mae": 0.5714285714285714,
          "mape": 0.6071428571428571,
          "rmse": 0.9258200997725514,
          "smape": 0.8809523809523808,
          "rmsse": 0.8119979429411501
        }
      }
    }
  }
}