{
  "series_id": "FOODS_3_810_CA_4_validation",
  "run": "run_20260527_162549_305320_002_subset30490_ctx112_h64_losstweedie_ep100_steps60",
  "horizon": [
    1,
    2,
    3,
    4,
    5,
    6,
    7,
    8,
    9,
    10,
    11,
    12,
    13,
    14,
    15,
    16,
    17,
    18,
    19,
    20,
    21,
    22,
    23,
    24,
    25,
    26,
    27,
    28
  ],
  "actuals": [
    9.0,
    1.0,
    5.0,
    2.0,
    0.0,
    0.0,
    2.0,
    3.0,
    0.0,
    0.0,
    0.0,
    3.0,
    2.0,
    1.0,
    1.0,
    4.0,
    2.0,
    1.0,
    0.0,
    1.0,
    5.0,
    2.0,
    1.0,
    1.0,
    2.0,
    1.0,
    5.0,
    2.0
  ],
  "modes": {
    "mean": {
      "raw": {
        "forecast": [
          2.1706586,
          1.9830668,
          1.8805732,
          1.8408192,
          2.0616488,
          2.1527712,
          2.5603297,
          2.4389923,
          2.2450092,
          2.1173766,
          1.9982318,
          2.1848762,
          2.7293797,
          2.8367643,
          2.5355697,
          2.4175253,
          2.0879653,
          1.9757704,
          2.085603,
          2.4589293,
          2.5868201,
          2.2269633,
          2.0805717,
          2.083941,
          1.9990743,
          2.136152,
          2.5693278,
          2.8215365
        ],
        "metrics": {
          "mae": 1.5388897529670171,
          "mape": 0.6631684640441278,
          "rmse": 2.012054169419536,
          "smape": 0.8451468356433047,
          "rmsse": 1.00365477566673
        }
      },
      "rounded": {
        "forecast": [
          2.0,
          2.0,
          2.0,
          2.0,
          2.0,
          2.0,
          3.0,
          2.0,
          2.0,
          2.0,
          2.0,
          2.0,
          3.0,
          3.0,
          3.0,
          2.0,
          2.0,
          2.0,
          2.0,
          2.0,
          3.0,
          2.0,
          2.0,
          2.0,
          2.0,
          2.0,
          3.0,
          3.0
        ],
        "metrics": {
          "mae": 1.5357142857142858,
          "mape": 0.6747474747474748,
          "rmse": 2.008908730060748,
          "smape": 0.8498763141620284,
          "rmsse": 1.0020857646122563
        }
      }
    },
    "sample-mean": {
      "raw": {
        "forecast": [
          2.3290715,
          1.7907902,
          1.8452317,
          1.8466374,
          1.9517169,
          2.2633982,
          2.4736528,
          2.3152695,
          2.0085835,
          2.2746353,
          2.015931,
          2.0902343,
          2.6213129,
          2.6691794,
          2.6885755,
          1.9356818,
          2.0988374,
          1.7477624,
          1.8893944,
          2.3348026,
          2.287419,
          1.9097639,
          2.0011833,
          1.717184,
          1.6715895,
          1.8961844,
          2.1705415,
          2.444222
        ],
        "metrics": {
          "mae": 1.5173537858894892,
          "mape": 0.6126742328658248,
          "rmse": 2.0091803346490287,
          "smape": 0.840291468412725,
          "rmsse": 1.00222124667147
        }
      },
      "rounded": {
        "forecast": [
          2.0,
          2.0,
          2.0,
          2.0,
          2.0,
          2.0,
          2.0,
          2.0,
          2.0,
          2.0,
          2.0,
          2.0,
          3.0,
          3.0,
          3.0,
          2.0,
          2.0,
          2.0,
          2.0,
          2.0,
          2.0,
          2.0,
          2.0,
          2.0,
          2.0,
          2.0,
          2.0,
          2.0
        ],
        "metrics": {
          "mae": 1.5357142857142858,
          "mape": 0.6474747474747475,
          "rmse": 2.078804601550749,
          "smape": 0.8468150896722325,
          "rmsse": 1.0369512897489714
        }
      }
    }
  }
}