{
  "series_id": "FOODS_3_158_CA_3_validation",
  "run": "run_20260527_162549_305320_002_subset30490_ctx112_h64_losstweedie_ep100_steps60",
  "horizon": [
    1,
    2,
    3,
    4,
    5,
    6,
    7,
    8,
    9,
    10,
    11,
    12,
    13,
    14,
    15,
    16,
    17,
    18,
    19,
    20,
    21,
    22,
    23,
    24,
    25,
    26,
    27,
    28
  ],
  "actuals": [
    0.0,
    0.0,
    1.0,
    1.0,
    0.0,
    0.0,
    0.0,
    1.0,
    0.0,
    0.0,
    0.0,
    0.0,
    3.0,
    0.0,
    1.0,
    0.0,
    0.0,
    0.0,
    0.0,
    0.0,
    1.0,
    0.0,
    0.0,
    1.0,
    0.0,
    0.0,
    0.0,
    2.0
  ],
  "modes": {
    "mean": {
      "raw": {
        "forecast": [
          0.5236696,
          0.47904894,
          0.46663716,
          0.45011285,
          0.48582634,
          0.51768774,
          0.6149332,
          0.5927964,
          0.55834174,
          0.5316805,
          0.48638603,
          0.5596546,
          0.7181724,
          0.7055238,
          0.62270945,
          0.58630836,
          0.5120909,
          0.4842385,
          0.5129059,
          0.63095343,
          0.6739496,
          0.5732701,
          0.52477527,
          0.49817532,
          0.48617524,
          0.5298349,
          0.64934,
          0.7052154
        ],
        "metrics": {
          "mae": 0.6151741626007217,
          "mape": 0.5129525922238827,
          "rmse": 0.7123562596954938,
          "smape": 1.63236316524426,
          "rmsse": 0.4339553049997848
        }
      },
      "rounded": {
        "forecast": [
          1.0,
          0.0,
          0.0,
          0.0,
          0.0,
          1.0,
          1.0,
          1.0,
          1.0,
          1.0,
          0.0,
          1.0,
          1.0,
          1.0,
          1.0,
          1.0,
          1.0,
          0.0,
          1.0,
          1.0,
          1.0,
          1.0,
          1.0,
          0.0,
          0.0,
          1.0,
          1.0,
          1.0
        ],
        "metrics": {
          "mae": 0.75,
          "mape": 0.5208333333333333,
          "rmse": 0.9063269671749656,
          "smape": 1.3452380952380951,
          "rmsse": 0.5521189574975671
        }
      }
    },
    "sample-mean": {
      "raw": {
        "forecast": [
          0.5254356,
          0.41755223,
          0.4950451,
          0.43398747,
          0.50766325,
          0.4782463,
          0.49608982,
          0.66355646,
          0.54911506,
          0.45162737,
          0.47753793,
          0.55640954,
          0.6590247,
          0.7209133,
          0.5618965,
          0.4286337,
          0.4663337,
          0.55185986,
          0.43055737,
          0.53226817,
          0.6912016,
          0.4268423,
          0.57886046,
          0.47616416,
          0.41770387,
          0.4324402,
          0.54764664,
          0.536422
        ],
        "metrics": {
          "mae": 0.5884442361337798,
          "mape": 0.5237828468283017,
          "rmse": 0.7063839630637903,
          "smape": 1.6406758962674324,
          "rmsse": 0.4303170835746401
        }
      },
      "rounded": {
        "forecast": [
          1.0,
          0.0,
          0.0,
          0.0,
          1.0,
          0.0,
          0.0,
          1.0,
          1.0,
          0.0,
          0.0,
          1.0,
          1.0,
          1.0,
          1.0,
          0.0,
          0.0,
          1.0,
          0.0,
          1.0,
          1.0,
          0.0,
          1.0,
          0.0,
          0.0,
          0.0,
          1.0,
          1.0
        ],
        "metrics": {
          "mae": 0.5357142857142857,
          "mape": 0.5208333333333333,
          "rmse": 0.7791937224739796,
          "smape": 0.9166666666666669,
          "rmsse": 0.4746715493658383
        }
      }
    }
  }
}