{
  "series_id": "FOODS_3_725_WI_1_validation",
  "run": "run_20260527_162549_305320_002_subset30490_ctx112_h64_losstweedie_ep100_steps60",
  "horizon": [
    1,
    2,
    3,
    4,
    5,
    6,
    7,
    8,
    9,
    10,
    11,
    12,
    13,
    14,
    15,
    16,
    17,
    18,
    19,
    20,
    21,
    22,
    23,
    24,
    25,
    26,
    27,
    28
  ],
  "actuals": [
    2.0,
    6.0,
    4.0,
    1.0,
    2.0,
    1.0,
    6.0,
    1.0,
    1.0,
    1.0,
    5.0,
    3.0,
    0.0,
    0.0,
    2.0,
    1.0,
    3.0,
    4.0,
    1.0,
    3.0,
    5.0,
    0.0,
    2.0,
    2.0,
    2.0,
    0.0,
    2.0,
    3.0
  ],
  "modes": {
    "mean": {
      "raw": {
        "forecast": [
          1.6653737,
          1.5968987,
          1.6173878,
          1.6314601,
          1.8959721,
          2.3016155,
          2.1691816,
          1.878069,
          1.8487766,
          1.7327847,
          1.8488474,
          2.332969,
          2.676883,
          2.6258366,
          2.008275,
          1.7502841,
          2.0618596,
          2.086369,
          2.2474666,
          3.040856,
          2.964382,
          1.8553135,
          1.751962,
          1.8133651,
          1.8582854,
          2.1534088,
          2.7973506,
          2.5237963
        ],
        "metrics": {
          "mae": 1.334347516298294,
          "mape": 0.4788306448194716,
          "rmse": 1.7756675795337384,
          "smape": 0.6790378895086809,
          "rmsse": 0.9307435187406524
        }
      },
      "rounded": {
        "forecast": [
          2.0,
          2.0,
          2.0,
          2.0,
          2.0,
          2.0,
          2.0,
          2.0,
          2.0,
          2.0,
          2.0,
          2.0,
          3.0,
          3.0,
          2.0,
          2.0,
          2.0,
          2.0,
          2.0,
          3.0,
          3.0,
          2.0,
          2.0,
          2.0,
          2.0,
          2.0,
          3.0,
          3.0
        ],
        "metrics": {
          "mae": 1.3214285714285714,
          "mape": 0.4791666666666667,
          "rmse": 1.7828548534783837,
          "smape": 0.6627551020408163,
          "rmsse": 0.9345108391099012
        }
      }
    },
    "sample-mean": {
      "raw": {
        "forecast": [
          1.7559607,
          1.5542752,
          1.7559532,
          1.4277364,
          1.9061196,
          1.9174373,
          2.1673822,
          1.9938585,
          1.5878979,
          1.5852859,
          1.9360979,
          2.3305361,
          2.5510485,
          2.2979841,
          2.0899262,
          1.5980539,
          1.9215912,
          2.1845803,
          2.1544974,
          2.6895978,
          2.7304602,
          1.7195597,
          1.5407313,
          1.5979528,
          1.6349366,
          2.0391521,
          2.7133658,
          2.1404016
        ],
        "metrics": {
          "mae": 1.3153295389243536,
          "mape": 0.4534360835121737,
          "rmse": 1.7336537686319158,
          "smape": 0.6799688998666927,
          "rmsse": 0.9087213324681888
        }
      },
      "rounded": {
        "forecast": [
          2.0,
          2.0,
          2.0,
          1.0,
          2.0,
          2.0,
          2.0,
          2.0,
          2.0,
          2.0,
          2.0,
          2.0,
          3.0,
          2.0,
          2.0,
          2.0,
          2.0,
          2.0,
          2.0,
          3.0,
          3.0,
          2.0,
          2.0,
          2.0,
          2.0,
          2.0,
          3.0,
          2.0
        ],
        "metrics": {
          "mae": 1.2857142857142858,
          "mape": 0.4513888888888888,
          "rmse": 1.7320508075688772,
          "smape": 0.6532312925170067,
          "rmsse": 0.9078811157308824
        }
      }
    }
  }
}