{
  "series_id": "FOODS_3_524_WI_2_validation",
  "run": "run_20260527_162549_305320_002_subset30490_ctx112_h64_losstweedie_ep100_steps60",
  "horizon": [
    1,
    2,
    3,
    4,
    5,
    6,
    7,
    8,
    9,
    10,
    11,
    12,
    13,
    14,
    15,
    16,
    17,
    18,
    19,
    20,
    21,
    22,
    23,
    24,
    25,
    26,
    27,
    28
  ],
  "actuals": [
    0.0,
    0.0,
    0.0,
    0.0,
    0.0,
    0.0,
    0.0,
    0.0,
    0.0,
    0.0,
    0.0,
    0.0,
    0.0,
    0.0,
    0.0,
    0.0,
    0.0,
    0.0,
    0.0,
    0.0,
    0.0,
    0.0,
    0.0,
    0.0,
    0.0,
    0.0,
    0.0,
    0.0
  ],
  "modes": {
    "mean": {
      "raw": {
        "forecast": [
          0.086816706,
          0.1129327,
          0.16864678,
          0.2144376,
          0.25663444,
          0.23933041,
          0.20825353,
          0.2731789,
          0.39435112,
          0.46233046,
          0.6425346,
          1.0364425,
          1.3426971,
          1.6922717,
          1.7032115,
          1.368201,
          1.6295478,
          1.7733265,
          1.665319,
          2.2573168,
          2.4056284,
          1.6685991,
          1.4679698,
          1.4342046,
          1.4180439,
          1.5197644,
          1.77072,
          1.7606182
        ],
        "metrics": {
          "mae": 1.1061903491084064,
          "mape": null,
          "rmse": 1.318000223575574,
          "smape": 2.0,
          "rmsse": 0.3777152201937311
        }
      },
      "rounded": {
        "forecast": [
          0.0,
          0.0,
          0.0,
          0.0,
          0.0,
          0.0,
          0.0,
          0.0,
          0.0,
          0.0,
          1.0,
          1.0,
          1.0,
          2.0,
          2.0,
          1.0,
          2.0,
          2.0,
          2.0,
          2.0,
          2.0,
          2.0,
          1.0,
          1.0,
          1.0,
          2.0,
          2.0,
          2.0
        ],
        "metrics": {
          "mae": 1.0357142857142858,
          "mape": null,
          "rmse": 1.349603116263656,
          "smape": 1.2857142857142858,
          "rmsse": 0.3867720423072012
        }
      }
    },
    "sample-mean": {
      "raw": {
        "forecast": [
          0.089015394,
          0.15206558,
          0.25861156,
          0.45846713,
          0.45163253,
          0.69961464,
          0.52172226,
          0.6592198,
          0.87288994,
          0.96965796,
          0.9772446,
          1.1278087,
          1.1909592,
          1.5795035,
          1.4394356,
          1.3164905,
          1.486298,
          1.487618,
          1.5239244,
          1.9850143,
          2.0271451,
          1.5858493,
          1.2992798,
          1.339845,
          1.2706882,
          1.3630322,
          1.3836807,
          1.5755472
        ],
        "metrics": {
          "mae": 1.1104378955704826,
          "mape": null,
          "rmse": 1.2249996811203276,
          "smape": 2.0,
          "rmsse": 0.3510629330823355
        }
      },
      "rounded": {
        "forecast": [
          0.0,
          0.0,
          0.0,
          0.0,
          0.0,
          1.0,
          1.0,
          1.0,
          1.0,
          1.0,
          1.0,
          1.0,
          1.0,
          2.0,
          1.0,
          1.0,
          1.0,
          1.0,
          2.0,
          2.0,
          2.0,
          2.0,
          1.0,
          1.0,
          1.0,
          1.0,
          1.0,
          2.0
        ],
        "metrics": {
          "mae": 1.0357142857142858,
          "mape": null,
          "rmse": 1.2100767390069582,
          "smape": 1.6428571428571428,
          "rmsse": 0.3467862855784389
        }
      }
    }
  }
}