{
  "series_id": "FOODS_2_211_CA_2_validation",
  "run": "run_20260527_162549_305320_002_subset30490_ctx112_h64_losstweedie_ep100_steps60",
  "horizon": [
    1,
    2,
    3,
    4,
    5,
    6,
    7,
    8,
    9,
    10,
    11,
    12,
    13,
    14,
    15,
    16,
    17,
    18,
    19,
    20,
    21,
    22,
    23,
    24,
    25,
    26,
    27,
    28
  ],
  "actuals": [
    0.0,
    0.0,
    1.0,
    1.0,
    0.0,
    0.0,
    2.0,
    0.0,
    1.0,
    3.0,
    2.0,
    1.0,
    0.0,
    1.0,
    0.0,
    0.0,
    1.0,
    0.0,
    0.0,
    0.0,
    0.0,
    0.0,
    4.0,
    0.0,
    0.0,
    1.0,
    2.0,
    0.0
  ],
  "modes": {
    "mean": {
      "raw": {
        "forecast": [
          0.46233898,
          0.43406808,
          0.42011902,
          0.42099738,
          0.4856927,
          0.58511066,
          0.6487698,
          0.52777594,
          0.48925224,
          0.47738224,
          0.4479861,
          0.5199154,
          0.7347119,
          0.6983335,
          0.5411366,
          0.49428555,
          0.44714788,
          0.44274718,
          0.5062315,
          0.65744716,
          0.6898931,
          0.5200694,
          0.47464216,
          0.45534962,
          0.45528677,
          0.52262914,
          0.6951888,
          0.6935348
        ],
        "metrics": {
          "mae": 0.8008327260613441,
          "mape": 0.6089870942135652,
          "rmse": 1.0586165055793886,
          "smape": 1.5349521584143897,
          "rmsse": 0.8366231695194112
        }
      },
      "rounded": {
        "forecast": [
          0.0,
          0.0,
          0.0,
          0.0,
          0.0,
          1.0,
          1.0,
          1.0,
          0.0,
          0.0,
          0.0,
          1.0,
          1.0,
          1.0,
          1.0,
          0.0,
          0.0,
          0.0,
          1.0,
          1.0,
          1.0,
          1.0,
          0.0,
          0.0,
          0.0,
          1.0,
          1.0,
          1.0
        ],
        "metrics": {
          "mae": 0.8571428571428571,
          "mape": 0.6666666666666666,
          "rmse": 1.2535663410560174,
          "smape": 1.1904761904761902,
          "rmsse": 0.9906917565801046
        }
      }
    },
    "sample-mean": {
      "raw": {
        "forecast": [
          0.44637927,
          0.32308513,
          0.34468925,
          0.40176556,
          0.48730686,
          0.58872926,
          0.5199956,
          0.418694,
          0.5145231,
          0.44861358,
          0.44312122,
          0.55728626,
          0.6993477,
          0.67417026,
          0.55793905,
          0.52329713,
          0.46892196,
          0.39068294,
          0.39645517,
          0.5326395,
          0.669908,
          0.47884578,
          0.51426023,
          0.34378514,
          0.48808056,
          0.43026203,
          0.6353977,
          0.55367726
        ],
        "metrics": {
          "mae": 0.7837802129132407,
          "mape": 0.6275851180156072,
          "rmse": 1.0545814817677703,
          "smape": 1.5519850336265273,
          "rmsse": 0.833434295746359
        }
      },
      "rounded": {
        "forecast": [
          0.0,
          0.0,
          0.0,
          0.0,
          0.0,
          1.0,
          1.0,
          0.0,
          1.0,
          0.0,
          0.0,
          1.0,
          1.0,
          1.0,
          1.0,
          1.0,
          0.0,
          0.0,
          0.0,
          1.0,
          1.0,
          0.0,
          1.0,
          0.0,
          0.0,
          0.0,
          1.0,
          1.0
        ],
        "metrics": {
          "mae": 0.75,
          "mape": 0.6458333333333334,
          "rmse": 1.118033988749895,
          "smape": 1.0190476190476192,
          "rmsse": 0.8835807248125516
        }
      }
    }
  }
}