{
  "series_id": "FOODS_3_450_TX_1_validation",
  "run": "run_20260527_162549_305320_002_subset30490_ctx112_h64_losstweedie_ep100_steps60",
  "horizon": [
    1,
    2,
    3,
    4,
    5,
    6,
    7,
    8,
    9,
    10,
    11,
    12,
    13,
    14,
    15,
    16,
    17,
    18,
    19,
    20,
    21,
    22,
    23,
    24,
    25,
    26,
    27,
    28
  ],
  "actuals": [
    0.0,
    0.0,
    1.0,
    0.0,
    0.0,
    0.0,
    0.0,
    0.0,
    2.0,
    0.0,
    1.0,
    0.0,
    0.0,
    1.0,
    1.0,
    0.0,
    1.0,
    0.0,
    0.0,
    0.0,
    3.0,
    1.0,
    0.0,
    0.0,
    0.0,
    0.0,
    0.0,
    1.0
  ],
  "modes": {
    "mean": {
      "raw": {
        "forecast": [
          0.5712884,
          0.52242386,
          0.50785553,
          0.50589746,
          0.54484504,
          0.58772516,
          0.71285444,
          0.6201997,
          0.62031364,
          0.5590867,
          0.5542613,
          0.6274542,
          0.7767034,
          0.73986113,
          0.6899398,
          0.60442823,
          0.61401886,
          0.63170177,
          0.6900604,
          0.7761871,
          0.88109314,
          0.67497957,
          0.5997885,
          0.5754064,
          0.55767375,
          0.60009754,
          0.7429606,
          0.7888092
        ],
        "metrics": {
          "mae": 0.633416086435318,
          "mape": 0.4251577854156494,
          "rmse": 0.7258998765192067,
          "smape": 1.540707401074649,
          "rmsse": 0.5249621862706749
        }
      },
      "rounded": {
        "forecast": [
          1.0,
          1.0,
          1.0,
          1.0,
          1.0,
          1.0,
          1.0,
          1.0,
          1.0,
          1.0,
          1.0,
          1.0,
          1.0,
          1.0,
          1.0,
          1.0,
          1.0,
          1.0,
          1.0,
          1.0,
          1.0,
          1.0,
          1.0,
          1.0,
          1.0,
          1.0,
          1.0,
          1.0
        ],
        "metrics": {
          "mae": 0.7857142857142857,
          "mape": 0.1296296296296296,
          "rmse": 0.9258200997725514,
          "smape": 1.4166666666666663,
          "rmsse": 0.6695421219803352
        }
      }
    },
    "sample-mean": {
      "raw": {
        "forecast": [
          0.6159885,
          0.58345217,
          0.47980326,
          0.46049064,
          0.54103065,
          0.51683044,
          0.7673049,
          0.6088108,
          0.48059732,
          0.52440584,
          0.5676033,
          0.6197361,
          0.85127914,
          0.6832754,
          0.6057189,
          0.61167055,
          0.5740672,
          0.6651712,
          0.7486322,
          0.8631427,
          0.96327233,
          0.6557884,
          0.57457787,
          0.5279533,
          0.47713578,
          0.5560845,
          0.67564166,
          0.6815007
        ],
        "metrics": {
          "mae": 0.6463468628270286,
          "mape": 0.465650380761535,
          "rmse": 0.7351078456422879,
          "smape": 1.561098457808279,
          "rmsse": 0.5316212803941573
        }
      },
      "rounded": {
        "forecast": [
          1.0,
          1.0,
          0.0,
          0.0,
          1.0,
          1.0,
          1.0,
          1.0,
          0.0,
          1.0,
          1.0,
          1.0,
          1.0,
          1.0,
          1.0,
          1.0,
          1.0,
          1.0,
          1.0,
          1.0,
          1.0,
          1.0,
          1.0,
          1.0,
          0.0,
          1.0,
          1.0,
          1.0
        ],
        "metrics": {
          "mae": 0.7857142857142857,
          "mape": 0.2962962962962963,
          "rmse": 0.9636241116594316,
          "smape": 1.3928571428571428,
          "rmsse": 0.696881535268435
        }
      }
    }
  }
}