{
  "series_id": "FOODS_3_193_TX_3_validation",
  "run": "run_20260527_162549_305320_002_subset30490_ctx112_h64_losstweedie_ep100_steps60",
  "horizon": [
    1,
    2,
    3,
    4,
    5,
    6,
    7,
    8,
    9,
    10,
    11,
    12,
    13,
    14,
    15,
    16,
    17,
    18,
    19,
    20,
    21,
    22,
    23,
    24,
    25,
    26,
    27,
    28
  ],
  "actuals": [
    0.0,
    0.0,
    0.0,
    0.0,
    1.0,
    0.0,
    1.0,
    0.0,
    0.0,
    0.0,
    0.0,
    0.0,
    0.0,
    1.0,
    0.0,
    0.0,
    0.0,
    0.0,
    0.0,
    0.0,
    0.0,
    0.0,
    0.0,
    0.0,
    0.0,
    0.0,
    0.0,
    0.0
  ],
  "modes": {
    "mean": {
      "raw": {
        "forecast": [
          0.12341024,
          0.11635918,
          0.1144959,
          0.11474332,
          0.12461108,
          0.13770495,
          0.15764159,
          0.13850917,
          0.14387974,
          0.12647533,
          0.12809193,
          0.14750786,
          0.1757825,
          0.16278024,
          0.16292162,
          0.13924827,
          0.14393963,
          0.14599237,
          0.16023631,
          0.17264499,
          0.19219221,
          0.15707432,
          0.14106447,
          0.13287541,
          0.13096622,
          0.14274275,
          0.17041987,
          0.17773232
        ],
        "metrics": {
          "mae": 0.2211420709001166,
          "mape": 0.8516556968291601,
          "rmse": 0.311479086244543,
          "smape": 1.9447184634162735,
          "rmsse": 0.4605783495533412
        }
      },
      "rounded": {
        "forecast": [
          0.0,
          0.0,
          0.0,
          0.0,
          0.0,
          0.0,
          0.0,
          0.0,
          0.0,
          0.0,
          0.0,
          0.0,
          0.0,
          0.0,
          0.0,
          0.0,
          0.0,
          0.0,
          0.0,
          0.0,
          0.0,
          0.0,
          0.0,
          0.0,
          0.0,
          0.0,
          0.0,
          0.0
        ],
        "metrics": {
          "mae": 0.1071428571428571,
          "mape": 1.0,
          "rmse": 0.3273268353539885,
          "smape": 0.2142857142857142,
          "rmsse": 0.4840121223211002
        }
      }
    },
    "sample-mean": {
      "raw": {
        "forecast": [
          0.10207885,
          0.13763057,
          0.09684164,
          0.0898252,
          0.11760028,
          0.14022271,
          0.14155559,
          0.11298401,
          0.13462232,
          0.11127333,
          0.17952564,
          0.1353669,
          0.18697661,
          0.14050232,
          0.16959518,
          0.15983568,
          0.1882351,
          0.13387805,
          0.11933796,
          0.16244318,
          0.16846447,
          0.11797259,
          0.15344708,
          0.09700138,
          0.1380771,
          0.14410529,
          0.1752693,
          0.12047872
        ],
        "metrics": {
          "mae": 0.2169939527021987,
          "mape": 0.866780603925387,
          "rmse": 0.3138563331783424,
          "smape": 1.9496540807784757,
          "rmsse": 0.4640935405167256
        }
      },
      "rounded": {
        "forecast": [
          0.0,
          0.0,
          0.0,
          0.0,
          0.0,
          0.0,
          0.0,
          0.0,
          0.0,
          0.0,
          0.0,
          0.0,
          0.0,
          0.0,
          0.0,
          0.0,
          0.0,
          0.0,
          0.0,
          0.0,
          0.0,
          0.0,
          0.0,
          0.0,
          0.0,
          0.0,
          0.0,
          0.0
        ],
        "metrics": {
          "mae": 0.1071428571428571,
          "mape": 1.0,
          "rmse": 0.3273268353539885,
          "smape": 0.2142857142857142,
          "rmsse": 0.4840121223211002
        }
      }
    }
  }
}