{
  "series_id": "FOODS_3_500_CA_1_validation",
  "run": "run_20260527_162549_305320_002_subset30490_ctx112_h64_losstweedie_ep100_steps60",
  "horizon": [
    1,
    2,
    3,
    4,
    5,
    6,
    7,
    8,
    9,
    10,
    11,
    12,
    13,
    14,
    15,
    16,
    17,
    18,
    19,
    20,
    21,
    22,
    23,
    24,
    25,
    26,
    27,
    28
  ],
  "actuals": [
    1.0,
    0.0,
    1.0,
    0.0,
    0.0,
    0.0,
    0.0,
    0.0,
    1.0,
    0.0,
    1.0,
    0.0,
    0.0,
    0.0,
    0.0,
    0.0,
    0.0,
    0.0,
    0.0,
    0.0,
    1.0,
    0.0,
    0.0,
    0.0,
    0.0,
    0.0,
    0.0,
    0.0
  ],
  "modes": {
    "mean": {
      "raw": {
        "forecast": [
          0.21743493,
          0.2020955,
          0.20719853,
          0.21538536,
          0.24673171,
          0.28968012,
          0.3420217,
          0.31407422,
          0.29740083,
          0.29243103,
          0.2822574,
          0.32264292,
          0.40079474,
          0.40474516,
          0.3564063,
          0.33230057,
          0.2965751,
          0.29237255,
          0.3139487,
          0.39397472,
          0.42051044,
          0.33749124,
          0.30408928,
          0.2947093,
          0.29559195,
          0.32396272,
          0.4116629,
          0.43649635
        ],
        "metrics": {
          "mae": 0.392692214676312,
          "mape": 0.7150395721197128,
          "rmse": 0.4249991350946445,
          "smape": 1.843483147366085,
          "rmsse": 0.542143020428989
        }
      },
      "rounded": {
        "forecast": [
          0.0,
          0.0,
          0.0,
          0.0,
          0.0,
          0.0,
          0.0,
          0.0,
          0.0,
          0.0,
          0.0,
          0.0,
          0.0,
          0.0,
          0.0,
          0.0,
          0.0,
          0.0,
          0.0,
          0.0,
          0.0,
          0.0,
          0.0,
          0.0,
          0.0,
          0.0,
          0.0,
          0.0
        ],
        "metrics": {
          "mae": 0.1785714285714285,
          "mape": 1.0,
          "rmse": 0.4225771273642583,
          "smape": 0.3571428571428571,
          "rmsse": 0.5390534268792009
        }
      }
    },
    "sample-mean": {
      "raw": {
        "forecast": [
          0.27317876,
          0.21225016,
          0.2373299,
          0.18173565,
          0.2142734,
          0.33218345,
          0.35588238,
          0.30015504,
          0.22210209,
          0.26917014,
          0.33235896,
          0.38240024,
          0.35093567,
          0.3170485,
          0.34274536,
          0.25653517,
          0.2335273,
          0.29073706,
          0.31938636,
          0.34432083,
          0.40652993,
          0.3985729,
          0.28295943,
          0.29432926,
          0.2269048,
          0.26840574,
          0.36333987,
          0.43287173
        ],
        "metrics": {
          "mae": 0.3749703850064959,
          "mape": 0.7057000726461411,
          "rmse": 0.4104806019903986,
          "smape": 1.8390582679520773,
          "rmsse": 0.5236226971168455
        }
      },
      "rounded": {
        "forecast": [
          0.0,
          0.0,
          0.0,
          0.0,
          0.0,
          0.0,
          0.0,
          0.0,
          0.0,
          0.0,
          0.0,
          0.0,
          0.0,
          0.0,
          0.0,
          0.0,
          0.0,
          0.0,
          0.0,
          0.0,
          0.0,
          0.0,
          0.0,
          0.0,
          0.0,
          0.0,
          0.0,
          0.0
        ],
        "metrics": {
          "mae": 0.1785714285714285,
          "mape": 1.0,
          "rmse": 0.4225771273642583,
          "smape": 0.3571428571428571,
          "rmsse": 0.5390534268792009
        }
      }
    }
  }
}