{
  "series_id": "FOODS_2_133_CA_3_validation",
  "run": "run_20260527_162549_305320_002_subset30490_ctx112_h64_losstweedie_ep100_steps60",
  "horizon": [
    1,
    2,
    3,
    4,
    5,
    6,
    7,
    8,
    9,
    10,
    11,
    12,
    13,
    14,
    15,
    16,
    17,
    18,
    19,
    20,
    21,
    22,
    23,
    24,
    25,
    26,
    27,
    28
  ],
  "actuals": [
    1.0,
    0.0,
    2.0,
    2.0,
    1.0,
    1.0,
    0.0,
    0.0,
    0.0,
    3.0,
    2.0,
    1.0,
    1.0,
    1.0,
    0.0,
    3.0,
    0.0,
    1.0,
    4.0,
    0.0,
    0.0,
    1.0,
    0.0,
    0.0,
    0.0,
    1.0,
    1.0,
    0.0
  ],
  "modes": {
    "mean": {
      "raw": {
        "forecast": [
          0.88959926,
          0.78482467,
          0.7797241,
          0.7930625,
          0.8671557,
          0.97647744,
          1.2160554,
          1.1185114,
          1.0357442,
          0.98184305,
          0.94680053,
          1.0306376,
          1.2147415,
          1.264974,
          1.1378056,
          1.0679848,
          0.9882886,
          0.96074635,
          1.0105553,
          1.1868491,
          1.2597532,
          1.0681441,
          1.0113041,
          0.9811135,
          0.9647359,
          1.0298996,
          1.2440293,
          1.396034
        ],
        "metrics": {
          "mae": 0.880696313721793,
          "mape": 0.3101711856822172,
          "rmse": 1.126976477622371,
          "smape": 1.0967051307329183,
          "rmsse": 0.8113429519701467
        }
      },
      "rounded": {
        "forecast": [
          1.0,
          1.0,
          1.0,
          1.0,
          1.0,
          1.0,
          1.0,
          1.0,
          1.0,
          1.0,
          1.0,
          1.0,
          1.0,
          1.0,
          1.0,
          1.0,
          1.0,
          1.0,
          1.0,
          1.0,
          1.0,
          1.0,
          1.0,
          1.0,
          1.0,
          1.0,
          1.0,
          1.0
        ],
        "metrics": {
          "mae": 0.7857142857142857,
          "mape": 0.2239583333333333,
          "rmse": 1.0690449676496976,
          "smape": 1.042857142857143,
          "rmsse": 0.7696363828920773
        }
      }
    },
    "sample-mean": {
      "raw": {
        "forecast": [
          0.758783,
          0.85092515,
          0.75737953,
          0.7213607,
          0.9419823,
          0.7746483,
          0.99967366,
          1.1074901,
          0.85509676,
          1.0799785,
          0.95340353,
          1.0703998,
          1.1551654,
          1.0318702,
          0.99900866,
          1.1709893,
          0.7912029,
          0.7711367,
          0.9085119,
          1.1039702,
          1.0030968,
          0.950852,
          1.0413414,
          0.7340072,
          0.8810958,
          0.81175214,
          0.96644026,
          1.2023294
        ],
        "metrics": {
          "mae": 0.8306948351008552,
          "mape": 0.3180198948830366,
          "rmse": 1.0769068551763312,
          "smape": 1.1074911879880818,
          "rmsse": 0.7752963830434324
        }
      },
      "rounded": {
        "forecast": [
          1.0,
          1.0,
          1.0,
          1.0,
          1.0,
          1.0,
          1.0,
          1.0,
          1.0,
          1.0,
          1.0,
          1.0,
          1.0,
          1.0,
          1.0,
          1.0,
          1.0,
          1.0,
          1.0,
          1.0,
          1.0,
          1.0,
          1.0,
          1.0,
          1.0,
          1.0,
          1.0,
          1.0
        ],
        "metrics": {
          "mae": 0.7857142857142857,
          "mape": 0.2239583333333333,
          "rmse": 1.0690449676496976,
          "smape": 1.042857142857143,
          "rmsse": 0.7696363828920773
        }
      }
    }
  }
}