{
  "series_id": "FOODS_3_105_CA_1_validation",
  "run": "run_20260527_162549_305320_002_subset30490_ctx112_h64_losstweedie_ep100_steps60",
  "horizon": [
    1,
    2,
    3,
    4,
    5,
    6,
    7,
    8,
    9,
    10,
    11,
    12,
    13,
    14,
    15,
    16,
    17,
    18,
    19,
    20,
    21,
    22,
    23,
    24,
    25,
    26,
    27,
    28
  ],
  "actuals": [
    0.0,
    0.0,
    0.0,
    1.0,
    3.0,
    0.0,
    0.0,
    1.0,
    2.0,
    3.0,
    2.0,
    0.0,
    0.0,
    0.0,
    0.0,
    1.0,
    1.0,
    0.0,
    4.0,
    0.0,
    0.0,
    0.0,
    0.0,
    0.0,
    1.0,
    3.0,
    2.0,
    0.0
  ],
  "modes": {
    "mean": {
      "raw": {
        "forecast": [
          0.8361264,
          0.7817236,
          0.7715431,
          0.7862854,
          0.8920768,
          1.0401608,
          1.1753509,
          1.0094407,
          0.93123424,
          0.9101477,
          0.8691644,
          1.0345757,
          1.3300399,
          1.284315,
          1.0549256,
          0.9844249,
          0.87778676,
          0.85908324,
          0.9610785,
          1.2865343,
          1.3015077,
          0.99730676,
          0.8993038,
          0.8786396,
          0.8766674,
          1.0014732,
          1.3292162,
          1.3071088
        ],
        "metrics": {
          "mae": 1.0510046482086182,
          "mape": 0.3953861047824223,
          "rmse": 1.2439669050595163,
          "smape": 1.3865203571597622,
          "rmsse": 0.691265667344435
        }
      },
      "rounded": {
        "forecast": [
          1.0,
          1.0,
          1.0,
          1.0,
          1.0,
          1.0,
          1.0,
          1.0,
          1.0,
          1.0,
          1.0,
          1.0,
          1.0,
          1.0,
          1.0,
          1.0,
          1.0,
          1.0,
          1.0,
          1.0,
          1.0,
          1.0,
          1.0,
          1.0,
          1.0,
          1.0,
          1.0,
          1.0
        ],
        "metrics": {
          "mae": 1.0,
          "mape": 0.3541666666666667,
          "rmse": 1.1952286093343936,
          "smape": 1.364285714285714,
          "rmsse": 0.6641820605518206
        }
      }
    },
    "sample-mean": {
      "raw": {
        "forecast": [
          0.9350109,
          0.78681076,
          0.6577275,
          0.6621177,
          0.7416959,
          0.91502136,
          1.106344,
          0.887958,
          0.83538634,
          0.63756055,
          0.8188725,
          0.8386268,
          1.2537705,
          1.2260365,
          0.99011606,
          0.9836597,
          0.79317695,
          0.85183877,
          0.8437085,
          1.0537555,
          1.311918,
          0.84622216,
          0.796715,
          0.85453933,
          0.82110727,
          0.90121794,
          1.270882,
          1.1070018
        ],
        "metrics": {
          "mae": 1.047646843961307,
          "mape": 0.4515270590782165,
          "rmse": 1.2555945244074973,
          "smape": 1.427122623701488,
          "rmsse": 0.6977270723991172
        }
      },
      "rounded": {
        "forecast": [
          1.0,
          1.0,
          1.0,
          1.0,
          1.0,
          1.0,
          1.0,
          1.0,
          1.0,
          1.0,
          1.0,
          1.0,
          1.0,
          1.0,
          1.0,
          1.0,
          1.0,
          1.0,
          1.0,
          1.0,
          1.0,
          1.0,
          1.0,
          1.0,
          1.0,
          1.0,
          1.0,
          1.0
        ],
        "metrics": {
          "mae": 1.0,
          "mape": 0.3541666666666667,
          "rmse": 1.1952286093343936,
          "smape": 1.364285714285714,
          "rmsse": 0.6641820605518206
        }
      }
    }
  }
}