{
  "series_id": "FOODS_3_451_WI_1_validation",
  "run": "run_20260527_162549_305320_002_subset30490_ctx112_h64_losstweedie_ep100_steps60",
  "horizon": [
    1,
    2,
    3,
    4,
    5,
    6,
    7,
    8,
    9,
    10,
    11,
    12,
    13,
    14,
    15,
    16,
    17,
    18,
    19,
    20,
    21,
    22,
    23,
    24,
    25,
    26,
    27,
    28
  ],
  "actuals": [
    0.0,
    0.0,
    0.0,
    2.0,
    3.0,
    2.0,
    1.0,
    0.0,
    5.0,
    0.0,
    0.0,
    0.0,
    1.0,
    0.0,
    0.0,
    0.0,
    2.0,
    1.0,
    0.0,
    0.0,
    1.0,
    2.0,
    0.0,
    7.0,
    0.0,
    2.0,
    1.0,
    1.0
  ],
  "modes": {
    "mean": {
      "raw": {
        "forecast": [
          0.5744947,
          0.51940614,
          0.5227404,
          0.5434253,
          0.6804421,
          0.79178417,
          0.78690875,
          0.65434533,
          0.6486782,
          0.5913265,
          0.60440046,
          0.77607274,
          0.9560309,
          0.8599895,
          0.69020754,
          0.6203543,
          0.66375005,
          0.68534124,
          0.7535139,
          1.0060598,
          1.0266988,
          0.6731855,
          0.6235792,
          0.6170712,
          0.629127,
          0.77305233,
          0.98824334,
          0.9470879
        ],
        "metrics": {
          "mae": 1.060618404831205,
          "mape": 0.4639846651529779,
          "rmse": 1.6947696434643913,
          "smape": 1.3613666093424384,
          "rmsse": 1.0876741174217606
        }
      },
      "rounded": {
        "forecast": [
          1.0,
          1.0,
          1.0,
          1.0,
          1.0,
          1.0,
          1.0,
          1.0,
          1.0,
          1.0,
          1.0,
          1.0,
          1.0,
          1.0,
          1.0,
          1.0,
          1.0,
          1.0,
          1.0,
          1.0,
          1.0,
          1.0,
          1.0,
          1.0,
          1.0,
          1.0,
          1.0,
          1.0
        ],
        "metrics": {
          "mae": 1.1071428571428572,
          "mape": 0.3445578231292517,
          "rmse": 1.6366341767699428,
          "smape": 1.255952380952381,
          "rmsse": 1.0503637710442264
        }
      }
    },
    "sample-mean": {
      "raw": {
        "forecast": [
          0.6544315,
          0.52164507,
          0.5810399,
          0.55117935,
          0.63049215,
          0.7838679,
          0.7123639,
          0.57250506,
          0.6345908,
          0.42270678,
          0.5724439,
          0.67964447,
          0.92358214,
          0.84815764,
          0.6417264,
          0.56755835,
          0.66767967,
          0.6999133,
          0.69206464,
          0.9142009,
          0.8983543,
          0.5985956,
          0.48278534,
          0.54516774,
          0.5514551,
          0.85019755,
          1.0284861,
          0.8193307
        ],
        "metrics": {
          "mae": 1.0505548587867193,
          "mape": 0.4881584592822457,
          "rmse": 1.6991280562180204,
          "smape": 1.37720896147389,
          "rmsse": 1.0904712720459564
        }
      },
      "rounded": {
        "forecast": [
          1.0,
          1.0,
          1.0,
          1.0,
          1.0,
          1.0,
          1.0,
          1.0,
          1.0,
          0.0,
          1.0,
          1.0,
          1.0,
          1.0,
          1.0,
          1.0,
          1.0,
          1.0,
          1.0,
          1.0,
          1.0,
          1.0,
          0.0,
          1.0,
          1.0,
          1.0,
          1.0,
          1.0
        ],
        "metrics": {
          "mae": 1.0357142857142858,
          "mape": 0.3445578231292517,
          "rmse": 1.6146649364939023,
          "smape": 1.113095238095238,
          "rmsse": 1.0362642890763862
        }
      }
    }
  }
}