{
  "series_id": "FOODS_3_600_TX_1_validation",
  "run": "run_20260527_162549_305320_002_subset30490_ctx112_h64_losstweedie_ep100_steps60",
  "horizon": [
    1,
    2,
    3,
    4,
    5,
    6,
    7,
    8,
    9,
    10,
    11,
    12,
    13,
    14,
    15,
    16,
    17,
    18,
    19,
    20,
    21,
    22,
    23,
    24,
    25,
    26,
    27,
    28
  ],
  "actuals": [
    0.0,
    0.0,
    3.0,
    0.0,
    3.0,
    0.0,
    0.0,
    0.0,
    0.0,
    0.0,
    2.0,
    0.0,
    0.0,
    0.0,
    0.0,
    0.0,
    0.0,
    0.0,
    0.0,
    0.0,
    0.0,
    1.0,
    0.0,
    2.0,
    0.0,
    0.0,
    0.0,
    1.0
  ],
  "modes": {
    "mean": {
      "raw": {
        "forecast": [
          0.44368237,
          0.38270324,
          0.3704733,
          0.36206403,
          0.39281648,
          0.41868478,
          0.48155603,
          0.41968155,
          0.42609262,
          0.38576555,
          0.38804442,
          0.43986005,
          0.54639477,
          0.49315414,
          0.46502787,
          0.40236762,
          0.4171925,
          0.43184283,
          0.4685658,
          0.52264667,
          0.5735327,
          0.45184675,
          0.40584415,
          0.3863814,
          0.38016462,
          0.41125578,
          0.49768466,
          0.52300763
        ],
        "metrics": {
          "mae": 0.6879712268710136,
          "mape": 0.7305837985542084,
          "rmse": 0.9229552828573072,
          "smape": 1.8278959506723904,
          "rmsse": 0.8068046811520637
        }
      },
      "rounded": {
        "forecast": [
          0.0,
          0.0,
          0.0,
          0.0,
          0.0,
          0.0,
          0.0,
          0.0,
          0.0,
          0.0,
          0.0,
          0.0,
          1.0,
          0.0,
          0.0,
          0.0,
          0.0,
          0.0,
          0.0,
          1.0,
          1.0,
          0.0,
          0.0,
          0.0,
          0.0,
          0.0,
          0.0,
          1.0
        ],
        "metrics": {
          "mae": 0.5,
          "mape": 0.8333333333333334,
          "rmse": 1.035098339013531,
          "smape": 0.5714285714285714,
          "rmsse": 0.9048349371634252
        }
      }
    },
    "sample-mean": {
      "raw": {
        "forecast": [
          0.4398085,
          0.31553397,
          0.35061905,
          0.36965716,
          0.40472135,
          0.34764516,
          0.5269537,
          0.38130447,
          0.50166726,
          0.35184354,
          0.38520825,
          0.5112363,
          0.55624825,
          0.46404445,
          0.41926032,
          0.47121847,
          0.4509078,
          0.47051048,
          0.35293922,
          0.5903149,
          0.43073615,
          0.362356,
          0.37856963,
          0.35857028,
          0.38406852,
          0.5154977,
          0.48701045,
          0.47697297
        ],
        "metrics": {
          "mae": 0.6920903037701335,
          "mape": 0.7561669382784101,
          "rmse": 0.9286446300963888,
          "smape": 1.8391488357767225,
          "rmsse": 0.8117780445104488
        }
      },
      "rounded": {
        "forecast": [
          0.0,
          0.0,
          0.0,
          0.0,
          0.0,
          0.0,
          1.0,
          0.0,
          1.0,
          0.0,
          0.0,
          1.0,
          1.0,
          0.0,
          0.0,
          0.0,
          0.0,
          0.0,
          0.0,
          1.0,
          0.0,
          0.0,
          0.0,
          0.0,
          0.0,
          1.0,
          0.0,
          0.0
        ],
        "metrics": {
          "mae": 0.6428571428571429,
          "mape": 1.0,
          "rmse": 1.1019463300386794,
          "smape": 0.8571428571428571,
          "rmsse": 0.9632703490262108
        }
      }
    }
  }
}