{
  "series_id": "FOODS_1_143_CA_1_validation",
  "run": "run_20260527_162549_305320_002_subset30490_ctx112_h64_losstweedie_ep100_steps60",
  "horizon": [
    1,
    2,
    3,
    4,
    5,
    6,
    7,
    8,
    9,
    10,
    11,
    12,
    13,
    14,
    15,
    16,
    17,
    18,
    19,
    20,
    21,
    22,
    23,
    24,
    25,
    26,
    27,
    28
  ],
  "actuals": [
    6.0,
    0.0,
    1.0,
    0.0,
    1.0,
    0.0,
    3.0,
    0.0,
    1.0,
    9.0,
    0.0,
    0.0,
    0.0,
    0.0,
    0.0,
    0.0,
    0.0,
    0.0,
    2.0,
    3.0,
    0.0,
    2.0,
    0.0,
    2.0,
    5.0,
    2.0,
    4.0,
    1.0
  ],
  "modes": {
    "mean": {
      "raw": {
        "forecast": [
          1.2117225,
          1.1272812,
          1.1462123,
          1.1706197,
          1.3366961,
          1.4488428,
          1.502845,
          1.3240869,
          1.2926347,
          1.305697,
          1.2735887,
          1.5271138,
          1.7544073,
          1.640879,
          1.3639554,
          1.3520713,
          1.2872568,
          1.2862829,
          1.4230889,
          1.7031118,
          1.6486349,
          1.384525,
          1.3121381,
          1.3495948,
          1.3598435,
          1.4967687,
          1.7621973,
          1.7572443
        ],
        "metrics": {
          "mae": 1.5910911389759608,
          "mape": 0.4698283850200592,
          "rmse": 2.1888615843724453,
          "smape": 1.305892827278718,
          "rmsse": 1.2062971056400682
        }
      },
      "rounded": {
        "forecast": [
          1.0,
          1.0,
          1.0,
          1.0,
          1.0,
          1.0,
          2.0,
          1.0,
          1.0,
          1.0,
          1.0,
          2.0,
          2.0,
          2.0,
          1.0,
          1.0,
          1.0,
          1.0,
          1.0,
          2.0,
          2.0,
          1.0,
          1.0,
          1.0,
          1.0,
          1.0,
          2.0,
          2.0
        ],
        "metrics": {
          "mae": 1.5714285714285714,
          "mape": 0.4777777777777778,
          "rmse": 2.2519832529192065,
          "smape": 1.3272108843537411,
          "rmsse": 1.2410839037705497
        }
      }
    },
    "sample-mean": {
      "raw": {
        "forecast": [
          1.1357963,
          1.0334721,
          1.2827939,
          1.1747249,
          1.2714089,
          1.4805288,
          1.3311864,
          1.2344482,
          1.2965332,
          1.3464382,
          1.2892,
          1.2855304,
          1.4448173,
          1.5136398,
          1.2734628,
          1.4909939,
          1.1570648,
          1.0525723,
          1.3114291,
          1.3393021,
          1.4914539,
          1.2895234,
          1.1082444,
          1.2043232,
          1.1896849,
          1.432136,
          1.7993361,
          1.6780261
        ],
        "metrics": {
          "mae": 1.5778485706874303,
          "mape": 0.4995156278212865,
          "rmse": 2.18255049611018,
          "smape": 1.3319874631981945,
          "rmsse": 1.202819020246929
        }
      },
      "rounded": {
        "forecast": [
          1.0,
          1.0,
          1.0,
          1.0,
          1.0,
          1.0,
          1.0,
          1.0,
          1.0,
          1.0,
          1.0,
          1.0,
          1.0,
          2.0,
          1.0,
          1.0,
          1.0,
          1.0,
          1.0,
          1.0,
          1.0,
          1.0,
          1.0,
          1.0,
          1.0,
          1.0,
          2.0,
          2.0
        ],
        "metrics": {
          "mae": 1.5357142857142858,
          "mape": 0.5253968253968254,
          "rmse": 2.2280677086403173,
          "smape": 1.3700680272108845,
          "rmsse": 1.2279038781127365
        }
      }
    }
  }
}