{
  "series_id": "FOODS_3_747_CA_2_validation",
  "run": "run_20260527_162549_305320_002_subset30490_ctx112_h64_losstweedie_ep100_steps60",
  "horizon": [
    1,
    2,
    3,
    4,
    5,
    6,
    7,
    8,
    9,
    10,
    11,
    12,
    13,
    14,
    15,
    16,
    17,
    18,
    19,
    20,
    21,
    22,
    23,
    24,
    25,
    26,
    27,
    28
  ],
  "actuals": [
    2.0,
    3.0,
    3.0,
    0.0,
    0.0,
    5.0,
    2.0,
    13.0,
    6.0,
    1.0,
    4.0,
    3.0,
    0.0,
    7.0,
    6.0,
    6.0,
    1.0,
    2.0,
    1.0,
    5.0,
    13.0,
    7.0,
    18.0,
    2.0,
    4.0,
    1.0,
    8.0,
    7.0
  ],
  "modes": {
    "mean": {
      "raw": {
        "forecast": [
          2.9189365,
          2.554308,
          2.6907706,
          2.7496321,
          3.3397367,
          4.3185086,
          4.332892,
          3.3309898,
          3.235923,
          3.207997,
          3.089596,
          3.7071338,
          4.623446,
          4.3754177,
          3.5704086,
          3.4994025,
          3.0699525,
          3.0656726,
          3.5950277,
          4.465195,
          4.4288177,
          3.2210412,
          2.924536,
          2.9993558,
          3.0282056,
          3.545324,
          4.5861506,
          4.5570374
        ],
        "metrics": {
          "mae": 2.974242789404733,
          "mape": 0.7396561156966892,
          "rmse": 4.338426696966468,
          "smape": 0.7473997972775576,
          "rmsse": 1.289331714748493
        }
      },
      "rounded": {
        "forecast": [
          3.0,
          3.0,
          3.0,
          3.0,
          3.0,
          4.0,
          4.0,
          3.0,
          3.0,
          3.0,
          3.0,
          4.0,
          5.0,
          4.0,
          4.0,
          3.0,
          3.0,
          3.0,
          4.0,
          4.0,
          4.0,
          3.0,
          3.0,
          3.0,
          3.0,
          4.0,
          5.0,
          5.0
        ],
        "metrics": {
          "mae": 3.0357142857142856,
          "mape": 0.7608901098901099,
          "rmse": 4.419922429829994,
          "smape": 0.7564038785677438,
          "rmsse": 1.3135513317518384
        }
      }
    },
    "sample-mean": {
      "raw": {
        "forecast": [
          3.0426342,
          2.7134352,
          2.7177846,
          2.6498291,
          2.9625273,
          4.191684,
          4.572445,
          2.9847357,
          3.1729126,
          3.1545963,
          3.1884217,
          3.3621435,
          4.362822,
          4.2943335,
          3.409738,
          3.2825658,
          2.9253016,
          3.2899668,
          3.4017878,
          4.4960113,
          3.9905367,
          2.998742,
          2.476114,
          2.8016877,
          2.7307284,
          3.596439,
          4.4664855,
          4.3443604
        ],
        "metrics": {
          "mae": 3.02369967528752,
          "mape": 0.7394138861028555,
          "rmse": 4.458518983703812,
          "smape": 0.7625688548863888,
          "rmsse": 1.325021794310145
        }
      },
      "rounded": {
        "forecast": [
          3.0,
          3.0,
          3.0,
          3.0,
          3.0,
          4.0,
          5.0,
          3.0,
          3.0,
          3.0,
          3.0,
          3.0,
          4.0,
          4.0,
          3.0,
          3.0,
          3.0,
          3.0,
          3.0,
          4.0,
          4.0,
          3.0,
          2.0,
          3.0,
          3.0,
          4.0,
          4.0,
          4.0
        ],
        "metrics": {
          "mae": 3.107142857142857,
          "mape": 0.7471599511599512,
          "rmse": 4.57087050165033,
          "smape": 0.7764076842858356,
          "rmsse": 1.3584114042786315
        }
      }
    }
  }
}