{
  "series_id": "FOODS_2_311_CA_2_validation",
  "run": "run_20260527_162549_305320_002_subset30490_ctx112_h64_losstweedie_ep100_steps60",
  "horizon": [
    1,
    2,
    3,
    4,
    5,
    6,
    7,
    8,
    9,
    10,
    11,
    12,
    13,
    14,
    15,
    16,
    17,
    18,
    19,
    20,
    21,
    22,
    23,
    24,
    25,
    26,
    27,
    28
  ],
  "actuals": [
    0.0,
    4.0,
    2.0,
    1.0,
    4.0,
    0.0,
    4.0,
    2.0,
    2.0,
    3.0,
    2.0,
    0.0,
    2.0,
    3.0,
    3.0,
    4.0,
    2.0,
    2.0,
    2.0,
    1.0,
    4.0,
    2.0,
    2.0,
    2.0,
    2.0,
    3.0,
    3.0,
    3.0
  ],
  "modes": {
    "mean": {
      "raw": {
        "forecast": [
          2.6546035,
          2.3925455,
          2.387438,
          2.4266028,
          3.0393417,
          3.5898626,
          3.6389055,
          2.8245516,
          2.6658647,
          2.6630416,
          2.5444787,
          3.0058718,
          3.837359,
          3.8513224,
          2.9286494,
          2.6864517,
          2.5665703,
          2.5577204,
          2.8867953,
          3.6950212,
          3.710866,
          2.7958148,
          2.548669,
          2.5285637,
          2.5442414,
          3.0402782,
          3.835061,
          3.8492124
        ],
        "metrics": {
          "mae": 1.0562893407685416,
          "mape": 0.4237343033154805,
          "rmse": 1.3868181510262454,
          "smape": 0.4925397138600486,
          "rmsse": 0.6481369260656105
        }
      },
      "rounded": {
        "forecast": [
          3.0,
          2.0,
          2.0,
          2.0,
          3.0,
          4.0,
          4.0,
          3.0,
          3.0,
          3.0,
          3.0,
          3.0,
          4.0,
          4.0,
          3.0,
          3.0,
          3.0,
          3.0,
          3.0,
          4.0,
          4.0,
          3.0,
          3.0,
          3.0,
          3.0,
          3.0,
          4.0,
          4.0
        ],
        "metrics": {
          "mae": 1.1785714285714286,
          "mape": 0.48,
          "rmse": 1.546886273407694,
          "smape": 0.5224489795918367,
          "rmsse": 0.7229456244696759
        }
      }
    },
    "sample-mean": {
      "raw": {
        "forecast": [
          2.484406,
          2.5190592,
          2.4731245,
          2.4504244,
          2.965208,
          3.3919778,
          4.2919946,
          2.523124,
          2.725196,
          2.5282013,
          2.6358526,
          2.8954382,
          3.8796737,
          3.818705,
          2.7230773,
          2.4211426,
          2.1917078,
          2.1665618,
          2.9960315,
          3.3185816,
          3.5653753,
          2.8300734,
          2.4923391,
          2.306441,
          1.9362504,
          2.9172564,
          3.6718874,
          3.2910058
        ],
        "metrics": {
          "mae": 0.973534848008837,
          "mape": 0.3794906791051229,
          "rmse": 1.3110956709837205,
          "smape": 0.46942173564035,
          "rmsse": 0.6127476175160299
        }
      },
      "rounded": {
        "forecast": [
          2.0,
          3.0,
          2.0,
          2.0,
          3.0,
          3.0,
          4.0,
          3.0,
          3.0,
          3.0,
          3.0,
          3.0,
          4.0,
          4.0,
          3.0,
          2.0,
          2.0,
          2.0,
          3.0,
          3.0,
          4.0,
          3.0,
          2.0,
          2.0,
          2.0,
          3.0,
          4.0,
          3.0
        ],
        "metrics": {
          "mae": 0.8571428571428571,
          "mape": 0.3266666666666666,
          "rmse": 1.2535663410560174,
          "smape": 0.4336734693877551,
          "rmsse": 0.5858609755793323
        }
      }
    }
  }
}