{
  "series_id": "FOODS_3_225_CA_2_validation",
  "run": "run_20260527_162549_305320_002_subset30490_ctx112_h64_losstweedie_ep100_steps60",
  "horizon": [
    1,
    2,
    3,
    4,
    5,
    6,
    7,
    8,
    9,
    10,
    11,
    12,
    13,
    14,
    15,
    16,
    17,
    18,
    19,
    20,
    21,
    22,
    23,
    24,
    25,
    26,
    27,
    28
  ],
  "actuals": [
    0.0,
    0.0,
    2.0,
    2.0,
    1.0,
    0.0,
    0.0,
    4.0,
    0.0,
    0.0,
    1.0,
    4.0,
    0.0,
    1.0,
    0.0,
    0.0,
    2.0,
    3.0,
    0.0,
    1.0,
    0.0,
    2.0,
    3.0,
    2.0,
    0.0,
    2.0,
    2.0,
    2.0
  ],
  "modes": {
    "mean": {
      "raw": {
        "forecast": [
          0.83820844,
          0.7662586,
          0.7262381,
          0.73399407,
          0.822329,
          1.058347,
          1.0663289,
          0.9097263,
          0.85339737,
          0.83191824,
          0.79982376,
          0.9000237,
          1.2655113,
          1.1858468,
          0.9208013,
          0.86866385,
          0.8026745,
          0.7840575,
          0.92438895,
          1.1960545,
          1.2130933,
          0.89182377,
          0.8095818,
          0.7894416,
          0.8134749,
          0.91080475,
          1.21519,
          1.2137223
        ],
        "metrics": {
          "mae": 1.1247450751917702,
          "mape": 0.5083845844492316,
          "rmse": 1.3355644950079988,
          "smape": 1.274520247300091,
          "rmsse": 0.8443774168363756
        }
      },
      "rounded": {
        "forecast": [
          1.0,
          1.0,
          1.0,
          1.0,
          1.0,
          1.0,
          1.0,
          1.0,
          1.0,
          1.0,
          1.0,
          1.0,
          1.0,
          1.0,
          1.0,
          1.0,
          1.0,
          1.0,
          1.0,
          1.0,
          1.0,
          1.0,
          1.0,
          1.0,
          1.0,
          1.0,
          1.0,
          1.0
        ],
        "metrics": {
          "mae": 1.0714285714285714,
          "mape": 0.4270833333333333,
          "rmse": 1.2817398889233114,
          "smape": 1.2047619047619045,
          "rmsse": 0.810348149048936
        }
      }
    },
    "sample-mean": {
      "raw": {
        "forecast": [
          0.79889786,
          0.860248,
          0.71290314,
          0.65484625,
          0.7488521,
          1.1161116,
          1.1090275,
          0.62300915,
          0.95010644,
          0.8233318,
          0.8704123,
          0.8022077,
          1.3547106,
          1.0616214,
          0.98350775,
          0.7424076,
          0.73027533,
          0.8432111,
          1.0613587,
          1.1624898,
          1.2310991,
          0.8221275,
          0.7556611,
          0.6396946,
          0.7100768,
          0.87058824,
          1.4023433,
          1.3302492
        ],
        "metrics": {
          "mae": 1.1485219321080615,
          "mape": 0.5083794665212432,
          "rmse": 1.3856495673539146,
          "smape": 1.2872969303214006,
          "rmsse": 0.876042457474682
        }
      },
      "rounded": {
        "forecast": [
          1.0,
          1.0,
          1.0,
          1.0,
          1.0,
          1.0,
          1.0,
          1.0,
          1.0,
          1.0,
          1.0,
          1.0,
          1.0,
          1.0,
          1.0,
          1.0,
          1.0,
          1.0,
          1.0,
          1.0,
          1.0,
          1.0,
          1.0,
          1.0,
          1.0,
          1.0,
          1.0,
          1.0
        ],
        "metrics": {
          "mae": 1.0714285714285714,
          "mape": 0.4270833333333333,
          "rmse": 1.2817398889233114,
          "smape": 1.2047619047619045,
          "rmsse": 0.810348149048936
        }
      }
    }
  }
}