{
  "series_id": "FOODS_2_060_TX_2_validation",
  "run": "run_20260527_162549_305320_002_subset30490_ctx112_h64_losstweedie_ep100_steps60",
  "horizon": [
    1,
    2,
    3,
    4,
    5,
    6,
    7,
    8,
    9,
    10,
    11,
    12,
    13,
    14,
    15,
    16,
    17,
    18,
    19,
    20,
    21,
    22,
    23,
    24,
    25,
    26,
    27,
    28
  ],
  "actuals": [
    2.0,
    1.0,
    2.0,
    0.0,
    1.0,
    0.0,
    0.0,
    2.0,
    1.0,
    0.0,
    0.0,
    2.0,
    2.0,
    1.0,
    1.0,
    0.0,
    1.0,
    1.0,
    0.0,
    1.0,
    1.0,
    0.0,
    0.0,
    0.0,
    4.0,
    0.0,
    1.0,
    2.0
  ],
  "modes": {
    "mean": {
      "raw": {
        "forecast": [
          0.96124923,
          0.84900624,
          0.8131545,
          0.7928534,
          0.879893,
          0.9784917,
          1.2051666,
          1.0077693,
          1.0790405,
          0.90731305,
          0.9193027,
          1.0643011,
          1.3067673,
          1.2197962,
          1.301378,
          1.0386779,
          1.0724064,
          1.1019586,
          1.2637385,
          1.3100401,
          1.5056511,
          1.2161516,
          1.0472673,
          0.96466297,
          0.9304,
          1.0210226,
          1.2173717,
          1.2959253
        ],
        "metrics": {
          "mae": 0.7876366057566234,
          "mape": 0.3306800021844752,
          "rmse": 0.9869735441665768,
          "smape": 1.027485704847603,
          "rmsse": 0.5107047991534776
        }
      },
      "rounded": {
        "forecast": [
          1.0,
          1.0,
          1.0,
          1.0,
          1.0,
          1.0,
          1.0,
          1.0,
          1.0,
          1.0,
          1.0,
          1.0,
          1.0,
          1.0,
          1.0,
          1.0,
          1.0,
          1.0,
          1.0,
          1.0,
          2.0,
          1.0,
          1.0,
          1.0,
          1.0,
          1.0,
          1.0,
          1.0
        ],
        "metrics": {
          "mae": 0.75,
          "mape": 0.2794117647058823,
          "rmse": 0.9819805060619656,
          "smape": 0.9952380952380953,
          "rmsse": 0.5081211751673511
        }
      }
    },
    "sample-mean": {
      "raw": {
        "forecast": [
          0.8612718,
          0.81126666,
          0.88767296,
          0.96818626,
          0.9035197,
          1.0693835,
          1.1664672,
          0.9630375,
          0.98456436,
          0.8228939,
          0.775022,
          0.9488555,
          1.1078413,
          1.3001093,
          0.9712942,
          0.96909106,
          0.9140154,
          0.96089464,
          1.1841314,
          1.3137348,
          1.2759507,
          1.1483647,
          0.90508676,
          0.78760374,
          0.77107805,
          0.9454045,
          1.1417354,
          1.2627727
        ],
        "metrics": {
          "mae": 0.7651814413922173,
          "mape": 0.3104399872176787,
          "rmse": 0.991607034103933,
          "smape": 1.0267841832771822,
          "rmsse": 0.5131023766385311
        }
      },
      "rounded": {
        "forecast": [
          1.0,
          1.0,
          1.0,
          1.0,
          1.0,
          1.0,
          1.0,
          1.0,
          1.0,
          1.0,
          1.0,
          1.0,
          1.0,
          1.0,
          1.0,
          1.0,
          1.0,
          1.0,
          1.0,
          1.0,
          1.0,
          1.0,
          1.0,
          1.0,
          1.0,
          1.0,
          1.0,
          1.0
        ],
        "metrics": {
          "mae": 0.7142857142857143,
          "mape": 0.2205882352941176,
          "rmse": 0.9636241116594316,
          "smape": 0.9714285714285712,
          "rmsse": 0.4986227455772809
        }
      }
    }
  }
}