{
  "series_id": "FOODS_3_248_CA_3_validation",
  "run": "run_20260527_162549_305320_002_subset30490_ctx112_h64_losstweedie_ep100_steps60",
  "horizon": [
    1,
    2,
    3,
    4,
    5,
    6,
    7,
    8,
    9,
    10,
    11,
    12,
    13,
    14,
    15,
    16,
    17,
    18,
    19,
    20,
    21,
    22,
    23,
    24,
    25,
    26,
    27,
    28
  ],
  "actuals": [
    1.0,
    2.0,
    2.0,
    0.0,
    0.0,
    2.0,
    3.0,
    2.0,
    1.0,
    1.0,
    0.0,
    2.0,
    0.0,
    5.0,
    2.0,
    0.0,
    2.0,
    3.0,
    0.0,
    1.0,
    2.0,
    1.0,
    1.0,
    2.0,
    1.0,
    1.0,
    1.0,
    1.0
  ],
  "modes": {
    "mean": {
      "raw": {
        "forecast": [
          1.8226339,
          1.6225854,
          1.5375379,
          1.5664619,
          1.7773863,
          2.035866,
          2.3859663,
          2.2871494,
          2.1437955,
          2.009114,
          1.8995974,
          2.1582816,
          2.6231983,
          2.7080116,
          2.5032341,
          2.2993572,
          1.8748617,
          1.8155257,
          2.0281076,
          2.4161139,
          2.5168126,
          2.0953822,
          1.9121801,
          1.7804374,
          1.7840402,
          2.0350385,
          2.5144026,
          2.57867
        ],
        "metrics": {
          "mae": 1.081496332372938,
          "mape": 0.6232832664793189,
          "rmse": 1.2969415579307932,
          "smape": 0.7778339714110594,
          "rmsse": 0.4781154036094461
        }
      },
      "rounded": {
        "forecast": [
          2.0,
          2.0,
          2.0,
          2.0,
          2.0,
          2.0,
          2.0,
          2.0,
          2.0,
          2.0,
          2.0,
          2.0,
          3.0,
          3.0,
          3.0,
          2.0,
          2.0,
          2.0,
          2.0,
          2.0,
          3.0,
          2.0,
          2.0,
          2.0,
          2.0,
          2.0,
          3.0,
          3.0
        ],
        "metrics": {
          "mae": 1.1071428571428572,
          "mape": 0.6393939393939394,
          "rmse": 1.3758114488755873,
          "smape": 0.7654761904761906,
          "rmsse": 0.5071906610958868
        }
      }
    },
    "sample-mean": {
      "raw": {
        "forecast": [
          1.7862346,
          1.7577834,
          1.6140387,
          1.4530106,
          1.5234295,
          2.1341472,
          2.5126772,
          2.2397633,
          1.8691062,
          1.9575641,
          1.6901468,
          2.5004551,
          2.2370498,
          2.4015696,
          2.320906,
          2.1790938,
          1.9556143,
          1.7150384,
          1.9681633,
          2.3077567,
          2.501815,
          1.9640428,
          1.5718938,
          1.7242825,
          1.586348,
          2.0662067,
          2.4497545,
          2.2713537
        ],
        "metrics": {
          "mae": 0.9963299036026,
          "mape": 0.5574269301963575,
          "rmse": 1.20974954012959,
          "smape": 0.7563994780622055,
          "rmsse": 0.4459722075435763
        }
      },
      "rounded": {
        "forecast": [
          2.0,
          2.0,
          2.0,
          1.0,
          2.0,
          2.0,
          3.0,
          2.0,
          2.0,
          2.0,
          2.0,
          3.0,
          2.0,
          2.0,
          2.0,
          2.0,
          2.0,
          2.0,
          2.0,
          2.0,
          3.0,
          2.0,
          2.0,
          2.0,
          2.0,
          2.0,
          2.0,
          2.0
        ],
        "metrics": {
          "mae": 0.9642857142857144,
          "mape": 0.5424242424242425,
          "rmse": 1.2392393980641052,
          "smape": 0.7401360544217689,
          "rmsse": 0.4568435958821851
        }
      }
    }
  }
}