{
  "series_id": "FOODS_2_038_WI_3_validation",
  "run": "run_20260527_162549_305320_002_subset30490_ctx112_h64_losstweedie_ep100_steps60",
  "horizon": [
    1,
    2,
    3,
    4,
    5,
    6,
    7,
    8,
    9,
    10,
    11,
    12,
    13,
    14,
    15,
    16,
    17,
    18,
    19,
    20,
    21,
    22,
    23,
    24,
    25,
    26,
    27,
    28
  ],
  "actuals": [
    0.0,
    0.0,
    1.0,
    1.0,
    0.0,
    0.0,
    0.0,
    0.0,
    0.0,
    0.0,
    0.0,
    1.0,
    0.0,
    1.0,
    0.0,
    0.0,
    1.0,
    1.0,
    0.0,
    2.0,
    0.0,
    0.0,
    0.0,
    0.0,
    0.0,
    0.0,
    0.0,
    0.0
  ],
  "modes": {
    "mean": {
      "raw": {
        "forecast": [
          0.46366078,
          0.4067415,
          0.40169048,
          0.40734223,
          0.46201727,
          0.50428087,
          0.5462173,
          0.57071495,
          0.5785633,
          0.4848036,
          0.49298683,
          0.6045313,
          0.64422977,
          0.72999114,
          0.68942636,
          0.5290441,
          0.57282084,
          0.5865709,
          0.578903,
          0.7569066,
          0.83267605,
          0.60403794,
          0.51254964,
          0.4830466,
          0.47525612,
          0.5308007,
          0.62160134,
          0.66319406
        ],
        "metrics": {
          "mae": 0.5576749475938934,
          "mape": 0.4740856843335287,
          "rmse": 0.5829635000943326,
          "smape": 1.659542472974401,
          "rmsse": 0.3906564298224078
        }
      },
      "rounded": {
        "forecast": [
          0.0,
          0.0,
          0.0,
          0.0,
          0.0,
          1.0,
          1.0,
          1.0,
          1.0,
          0.0,
          0.0,
          1.0,
          1.0,
          1.0,
          1.0,
          1.0,
          1.0,
          1.0,
          1.0,
          1.0,
          1.0,
          1.0,
          1.0,
          0.0,
          0.0,
          1.0,
          1.0,
          1.0
        ],
        "metrics": {
          "mae": 0.6071428571428571,
          "mape": 0.3571428571428571,
          "rmse": 0.7791937224739796,
          "smape": 1.1666666666666663,
          "rmsse": 0.5221545391992136
        }
      }
    },
    "sample-mean": {
      "raw": {
        "forecast": [
          0.44684106,
          0.3601477,
          0.39069283,
          0.36679378,
          0.45865113,
          0.5020382,
          0.5759583,
          0.46142894,
          0.6515426,
          0.4086988,
          0.3760605,
          0.5890629,
          0.65087724,
          0.5907689,
          0.5174081,
          0.43336844,
          0.5192914,
          0.50199217,
          0.5757629,
          0.79256636,
          0.8807698,
          0.6202339,
          0.50896794,
          0.4397889,
          0.50710225,
          0.5236226,
          0.63548845,
          0.52304405
        ],
        "metrics": {
          "mae": 0.5466654790299279,
          "mape": 0.5207306912967137,
          "rmse": 0.5715656421448925,
          "smape": 1.6784007087397832,
          "rmsse": 0.3830184790871891
        }
      },
      "rounded": {
        "forecast": [
          0.0,
          0.0,
          0.0,
          0.0,
          0.0,
          1.0,
          1.0,
          0.0,
          1.0,
          0.0,
          0.0,
          1.0,
          1.0,
          1.0,
          1.0,
          0.0,
          1.0,
          1.0,
          1.0,
          1.0,
          1.0,
          1.0,
          1.0,
          0.0,
          1.0,
          1.0,
          1.0,
          1.0
        ],
        "metrics": {
          "mae": 0.5714285714285714,
          "mape": 0.3571428571428571,
          "rmse": 0.7559289460184544,
          "smape": 1.0952380952380951,
          "rmsse": 0.5065643101209588
        }
      }
    }
  }
}