{
  "series_id": "FOODS_1_101_TX_1_validation",
  "run": "run_20260527_162549_305320_002_subset30490_ctx112_h64_losstweedie_ep100_steps60",
  "horizon": [
    1,
    2,
    3,
    4,
    5,
    6,
    7,
    8,
    9,
    10,
    11,
    12,
    13,
    14,
    15,
    16,
    17,
    18,
    19,
    20,
    21,
    22,
    23,
    24,
    25,
    26,
    27,
    28
  ],
  "actuals": [
    0.0,
    0.0,
    0.0,
    0.0,
    0.0,
    0.0,
    0.0,
    0.0,
    0.0,
    0.0,
    0.0,
    0.0,
    0.0,
    0.0,
    0.0,
    0.0,
    0.0,
    0.0,
    0.0,
    0.0,
    0.0,
    0.0,
    0.0,
    0.0,
    0.0,
    0.0,
    2.0,
    0.0
  ],
  "modes": {
    "mean": {
      "raw": {
        "forecast": [
          0.33260044,
          0.35230502,
          0.3953365,
          0.4236965,
          0.4649,
          0.49074537,
          0.50790274,
          0.44544834,
          0.44778442,
          0.4434107,
          0.45708197,
          0.5129618,
          0.5921819,
          0.5410316,
          0.4712688,
          0.4430229,
          0.49308115,
          0.5244572,
          0.55913323,
          0.6095723,
          0.59212875,
          0.48896745,
          0.45458508,
          0.46504247,
          0.47430542,
          0.51128334,
          0.58673435,
          0.5716163
        ],
        "metrics": {
          "mae": 0.5171113344175475,
          "mape": 0.7066328227519989,
          "rmse": 0.549034593565492,
          "smape": 1.9675965205496488,
          "rmsse": 0.5177101162151647
        }
      },
      "rounded": {
        "forecast": [
          0.0,
          0.0,
          0.0,
          0.0,
          0.0,
          0.0,
          1.0,
          0.0,
          0.0,
          0.0,
          0.0,
          1.0,
          1.0,
          1.0,
          0.0,
          0.0,
          0.0,
          1.0,
          1.0,
          1.0,
          1.0,
          0.0,
          0.0,
          0.0,
          0.0,
          1.0,
          1.0,
          1.0
        ],
        "metrics": {
          "mae": 0.3928571428571428,
          "mape": 0.5,
          "rmse": 0.6267831705280087,
          "smape": 0.7380952380952381,
          "rmsse": 0.5910228460259263
        }
      }
    },
    "sample-mean": {
      "raw": {
        "forecast": [
          0.2721749,
          0.36802587,
          0.42259532,
          0.40293023,
          0.48258364,
          0.5189457,
          0.4258815,
          0.41932383,
          0.42534894,
          0.38870633,
          0.46653217,
          0.37153867,
          0.5643633,
          0.47778615,
          0.48335865,
          0.4665589,
          0.5461594,
          0.49909103,
          0.63367593,
          0.50802106,
          0.598895,
          0.48861125,
          0.46392247,
          0.38412437,
          0.43962613,
          0.43681487,
          0.63415825,
          0.49376354
        ],
        "metrics": {
          "mae": 0.4934000319668224,
          "mape": 0.6829208731651306,
          "rmse": 0.5263172457611558,
          "smape": 1.9656079751046376,
          "rmsse": 0.4962888780824162
        }
      },
      "rounded": {
        "forecast": [
          0.0,
          0.0,
          0.0,
          0.0,
          0.0,
          1.0,
          0.0,
          0.0,
          0.0,
          0.0,
          0.0,
          0.0,
          1.0,
          0.0,
          0.0,
          0.0,
          1.0,
          0.0,
          1.0,
          1.0,
          1.0,
          0.0,
          0.0,
          0.0,
          0.0,
          0.0,
          1.0,
          0.0
        ],
        "metrics": {
          "mae": 0.25,
          "mape": 0.5,
          "rmse": 0.5,
          "smape": 0.4523809523809524,
          "rmsse": 0.4714731296375128
        }
      }
    }
  }
}