{
  "series_id": "FOODS_3_181_CA_2_validation",
  "run": "run_20260527_162549_305320_002_subset30490_ctx112_h64_losstweedie_ep100_steps60",
  "horizon": [
    1,
    2,
    3,
    4,
    5,
    6,
    7,
    8,
    9,
    10,
    11,
    12,
    13,
    14,
    15,
    16,
    17,
    18,
    19,
    20,
    21,
    22,
    23,
    24,
    25,
    26,
    27,
    28
  ],
  "actuals": [
    0.0,
    1.0,
    2.0,
    1.0,
    3.0,
    3.0,
    3.0,
    1.0,
    4.0,
    7.0,
    2.0,
    2.0,
    0.0,
    1.0,
    2.0,
    2.0,
    3.0,
    2.0,
    5.0,
    2.0,
    2.0,
    0.0,
    0.0,
    1.0,
    1.0,
    0.0,
    2.0,
    0.0
  ],
  "modes": {
    "mean": {
      "raw": {
        "forecast": [
          2.2842455,
          1.949231,
          1.9205441,
          1.9570794,
          2.405243,
          2.8191102,
          3.1520755,
          2.4202747,
          2.2489026,
          2.2701483,
          2.176654,
          2.5442817,
          3.4109347,
          3.3407285,
          2.5187123,
          2.3583415,
          2.1543028,
          2.1241367,
          2.45439,
          3.335325,
          3.3934937,
          2.4553213,
          2.1569343,
          2.161671,
          2.1804945,
          2.5710936,
          3.3326178,
          3.3923438
        ],
        "metrics": {
          "mae": 1.4622624814510343,
          "mape": 0.5979417158153665,
          "rmse": 1.8612419551636608,
          "smape": 0.7834607022249244,
          "rmsse": 0.7758432399429261
        }
      },
      "rounded": {
        "forecast": [
          2.0,
          2.0,
          2.0,
          2.0,
          2.0,
          3.0,
          3.0,
          2.0,
          2.0,
          2.0,
          2.0,
          3.0,
          3.0,
          3.0,
          3.0,
          2.0,
          2.0,
          2.0,
          2.0,
          3.0,
          3.0,
          2.0,
          2.0,
          2.0,
          2.0,
          3.0,
          3.0,
          3.0
        ],
        "metrics": {
          "mae": 1.3928571428571428,
          "mape": 0.5445887445887446,
          "rmse": 1.822478688881868,
          "smape": 0.777437641723356,
          "rmsse": 0.7596850945608056
        }
      }
    },
    "sample-mean": {
      "raw": {
        "forecast": [
          2.4225576,
          1.9750714,
          2.1588967,
          1.9220368,
          2.214473,
          2.683705,
          3.0127382,
          2.4925408,
          2.3357475,
          2.0288756,
          2.4006853,
          2.5972495,
          3.4677906,
          3.163803,
          2.3993387,
          2.409521,
          1.9407752,
          2.25429,
          2.587158,
          3.270013,
          3.374505,
          2.4954317,
          1.9336305,
          2.087597,
          2.413918,
          2.2689962,
          3.4440942,
          3.3897736
        ],
        "metrics": {
          "mae": 1.4844194608075278,
          "mape": 0.6155750490112223,
          "rmse": 1.8713710458065425,
          "smape": 0.7982410926897513,
          "rmsse": 0.780065467192987
        }
      },
      "rounded": {
        "forecast": [
          2.0,
          2.0,
          2.0,
          2.0,
          2.0,
          3.0,
          3.0,
          2.0,
          2.0,
          2.0,
          2.0,
          3.0,
          3.0,
          3.0,
          2.0,
          2.0,
          2.0,
          2.0,
          3.0,
          3.0,
          3.0,
          2.0,
          2.0,
          2.0,
          2.0,
          2.0,
          3.0,
          3.0
        ],
        "metrics": {
          "mae": 1.2857142857142858,
          "mape": 0.5127705627705628,
          "rmse": 1.7113069358158484,
          "smape": 0.7503968253968253,
          "rmsse": 0.7133440732607075
        }
      }
    }
  }
}