{
  "series_id": "FOODS_3_552_WI_3_validation",
  "run": "run_20260527_162549_305320_002_subset30490_ctx112_h64_losstweedie_ep100_steps60",
  "horizon": [
    1,
    2,
    3,
    4,
    5,
    6,
    7,
    8,
    9,
    10,
    11,
    12,
    13,
    14,
    15,
    16,
    17,
    18,
    19,
    20,
    21,
    22,
    23,
    24,
    25,
    26,
    27,
    28
  ],
  "actuals": [
    2.0,
    2.0,
    4.0,
    2.0,
    2.0,
    1.0,
    2.0,
    4.0,
    2.0,
    2.0,
    2.0,
    1.0,
    1.0,
    1.0,
    4.0,
    4.0,
    4.0,
    1.0,
    0.0,
    3.0,
    5.0,
    1.0,
    6.0,
    0.0,
    4.0,
    1.0,
    0.0,
    2.0
  ],
  "modes": {
    "mean": {
      "raw": {
        "forecast": [
          2.342466,
          2.1169395,
          1.9925961,
          1.9710957,
          2.2432013,
          2.677718,
          2.640887,
          2.896249,
          3.0684023,
          2.476871,
          2.504373,
          2.9920554,
          3.2454302,
          3.7748864,
          3.4067898,
          2.660219,
          2.9887938,
          3.0546367,
          2.8301158,
          3.86033,
          4.153254,
          2.96755,
          2.573368,
          2.4490721,
          2.3750112,
          2.5839055,
          3.1714733,
          3.1914065
        ],
        "metrics": {
          "mae": 1.4347979809556688,
          "mape": 0.7820089673995971,
          "rmse": 1.712283379340594,
          "smape": 0.6622892018085672,
          "rmsse": 0.5511619003766411
        }
      },
      "rounded": {
        "forecast": [
          2.0,
          2.0,
          2.0,
          2.0,
          2.0,
          3.0,
          3.0,
          3.0,
          3.0,
          2.0,
          3.0,
          3.0,
          3.0,
          4.0,
          3.0,
          3.0,
          3.0,
          3.0,
          3.0,
          4.0,
          4.0,
          3.0,
          3.0,
          2.0,
          2.0,
          3.0,
          3.0,
          3.0
        ],
        "metrics": {
          "mae": 1.4285714285714286,
          "mape": 0.8013333333333332,
          "rmse": 1.7113069358158484,
          "smape": 0.6589569160997731,
          "rmsse": 0.5508475958198121
        }
      }
    },
    "sample-mean": {
      "raw": {
        "forecast": [
          2.352382,
          2.1921039,
          2.3613408,
          1.9058123,
          2.3035975,
          2.7485185,
          2.3677435,
          2.8230567,
          3.460724,
          2.4704833,
          2.5232916,
          2.624262,
          2.9320307,
          3.20572,
          3.276422,
          2.3733573,
          2.6574447,
          2.4255617,
          2.393604,
          3.1752284,
          3.4092538,
          2.5033233,
          2.1594353,
          2.0686421,
          2.0431998,
          2.1754293,
          2.4065342,
          2.9752488
        ],
        "metrics": {
          "mae": 1.3319680775914873,
          "mape": 0.6847069662412008,
          "rmse": 1.5803174792260066,
          "smape": 0.652457865021523,
          "rmsse": 0.508683781877307
        }
      },
      "rounded": {
        "forecast": [
          2.0,
          2.0,
          2.0,
          2.0,
          2.0,
          3.0,
          2.0,
          3.0,
          3.0,
          2.0,
          3.0,
          3.0,
          3.0,
          3.0,
          3.0,
          2.0,
          3.0,
          2.0,
          2.0,
          3.0,
          3.0,
          3.0,
          2.0,
          2.0,
          2.0,
          2.0,
          2.0,
          3.0
        ],
        "metrics": {
          "mae": 1.2857142857142858,
          "mape": 0.6726666666666667,
          "rmse": 1.6035674514745464,
          "smape": 0.6389455782312924,
          "rmsse": 0.5161676475988467
        }
      }
    }
  }
}