{
  "series_id": "FOODS_3_586_TX_2_validation",
  "run": "run_20260527_162549_305320_002_subset30490_ctx112_h64_losstweedie_ep100_steps60",
  "horizon": [
    1,
    2,
    3,
    4,
    5,
    6,
    7,
    8,
    9,
    10,
    11,
    12,
    13,
    14,
    15,
    16,
    17,
    18,
    19,
    20,
    21,
    22,
    23,
    24,
    25,
    26,
    27,
    28
  ],
  "actuals": [
    79.0,
    75.0,
    71.0,
    61.0,
    86.0,
    119.0,
    96.0,
    36.0,
    60.0,
    72.0,
    92.0,
    84.0,
    117.0,
    96.0,
    72.0,
    62.0,
    69.0,
    87.0,
    85.0,
    83.0,
    103.0,
    73.0,
    86.0,
    76.0,
    53.0,
    96.0,
    79.0,
    117.0
  ],
  "modes": {
    "mean": {
      "raw": {
        "forecast": [
          62.650692,
          58.687622,
          60.15085,
          62.79667,
          70.50186,
          77.16766,
          84.02971,
          67.27281,
          68.14256,
          61.94771,
          67.4364,
          79.06117,
          92.40815,
          78.24199,
          70.2416,
          59.117943,
          67.64642,
          71.98597,
          78.28806,
          82.58151,
          83.896126,
          61.72286,
          56.665695,
          57.22865,
          58.998653,
          65.80588,
          79.89286,
          76.27317
        ],
        "metrics": {
          "mae": 15.013066155569891,
          "mape": 0.1853700979622881,
          "rmse": 18.97081567646276,
          "smape": 0.1951161527909984,
          "rmsse": 0.6382039117789854
        }
      },
      "rounded": {
        "forecast": [
          63.0,
          59.0,
          60.0,
          63.0,
          71.0,
          77.0,
          84.0,
          67.0,
          68.0,
          62.0,
          67.0,
          79.0,
          92.0,
          78.0,
          70.0,
          59.0,
          68.0,
          72.0,
          78.0,
          83.0,
          84.0,
          62.0,
          57.0,
          57.0,
          59.0,
          66.0,
          80.0,
          76.0
        ],
        "metrics": {
          "mae": 15.0,
          "mape": 0.1849389446733136,
          "rmse": 18.97743020387263,
          "smape": 0.1948160676100882,
          "rmsse": 0.6384264334322207
        }
      }
    },
    "sample-mean": {
      "raw": {
        "forecast": [
          63.929134,
          60.468575,
          59.157787,
          61.789463,
          70.063614,
          74.64426,
          82.30251,
          66.726814,
          66.585846,
          61.28242,
          64.769226,
          74.9356,
          92.15245,
          79.61409,
          71.53263,
          58.649113,
          67.388405,
          73.31858,
          78.01804,
          82.2287,
          85.34041,
          61.534435,
          56.238373,
          53.434982,
          55.441982,
          64.73792,
          77.53412,
          76.82666
        ],
        "metrics": {
          "mae": 15.194359506879534,
          "mape": 0.1857783126554708,
          "rmse": 19.354106087527526,
          "smape": 0.1974564392990465,
          "rmsse": 0.6510983198983163
        }
      },
      "rounded": {
        "forecast": [
          64.0,
          60.0,
          59.0,
          62.0,
          70.0,
          75.0,
          82.0,
          67.0,
          67.0,
          61.0,
          65.0,
          75.0,
          92.0,
          80.0,
          72.0,
          59.0,
          67.0,
          73.0,
          78.0,
          82.0,
          85.0,
          62.0,
          56.0,
          53.0,
          55.0,
          65.0,
          78.0,
          77.0
        ],
        "metrics": {
          "mae": 15.214285714285714,
          "mape": 0.1861865217086407,
          "rmse": 19.36860493538079,
          "smape": 0.1977698116965143,
          "rmsse": 0.6515860807607932
        }
      }
    }
  }
}