{
  "series_id": "FOODS_3_651_TX_1_validation",
  "run": "run_20260527_162549_305320_002_subset30490_ctx112_h64_losstweedie_ep100_steps60",
  "horizon": [
    1,
    2,
    3,
    4,
    5,
    6,
    7,
    8,
    9,
    10,
    11,
    12,
    13,
    14,
    15,
    16,
    17,
    18,
    19,
    20,
    21,
    22,
    23,
    24,
    25,
    26,
    27,
    28
  ],
  "actuals": [
    3.0,
    0.0,
    6.0,
    0.0,
    1.0,
    0.0,
    0.0,
    1.0,
    5.0,
    0.0,
    0.0,
    0.0,
    1.0,
    0.0,
    0.0,
    1.0,
    1.0,
    6.0,
    1.0,
    1.0,
    1.0,
    1.0,
    0.0,
    0.0,
    0.0,
    0.0,
    5.0,
    2.0
  ],
  "modes": {
    "mean": {
      "raw": {
        "forecast": [
          1.0438848,
          0.9730714,
          0.98618925,
          0.9413856,
          0.99047375,
          1.0172982,
          1.1865512,
          1.062138,
          1.0974476,
          0.9928343,
          0.9947969,
          1.144054,
          1.3921281,
          1.2781392,
          1.2432413,
          1.1071507,
          1.1474538,
          1.1331019,
          1.2297716,
          1.3728256,
          1.5653164,
          1.2289909,
          1.1157242,
          1.0703039,
          1.0747,
          1.12509,
          1.3158965,
          1.4067887
        ],
        "metrics": {
          "mae": 1.2960422486066818,
          "mape": 0.4152040937211778,
          "rmse": 1.8718891420516,
          "smape": 1.2273420033622515,
          "rmsse": 1.042455508746592
        }
      },
      "rounded": {
        "forecast": [
          1.0,
          1.0,
          1.0,
          1.0,
          1.0,
          1.0,
          1.0,
          1.0,
          1.0,
          1.0,
          1.0,
          1.0,
          1.0,
          1.0,
          1.0,
          1.0,
          1.0,
          1.0,
          1.0,
          1.0,
          2.0,
          1.0,
          1.0,
          1.0,
          1.0,
          1.0,
          1.0,
          1.0
        ],
        "metrics": {
          "mae": 1.25,
          "mape": 0.3622222222222221,
          "rmse": 1.8992479714726187,
          "smape": 1.2091836734693877,
          "rmsse": 1.057691647362974
        }
      }
    },
    "sample-mean": {
      "raw": {
        "forecast": [
          1.0624293,
          1.1187217,
          1.1932198,
          0.7964848,
          0.9338298,
          1.0689455,
          1.0387021,
          1.0887372,
          1.0446467,
          0.7833728,
          0.82769483,
          1.1924641,
          1.43528,
          1.1986922,
          1.2761066,
          1.0616497,
          1.1248565,
          1.1366955,
          0.9786443,
          1.331757,
          1.4629899,
          1.0482556,
          0.94621885,
          1.0414461,
          1.0280439,
          0.899972,
          1.0912561,
          1.0877346
        ],
        "metrics": {
          "mae": 1.2586405447551183,
          "mape": 0.3951694350772434,
          "rmse": 1.856984514643515,
          "smape": 1.2233464957768587,
          "rmsse": 1.034155118195501
        }
      },
      "rounded": {
        "forecast": [
          1.0,
          1.0,
          1.0,
          1.0,
          1.0,
          1.0,
          1.0,
          1.0,
          1.0,
          1.0,
          1.0,
          1.0,
          1.0,
          1.0,
          1.0,
          1.0,
          1.0,
          1.0,
          1.0,
          1.0,
          1.0,
          1.0,
          1.0,
          1.0,
          1.0,
          1.0,
          1.0,
          1.0
        ],
        "metrics": {
          "mae": 1.2142857142857142,
          "mape": 0.2955555555555555,
          "rmse": 1.889822365046136,
          "smape": 1.185374149659864,
          "rmsse": 1.0524425249006284
        }
      }
    }
  }
}