{
  "series_id": "FOODS_1_176_TX_1_validation",
  "run": "run_20260527_162549_305320_002_subset30490_ctx112_h64_losstweedie_ep100_steps60",
  "horizon": [
    1,
    2,
    3,
    4,
    5,
    6,
    7,
    8,
    9,
    10,
    11,
    12,
    13,
    14,
    15,
    16,
    17,
    18,
    19,
    20,
    21,
    22,
    23,
    24,
    25,
    26,
    27,
    28
  ],
  "actuals": [
    0.0,
    0.0,
    0.0,
    0.0,
    0.0,
    0.0,
    0.0,
    0.0,
    0.0,
    0.0,
    0.0,
    0.0,
    0.0,
    0.0,
    0.0,
    0.0,
    0.0,
    0.0,
    0.0,
    0.0,
    0.0,
    0.0,
    0.0,
    0.0,
    0.0,
    0.0,
    0.0,
    1.0
  ],
  "modes": {
    "mean": {
      "raw": {
        "forecast": [
          0.13935414,
          0.13874607,
          0.15141033,
          0.16432118,
          0.1829639,
          0.19697759,
          0.20574473,
          0.18305828,
          0.18699804,
          0.18787529,
          0.19687475,
          0.22221962,
          0.2536781,
          0.22953492,
          0.20225377,
          0.18977027,
          0.21169735,
          0.22383717,
          0.24058267,
          0.25119552,
          0.24732211,
          0.20538656,
          0.19100966,
          0.19599241,
          0.20296793,
          0.2186611,
          0.24692038,
          0.24118641
        ],
        "metrics": {
          "mae": 0.2223631223397595,
          "mape": 0.7588135898113251,
          "rmse": 0.2470542614383879,
          "smape": 1.972240107390245,
          "rmsse": 0.2574406897337752
        }
      },
      "rounded": {
        "forecast": [
          0.0,
          0.0,
          0.0,
          0.0,
          0.0,
          0.0,
          0.0,
          0.0,
          0.0,
          0.0,
          0.0,
          0.0,
          0.0,
          0.0,
          0.0,
          0.0,
          0.0,
          0.0,
          0.0,
          0.0,
          0.0,
          0.0,
          0.0,
          0.0,
          0.0,
          0.0,
          0.0,
          0.0
        ],
        "metrics": {
          "mae": 0.0357142857142857,
          "mape": 1.0,
          "rmse": 0.1889822365046136,
          "smape": 0.0714285714285714,
          "rmsse": 0.1969272540773892
        }
      }
    },
    "sample-mean": {
      "raw": {
        "forecast": [
          0.13409357,
          0.18666615,
          0.1867547,
          0.1839494,
          0.16521004,
          0.20340286,
          0.19565807,
          0.16979612,
          0.09897415,
          0.21893972,
          0.27208918,
          0.25063103,
          0.2590024,
          0.26725113,
          0.25472367,
          0.17977382,
          0.18536629,
          0.22550994,
          0.30297434,
          0.2431655,
          0.21880445,
          0.22701146,
          0.19181791,
          0.18780339,
          0.19631684,
          0.32079983,
          0.19421013,
          0.3174227
        ],
        "metrics": {
          "mae": 0.2286883353122643,
          "mape": 0.6825773119926453,
          "rmse": 0.249306275368256,
          "smape": 1.9655796892678747,
          "rmsse": 0.2597873807644009
        }
      },
      "rounded": {
        "forecast": [
          0.0,
          0.0,
          0.0,
          0.0,
          0.0,
          0.0,
          0.0,
          0.0,
          0.0,
          0.0,
          0.0,
          0.0,
          0.0,
          0.0,
          0.0,
          0.0,
          0.0,
          0.0,
          0.0,
          0.0,
          0.0,
          0.0,
          0.0,
          0.0,
          0.0,
          0.0,
          0.0,
          0.0
        ],
        "metrics": {
          "mae": 0.0357142857142857,
          "mape": 1.0,
          "rmse": 0.1889822365046136,
          "smape": 0.0714285714285714,
          "rmsse": 0.1969272540773892
        }
      }
    }
  }
}