{
  "series_id": "FOODS_3_462_TX_3_validation",
  "run": "run_20260527_162549_305320_002_subset30490_ctx112_h64_losstweedie_ep100_steps60",
  "horizon": [
    1,
    2,
    3,
    4,
    5,
    6,
    7,
    8,
    9,
    10,
    11,
    12,
    13,
    14,
    15,
    16,
    17,
    18,
    19,
    20,
    21,
    22,
    23,
    24,
    25,
    26,
    27,
    28
  ],
  "actuals": [
    5.0,
    5.0,
    0.0,
    0.0,
    0.0,
    0.0,
    0.0,
    0.0,
    1.0,
    0.0,
    0.0,
    1.0,
    1.0,
    0.0,
    2.0,
    7.0,
    8.0,
    1.0,
    2.0,
    0.0,
    6.0,
    2.0,
    5.0,
    20.0,
    8.0,
    16.0,
    17.0,
    16.0
  ],
  "modes": {
    "mean": {
      "raw": {
        "forecast": [
          5.1439896,
          4.697749,
          4.735612,
          4.855384,
          5.563675,
          6.3060265,
          7.869363,
          6.0044565,
          6.9022536,
          6.022598,
          6.3401685,
          7.743513,
          9.718094,
          8.138084,
          8.213434,
          6.777389,
          7.8657627,
          8.108132,
          9.052348,
          9.454719,
          10.487317,
          7.5471754,
          6.984634,
          6.8755097,
          6.7847548,
          7.4785786,
          9.2437315,
          9.384332
        ],
        "metrics": {
          "mae": 5.610113212040493,
          "mape": 2.298420194033481,
          "rmse": 6.401093230283735,
          "smape": 1.2097752287532022,
          "rmsse": 0.802224124462512
        }
      },
      "rounded": {
        "forecast": [
          5.0,
          5.0,
          5.0,
          5.0,
          6.0,
          6.0,
          8.0,
          6.0,
          7.0,
          6.0,
          6.0,
          8.0,
          10.0,
          8.0,
          8.0,
          7.0,
          8.0,
          8.0,
          9.0,
          9.0,
          10.0,
          8.0,
          7.0,
          7.0,
          7.0,
          7.0,
          9.0,
          9.0
        ],
        "metrics": {
          "mae": 5.607142857142857,
          "mape": 2.3229030501089323,
          "rmse": 6.433728090528628,
          "smape": 1.2074223200310157,
          "rmsse": 0.806314124599216
        }
      }
    },
    "sample-mean": {
      "raw": {
        "forecast": [
          4.622722,
          4.299126,
          4.781626,
          4.8198395,
          5.5220866,
          5.8365483,
          7.4668236,
          5.887715,
          6.5466375,
          5.4988866,
          5.6397285,
          7.4547243,
          9.286103,
          8.001027,
          8.232065,
          7.0328417,
          7.9518766,
          7.9610662,
          8.372967,
          8.633058,
          10.021295,
          7.3109508,
          6.952927,
          6.528369,
          6.569632,
          7.159435,
          8.621696,
          9.248106
        ],
        "metrics": {
          "mae": 5.473498327391488,
          "mape": 2.211856052817454,
          "rmse": 6.259161447657228,
          "smape": 1.2136509670344289,
          "rmsse": 0.7844363660352057
        }
      },
      "rounded": {
        "forecast": [
          5.0,
          4.0,
          5.0,
          5.0,
          6.0,
          6.0,
          7.0,
          6.0,
          7.0,
          5.0,
          6.0,
          7.0,
          9.0,
          8.0,
          8.0,
          7.0,
          8.0,
          8.0,
          8.0,
          9.0,
          10.0,
          7.0,
          7.0,
          7.0,
          7.0,
          7.0,
          9.0,
          9.0
        ],
        "metrics": {
          "mae": 5.428571428571429,
          "mape": 2.1673474945533773,
          "rmse": 6.210590034081188,
          "smape": 1.2063039939126894,
          "rmsse": 0.7783490996373973
        }
      }
    }
  }
}