{
  "series_id": "FOODS_2_257_CA_3_validation",
  "run": "run_20260527_162549_305320_002_subset30490_ctx112_h64_losstweedie_ep100_steps60",
  "horizon": [
    1,
    2,
    3,
    4,
    5,
    6,
    7,
    8,
    9,
    10,
    11,
    12,
    13,
    14,
    15,
    16,
    17,
    18,
    19,
    20,
    21,
    22,
    23,
    24,
    25,
    26,
    27,
    28
  ],
  "actuals": [
    0.0,
    11.0,
    3.0,
    0.0,
    2.0,
    1.0,
    0.0,
    3.0,
    9.0,
    3.0,
    4.0,
    0.0,
    1.0,
    0.0,
    5.0,
    5.0,
    3.0,
    1.0,
    1.0,
    4.0,
    0.0,
    5.0,
    2.0,
    0.0,
    0.0,
    0.0,
    7.0,
    0.0
  ],
  "modes": {
    "mean": {
      "raw": {
        "forecast": [
          0.9043774,
          0.96539164,
          1.0284778,
          1.0850773,
          1.2242764,
          1.3165793,
          1.5428556,
          1.5383929,
          1.8042796,
          1.6082025,
          1.4519247,
          1.6297594,
          1.9163132,
          1.983808,
          1.8810946,
          1.8347064,
          1.6093738,
          1.5672283,
          1.675315,
          1.9689367,
          2.254656,
          1.8915886,
          1.7263846,
          1.6831522,
          1.6847506,
          1.8153882,
          2.1388006,
          2.2579336
        ],
        "metrics": {
          "mae": 2.237334411059107,
          "mape": 0.5834156529235787,
          "rmse": 3.0386455046443297,
          "smape": 1.2046471125113112,
          "rmsse": 0.5992832599637647
        }
      },
      "rounded": {
        "forecast": [
          1.0,
          1.0,
          1.0,
          1.0,
          1.0,
          1.0,
          2.0,
          2.0,
          2.0,
          2.0,
          1.0,
          2.0,
          2.0,
          2.0,
          2.0,
          2.0,
          2.0,
          2.0,
          2.0,
          2.0,
          2.0,
          2.0,
          2.0,
          2.0,
          2.0,
          2.0,
          2.0,
          2.0
        ],
        "metrics": {
          "mae": 2.25,
          "mape": 0.5898789482122815,
          "rmse": 3.0413812651491097,
          "smape": 1.191259534116677,
          "rmsse": 0.5998228080852153
        }
      }
    },
    "sample-mean": {
      "raw": {
        "forecast": [
          0.7697071,
          0.895388,
          0.8805845,
          1.1452526,
          1.1106399,
          1.0779581,
          1.2682935,
          1.1496835,
          1.4579908,
          1.5372571,
          1.3756795,
          1.531748,
          1.7307149,
          1.7119002,
          1.7277989,
          1.6250492,
          1.1906481,
          1.4662354,
          1.24477,
          1.8522846,
          2.076793,
          1.5842896,
          1.4941558,
          1.5153209,
          1.461946,
          1.6594534,
          2.152881,
          2.2254462
        ],
        "metrics": {
          "mae": 2.244686041559492,
          "mape": 0.5714362260616608,
          "rmse": 3.0948090107525825,
          "smape": 1.2321429996874416,
          "rmsse": 0.6103598560919097
        }
      },
      "rounded": {
        "forecast": [
          1.0,
          1.0,
          1.0,
          1.0,
          1.0,
          1.0,
          1.0,
          1.0,
          1.0,
          2.0,
          1.0,
          2.0,
          2.0,
          2.0,
          2.0,
          2.0,
          1.0,
          1.0,
          1.0,
          2.0,
          2.0,
          2.0,
          1.0,
          2.0,
          1.0,
          2.0,
          2.0,
          2.0
        ],
        "metrics": {
          "mae": 2.25,
          "mape": 0.5497554914221581,
          "rmse": 3.122498999199199,
          "smape": 1.2219954648526077,
          "rmsse": 0.6158208901346386
        }
      }
    }
  }
}