{
  "series_id": "FOODS_2_133_WI_1_validation",
  "run": "run_20260527_162549_305320_002_subset30490_ctx112_h64_losstweedie_ep100_steps60",
  "horizon": [
    1,
    2,
    3,
    4,
    5,
    6,
    7,
    8,
    9,
    10,
    11,
    12,
    13,
    14,
    15,
    16,
    17,
    18,
    19,
    20,
    21,
    22,
    23,
    24,
    25,
    26,
    27,
    28
  ],
  "actuals": [
    3.0,
    0.0,
    2.0,
    4.0,
    1.0,
    2.0,
    2.0,
    3.0,
    1.0,
    0.0,
    2.0,
    0.0,
    6.0,
    2.0,
    0.0,
    2.0,
    2.0,
    0.0,
    1.0,
    4.0,
    3.0,
    1.0,
    3.0,
    0.0,
    2.0,
    0.0,
    3.0,
    4.0
  ],
  "modes": {
    "mean": {
      "raw": {
        "forecast": [
          1.3182858,
          1.2207712,
          1.2465422,
          1.2585537,
          1.5202931,
          1.7177889,
          1.6357706,
          1.481606,
          1.4406796,
          1.3219947,
          1.3650664,
          1.6381457,
          1.9839499,
          1.9637707,
          1.5805372,
          1.3953152,
          1.5121268,
          1.5619065,
          1.6757519,
          2.111138,
          2.019278,
          1.4793297,
          1.3867688,
          1.4499842,
          1.4406666,
          1.6701432,
          2.0984488,
          1.9514678
        ],
        "metrics": {
          "mae": 1.2026068781103407,
          "mape": 0.4070692015072656,
          "rmse": 1.4629045255218835,
          "smape": 0.8617349369133971,
          "rmsse": 1.087354224084219
        }
      },
      "rounded": {
        "forecast": [
          1.0,
          1.0,
          1.0,
          1.0,
          2.0,
          2.0,
          2.0,
          1.0,
          1.0,
          1.0,
          1.0,
          2.0,
          2.0,
          2.0,
          2.0,
          1.0,
          2.0,
          2.0,
          2.0,
          2.0,
          2.0,
          1.0,
          1.0,
          1.0,
          1.0,
          2.0,
          2.0,
          2.0
        ],
        "metrics": {
          "mae": 1.2857142857142858,
          "mape": 0.4325396825396825,
          "rmse": 1.6035674514745464,
          "smape": 0.9047619047619048,
          "rmsse": 1.1919067933314218
        }
      }
    },
    "sample-mean": {
      "raw": {
        "forecast": [
          1.2652917,
          1.3477619,
          1.1911492,
          1.2289224,
          1.4444355,
          1.759209,
          1.6427063,
          1.5009314,
          1.2928209,
          1.2541221,
          1.2622663,
          1.8665886,
          1.9607658,
          2.0955856,
          1.5675386,
          1.2462046,
          1.343635,
          1.3193377,
          1.7410916,
          1.6956104,
          1.749995,
          1.419808,
          1.2940553,
          1.4290448,
          1.2792807,
          1.7265979,
          1.635841,
          1.6675965
        ],
        "metrics": {
          "mae": 1.2779025988919397,
          "mape": 0.4346123120141408,
          "rmse": 1.5393613539814504,
          "smape": 0.9010491063409252,
          "rmsse": 1.1441833977829836
        }
      },
      "rounded": {
        "forecast": [
          1.0,
          1.0,
          1.0,
          1.0,
          1.0,
          2.0,
          2.0,
          2.0,
          1.0,
          1.0,
          1.0,
          2.0,
          2.0,
          2.0,
          2.0,
          1.0,
          1.0,
          1.0,
          2.0,
          2.0,
          2.0,
          1.0,
          1.0,
          1.0,
          1.0,
          2.0,
          2.0,
          2.0
        ],
        "metrics": {
          "mae": 1.2142857142857142,
          "mape": 0.3928571428571428,
          "rmse": 1.535298947157477,
          "smape": 0.8833333333333334,
          "rmsse": 1.1411638738544343
        }
      }
    }
  }
}