{
  "series_id": "FOODS_1_093_CA_1_validation",
  "run": "run_20260527_162549_305320_002_subset30490_ctx112_h64_losstweedie_ep100_steps60",
  "horizon": [
    1,
    2,
    3,
    4,
    5,
    6,
    7,
    8,
    9,
    10,
    11,
    12,
    13,
    14,
    15,
    16,
    17,
    18,
    19,
    20,
    21,
    22,
    23,
    24,
    25,
    26,
    27,
    28
  ],
  "actuals": [
    0.0,
    0.0,
    0.0,
    0.0,
    0.0,
    0.0,
    0.0,
    0.0,
    0.0,
    0.0,
    0.0,
    0.0,
    1.0,
    0.0,
    0.0,
    0.0,
    0.0,
    0.0,
    0.0,
    0.0,
    0.0,
    0.0,
    0.0,
    0.0,
    0.0,
    0.0,
    0.0,
    0.0
  ],
  "modes": {
    "mean": {
      "raw": {
        "forecast": [
          0.3621941,
          0.36055827,
          0.37251168,
          0.38197926,
          0.43799344,
          0.49764484,
          0.544999,
          0.46968022,
          0.43846485,
          0.43598336,
          0.4165473,
          0.47262207,
          0.5803585,
          0.5769115,
          0.48158285,
          0.4516744,
          0.41335827,
          0.40837163,
          0.46737385,
          0.5801094,
          0.5796809,
          0.46283242,
          0.42841575,
          0.41781273,
          0.42249718,
          0.48060215,
          0.6022482,
          0.6041347
        ],
        "metrics": {
          "mae": 0.4638723507523536,
          "mape": 0.4196414947509765,
          "rmse": 0.4692379382471546,
          "smape": 1.947538259440915,
          "rmsse": 0.557765641950285
        }
      },
      "rounded": {
        "forecast": [
          0.0,
          0.0,
          0.0,
          0.0,
          0.0,
          0.0,
          1.0,
          0.0,
          0.0,
          0.0,
          0.0,
          0.0,
          1.0,
          1.0,
          0.0,
          0.0,
          0.0,
          0.0,
          0.0,
          1.0,
          1.0,
          0.0,
          0.0,
          0.0,
          0.0,
          0.0,
          1.0,
          1.0
        ],
        "metrics": {
          "mae": 0.2142857142857142,
          "mape": 0.0,
          "rmse": 0.4629100498862757,
          "smape": 0.4285714285714285,
          "rmsse": 0.5502439169870824
        }
      }
    },
    "sample-mean": {
      "raw": {
        "forecast": [
          0.29655218,
          0.38517055,
          0.31040433,
          0.33092767,
          0.48878783,
          0.52787703,
          0.5168766,
          0.53404117,
          0.3846795,
          0.45111647,
          0.3572255,
          0.45980945,
          0.55801785,
          0.47677788,
          0.39801514,
          0.325419,
          0.39046314,
          0.4667786,
          0.4466062,
          0.4801527,
          0.5271329,
          0.45725712,
          0.3576253,
          0.37563133,
          0.43185523,
          0.42446423,
          0.6234295,
          0.56186485
        ],
        "metrics": {
          "mae": 0.4367472699710301,
          "mape": 0.4419821500778198,
          "rmse": 0.4438834853529939,
          "smape": 1.9488344528869488,
          "rmsse": 0.5276277491199719
        }
      },
      "rounded": {
        "forecast": [
          0.0,
          0.0,
          0.0,
          0.0,
          0.0,
          1.0,
          1.0,
          1.0,
          0.0,
          0.0,
          0.0,
          0.0,
          1.0,
          0.0,
          0.0,
          0.0,
          0.0,
          0.0,
          0.0,
          0.0,
          1.0,
          0.0,
          0.0,
          0.0,
          0.0,
          0.0,
          1.0,
          1.0
        ],
        "metrics": {
          "mae": 0.2142857142857142,
          "mape": 0.0,
          "rmse": 0.4629100498862757,
          "smape": 0.4285714285714285,
          "rmsse": 0.5502439169870824
        }
      }
    }
  }
}