{
  "series_id": "FOODS_3_684_TX_1_validation",
  "run": "run_20260527_162549_305320_002_subset30490_ctx112_h64_losstweedie_ep100_steps60",
  "horizon": [
    1,
    2,
    3,
    4,
    5,
    6,
    7,
    8,
    9,
    10,
    11,
    12,
    13,
    14,
    15,
    16,
    17,
    18,
    19,
    20,
    21,
    22,
    23,
    24,
    25,
    26,
    27,
    28
  ],
  "actuals": [
    1.0,
    0.0,
    0.0,
    1.0,
    2.0,
    0.0,
    0.0,
    1.0,
    2.0,
    1.0,
    1.0,
    0.0,
    0.0,
    1.0,
    0.0,
    0.0,
    0.0,
    2.0,
    0.0,
    0.0,
    3.0,
    0.0,
    0.0,
    1.0,
    1.0,
    1.0,
    0.0,
    1.0
  ],
  "modes": {
    "mean": {
      "raw": {
        "forecast": [
          0.60842824,
          0.6083728,
          0.57502306,
          0.5743536,
          0.6094248,
          0.7017064,
          0.84575874,
          0.7035506,
          0.70097923,
          0.64331686,
          0.6454569,
          0.7521803,
          0.91801506,
          0.84459454,
          0.7753614,
          0.67506313,
          0.7070035,
          0.72241116,
          0.7859547,
          0.9138783,
          0.97213,
          0.80697244,
          0.7178373,
          0.66791356,
          0.6585234,
          0.699315,
          0.84626377,
          0.880682
        ],
        "metrics": {
          "mae": 0.7035111082451684,
          "mape": 0.4095296008246286,
          "rmse": 0.8151674004080384,
          "smape": 1.2745458696185537,
          "rmsse": 0.6848635687420543
        }
      },
      "rounded": {
        "forecast": [
          1.0,
          1.0,
          1.0,
          1.0,
          1.0,
          1.0,
          1.0,
          1.0,
          1.0,
          1.0,
          1.0,
          1.0,
          1.0,
          1.0,
          1.0,
          1.0,
          1.0,
          1.0,
          1.0,
          1.0,
          1.0,
          1.0,
          1.0,
          1.0,
          1.0,
          1.0,
          1.0,
          1.0
        ],
        "metrics": {
          "mae": 0.6785714285714286,
          "mape": 0.1547619047619047,
          "rmse": 0.8660254037844386,
          "smape": 1.1071428571428572,
          "rmsse": 0.7275919625345713
        }
      }
    },
    "sample-mean": {
      "raw": {
        "forecast": [
          0.78114045,
          0.59614587,
          0.5756892,
          0.46793395,
          0.42690295,
          0.70887154,
          0.9882657,
          0.68839943,
          0.75969774,
          0.53449583,
          0.53949445,
          0.55029166,
          0.97025114,
          0.7957026,
          0.6354496,
          0.61280584,
          0.7458213,
          0.6562555,
          0.79827744,
          0.7508336,
          0.88618255,
          0.6588061,
          0.6340699,
          0.6401538,
          0.5975387,
          0.5979301,
          0.7303725,
          0.78127116
        ],
        "metrics": {
          "mae": 0.7072447197777885,
          "mape": 0.4542226621082851,
          "rmse": 0.8238126256860298,
          "smape": 1.3128085236887177,
          "rmsse": 0.6921268619423228
        }
      },
      "rounded": {
        "forecast": [
          1.0,
          1.0,
          1.0,
          0.0,
          0.0,
          1.0,
          1.0,
          1.0,
          1.0,
          1.0,
          1.0,
          1.0,
          1.0,
          1.0,
          1.0,
          1.0,
          1.0,
          1.0,
          1.0,
          1.0,
          1.0,
          1.0,
          1.0,
          1.0,
          1.0,
          1.0,
          1.0,
          1.0
        ],
        "metrics": {
          "mae": 0.75,
          "mape": 0.2619047619047619,
          "rmse": 0.944911182523068,
          "smape": 1.226190476190476,
          "rmsse": 0.7938679150847968
        }
      }
    }
  }
}