{
  "series_id": "HOBBIES_1_251_CA_3_validation",
  "run": "run_20260527_162549_305320_002_subset30490_ctx112_h64_losstweedie_ep100_steps60",
  "horizon": [
    1,
    2,
    3,
    4,
    5,
    6,
    7,
    8,
    9,
    10,
    11,
    12,
    13,
    14,
    15,
    16,
    17,
    18,
    19,
    20,
    21,
    22,
    23,
    24,
    25,
    26,
    27,
    28
  ],
  "actuals": [
    0.0,
    0.0,
    0.0,
    0.0,
    1.0,
    1.0,
    3.0,
    0.0,
    1.0,
    0.0,
    0.0,
    1.0,
    0.0,
    1.0,
    2.0,
    0.0,
    1.0,
    1.0,
    0.0,
    0.0,
    1.0,
    0.0,
    1.0,
    1.0,
    1.0,
    0.0,
    0.0,
    0.0
  ],
  "modes": {
    "mean": {
      "raw": {
        "forecast": [
          0.59822303,
          0.6548125,
          0.64051914,
          0.6459854,
          0.7416992,
          0.77609617,
          0.79076284,
          0.72298974,
          0.6797173,
          0.69239163,
          0.6807136,
          0.76320374,
          0.9062266,
          0.85688436,
          0.74617237,
          0.7104084,
          0.68138164,
          0.6803488,
          0.7560662,
          0.8843073,
          0.89441097,
          0.7728985,
          0.722286,
          0.7019655,
          0.71325153,
          0.80267704,
          0.9257573,
          0.9287393
        ],
        "metrics": {
          "mae": 0.6276619732379913,
          "mape": 0.3193908433119455,
          "rmse": 0.7543286923573141,
          "smape": 1.261069961610898,
          "rmsse": 1.8714100849054016
        }
      },
      "rounded": {
        "forecast": [
          1.0,
          1.0,
          1.0,
          1.0,
          1.0,
          1.0,
          1.0,
          1.0,
          1.0,
          1.0,
          1.0,
          1.0,
          1.0,
          1.0,
          1.0,
          1.0,
          1.0,
          1.0,
          1.0,
          1.0,
          1.0,
          1.0,
          1.0,
          1.0,
          1.0,
          1.0,
          1.0,
          1.0
        ],
        "metrics": {
          "mae": 0.6428571428571429,
          "mape": 0.0897435897435897,
          "rmse": 0.8451542547285166,
          "smape": 1.130952380952381,
          "rmsse": 2.0967387448261885
        }
      }
    },
    "sample-mean": {
      "raw": {
        "forecast": [
          0.57760614,
          0.61820465,
          0.65189147,
          0.6777899,
          0.6350963,
          0.6282151,
          0.65718347,
          0.6872327,
          0.5210878,
          0.6276484,
          0.64865875,
          0.72851443,
          0.8148977,
          0.6348972,
          0.71502495,
          0.6242953,
          0.5775365,
          0.5665059,
          0.74884415,
          0.82673,
          0.7452684,
          0.6414708,
          0.75459456,
          0.6173607,
          0.4707216,
          0.66791296,
          0.76464194,
          0.83767104
        ],
        "metrics": {
          "mae": 0.6486960351467133,
          "mape": 0.4264329106379777,
          "rmse": 0.7581678048705641,
          "smape": 1.3348166879796908,
          "rmsse": 1.8809345189448
        }
      },
      "rounded": {
        "forecast": [
          1.0,
          1.0,
          1.0,
          1.0,
          1.0,
          1.0,
          1.0,
          1.0,
          1.0,
          1.0,
          1.0,
          1.0,
          1.0,
          1.0,
          1.0,
          1.0,
          1.0,
          1.0,
          1.0,
          1.0,
          1.0,
          1.0,
          1.0,
          1.0,
          0.0,
          1.0,
          1.0,
          1.0
        ],
        "metrics": {
          "mae": 0.6785714285714286,
          "mape": 0.1666666666666666,
          "rmse": 0.8660254037844386,
          "smape": 1.2023809523809523,
          "rmsse": 2.148517868731388
        }
      }
    }
  }
}