{
  "series_id": "HOBBIES_1_206_WI_1_validation",
  "run": "run_20260527_162549_305320_002_subset30490_ctx112_h64_losstweedie_ep100_steps60",
  "horizon": [
    1,
    2,
    3,
    4,
    5,
    6,
    7,
    8,
    9,
    10,
    11,
    12,
    13,
    14,
    15,
    16,
    17,
    18,
    19,
    20,
    21,
    22,
    23,
    24,
    25,
    26,
    27,
    28
  ],
  "actuals": [
    1.0,
    1.0,
    3.0,
    0.0,
    1.0,
    5.0,
    2.0,
    1.0,
    1.0,
    4.0,
    0.0,
    3.0,
    4.0,
    1.0,
    3.0,
    1.0,
    1.0,
    3.0,
    2.0,
    1.0,
    5.0,
    1.0,
    1.0,
    0.0,
    1.0,
    2.0,
    1.0,
    2.0
  ],
  "modes": {
    "mean": {
      "raw": {
        "forecast": [
          1.4072689,
          1.5396118,
          1.5957218,
          1.6623436,
          2.0365014,
          2.3510308,
          1.9504443,
          1.6686785,
          1.5970312,
          1.5853813,
          1.6505563,
          1.9625521,
          2.3160348,
          2.0354266,
          1.6277413,
          1.5813409,
          1.6345049,
          1.7341317,
          2.0071452,
          2.4029539,
          2.2012048,
          1.6859208,
          1.6164742,
          1.6372724,
          1.7035574,
          2.1035943,
          2.6219778,
          2.235073
        ],
        "metrics": {
          "mae": 1.0893925087792533,
          "mape": 0.5814566262563069,
          "rmse": 1.314470879382124,
          "smape": 0.6602499070407756,
          "rmsse": 0.6163089672911404
        }
      },
      "rounded": {
        "forecast": [
          1.0,
          2.0,
          2.0,
          2.0,
          2.0,
          2.0,
          2.0,
          2.0,
          2.0,
          2.0,
          2.0,
          2.0,
          2.0,
          2.0,
          2.0,
          2.0,
          2.0,
          2.0,
          2.0,
          2.0,
          2.0,
          2.0,
          2.0,
          2.0,
          2.0,
          2.0,
          3.0,
          2.0
        ],
        "metrics": {
          "mae": 1.1785714285714286,
          "mape": 0.6613333333333332,
          "rmse": 1.4267845968170128,
          "smape": 0.677891156462585,
          "rmsse": 0.6689689023955699
        }
      }
    },
    "sample-mean": {
      "raw": {
        "forecast": [
          1.5474503,
          1.4664619,
          1.5528809,
          1.5933967,
          2.2083673,
          2.4077976,
          2.2574623,
          1.5513476,
          1.3167766,
          1.4756087,
          1.760292,
          1.8541484,
          2.0086892,
          1.9506665,
          1.6150593,
          1.4222009,
          1.3756021,
          1.7155093,
          1.8122498,
          2.40702,
          1.9878206,
          1.2410398,
          1.6606543,
          1.5036486,
          1.7707303,
          1.7432002,
          2.5058243,
          1.9757046
        ],
        "metrics": {
          "mae": 1.0853669047355652,
          "mape": 0.5516492779254913,
          "rmse": 1.337814847987806,
          "smape": 0.6534902364242274,
          "rmsse": 0.6272541296446854
        }
      },
      "rounded": {
        "forecast": [
          2.0,
          1.0,
          2.0,
          2.0,
          2.0,
          2.0,
          2.0,
          2.0,
          1.0,
          1.0,
          2.0,
          2.0,
          2.0,
          2.0,
          2.0,
          1.0,
          1.0,
          2.0,
          2.0,
          2.0,
          2.0,
          1.0,
          2.0,
          2.0,
          2.0,
          2.0,
          3.0,
          2.0
        ],
        "metrics": {
          "mae": 1.0714285714285714,
          "mape": 0.5113333333333333,
          "rmse": 1.439245834257849,
          "smape": 0.6017006802721089,
          "rmsse": 0.6748115364917634
        }
      }
    }
  }
}