{
  "series_id": "HOBBIES_1_248_WI_1_validation",
  "run": "run_20260527_162549_305320_002_subset30490_ctx112_h64_losstweedie_ep100_steps60",
  "horizon": [
    1,
    2,
    3,
    4,
    5,
    6,
    7,
    8,
    9,
    10,
    11,
    12,
    13,
    14,
    15,
    16,
    17,
    18,
    19,
    20,
    21,
    22,
    23,
    24,
    25,
    26,
    27,
    28
  ],
  "actuals": [
    2.0,
    6.0,
    0.0,
    1.0,
    3.0,
    0.0,
    2.0,
    2.0,
    1.0,
    1.0,
    2.0,
    1.0,
    0.0,
    1.0,
    2.0,
    3.0,
    5.0,
    1.0,
    1.0,
    5.0,
    1.0,
    1.0,
    0.0,
    0.0,
    1.0,
    2.0,
    1.0,
    4.0
  ],
  "modes": {
    "mean": {
      "raw": {
        "forecast": [
          1.9292177,
          1.8904932,
          1.8905255,
          1.9561335,
          2.2915335,
          2.569773,
          2.3424604,
          1.8779775,
          1.8309202,
          1.8580507,
          1.9952755,
          2.3974102,
          2.8959382,
          2.383829,
          1.9207712,
          1.9029227,
          1.9782975,
          2.115677,
          2.4223564,
          3.0321662,
          2.5273435,
          2.0205238,
          1.975571,
          2.0067964,
          2.111006,
          2.5180805,
          3.0684543,
          2.7160978
        ],
        "metrics": {
          "mae": 1.3698605980191911,
          "mape": 0.7333044675813205,
          "rmse": 1.6745448462573742,
          "smape": 0.797112930033965,
          "rmsse": 0.483655754670159
        }
      },
      "rounded": {
        "forecast": [
          2.0,
          2.0,
          2.0,
          2.0,
          2.0,
          3.0,
          2.0,
          2.0,
          2.0,
          2.0,
          2.0,
          2.0,
          3.0,
          2.0,
          2.0,
          2.0,
          2.0,
          2.0,
          2.0,
          3.0,
          3.0,
          2.0,
          2.0,
          2.0,
          2.0,
          3.0,
          3.0,
          3.0
        ],
        "metrics": {
          "mae": 1.3571428571428572,
          "mape": 0.6992753623188407,
          "rmse": 1.6903085094570331,
          "smape": 0.7801020408163265,
          "rmsse": 0.488208744957781
        }
      }
    },
    "sample-mean": {
      "raw": {
        "forecast": [
          2.0563743,
          1.9567926,
          1.7885815,
          1.8759578,
          2.2647533,
          2.5140498,
          2.2163475,
          1.8743906,
          1.6979914,
          1.7054803,
          1.847852,
          2.3179078,
          3.1364617,
          2.4053698,
          1.788651,
          1.8260169,
          1.8943061,
          1.7718229,
          2.3917,
          2.9936569,
          2.5207808,
          2.0066056,
          1.8809919,
          1.8459651,
          1.7813208,
          2.191153,
          2.7881012,
          2.7019973
        ],
        "metrics": {
          "mae": 1.3123052418231964,
          "mape": 0.6694223932597949,
          "rmse": 1.63908823112779,
          "smape": 0.7762273016479806,
          "rmsse": 0.4734148847484749
        }
      },
      "rounded": {
        "forecast": [
          2.0,
          2.0,
          2.0,
          2.0,
          2.0,
          3.0,
          2.0,
          2.0,
          2.0,
          2.0,
          2.0,
          2.0,
          3.0,
          2.0,
          2.0,
          2.0,
          2.0,
          2.0,
          2.0,
          3.0,
          3.0,
          2.0,
          2.0,
          2.0,
          2.0,
          2.0,
          3.0,
          3.0
        ],
        "metrics": {
          "mae": 1.3214285714285714,
          "mape": 0.677536231884058,
          "rmse": 1.679710859472121,
          "smape": 0.7658163265306123,
          "rmsse": 0.4851478449092463
        }
      }
    }
  }
}