{
  "series_id": "HOBBIES_1_417_TX_1_validation",
  "run": "run_20260527_162549_305320_002_subset30490_ctx112_h64_losstweedie_ep100_steps60",
  "horizon": [
    1,
    2,
    3,
    4,
    5,
    6,
    7,
    8,
    9,
    10,
    11,
    12,
    13,
    14,
    15,
    16,
    17,
    18,
    19,
    20,
    21,
    22,
    23,
    24,
    25,
    26,
    27,
    28
  ],
  "actuals": [
    0.0,
    0.0,
    0.0,
    0.0,
    1.0,
    1.0,
    1.0,
    0.0,
    0.0,
    0.0,
    0.0,
    1.0,
    0.0,
    0.0,
    1.0,
    0.0,
    1.0,
    1.0,
    2.0,
    1.0,
    2.0,
    0.0,
    0.0,
    0.0,
    1.0,
    0.0,
    0.0,
    0.0
  ],
  "modes": {
    "mean": {
      "raw": {
        "forecast": [
          1.2437708,
          1.2359598,
          1.2521169,
          1.2895553,
          1.5003177,
          1.5894321,
          1.7254292,
          1.407424,
          1.3202249,
          1.2936275,
          1.359243,
          1.5885324,
          1.8047516,
          1.7143672,
          1.5018598,
          1.4053047,
          1.4594424,
          1.5432037,
          1.7071353,
          1.8851616,
          1.8713359,
          1.5972158,
          1.491577,
          1.4822348,
          1.53735,
          1.7441006,
          2.0224433,
          1.9924116
        ],
        "metrics": {
          "mae": 1.121735236474446,
          "mape": 0.5037721287120472,
          "rmse": 1.2421033642040633,
          "smape": 1.3680761070459997,
          "rmsse": 0.2557883901873276
        }
      },
      "rounded": {
        "forecast": [
          1.0,
          1.0,
          1.0,
          1.0,
          2.0,
          2.0,
          2.0,
          1.0,
          1.0,
          1.0,
          1.0,
          2.0,
          2.0,
          2.0,
          2.0,
          1.0,
          1.0,
          2.0,
          2.0,
          2.0,
          2.0,
          2.0,
          1.0,
          1.0,
          2.0,
          2.0,
          2.0,
          2.0
        ],
        "metrics": {
          "mae": 1.1071428571428572,
          "mape": 0.7272727272727273,
          "rmse": 1.2392393980641052,
          "smape": 1.4047619047619049,
          "rmsse": 0.2551986089262807
        }
      }
    },
    "sample-mean": {
      "raw": {
        "forecast": [
          1.3498895,
          1.2143794,
          1.1437839,
          1.1767225,
          1.576684,
          1.5549328,
          1.6349499,
          1.2448047,
          1.2499293,
          1.2613688,
          1.30113,
          1.7633301,
          1.9746349,
          1.9803711,
          1.3819003,
          1.4006758,
          1.2683719,
          1.55854,
          1.5413593,
          1.8880588,
          1.8901749,
          1.5082808,
          1.3994114,
          1.3837266,
          1.5672667,
          1.6486168,
          1.8136795,
          1.6902689
        ],
        "metrics": {
          "mae": 1.0894347982747214,
          "mape": 0.4980243173512546,
          "rmse": 1.205197326603314,
          "smape": 1.3672401243205958,
          "rmsse": 0.2481882691199977
        }
      },
      "rounded": {
        "forecast": [
          1.0,
          1.0,
          1.0,
          1.0,
          2.0,
          2.0,
          2.0,
          1.0,
          1.0,
          1.0,
          1.0,
          2.0,
          2.0,
          2.0,
          1.0,
          1.0,
          1.0,
          2.0,
          2.0,
          2.0,
          2.0,
          2.0,
          1.0,
          1.0,
          2.0,
          2.0,
          2.0,
          2.0
        ],
        "metrics": {
          "mae": 1.0714285714285714,
          "mape": 0.6363636363636364,
          "rmse": 1.224744871391589,
          "smape": 1.380952380952381,
          "rmsse": 0.2522137271918479
        }
      }
    }
  }
}