{
  "series_id": "HOBBIES_1_354_CA_3_validation",
  "run": "run_20260527_162549_305320_002_subset30490_ctx112_h64_losstweedie_ep100_steps60",
  "horizon": [
    1,
    2,
    3,
    4,
    5,
    6,
    7,
    8,
    9,
    10,
    11,
    12,
    13,
    14,
    15,
    16,
    17,
    18,
    19,
    20,
    21,
    22,
    23,
    24,
    25,
    26,
    27,
    28
  ],
  "actuals": [
    9.0,
    12.0,
    8.0,
    6.0,
    6.0,
    11.0,
    9.0,
    9.0,
    3.0,
    13.0,
    11.0,
    3.0,
    5.0,
    0.0,
    11.0,
    10.0,
    6.0,
    7.0,
    11.0,
    17.0,
    8.0,
    4.0,
    7.0,
    6.0,
    7.0,
    5.0,
    17.0,
    11.0
  ],
  "modes": {
    "mean": {
      "raw": {
        "forecast": [
          6.374307,
          5.8237853,
          5.8205404,
          6.024319,
          6.6360517,
          7.328583,
          7.9697723,
          6.8464103,
          6.3583827,
          6.318759,
          6.3494678,
          6.8477035,
          7.999167,
          7.856849,
          6.8355074,
          6.348608,
          6.1193295,
          6.318352,
          6.8464446,
          8.300482,
          8.406112,
          7.025289,
          6.5682,
          6.54384,
          6.556094,
          7.1541505,
          8.616931,
          8.999877
        ],
        "metrics": {
          "mae": 3.0981811625616893,
          "mape": 0.3590355920584856,
          "rmse": 3.9886008729344455,
          "smape": 0.4160353914230909,
          "rmsse": 1.1570481711782512
        }
      },
      "rounded": {
        "forecast": [
          6.0,
          6.0,
          6.0,
          6.0,
          7.0,
          7.0,
          8.0,
          7.0,
          6.0,
          6.0,
          6.0,
          7.0,
          8.0,
          8.0,
          7.0,
          6.0,
          6.0,
          6.0,
          7.0,
          8.0,
          8.0,
          7.0,
          7.0,
          7.0,
          7.0,
          7.0,
          9.0,
          9.0
        ],
        "metrics": {
          "mae": 3.107142857142857,
          "mape": 0.3571083237749904,
          "rmse": 4.031128874149275,
          "smape": 0.4172269581369537,
          "rmsse": 1.1693850651410918
        }
      }
    },
    "sample-mean": {
      "raw": {
        "forecast": [
          6.15056,
          5.45886,
          5.7731853,
          5.6561346,
          6.578929,
          7.650486,
          7.6172237,
          6.8401046,
          6.081217,
          5.7598877,
          6.1477423,
          6.3493505,
          7.7411385,
          7.3650627,
          6.4053874,
          5.5590034,
          5.519952,
          5.888136,
          6.1913295,
          8.000563,
          8.123466,
          6.599698,
          6.7218013,
          6.070836,
          5.9108996,
          6.755815,
          7.7327623,
          8.208602
        ],
        "metrics": {
          "mae": 3.231174724442618,
          "mape": 0.361907268545885,
          "rmse": 4.15657634786364,
          "smape": 0.4378932229458676,
          "rmsse": 1.2057759637705023
        }
      },
      "rounded": {
        "forecast": [
          6.0,
          5.0,
          6.0,
          6.0,
          7.0,
          8.0,
          8.0,
          7.0,
          6.0,
          6.0,
          6.0,
          6.0,
          8.0,
          7.0,
          6.0,
          6.0,
          6.0,
          6.0,
          6.0,
          8.0,
          8.0,
          7.0,
          7.0,
          6.0,
          6.0,
          7.0,
          8.0,
          8.0
        ],
        "metrics": {
          "mae": 3.1785714285714284,
          "mape": 0.3558798862720432,
          "rmse": 4.136078197658122,
          "smape": 0.4316148509458992,
          "rmsse": 1.1998296813613574
        }
      }
    }
  }
}