{
  "series_id": "HOBBIES_1_114_WI_1_validation",
  "run": "run_20260527_162549_305320_002_subset30490_ctx112_h64_losstweedie_ep100_steps60",
  "horizon": [
    1,
    2,
    3,
    4,
    5,
    6,
    7,
    8,
    9,
    10,
    11,
    12,
    13,
    14,
    15,
    16,
    17,
    18,
    19,
    20,
    21,
    22,
    23,
    24,
    25,
    26,
    27,
    28
  ],
  "actuals": [
    0.0,
    0.0,
    0.0,
    0.0,
    0.0,
    1.0,
    0.0,
    0.0,
    0.0,
    1.0,
    0.0,
    1.0,
    1.0,
    0.0,
    2.0,
    0.0,
    0.0,
    1.0,
    1.0,
    1.0,
    0.0,
    0.0,
    1.0,
    0.0,
    0.0,
    0.0,
    1.0,
    0.0
  ],
  "modes": {
    "mean": {
      "raw": {
        "forecast": [
          0.3739149,
          0.3451148,
          0.35340148,
          0.38487753,
          0.4924798,
          0.5659025,
          0.52202636,
          0.40971753,
          0.38953748,
          0.3871354,
          0.40465397,
          0.5029768,
          0.61546296,
          0.526457,
          0.41070265,
          0.38845715,
          0.40299332,
          0.43093127,
          0.5029501,
          0.6532343,
          0.55249995,
          0.41635495,
          0.39393196,
          0.39537323,
          0.4230428,
          0.52349067,
          0.65440166,
          0.5911985
        ],
        "metrics": {
          "mae": 0.4920700692704746,
          "mape": 0.5087721824645997,
          "rmse": 0.5418540476174611,
          "smape": 1.5377769914814,
          "rmsse": 0.6520285356603104
        }
      },
      "rounded": {
        "forecast": [
          0.0,
          0.0,
          0.0,
          0.0,
          0.0,
          1.0,
          1.0,
          0.0,
          0.0,
          0.0,
          0.0,
          1.0,
          1.0,
          1.0,
          0.0,
          0.0,
          0.0,
          0.0,
          1.0,
          1.0,
          1.0,
          0.0,
          0.0,
          0.0,
          0.0,
          1.0,
          1.0,
          1.0
        ],
        "metrics": {
          "mae": 0.3571428571428571,
          "mape": 0.4,
          "rmse": 0.6546536707079771,
          "smape": 0.6428571428571429,
          "rmsse": 0.7877635613376824
        }
      }
    },
    "sample-mean": {
      "raw": {
        "forecast": [
          0.47250307,
          0.4565691,
          0.4102537,
          0.38373932,
          0.5355446,
          0.5108764,
          0.40151203,
          0.42324367,
          0.32877433,
          0.29189432,
          0.40784037,
          0.5153639,
          0.55138874,
          0.49914658,
          0.33047694,
          0.32144478,
          0.43661898,
          0.41603896,
          0.40381852,
          0.57252246,
          0.5273656,
          0.39629608,
          0.41143486,
          0.35071698,
          0.32955375,
          0.5209394,
          0.5208671,
          0.47914726
        ],
        "metrics": {
          "mae": 0.5055902653506824,
          "mape": 0.5640556275844574,
          "rmse": 0.5599409214729266,
          "smape": 1.5741552658129083,
          "rmsse": 0.6737929903626543
        }
      },
      "rounded": {
        "forecast": [
          0.0,
          0.0,
          0.0,
          0.0,
          1.0,
          1.0,
          0.0,
          0.0,
          0.0,
          0.0,
          0.0,
          1.0,
          1.0,
          0.0,
          0.0,
          0.0,
          0.0,
          0.0,
          0.0,
          1.0,
          1.0,
          0.0,
          0.0,
          0.0,
          0.0,
          1.0,
          1.0,
          0.0
        ],
        "metrics": {
          "mae": 0.3214285714285714,
          "mape": 0.5,
          "rmse": 0.6267831705280087,
          "smape": 0.5714285714285714,
          "rmsse": 0.75422618812737
        }
      }
    }
  }
}