{
  "series_id": "HOBBIES_1_326_TX_3_validation",
  "run": "run_20260527_162549_305320_002_subset30490_ctx112_h64_losstweedie_ep100_steps60",
  "horizon": [
    1,
    2,
    3,
    4,
    5,
    6,
    7,
    8,
    9,
    10,
    11,
    12,
    13,
    14,
    15,
    16,
    17,
    18,
    19,
    20,
    21,
    22,
    23,
    24,
    25,
    26,
    27,
    28
  ],
  "actuals": [
    0.0,
    0.0,
    0.0,
    0.0,
    0.0,
    0.0,
    1.0,
    0.0,
    0.0,
    0.0,
    0.0,
    0.0,
    0.0,
    1.0,
    0.0,
    0.0,
    0.0,
    0.0,
    0.0,
    0.0,
    0.0,
    1.0,
    0.0,
    0.0,
    0.0,
    0.0,
    0.0,
    0.0
  ],
  "modes": {
    "mean": {
      "raw": {
        "forecast": [
          0.20664845,
          0.21327062,
          0.22947755,
          0.25631505,
          0.30293307,
          0.3362652,
          0.34787637,
          0.29784834,
          0.28599504,
          0.27755484,
          0.28031656,
          0.32405904,
          0.38797584,
          0.34922332,
          0.30202568,
          0.27620894,
          0.28495356,
          0.3008786,
          0.33622062,
          0.37362632,
          0.3675779,
          0.30563736,
          0.27809352,
          0.2731277,
          0.2811687,
          0.3158167,
          0.37818506,
          0.37456635
        ],
        "metrics": {
          "mae": 0.3406561517289707,
          "mape": 0.6657543182373047,
          "rmse": 0.3617916665098929,
          "smape": 1.892712058873236,
          "rmsse": 0.4912619467492861
        }
      },
      "rounded": {
        "forecast": [
          0.0,
          0.0,
          0.0,
          0.0,
          0.0,
          0.0,
          0.0,
          0.0,
          0.0,
          0.0,
          0.0,
          0.0,
          0.0,
          0.0,
          0.0,
          0.0,
          0.0,
          0.0,
          0.0,
          0.0,
          0.0,
          0.0,
          0.0,
          0.0,
          0.0,
          0.0,
          0.0,
          0.0
        ],
        "metrics": {
          "mae": 0.1071428571428571,
          "mape": 1.0,
          "rmse": 0.3273268353539885,
          "smape": 0.2142857142857142,
          "rmsse": 0.4444635773690117
        }
      }
    },
    "sample-mean": {
      "raw": {
        "forecast": [
          0.20891303,
          0.26711366,
          0.24367617,
          0.29108268,
          0.24855258,
          0.25875062,
          0.21368301,
          0.20642383,
          0.30405992,
          0.198818,
          0.27024192,
          0.2487919,
          0.27765667,
          0.3763432,
          0.313403,
          0.30698928,
          0.32264102,
          0.27248785,
          0.2850289,
          0.49689847,
          0.40195805,
          0.3662593,
          0.29490823,
          0.22032431,
          0.22286674,
          0.30453798,
          0.40141553,
          0.3883885
        ],
        "metrics": {
          "mae": 0.3321301197367055,
          "mape": 0.6812381645043691,
          "rmse": 0.3602455381460766,
          "smape": 1.897489546184468,
          "rmsse": 0.4891625229641561
        }
      },
      "rounded": {
        "forecast": [
          0.0,
          0.0,
          0.0,
          0.0,
          0.0,
          0.0,
          0.0,
          0.0,
          0.0,
          0.0,
          0.0,
          0.0,
          0.0,
          0.0,
          0.0,
          0.0,
          0.0,
          0.0,
          0.0,
          0.0,
          0.0,
          0.0,
          0.0,
          0.0,
          0.0,
          0.0,
          0.0,
          0.0
        ],
        "metrics": {
          "mae": 0.1071428571428571,
          "mape": 1.0,
          "rmse": 0.3273268353539885,
          "smape": 0.2142857142857142,
          "rmsse": 0.4444635773690117
        }
      }
    }
  }
}