{
  "series_id": "HOBBIES_1_227_TX_3_validation",
  "run": "run_20260527_162549_305320_002_subset30490_ctx112_h64_losstweedie_ep100_steps60",
  "horizon": [
    1,
    2,
    3,
    4,
    5,
    6,
    7,
    8,
    9,
    10,
    11,
    12,
    13,
    14,
    15,
    16,
    17,
    18,
    19,
    20,
    21,
    22,
    23,
    24,
    25,
    26,
    27,
    28
  ],
  "actuals": [
    0.0,
    0.0,
    0.0,
    0.0,
    0.0,
    0.0,
    0.0,
    0.0,
    0.0,
    0.0,
    0.0,
    0.0,
    0.0,
    0.0,
    0.0,
    0.0,
    0.0,
    1.0,
    0.0,
    0.0,
    0.0,
    0.0,
    0.0,
    0.0,
    0.0,
    0.0,
    0.0,
    0.0
  ],
  "modes": {
    "mean": {
      "raw": {
        "forecast": [
          0.14429401,
          0.1401798,
          0.14249565,
          0.14778826,
          0.16348284,
          0.17951208,
          0.18296807,
          0.16722137,
          0.15985698,
          0.16215667,
          0.16615315,
          0.1838949,
          0.20761436,
          0.20046987,
          0.17502984,
          0.17195466,
          0.17364624,
          0.17871125,
          0.19371079,
          0.21744394,
          0.20969568,
          0.1925706,
          0.17672044,
          0.1738034,
          0.17812157,
          0.196018,
          0.22888128,
          0.22724015
        ],
        "metrics": {
          "mae": 0.2030076192958014,
          "mape": 0.8212887495756149,
          "rmse": 0.236486221038875,
          "smape": 1.978340599851861,
          "rmsse": 0.4649383554225355
        }
      },
      "rounded": {
        "forecast": [
          0.0,
          0.0,
          0.0,
          0.0,
          0.0,
          0.0,
          0.0,
          0.0,
          0.0,
          0.0,
          0.0,
          0.0,
          0.0,
          0.0,
          0.0,
          0.0,
          0.0,
          0.0,
          0.0,
          0.0,
          0.0,
          0.0,
          0.0,
          0.0,
          0.0,
          0.0,
          0.0,
          0.0
        ],
        "metrics": {
          "mae": 0.0357142857142857,
          "mape": 1.0,
          "rmse": 0.1889822365046136,
          "smape": 0.0714285714285714,
          "rmsse": 0.3715442272219484
        }
      }
    },
    "sample-mean": {
      "raw": {
        "forecast": [
          0.13598274,
          0.09998628,
          0.16605566,
          0.13530858,
          0.1464722,
          0.1562494,
          0.1055661,
          0.18622251,
          0.15966284,
          0.24212319,
          0.16704261,
          0.218291,
          0.15729435,
          0.2223082,
          0.18499985,
          0.17558403,
          0.12677781,
          0.16964594,
          0.140778,
          0.14621744,
          0.18510954,
          0.15715441,
          0.13207406,
          0.1791898,
          0.16256373,
          0.13787884,
          0.18481119,
          0.15370522
        ],
        "metrics": {
          "mae": 0.1855629876788173,
          "mape": 0.8303540647029877,
          "rmse": 0.2254710735052758,
          "smape": 1.9792799402943209,
          "rmsse": 0.4432822751802691
        }
      },
      "rounded": {
        "forecast": [
          0.0,
          0.0,
          0.0,
          0.0,
          0.0,
          0.0,
          0.0,
          0.0,
          0.0,
          0.0,
          0.0,
          0.0,
          0.0,
          0.0,
          0.0,
          0.0,
          0.0,
          0.0,
          0.0,
          0.0,
          0.0,
          0.0,
          0.0,
          0.0,
          0.0,
          0.0,
          0.0,
          0.0
        ],
        "metrics": {
          "mae": 0.0357142857142857,
          "mape": 1.0,
          "rmse": 0.1889822365046136,
          "smape": 0.0714285714285714,
          "rmsse": 0.3715442272219484
        }
      }
    }
  }
}