{
  "series_id": "HOBBIES_2_138_CA_3_validation",
  "run": "run_20260527_162549_305320_002_subset30490_ctx112_h64_losstweedie_ep100_steps60",
  "horizon": [
    1,
    2,
    3,
    4,
    5,
    6,
    7,
    8,
    9,
    10,
    11,
    12,
    13,
    14,
    15,
    16,
    17,
    18,
    19,
    20,
    21,
    22,
    23,
    24,
    25,
    26,
    27,
    28
  ],
  "actuals": [
    0.0,
    0.0,
    0.0,
    0.0,
    0.0,
    0.0,
    0.0,
    0.0,
    1.0,
    1.0,
    1.0,
    0.0,
    0.0,
    0.0,
    1.0,
    0.0,
    0.0,
    0.0,
    0.0,
    0.0,
    0.0,
    0.0,
    0.0,
    0.0,
    0.0,
    0.0,
    0.0,
    0.0
  ],
  "modes": {
    "mean": {
      "raw": {
        "forecast": [
          0.12668623,
          0.11596751,
          0.11217318,
          0.11184149,
          0.11911721,
          0.12480704,
          0.13480988,
          0.12644644,
          0.12254654,
          0.12158917,
          0.11781387,
          0.12770212,
          0.14385211,
          0.14249378,
          0.13109325,
          0.12652504,
          0.11915864,
          0.11829065,
          0.12517887,
          0.14162375,
          0.14568266,
          0.12931748,
          0.12259889,
          0.12115307,
          0.12144865,
          0.12901299,
          0.14620274,
          0.15481816
        ],
        "metrics": {
          "mae": 0.2354952059686184,
          "mape": 0.8767392933368683,
          "rmse": 0.3522846175340036,
          "smape": 1.937303921617917,
          "rmsse": 0.7186553062562471
        }
      },
      "rounded": {
        "forecast": [
          0.0,
          0.0,
          0.0,
          0.0,
          0.0,
          0.0,
          0.0,
          0.0,
          0.0,
          0.0,
          0.0,
          0.0,
          0.0,
          0.0,
          0.0,
          0.0,
          0.0,
          0.0,
          0.0,
          0.0,
          0.0,
          0.0,
          0.0,
          0.0,
          0.0,
          0.0,
          0.0,
          0.0
        ],
        "metrics": {
          "mae": 0.1428571428571428,
          "mape": 1.0,
          "rmse": 0.3779644730092272,
          "smape": 0.2857142857142857,
          "rmsse": 0.7710418240961345
        }
      }
    },
    "sample-mean": {
      "raw": {
        "forecast": [
          0.15484418,
          0.1135206,
          0.12046832,
          0.10324181,
          0.09758125,
          0.12872423,
          0.17149463,
          0.09980531,
          0.093270846,
          0.14974684,
          0.085270666,
          0.15360884,
          0.17045014,
          0.20724127,
          0.12794931,
          0.14995642,
          0.14272079,
          0.11375464,
          0.12880929,
          0.13993588,
          0.14198394,
          0.10732633,
          0.142234,
          0.11755989,
          0.11462981,
          0.10137317,
          0.13813609,
          0.17524612
        ],
        "metrics": {
          "mae": 0.242086045976196,
          "mape": 0.8859405852854252,
          "rmse": 0.3583840500923201,
          "smape": 1.941776699805687,
          "rmsse": 0.7310980566773982
        }
      },
      "rounded": {
        "forecast": [
          0.0,
          0.0,
          0.0,
          0.0,
          0.0,
          0.0,
          0.0,
          0.0,
          0.0,
          0.0,
          0.0,
          0.0,
          0.0,
          0.0,
          0.0,
          0.0,
          0.0,
          0.0,
          0.0,
          0.0,
          0.0,
          0.0,
          0.0,
          0.0,
          0.0,
          0.0,
          0.0,
          0.0
        ],
        "metrics": {
          "mae": 0.1428571428571428,
          "mape": 1.0,
          "rmse": 0.3779644730092272,
          "smape": 0.2857142857142857,
          "rmsse": 0.7710418240961345
        }
      }
    }
  }
}