{
  "series_id": "HOBBIES_1_219_TX_1_validation",
  "run": "run_20260527_162549_305320_002_subset30490_ctx112_h64_losstweedie_ep100_steps60",
  "horizon": [
    1,
    2,
    3,
    4,
    5,
    6,
    7,
    8,
    9,
    10,
    11,
    12,
    13,
    14,
    15,
    16,
    17,
    18,
    19,
    20,
    21,
    22,
    23,
    24,
    25,
    26,
    27,
    28
  ],
  "actuals": [
    0.0,
    0.0,
    0.0,
    0.0,
    0.0,
    0.0,
    0.0,
    0.0,
    0.0,
    0.0,
    1.0,
    0.0,
    0.0,
    0.0,
    1.0,
    0.0,
    0.0,
    0.0,
    1.0,
    0.0,
    0.0,
    0.0,
    0.0,
    0.0,
    0.0,
    1.0,
    0.0,
    0.0
  ],
  "modes": {
    "mean": {
      "raw": {
        "forecast": [
          0.17628315,
          0.1678817,
          0.1691391,
          0.17595877,
          0.19960897,
          0.21817356,
          0.22744466,
          0.19265538,
          0.18306153,
          0.17716895,
          0.17978118,
          0.2033437,
          0.23507936,
          0.21590546,
          0.18797247,
          0.17800815,
          0.18156862,
          0.18801351,
          0.20601599,
          0.23362245,
          0.22217342,
          0.18976568,
          0.17858881,
          0.17662406,
          0.18156068,
          0.20324615,
          0.24114892,
          0.23225883
        ],
        "metrics": {
          "mae": 0.2845722011157444,
          "mape": 0.8057460524141788,
          "rmse": 0.3560059929296631,
          "smape": 1.9070923863048888,
          "rmsse": 0.5897609257753347
        }
      },
      "rounded": {
        "forecast": [
          0.0,
          0.0,
          0.0,
          0.0,
          0.0,
          0.0,
          0.0,
          0.0,
          0.0,
          0.0,
          0.0,
          0.0,
          0.0,
          0.0,
          0.0,
          0.0,
          0.0,
          0.0,
          0.0,
          0.0,
          0.0,
          0.0,
          0.0,
          0.0,
          0.0,
          0.0,
          0.0,
          0.0
        ],
        "metrics": {
          "mae": 0.1428571428571428,
          "mape": 1.0,
          "rmse": 0.3779644730092272,
          "smape": 0.2857142857142857,
          "rmsse": 0.6261374300969953
        }
      }
    },
    "sample-mean": {
      "raw": {
        "forecast": [
          0.1646905,
          0.18272467,
          0.16403456,
          0.14288962,
          0.13460213,
          0.17734595,
          0.28601584,
          0.119586945,
          0.16303034,
          0.17641138,
          0.20148759,
          0.15842597,
          0.19994532,
          0.20365229,
          0.17441048,
          0.10855584,
          0.16797552,
          0.17721686,
          0.14417933,
          0.19680353,
          0.21088582,
          0.16367869,
          0.13146916,
          0.16510236,
          0.15528731,
          0.15967995,
          0.17217539,
          0.15107936
        ],
        "metrics": {
          "mae": 0.2640652853463377,
          "mape": 0.8300606645643711,
          "rmse": 0.3524443719583681,
          "smape": 1.917155479930152,
          "rmsse": 0.5838607304892772
        }
      },
      "rounded": {
        "forecast": [
          0.0,
          0.0,
          0.0,
          0.0,
          0.0,
          0.0,
          0.0,
          0.0,
          0.0,
          0.0,
          0.0,
          0.0,
          0.0,
          0.0,
          0.0,
          0.0,
          0.0,
          0.0,
          0.0,
          0.0,
          0.0,
          0.0,
          0.0,
          0.0,
          0.0,
          0.0,
          0.0,
          0.0
        ],
        "metrics": {
          "mae": 0.1428571428571428,
          "mape": 1.0,
          "rmse": 0.3779644730092272,
          "smape": 0.2857142857142857,
          "rmsse": 0.6261374300969953
        }
      }
    }
  }
}