{
  "series_id": "HOBBIES_2_041_WI_2_validation",
  "run": "run_20260527_162549_305320_002_subset30490_ctx112_h64_losstweedie_ep100_steps60",
  "horizon": [
    1,
    2,
    3,
    4,
    5,
    6,
    7,
    8,
    9,
    10,
    11,
    12,
    13,
    14,
    15,
    16,
    17,
    18,
    19,
    20,
    21,
    22,
    23,
    24,
    25,
    26,
    27,
    28
  ],
  "actuals": [
    0.0,
    0.0,
    0.0,
    0.0,
    0.0,
    0.0,
    0.0,
    0.0,
    0.0,
    0.0,
    0.0,
    0.0,
    3.0,
    0.0,
    0.0,
    0.0,
    0.0,
    0.0,
    0.0,
    0.0,
    0.0,
    0.0,
    0.0,
    0.0,
    0.0,
    1.0,
    0.0,
    1.0
  ],
  "modes": {
    "mean": {
      "raw": {
        "forecast": [
          0.17502104,
          0.17596222,
          0.17967172,
          0.18265168,
          0.19534416,
          0.20195693,
          0.19948995,
          0.21625358,
          0.2344551,
          0.21317606,
          0.21957618,
          0.24664709,
          0.25659958,
          0.27423495,
          0.26006922,
          0.22671923,
          0.25338146,
          0.2570819,
          0.24222964,
          0.29387218,
          0.29942724,
          0.23528466,
          0.23980628,
          0.23182067,
          0.22473624,
          0.23763996,
          0.26086608,
          0.25369152
        ],
        "metrics": {
          "mae": 0.3568501568266323,
          "mape": 0.8077117734485202,
          "rmse": 0.5979433751471689,
          "smape": 1.9324057271621795,
          "rmsse": 0.7101717451256164
        }
      },
      "rounded": {
        "forecast": [
          0.0,
          0.0,
          0.0,
          0.0,
          0.0,
          0.0,
          0.0,
          0.0,
          0.0,
          0.0,
          0.0,
          0.0,
          0.0,
          0.0,
          0.0,
          0.0,
          0.0,
          0.0,
          0.0,
          0.0,
          0.0,
          0.0,
          0.0,
          0.0,
          0.0,
          0.0,
          0.0,
          0.0
        ],
        "metrics": {
          "mae": 0.1785714285714285,
          "mape": 1.0,
          "rmse": 0.6267831705280087,
          "smape": 0.2142857142857142,
          "rmsse": 0.7444244999280853
        }
      }
    },
    "sample-mean": {
      "raw": {
        "forecast": [
          0.20865877,
          0.18647058,
          0.18215877,
          0.16372095,
          0.16375737,
          0.2034128,
          0.22323853,
          0.15325883,
          0.222164,
          0.20971617,
          0.24527568,
          0.2155656,
          0.24144521,
          0.22232355,
          0.21583639,
          0.25269675,
          0.2059102,
          0.16909634,
          0.18979903,
          0.2882975,
          0.24404687,
          0.12805526,
          0.19496323,
          0.25579876,
          0.23676461,
          0.18609345,
          0.298557,
          0.2126586
        ],
        "metrics": {
          "mae": 0.3442623679127012,
          "mape": 0.8402554045120875,
          "rmse": 0.5989976529849714,
          "smape": 1.941893055653927,
          "rmsse": 0.7114239010370942
        }
      },
      "rounded": {
        "forecast": [
          0.0,
          0.0,
          0.0,
          0.0,
          0.0,
          0.0,
          0.0,
          0.0,
          0.0,
          0.0,
          0.0,
          0.0,
          0.0,
          0.0,
          0.0,
          0.0,
          0.0,
          0.0,
          0.0,
          0.0,
          0.0,
          0.0,
          0.0,
          0.0,
          0.0,
          0.0,
          0.0,
          0.0
        ],
        "metrics": {
          "mae": 0.1785714285714285,
          "mape": 1.0,
          "rmse": 0.6267831705280087,
          "smape": 0.2142857142857142,
          "rmsse": 0.7444244999280853
        }
      }
    }
  }
}