{
  "series_id": "HOBBIES_1_213_CA_2_validation",
  "run": "run_20260527_162549_305320_002_subset30490_ctx112_h64_losstweedie_ep100_steps60",
  "horizon": [
    1,
    2,
    3,
    4,
    5,
    6,
    7,
    8,
    9,
    10,
    11,
    12,
    13,
    14,
    15,
    16,
    17,
    18,
    19,
    20,
    21,
    22,
    23,
    24,
    25,
    26,
    27,
    28
  ],
  "actuals": [
    1.0,
    3.0,
    0.0,
    0.0,
    2.0,
    1.0,
    0.0,
    2.0,
    2.0,
    0.0,
    0.0,
    0.0,
    1.0,
    1.0,
    1.0,
    1.0,
    0.0,
    2.0,
    1.0,
    2.0,
    0.0,
    0.0,
    2.0,
    2.0,
    2.0,
    1.0,
    0.0,
    0.0
  ],
  "modes": {
    "mean": {
      "raw": {
        "forecast": [
          0.823064,
          0.7719564,
          0.78601915,
          0.831839,
          0.9659964,
          1.0781186,
          1.124352,
          0.9174705,
          0.841669,
          0.8314158,
          0.83711004,
          0.98796284,
          1.2122691,
          1.1517382,
          0.90461963,
          0.8392575,
          0.82645124,
          0.87117994,
          1.0055082,
          1.2094262,
          1.1870685,
          0.91629916,
          0.8536651,
          0.8724739,
          0.90956146,
          1.039632,
          1.248341,
          1.2242478
        ],
        "metrics": {
          "mae": 0.8038582993405206,
          "mape": 0.3495461625211379,
          "rmse": 0.9504432841560478,
          "smape": 1.070517281568261,
          "rmsse": 0.7587689016627972
        }
      },
      "rounded": {
        "forecast": [
          1.0,
          1.0,
          1.0,
          1.0,
          1.0,
          1.0,
          1.0,
          1.0,
          1.0,
          1.0,
          1.0,
          1.0,
          1.0,
          1.0,
          1.0,
          1.0,
          1.0,
          1.0,
          1.0,
          1.0,
          1.0,
          1.0,
          1.0,
          1.0,
          1.0,
          1.0,
          1.0,
          1.0
        ],
        "metrics": {
          "mae": 0.75,
          "mape": 0.2745098039215686,
          "rmse": 0.9063269671749656,
          "smape": 1.011904761904762,
          "rmsse": 0.7235494520237089
        }
      }
    },
    "sample-mean": {
      "raw": {
        "forecast": [
          0.84197456,
          0.75656676,
          0.83106214,
          0.8898634,
          0.89367986,
          1.0019847,
          1.0301408,
          0.78838235,
          0.8653777,
          0.8319929,
          0.89490396,
          0.80889434,
          1.0923684,
          1.1403708,
          0.7203522,
          0.86135364,
          0.6927518,
          0.7779558,
          0.83080727,
          1.1890603,
          0.9219665,
          0.90071213,
          0.75123143,
          0.8186373,
          0.82497877,
          0.9397826,
          1.1588693,
          0.97107935
        ],
        "metrics": {
          "mae": 0.7966721398489816,
          "mape": 0.3725654693210826,
          "rmse": 0.9411279695347554,
          "smape": 1.0964420818770395,
          "rmsse": 0.7513321916963338
        }
      },
      "rounded": {
        "forecast": [
          1.0,
          1.0,
          1.0,
          1.0,
          1.0,
          1.0,
          1.0,
          1.0,
          1.0,
          1.0,
          1.0,
          1.0,
          1.0,
          1.0,
          1.0,
          1.0,
          1.0,
          1.0,
          1.0,
          1.0,
          1.0,
          1.0,
          1.0,
          1.0,
          1.0,
          1.0,
          1.0,
          1.0
        ],
        "metrics": {
          "mae": 0.75,
          "mape": 0.2745098039215686,
          "rmse": 0.9063269671749656,
          "smape": 1.011904761904762,
          "rmsse": 0.7235494520237089
        }
      }
    }
  }
}