{
  "series_id": "HOBBIES_1_234_CA_4_validation",
  "run": "run_20260527_162549_305320_002_subset30490_ctx112_h64_losstweedie_ep100_steps60",
  "horizon": [
    1,
    2,
    3,
    4,
    5,
    6,
    7,
    8,
    9,
    10,
    11,
    12,
    13,
    14,
    15,
    16,
    17,
    18,
    19,
    20,
    21,
    22,
    23,
    24,
    25,
    26,
    27,
    28
  ],
  "actuals": [
    1.0,
    9.0,
    6.0,
    0.0,
    7.0,
    4.0,
    0.0,
    5.0,
    4.0,
    14.0,
    9.0,
    10.0,
    0.0,
    5.0,
    6.0,
    1.0,
    12.0,
    0.0,
    5.0,
    0.0,
    3.0,
    10.0,
    0.0,
    5.0,
    3.0,
    12.0,
    3.0,
    0.0
  ],
  "modes": {
    "mean": {
      "raw": {
        "forecast": [
          5.793036,
          5.384258,
          5.3610787,
          5.333681,
          5.695641,
          6.1937413,
          6.2796845,
          5.6659245,
          5.5734334,
          5.667678,
          5.741491,
          6.2749586,
          6.8266306,
          6.5870767,
          5.8999133,
          5.829692,
          5.7914686,
          5.940797,
          6.431169,
          7.1917434,
          7.1175537,
          6.427417,
          6.1306252,
          6.2639713,
          6.3236895,
          6.8128667,
          7.639442,
          7.601329
        ],
        "metrics": {
          "mae": 3.988087483814784,
          "mape": 0.9013772692539794,
          "rmse": 4.6055698675696375,
          "smape": 0.8973661390211121,
          "rmsse": 0.4218424592536481
        }
      },
      "rounded": {
        "forecast": [
          6.0,
          5.0,
          5.0,
          5.0,
          6.0,
          6.0,
          6.0,
          6.0,
          6.0,
          6.0,
          6.0,
          6.0,
          7.0,
          7.0,
          6.0,
          6.0,
          6.0,
          6.0,
          6.0,
          7.0,
          7.0,
          6.0,
          6.0,
          6.0,
          6.0,
          7.0,
          8.0,
          8.0
        ],
        "metrics": {
          "mae": 4.0,
          "mape": 0.9226379440665152,
          "rmse": 4.605896841472431,
          "smape": 0.900420131247199,
          "rmsse": 0.4218724080936901
        }
      }
    },
    "sample-mean": {
      "raw": {
        "forecast": [
          5.8956966,
          5.630702,
          5.768839,
          5.8083997,
          4.7407355,
          6.3420644,
          6.418912,
          5.5321193,
          5.426435,
          5.6396403,
          5.1562986,
          6.8421564,
          6.474908,
          6.929689,
          5.441431,
          5.5600715,
          5.8370914,
          5.5096006,
          6.605037,
          7.017196,
          6.5991516,
          6.0510216,
          6.4483795,
          5.2899613,
          5.799118,
          6.719348,
          6.60769,
          7.1584783
        ],
        "metrics": {
          "mae": 3.914130142756871,
          "mape": 0.8629463360152818,
          "rmse": 4.53149581286455,
          "smape": 0.8914079278972303,
          "rmsse": 0.4150577220110943
        }
      },
      "rounded": {
        "forecast": [
          6.0,
          6.0,
          6.0,
          6.0,
          5.0,
          6.0,
          6.0,
          6.0,
          5.0,
          6.0,
          5.0,
          7.0,
          6.0,
          7.0,
          5.0,
          6.0,
          6.0,
          6.0,
          7.0,
          7.0,
          7.0,
          6.0,
          6.0,
          5.0,
          6.0,
          7.0,
          7.0,
          7.0
        ],
        "metrics": {
          "mae": 3.892857142857143,
          "mape": 0.8969009826152682,
          "rmse": 4.484098890205574,
          "smape": 0.890250725489558,
          "rmsse": 0.4107164493802508
        }
      }
    }
  }
}