{
  "series_id": "HOBBIES_1_018_WI_3_validation",
  "run": "run_20260527_162549_305320_002_subset30490_ctx112_h64_losstweedie_ep100_steps60",
  "horizon": [
    1,
    2,
    3,
    4,
    5,
    6,
    7,
    8,
    9,
    10,
    11,
    12,
    13,
    14,
    15,
    16,
    17,
    18,
    19,
    20,
    21,
    22,
    23,
    24,
    25,
    26,
    27,
    28
  ],
  "actuals": [
    0.0,
    0.0,
    0.0,
    0.0,
    0.0,
    1.0,
    0.0,
    1.0,
    0.0,
    0.0,
    0.0,
    0.0,
    0.0,
    0.0,
    0.0,
    0.0,
    1.0,
    0.0,
    0.0,
    0.0,
    0.0,
    0.0,
    0.0,
    0.0,
    0.0,
    0.0,
    0.0,
    0.0
  ],
  "modes": {
    "mean": {
      "raw": {
        "forecast": [
          0.11946984,
          0.119962424,
          0.12643354,
          0.13425188,
          0.15768717,
          0.16618791,
          0.15916774,
          0.1438623,
          0.14006715,
          0.13880718,
          0.14677016,
          0.16887026,
          0.19110501,
          0.17224969,
          0.14422822,
          0.13551249,
          0.14463823,
          0.15293217,
          0.16820249,
          0.20070812,
          0.17741244,
          0.14067395,
          0.13385792,
          0.13629392,
          0.14140387,
          0.1586426,
          0.18526904,
          0.17350104
        ],
        "metrics": {
          "mae": 0.2274568517293249,
          "mape": 0.8484371850887934,
          "rmse": 0.3137528755960007,
          "smape": 1.943623473916772,
          "rmsse": 0.8148153492022581
        }
      },
      "rounded": {
        "forecast": [
          0.0,
          0.0,
          0.0,
          0.0,
          0.0,
          0.0,
          0.0,
          0.0,
          0.0,
          0.0,
          0.0,
          0.0,
          0.0,
          0.0,
          0.0,
          0.0,
          0.0,
          0.0,
          0.0,
          0.0,
          0.0,
          0.0,
          0.0,
          0.0,
          0.0,
          0.0,
          0.0,
          0.0
        ],
        "metrics": {
          "mae": 0.1071428571428571,
          "mape": 1.0,
          "rmse": 0.3273268353539885,
          "smape": 0.2142857142857142,
          "rmsse": 0.8500668851101038
        }
      }
    },
    "sample-mean": {
      "raw": {
        "forecast": [
          0.1114312,
          0.1572662,
          0.17458495,
          0.14318588,
          0.12132586,
          0.12848212,
          0.09035036,
          0.11380351,
          0.09833026,
          0.09504731,
          0.15181598,
          0.23794019,
          0.17217778,
          0.18119282,
          0.15889199,
          0.116036594,
          0.1267277,
          0.14739747,
          0.23384458,
          0.16766056,
          0.14458992,
          0.14336944,
          0.13140476,
          0.111940295,
          0.1470941,
          0.14007077,
          0.20018859,
          0.17381136
        ],
        "metrics": {
          "mae": 0.2279262814138616,
          "mape": 0.8769955560564995,
          "rmse": 0.3221236011234621,
          "smape": 1.9530709123938497,
          "rmsse": 0.8365541002201679
        }
      },
      "rounded": {
        "forecast": [
          0.0,
          0.0,
          0.0,
          0.0,
          0.0,
          0.0,
          0.0,
          0.0,
          0.0,
          0.0,
          0.0,
          0.0,
          0.0,
          0.0,
          0.0,
          0.0,
          0.0,
          0.0,
          0.0,
          0.0,
          0.0,
          0.0,
          0.0,
          0.0,
          0.0,
          0.0,
          0.0,
          0.0
        ],
        "metrics": {
          "mae": 0.1071428571428571,
          "mape": 1.0,
          "rmse": 0.3273268353539885,
          "smape": 0.2142857142857142,
          "rmsse": 0.8500668851101038
        }
      }
    }
  }
}