{
  "series_id": "HOBBIES_1_364_CA_3_validation",
  "run": "run_20260527_162549_305320_002_subset30490_ctx112_h64_losstweedie_ep100_steps60",
  "horizon": [
    1,
    2,
    3,
    4,
    5,
    6,
    7,
    8,
    9,
    10,
    11,
    12,
    13,
    14,
    15,
    16,
    17,
    18,
    19,
    20,
    21,
    22,
    23,
    24,
    25,
    26,
    27,
    28
  ],
  "actuals": [
    0.0,
    1.0,
    1.0,
    0.0,
    0.0,
    1.0,
    2.0,
    0.0,
    1.0,
    0.0,
    0.0,
    0.0,
    2.0,
    0.0,
    0.0,
    1.0,
    1.0,
    0.0,
    1.0,
    0.0,
    0.0,
    0.0,
    0.0,
    0.0,
    0.0,
    1.0,
    1.0,
    0.0
  ],
  "modes": {
    "mean": {
      "raw": {
        "forecast": [
          0.6558485,
          0.602578,
          0.63916326,
          0.668059,
          0.7464528,
          0.7714666,
          0.8513208,
          0.7704999,
          0.73689324,
          0.72509044,
          0.6916007,
          0.79079634,
          0.93785095,
          0.9258444,
          0.8050351,
          0.73205715,
          0.71135026,
          0.7185648,
          0.7833053,
          0.941983,
          0.9732407,
          0.81327146,
          0.7237489,
          0.72578,
          0.7505368,
          0.84132457,
          0.988826,
          1.0265735
        ],
        "metrics": {
          "mae": 0.6377425087349755,
          "mape": 0.2998590713197535,
          "rmse": 0.7052506346076375,
          "smape": 1.3606915275278777,
          "rmsse": 0.468915267980693
        }
      },
      "rounded": {
        "forecast": [
          1.0,
          1.0,
          1.0,
          1.0,
          1.0,
          1.0,
          1.0,
          1.0,
          1.0,
          1.0,
          1.0,
          1.0,
          1.0,
          1.0,
          1.0,
          1.0,
          1.0,
          1.0,
          1.0,
          1.0,
          1.0,
          1.0,
          1.0,
          1.0,
          1.0,
          1.0,
          1.0,
          1.0
        ],
        "metrics": {
          "mae": 0.6785714285714286,
          "mape": 0.0909090909090909,
          "rmse": 0.823754471047914,
          "smape": 1.2619047619047616,
          "rmsse": 0.5477074809817456
        }
      }
    },
    "sample-mean": {
      "raw": {
        "forecast": [
          0.59255105,
          0.85218453,
          0.6133332,
          0.6600745,
          0.78710103,
          0.78284717,
          0.74443084,
          0.782598,
          0.6356259,
          0.57106256,
          0.44630873,
          0.63318,
          0.84241205,
          1.173205,
          0.6015616,
          0.73794043,
          0.58453393,
          0.46465096,
          0.5332512,
          0.79061013,
          0.7949477,
          0.7512352,
          0.59926087,
          0.5156016,
          0.61635375,
          0.76257,
          1.0330217,
          0.8064412
        ],
        "metrics": {
          "mae": 0.590379865041801,
          "mape": 0.3397558006373318,
          "rmse": 0.6590068899417652,
          "smape": 1.3855112881380396,
          "rmsse": 0.4381681876402515
        }
      },
      "rounded": {
        "forecast": [
          1.0,
          1.0,
          1.0,
          1.0,
          1.0,
          1.0,
          1.0,
          1.0,
          1.0,
          1.0,
          0.0,
          1.0,
          1.0,
          1.0,
          1.0,
          1.0,
          1.0,
          0.0,
          1.0,
          1.0,
          1.0,
          1.0,
          1.0,
          1.0,
          1.0,
          1.0,
          1.0,
          1.0
        ],
        "metrics": {
          "mae": 0.6071428571428571,
          "mape": 0.0909090909090909,
          "rmse": 0.7791937224739796,
          "smape": 1.119047619047619,
          "rmsse": 0.5180794107133767
        }
      }
    }
  }
}