{
  "series_id": "HOBBIES_1_003_WI_3_validation",
  "run": "run_20260527_162549_305320_002_subset30490_ctx112_h64_losstweedie_ep100_steps60",
  "horizon": [
    1,
    2,
    3,
    4,
    5,
    6,
    7,
    8,
    9,
    10,
    11,
    12,
    13,
    14,
    15,
    16,
    17,
    18,
    19,
    20,
    21,
    22,
    23,
    24,
    25,
    26,
    27,
    28
  ],
  "actuals": [
    0.0,
    1.0,
    0.0,
    0.0,
    0.0,
    0.0,
    0.0,
    0.0,
    0.0,
    0.0,
    0.0,
    0.0,
    0.0,
    0.0,
    0.0,
    0.0,
    0.0,
    0.0,
    0.0,
    0.0,
    0.0,
    0.0,
    0.0,
    0.0,
    0.0,
    0.0,
    0.0,
    0.0
  ],
  "modes": {
    "mean": {
      "raw": {
        "forecast": [
          0.1140757,
          0.101946525,
          0.10369651,
          0.109495535,
          0.12412143,
          0.137047,
          0.13101739,
          0.113215305,
          0.10868856,
          0.11172229,
          0.11846745,
          0.13577497,
          0.1495248,
          0.14288314,
          0.11948198,
          0.113309994,
          0.11998431,
          0.12949038,
          0.13706556,
          0.15904143,
          0.14926934,
          0.12339638,
          0.11616768,
          0.118662335,
          0.1250088,
          0.14050825,
          0.16191763,
          0.15886448
        ],
        "metrics": {
          "mae": 0.1560697175030197,
          "mape": 0.8980534747242928,
          "rmse": 0.2121516853424208,
          "smape": 1.986783578884232,
          "rmsse": 0.5588759636836939
        }
      },
      "rounded": {
        "forecast": [
          0.0,
          0.0,
          0.0,
          0.0,
          0.0,
          0.0,
          0.0,
          0.0,
          0.0,
          0.0,
          0.0,
          0.0,
          0.0,
          0.0,
          0.0,
          0.0,
          0.0,
          0.0,
          0.0,
          0.0,
          0.0,
          0.0,
          0.0,
          0.0,
          0.0,
          0.0,
          0.0,
          0.0
        ],
        "metrics": {
          "mae": 0.0357142857142857,
          "mape": 1.0,
          "rmse": 0.1889822365046136,
          "smape": 0.0714285714285714,
          "rmsse": 0.4978401626889969
        }
      }
    },
    "sample-mean": {
      "raw": {
        "forecast": [
          0.1435454,
          0.09047388,
          0.12843515,
          0.12113182,
          0.13937362,
          0.123887904,
          0.13176993,
          0.14794897,
          0.13165566,
          0.12120587,
          0.14393982,
          0.14427108,
          0.110234715,
          0.13980167,
          0.061553545,
          0.13426024,
          0.13460058,
          0.14170517,
          0.1310288,
          0.16975436,
          0.19010592,
          0.077265754,
          0.11790189,
          0.11054884,
          0.12533174,
          0.0878375,
          0.24447559,
          0.13183479
        ],
        "metrics": {
          "mae": 0.1605333010000842,
          "mape": 0.9095261171460152,
          "rmse": 0.2181981266482258,
          "smape": 1.988147501181885,
          "rmsse": 0.5748042402193457
        }
      },
      "rounded": {
        "forecast": [
          0.0,
          0.0,
          0.0,
          0.0,
          0.0,
          0.0,
          0.0,
          0.0,
          0.0,
          0.0,
          0.0,
          0.0,
          0.0,
          0.0,
          0.0,
          0.0,
          0.0,
          0.0,
          0.0,
          0.0,
          0.0,
          0.0,
          0.0,
          0.0,
          0.0,
          0.0,
          0.0,
          0.0
        ],
        "metrics": {
          "mae": 0.0357142857142857,
          "mape": 1.0,
          "rmse": 0.1889822365046136,
          "smape": 0.0714285714285714,
          "rmsse": 0.4978401626889969
        }
      }
    }
  }
}