{
  "series_id": "HOBBIES_2_148_WI_2_validation",
  "run": "run_20260527_162549_305320_002_subset30490_ctx112_h64_losstweedie_ep100_steps60",
  "horizon": [
    1,
    2,
    3,
    4,
    5,
    6,
    7,
    8,
    9,
    10,
    11,
    12,
    13,
    14,
    15,
    16,
    17,
    18,
    19,
    20,
    21,
    22,
    23,
    24,
    25,
    26,
    27,
    28
  ],
  "actuals": [
    0.0,
    0.0,
    0.0,
    0.0,
    0.0,
    0.0,
    0.0,
    0.0,
    0.0,
    0.0,
    0.0,
    0.0,
    0.0,
    0.0,
    0.0,
    0.0,
    0.0,
    0.0,
    0.0,
    0.0,
    0.0,
    0.0,
    1.0,
    0.0,
    0.0,
    0.0,
    0.0,
    0.0
  ],
  "modes": {
    "mean": {
      "raw": {
        "forecast": [
          0.08652391,
          0.088532045,
          0.09572567,
          0.10125722,
          0.109661125,
          0.11018995,
          0.10661101,
          0.11473773,
          0.12512489,
          0.11617192,
          0.12033676,
          0.1368189,
          0.13397312,
          0.13744149,
          0.130451,
          0.115764946,
          0.12982476,
          0.13331163,
          0.12486493,
          0.14696383,
          0.1453832,
          0.115340695,
          0.11154996,
          0.11333454,
          0.11289158,
          0.11672087,
          0.124618396,
          0.11951569
        ],
        "metrics": {
          "mae": 0.1464479225022452,
          "mape": 0.8884500414133072,
          "rmse": 0.2050849352388921,
          "smape": 1.9856635248407648,
          "rmsse": 0.2974698416959306
        }
      },
      "rounded": {
        "forecast": [
          0.0,
          0.0,
          0.0,
          0.0,
          0.0,
          0.0,
          0.0,
          0.0,
          0.0,
          0.0,
          0.0,
          0.0,
          0.0,
          0.0,
          0.0,
          0.0,
          0.0,
          0.0,
          0.0,
          0.0,
          0.0,
          0.0,
          0.0,
          0.0,
          0.0,
          0.0,
          0.0,
          0.0
        ],
        "metrics": {
          "mae": 0.0357142857142857,
          "mape": 1.0,
          "rmse": 0.1889822365046136,
          "smape": 0.0714285714285714,
          "rmsse": 0.2741133370468524
        }
      }
    },
    "sample-mean": {
      "raw": {
        "forecast": [
          0.10610261,
          0.10309247,
          0.15093498,
          0.13111433,
          0.12281802,
          0.112607285,
          0.06624089,
          0.121883385,
          0.12011405,
          0.08889219,
          0.08255581,
          0.111921005,
          0.10993542,
          0.16031326,
          0.12007012,
          0.0846932,
          0.10357626,
          0.15541965,
          0.093846254,
          0.21374764,
          0.10048835,
          0.12775575,
          0.113149606,
          0.15322164,
          0.14969487,
          0.10742369,
          0.09275011,
          0.15177006
        ],
        "metrics": {
          "mae": 0.1474940603865044,
          "mape": 0.886850394308567,
          "rmse": 0.2071297625446081,
          "smape": 1.985478834738975,
          "rmsse": 0.30043580530617
        }
      },
      "rounded": {
        "forecast": [
          0.0,
          0.0,
          0.0,
          0.0,
          0.0,
          0.0,
          0.0,
          0.0,
          0.0,
          0.0,
          0.0,
          0.0,
          0.0,
          0.0,
          0.0,
          0.0,
          0.0,
          0.0,
          0.0,
          0.0,
          0.0,
          0.0,
          0.0,
          0.0,
          0.0,
          0.0,
          0.0,
          0.0
        ],
        "metrics": {
          "mae": 0.0357142857142857,
          "mape": 1.0,
          "rmse": 0.1889822365046136,
          "smape": 0.0714285714285714,
          "rmsse": 0.2741133370468524
        }
      }
    }
  }
}