{
  "series_id": "HOUSEHOLD_2_302_WI_3_validation",
  "run": "run_20260527_162549_305320_002_subset30490_ctx112_h64_losstweedie_ep100_steps60",
  "horizon": [
    1,
    2,
    3,
    4,
    5,
    6,
    7,
    8,
    9,
    10,
    11,
    12,
    13,
    14,
    15,
    16,
    17,
    18,
    19,
    20,
    21,
    22,
    23,
    24,
    25,
    26,
    27,
    28
  ],
  "actuals": [
    0.0,
    0.0,
    0.0,
    0.0,
    0.0,
    2.0,
    0.0,
    0.0,
    1.0,
    0.0,
    1.0,
    1.0,
    0.0,
    0.0,
    1.0,
    0.0,
    1.0,
    0.0,
    0.0,
    0.0,
    0.0,
    0.0,
    0.0,
    1.0,
    0.0,
    2.0,
    0.0,
    0.0
  ],
  "modes": {
    "mean": {
      "raw": {
        "forecast": [
          0.19188075,
          0.19322516,
          0.21458305,
          0.23908615,
          0.30059206,
          0.31285962,
          0.28813693,
          0.26539633,
          0.2517607,
          0.24312098,
          0.25202408,
          0.30890164,
          0.35512632,
          0.32771397,
          0.26494882,
          0.24017635,
          0.25617412,
          0.27727816,
          0.29018614,
          0.3599818,
          0.33895996,
          0.26083606,
          0.23906125,
          0.24161223,
          0.2510774,
          0.2850568,
          0.34613416,
          0.33046326
        ],
        "metrics": {
          "mae": 0.4778456522950104,
          "mape": 0.7657025270164013,
          "rmse": 0.6166569127787183,
          "smape": 1.78479731064839,
          "rmsse": 0.9384868735836712
        }
      },
      "rounded": {
        "forecast": [
          0.0,
          0.0,
          0.0,
          0.0,
          0.0,
          0.0,
          0.0,
          0.0,
          0.0,
          0.0,
          0.0,
          0.0,
          0.0,
          0.0,
          0.0,
          0.0,
          0.0,
          0.0,
          0.0,
          0.0,
          0.0,
          0.0,
          0.0,
          0.0,
          0.0,
          0.0,
          0.0,
          0.0
        ],
        "metrics": {
          "mae": 0.3571428571428571,
          "mape": 1.0,
          "rmse": 0.7071067811865476,
          "smape": 0.5714285714285714,
          "rmsse": 1.0761420469208407
        }
      }
    },
    "sample-mean": {
      "raw": {
        "forecast": [
          0.17141077,
          0.21272473,
          0.20379415,
          0.32501695,
          0.30397424,
          0.33533666,
          0.3015065,
          0.19041635,
          0.22883272,
          0.20559293,
          0.2453269,
          0.2968347,
          0.342359,
          0.26629433,
          0.22824262,
          0.258847,
          0.23062406,
          0.21047471,
          0.3050021,
          0.24118568,
          0.24138476,
          0.24048823,
          0.17807621,
          0.168253,
          0.22189753,
          0.278523,
          0.32638606,
          0.25541425
        ],
        "metrics": {
          "mae": 0.4639383139354842,
          "mape": 0.7868695184588432,
          "rmse": 0.6145753877713844,
          "smape": 1.800686583924735,
          "rmsse": 0.935319011753312
        }
      },
      "rounded": {
        "forecast": [
          0.0,
          0.0,
          0.0,
          0.0,
          0.0,
          0.0,
          0.0,
          0.0,
          0.0,
          0.0,
          0.0,
          0.0,
          0.0,
          0.0,
          0.0,
          0.0,
          0.0,
          0.0,
          0.0,
          0.0,
          0.0,
          0.0,
          0.0,
          0.0,
          0.0,
          0.0,
          0.0,
          0.0
        ],
        "metrics": {
          "mae": 0.3571428571428571,
          "mape": 1.0,
          "rmse": 0.7071067811865476,
          "smape": 0.5714285714285714,
          "rmsse": 1.0761420469208407
        }
      }
    }
  }
}