{
  "series_id": "HOUSEHOLD_2_125_WI_2_validation",
  "run": "run_20260527_162549_305320_002_subset30490_ctx112_h64_losstweedie_ep100_steps60",
  "horizon": [
    1,
    2,
    3,
    4,
    5,
    6,
    7,
    8,
    9,
    10,
    11,
    12,
    13,
    14,
    15,
    16,
    17,
    18,
    19,
    20,
    21,
    22,
    23,
    24,
    25,
    26,
    27,
    28
  ],
  "actuals": [
    1.0,
    0.0,
    0.0,
    0.0,
    1.0,
    1.0,
    0.0,
    1.0,
    2.0,
    1.0,
    1.0,
    0.0,
    0.0,
    0.0,
    0.0,
    0.0,
    0.0,
    0.0,
    1.0,
    0.0,
    2.0,
    0.0,
    0.0,
    0.0,
    0.0,
    0.0,
    0.0,
    0.0
  ],
  "modes": {
    "mean": {
      "raw": {
        "forecast": [
          0.015351822,
          0.015849678,
          0.020482378,
          0.025576057,
          0.029681696,
          0.02854246,
          0.024418142,
          0.02187368,
          0.023706265,
          0.028656488,
          0.032581944,
          0.038274124,
          0.039114125,
          0.03389844,
          0.029312175,
          0.02889072,
          0.035366975,
          0.041651715,
          0.042254936,
          0.044178594,
          0.03886037,
          0.031417124,
          0.03041832,
          0.03469509,
          0.038917225,
          0.041752037,
          0.043690946,
          0.03818877
        ],
        "metrics": {
          "mae": 0.4062351060565561,
          "mape": 0.9744192950634492,
          "rmse": 0.7166996550835042,
          "smape": 1.9680243346229216,
          "rmsse": 1.273308460933218
        }
      },
      "rounded": {
        "forecast": [
          0.0,
          0.0,
          0.0,
          0.0,
          0.0,
          0.0,
          0.0,
          0.0,
          0.0,
          0.0,
          0.0,
          0.0,
          0.0,
          0.0,
          0.0,
          0.0,
          0.0,
          0.0,
          0.0,
          0.0,
          0.0,
          0.0,
          0.0,
          0.0,
          0.0,
          0.0,
          0.0,
          0.0
        ],
        "metrics": {
          "mae": 0.3928571428571428,
          "mape": 1.0,
          "rmse": 0.7319250547113999,
          "smape": 0.6428571428571429,
          "rmsse": 1.3003583276797426
        }
      }
    },
    "sample-mean": {
      "raw": {
        "forecast": [
          0.005177635,
          0.020275678,
          0.017410688,
          0.02560689,
          0.04343539,
          0.045303095,
          0.02960641,
          0.01678203,
          0.038337667,
          0.028163806,
          0.03123263,
          0.02963054,
          0.03699233,
          0.045643836,
          0.0420819,
          0.048037548,
          0.04823256,
          0.033977672,
          0.07146634,
          0.0647572,
          0.065781005,
          0.07404366,
          0.05343846,
          0.0683869,
          0.07136437,
          0.057399172,
          0.06486346,
          0.0908403
        ],
        "metrics": {
          "mae": 0.4134610704079802,
          "mape": 0.9673755261012248,
          "rmse": 0.7113747932691712,
          "smape": 1.959763851785644,
          "rmsse": 1.263848163926795
        }
      },
      "rounded": {
        "forecast": [
          0.0,
          0.0,
          0.0,
          0.0,
          0.0,
          0.0,
          0.0,
          0.0,
          0.0,
          0.0,
          0.0,
          0.0,
          0.0,
          0.0,
          0.0,
          0.0,
          0.0,
          0.0,
          0.0,
          0.0,
          0.0,
          0.0,
          0.0,
          0.0,
          0.0,
          0.0,
          0.0,
          0.0
        ],
        "metrics": {
          "mae": 0.3928571428571428,
          "mape": 1.0,
          "rmse": 0.7319250547113999,
          "smape": 0.6428571428571429,
          "rmsse": 1.3003583276797426
        }
      }
    }
  }
}