{
  "series_id": "HOUSEHOLD_1_134_CA_2_validation",
  "run": "run_20260527_162549_305320_002_subset30490_ctx112_h64_losstweedie_ep100_steps60",
  "horizon": [
    1,
    2,
    3,
    4,
    5,
    6,
    7,
    8,
    9,
    10,
    11,
    12,
    13,
    14,
    15,
    16,
    17,
    18,
    19,
    20,
    21,
    22,
    23,
    24,
    25,
    26,
    27,
    28
  ],
  "actuals": [
    1.0,
    0.0,
    0.0,
    0.0,
    1.0,
    3.0,
    0.0,
    0.0,
    1.0,
    0.0,
    0.0,
    0.0,
    2.0,
    0.0,
    1.0,
    2.0,
    0.0,
    0.0,
    0.0,
    1.0,
    0.0,
    0.0,
    0.0,
    1.0,
    2.0,
    1.0,
    0.0,
    1.0
  ],
  "modes": {
    "mean": {
      "raw": {
        "forecast": [
          0.35350457,
          0.33320123,
          0.3535875,
          0.3761386,
          0.46620497,
          0.6088038,
          0.57888573,
          0.44511738,
          0.41245353,
          0.40898237,
          0.40857515,
          0.49910975,
          0.71101534,
          0.6026098,
          0.45679787,
          0.4232176,
          0.40350533,
          0.4133357,
          0.5233326,
          0.69704556,
          0.680417,
          0.4599003,
          0.4125204,
          0.4210879,
          0.43313667,
          0.5301327,
          0.75053793,
          0.6951248
        ],
        "metrics": {
          "mae": 0.6586154092635427,
          "mape": 0.5817523900833396,
          "rmse": 0.8079323818361968,
          "smape": 1.50972226468939,
          "rmsse": 0.941709793019894
        }
      },
      "rounded": {
        "forecast": [
          0.0,
          0.0,
          0.0,
          0.0,
          0.0,
          1.0,
          1.0,
          0.0,
          0.0,
          0.0,
          0.0,
          0.0,
          1.0,
          1.0,
          0.0,
          0.0,
          0.0,
          0.0,
          1.0,
          1.0,
          1.0,
          0.0,
          0.0,
          0.0,
          0.0,
          1.0,
          1.0,
          1.0
        ],
        "metrics": {
          "mae": 0.6071428571428571,
          "mape": 0.6805555555555555,
          "rmse": 0.9063269671749656,
          "smape": 0.9166666666666666,
          "rmsse": 1.0563965498287533
        }
      }
    },
    "sample-mean": {
      "raw": {
        "forecast": [
          0.3601114,
          0.27052835,
          0.32424378,
          0.36145583,
          0.5169689,
          0.49758244,
          0.59670615,
          0.3849386,
          0.30088237,
          0.39699775,
          0.43559852,
          0.4008897,
          0.7322247,
          0.57531565,
          0.45316446,
          0.398545,
          0.37198833,
          0.36556953,
          0.5858741,
          0.60529596,
          0.5520771,
          0.46229258,
          0.3105711,
          0.43951553,
          0.5094195,
          0.55384254,
          0.6020345,
          0.6870662
        ],
        "metrics": {
          "mae": 0.6408022354756083,
          "mape": 0.5914331032998033,
          "rmse": 0.8039690298080487,
          "smape": 1.5179725850877173,
          "rmsse": 0.9370901893228498
        }
      },
      "rounded": {
        "forecast": [
          0.0,
          0.0,
          0.0,
          0.0,
          1.0,
          0.0,
          1.0,
          0.0,
          0.0,
          0.0,
          0.0,
          0.0,
          1.0,
          1.0,
          0.0,
          0.0,
          0.0,
          0.0,
          1.0,
          1.0,
          1.0,
          0.0,
          0.0,
          0.0,
          1.0,
          1.0,
          1.0,
          1.0
        ],
        "metrics": {
          "mae": 0.5714285714285714,
          "mape": 0.5833333333333334,
          "rmse": 0.9258200997725514,
          "smape": 0.8333333333333333,
          "rmsse": 1.0791173545352832
        }
      }
    }
  }
}