{
  "series_id": "HOUSEHOLD_2_379_WI_3_validation",
  "run": "run_20260527_162549_305320_002_subset30490_ctx112_h64_losstweedie_ep100_steps60",
  "horizon": [
    1,
    2,
    3,
    4,
    5,
    6,
    7,
    8,
    9,
    10,
    11,
    12,
    13,
    14,
    15,
    16,
    17,
    18,
    19,
    20,
    21,
    22,
    23,
    24,
    25,
    26,
    27,
    28
  ],
  "actuals": [
    0.0,
    0.0,
    0.0,
    0.0,
    0.0,
    0.0,
    0.0,
    0.0,
    0.0,
    0.0,
    0.0,
    0.0,
    0.0,
    0.0,
    0.0,
    0.0,
    0.0,
    0.0,
    0.0,
    0.0,
    0.0,
    0.0,
    0.0,
    0.0,
    0.0,
    0.0,
    0.0,
    1.0
  ],
  "modes": {
    "mean": {
      "raw": {
        "forecast": [
          0.10617238,
          0.103358805,
          0.1074533,
          0.111702114,
          0.12811147,
          0.13138446,
          0.12515758,
          0.11799032,
          0.115012854,
          0.11320137,
          0.11497873,
          0.134769,
          0.14808978,
          0.13714182,
          0.11826462,
          0.11025247,
          0.11721034,
          0.121870235,
          0.12701222,
          0.15271802,
          0.14464474,
          0.11522793,
          0.1101302,
          0.11259304,
          0.117651924,
          0.12880507,
          0.15020919,
          0.14180477
        ],
        "metrics": {
          "mae": 0.1492610438061612,
          "mape": 0.8581952303647995,
          "rmse": 0.2026689034213539,
          "smape": 1.982258066551892,
          "rmsse": 0.4953968311914998
        }
      },
      "rounded": {
        "forecast": [
          0.0,
          0.0,
          0.0,
          0.0,
          0.0,
          0.0,
          0.0,
          0.0,
          0.0,
          0.0,
          0.0,
          0.0,
          0.0,
          0.0,
          0.0,
          0.0,
          0.0,
          0.0,
          0.0,
          0.0,
          0.0,
          0.0,
          0.0,
          0.0,
          0.0,
          0.0,
          0.0,
          0.0
        ],
        "metrics": {
          "mae": 0.0357142857142857,
          "mape": 1.0,
          "rmse": 0.1889822365046136,
          "smape": 0.0714285714285714,
          "rmsse": 0.4619416177588293
        }
      }
    },
    "sample-mean": {
      "raw": {
        "forecast": [
          0.0796089,
          0.10512631,
          0.1277529,
          0.096709125,
          0.13320236,
          0.13264804,
          0.106701076,
          0.1295599,
          0.073135026,
          0.11040391,
          0.14782946,
          0.08461203,
          0.089993656,
          0.15040211,
          0.11335306,
          0.088756025,
          0.05029998,
          0.10170392,
          0.1328899,
          0.13400756,
          0.13608243,
          0.13550667,
          0.08785509,
          0.074658334,
          0.066634215,
          0.12397286,
          0.15298432,
          0.1351217
        ],
        "metrics": {
          "mae": 0.1368309807564531,
          "mape": 0.8648782968521118,
          "rmse": 0.1977065818954636,
          "smape": 1.9829946864762011,
          "rmsse": 0.4832671047372716
        }
      },
      "rounded": {
        "forecast": [
          0.0,
          0.0,
          0.0,
          0.0,
          0.0,
          0.0,
          0.0,
          0.0,
          0.0,
          0.0,
          0.0,
          0.0,
          0.0,
          0.0,
          0.0,
          0.0,
          0.0,
          0.0,
          0.0,
          0.0,
          0.0,
          0.0,
          0.0,
          0.0,
          0.0,
          0.0,
          0.0,
          0.0
        ],
        "metrics": {
          "mae": 0.0357142857142857,
          "mape": 1.0,
          "rmse": 0.1889822365046136,
          "smape": 0.0714285714285714,
          "rmsse": 0.4619416177588293
        }
      }
    }
  }
}