{
  "series_id": "HOUSEHOLD_2_227_CA_2_validation",
  "run": "run_20260527_162549_305320_002_subset30490_ctx112_h64_losstweedie_ep100_steps60",
  "horizon": [
    1,
    2,
    3,
    4,
    5,
    6,
    7,
    8,
    9,
    10,
    11,
    12,
    13,
    14,
    15,
    16,
    17,
    18,
    19,
    20,
    21,
    22,
    23,
    24,
    25,
    26,
    27,
    28
  ],
  "actuals": [
    0.0,
    1.0,
    0.0,
    2.0,
    1.0,
    1.0,
    0.0,
    0.0,
    0.0,
    0.0,
    0.0,
    0.0,
    0.0,
    0.0,
    1.0,
    0.0,
    0.0,
    2.0,
    0.0,
    3.0,
    1.0,
    0.0,
    0.0,
    0.0,
    0.0,
    1.0,
    1.0,
    1.0
  ],
  "modes": {
    "mean": {
      "raw": {
        "forecast": [
          0.20986421,
          0.1952666,
          0.20133749,
          0.21679336,
          0.27883947,
          0.33866054,
          0.32492676,
          0.25173143,
          0.23243937,
          0.2321985,
          0.22756976,
          0.28947192,
          0.384798,
          0.33300847,
          0.2503637,
          0.23192745,
          0.22679357,
          0.23597716,
          0.29456967,
          0.3975646,
          0.37012923,
          0.26756307,
          0.23763745,
          0.23434794,
          0.2437302,
          0.30430284,
          0.40932173,
          0.3796574
        ],
        "metrics": {
          "mae": 0.5731085235519069,
          "mape": 0.7376865191441593,
          "rmse": 0.8025878008373131,
          "smape": 1.6822797400042886,
          "rmsse": 1.1874512142913192
        }
      },
      "rounded": {
        "forecast": [
          0.0,
          0.0,
          0.0,
          0.0,
          0.0,
          0.0,
          0.0,
          0.0,
          0.0,
          0.0,
          0.0,
          0.0,
          0.0,
          0.0,
          0.0,
          0.0,
          0.0,
          0.0,
          0.0,
          0.0,
          0.0,
          0.0,
          0.0,
          0.0,
          0.0,
          0.0,
          0.0,
          0.0
        ],
        "metrics": {
          "mae": 0.5357142857142857,
          "mape": 1.0,
          "rmse": 0.944911182523068,
          "smape": 0.7857142857142857,
          "rmsse": 1.398022658597453
        }
      }
    },
    "sample-mean": {
      "raw": {
        "forecast": [
          0.2386713,
          0.22216305,
          0.1709289,
          0.18860216,
          0.28940687,
          0.4321924,
          0.27682987,
          0.19046462,
          0.18476893,
          0.18015793,
          0.21151382,
          0.24491093,
          0.32789612,
          0.39174834,
          0.22611828,
          0.1728639,
          0.1484964,
          0.23125817,
          0.22046898,
          0.3832734,
          0.36611232,
          0.20316242,
          0.23228645,
          0.28393632,
          0.18741617,
          0.31483027,
          0.3961768,
          0.3361584
        ],
        "metrics": {
          "mae": 0.5528653322585991,
          "mape": 0.7344685160752499,
          "rmse": 0.7997232910172115,
          "smape": 1.6802420588707598,
          "rmsse": 1.1832130914832222
        }
      },
      "rounded": {
        "forecast": [
          0.0,
          0.0,
          0.0,
          0.0,
          0.0,
          0.0,
          0.0,
          0.0,
          0.0,
          0.0,
          0.0,
          0.0,
          0.0,
          0.0,
          0.0,
          0.0,
          0.0,
          0.0,
          0.0,
          0.0,
          0.0,
          0.0,
          0.0,
          0.0,
          0.0,
          0.0,
          0.0,
          0.0
        ],
        "metrics": {
          "mae": 0.5357142857142857,
          "mape": 1.0,
          "rmse": 0.944911182523068,
          "smape": 0.7857142857142857,
          "rmsse": 1.398022658597453
        }
      }
    }
  }
}