{
  "series_id": "HOUSEHOLD_2_459_CA_4_validation",
  "run": "run_20260527_162549_305320_002_subset30490_ctx112_h64_losstweedie_ep100_steps60",
  "horizon": [
    1,
    2,
    3,
    4,
    5,
    6,
    7,
    8,
    9,
    10,
    11,
    12,
    13,
    14,
    15,
    16,
    17,
    18,
    19,
    20,
    21,
    22,
    23,
    24,
    25,
    26,
    27,
    28
  ],
  "actuals": [
    0.0,
    0.0,
    0.0,
    0.0,
    1.0,
    0.0,
    0.0,
    0.0,
    0.0,
    0.0,
    0.0,
    1.0,
    1.0,
    0.0,
    0.0,
    0.0,
    0.0,
    0.0,
    0.0,
    1.0,
    0.0,
    0.0,
    0.0,
    0.0,
    0.0,
    2.0,
    0.0,
    1.0
  ],
  "modes": {
    "mean": {
      "raw": {
        "forecast": [
          0.2230008,
          0.22629514,
          0.23055986,
          0.23727348,
          0.26285028,
          0.28075886,
          0.2973967,
          0.28136018,
          0.2681896,
          0.26417074,
          0.25082272,
          0.27900532,
          0.326419,
          0.31365967,
          0.2836539,
          0.26893926,
          0.25771728,
          0.25222534,
          0.27100345,
          0.3323244,
          0.34403804,
          0.28940845,
          0.26613063,
          0.25737157,
          0.2567663,
          0.27885455,
          0.33409184,
          0.34011954
        ],
        "metrics": {
          "mae": 0.3976878821849823,
          "mape": 0.7199756999810537,
          "rmse": 0.4997621736802812,
          "smape": 1.8145758027555572,
          "rmsse": 0.8028056172631962
        }
      },
      "rounded": {
        "forecast": [
          0.0,
          0.0,
          0.0,
          0.0,
          0.0,
          0.0,
          0.0,
          0.0,
          0.0,
          0.0,
          0.0,
          0.0,
          0.0,
          0.0,
          0.0,
          0.0,
          0.0,
          0.0,
          0.0,
          0.0,
          0.0,
          0.0,
          0.0,
          0.0,
          0.0,
          0.0,
          0.0,
          0.0
        ],
        "metrics": {
          "mae": 0.25,
          "mape": 1.0,
          "rmse": 0.5669467095138409,
          "smape": 0.4285714285714285,
          "rmsse": 0.9107291969195216
        }
      }
    },
    "sample-mean": {
      "raw": {
        "forecast": [
          0.18745415,
          0.26747873,
          0.17419279,
          0.1698439,
          0.18886915,
          0.21785273,
          0.25004566,
          0.23136684,
          0.27391428,
          0.20772596,
          0.20167166,
          0.29223755,
          0.28332973,
          0.27144387,
          0.28423098,
          0.20808242,
          0.22983082,
          0.2259909,
          0.24560763,
          0.38049722,
          0.21039473,
          0.31240058,
          0.2021496,
          0.21378858,
          0.25516868,
          0.20073748,
          0.22750656,
          0.33374178
        ],
        "metrics": {
          "mae": 0.3710260407200881,
          "mape": 0.7368259727954865,
          "rmse": 0.497602440423683,
          "smape": 1.8253061756941595,
          "rmsse": 0.7993362750810558
        }
      },
      "rounded": {
        "forecast": [
          0.0,
          0.0,
          0.0,
          0.0,
          0.0,
          0.0,
          0.0,
          0.0,
          0.0,
          0.0,
          0.0,
          0.0,
          0.0,
          0.0,
          0.0,
          0.0,
          0.0,
          0.0,
          0.0,
          0.0,
          0.0,
          0.0,
          0.0,
          0.0,
          0.0,
          0.0,
          0.0,
          0.0
        ],
        "metrics": {
          "mae": 0.25,
          "mape": 1.0,
          "rmse": 0.5669467095138409,
          "smape": 0.4285714285714285,
          "rmsse": 0.9107291969195216
        }
      }
    }
  }
}