{
  "series_id": "HOUSEHOLD_2_020_CA_4_validation",
  "run": "run_20260527_162549_305320_002_subset30490_ctx112_h64_losstweedie_ep100_steps60",
  "horizon": [
    1,
    2,
    3,
    4,
    5,
    6,
    7,
    8,
    9,
    10,
    11,
    12,
    13,
    14,
    15,
    16,
    17,
    18,
    19,
    20,
    21,
    22,
    23,
    24,
    25,
    26,
    27,
    28
  ],
  "actuals": [
    0.0,
    0.0,
    0.0,
    0.0,
    0.0,
    1.0,
    0.0,
    0.0,
    0.0,
    0.0,
    0.0,
    0.0,
    0.0,
    1.0,
    2.0,
    0.0,
    0.0,
    0.0,
    0.0,
    0.0,
    0.0,
    0.0,
    0.0,
    0.0,
    0.0,
    0.0,
    1.0,
    0.0
  ],
  "modes": {
    "mean": {
      "raw": {
        "forecast": [
          0.24779274,
          0.22769433,
          0.22924119,
          0.22974646,
          0.24499254,
          0.2668008,
          0.29847562,
          0.27119648,
          0.2548484,
          0.25079188,
          0.24519053,
          0.26791713,
          0.31514257,
          0.3121598,
          0.26910254,
          0.25267255,
          0.24234192,
          0.24055684,
          0.25682265,
          0.3081964,
          0.3211181,
          0.27350816,
          0.2529854,
          0.2505636,
          0.24451056,
          0.2589081,
          0.3106042,
          0.33091432
        ],
        "metrics": {
          "mae": 0.3627664665026324,
          "mape": 0.7439709790050983,
          "rmse": 0.4692199533633879,
          "smape": 1.8851292835306857,
          "rmsse": 0.8783276474292381
        }
      },
      "rounded": {
        "forecast": [
          0.0,
          0.0,
          0.0,
          0.0,
          0.0,
          0.0,
          0.0,
          0.0,
          0.0,
          0.0,
          0.0,
          0.0,
          0.0,
          0.0,
          0.0,
          0.0,
          0.0,
          0.0,
          0.0,
          0.0,
          0.0,
          0.0,
          0.0,
          0.0,
          0.0,
          0.0,
          0.0,
          0.0
        ],
        "metrics": {
          "mae": 0.1785714285714285,
          "mape": 1.0,
          "rmse": 0.5,
          "smape": 0.2857142857142857,
          "rmsse": 0.9359444767143312
        }
      }
    },
    "sample-mean": {
      "raw": {
        "forecast": [
          0.24539393,
          0.18381679,
          0.1593078,
          0.23353367,
          0.21259399,
          0.30025262,
          0.24544968,
          0.29011458,
          0.21427721,
          0.23851489,
          0.27205867,
          0.2607206,
          0.36800316,
          0.27026013,
          0.26516914,
          0.27159443,
          0.19938464,
          0.23121364,
          0.19944163,
          0.3145783,
          0.25494307,
          0.21501338,
          0.1664014,
          0.21119924,
          0.19168085,
          0.25768453,
          0.2853388,
          0.2504399
        ],
        "metrics": {
          "mae": 0.3416549754994256,
          "mape": 0.7528909742832184,
          "rmse": 0.4606438512493017,
          "smape": 1.8881804170816203,
          "rmsse": 0.8622741366184039
        }
      },
      "rounded": {
        "forecast": [
          0.0,
          0.0,
          0.0,
          0.0,
          0.0,
          0.0,
          0.0,
          0.0,
          0.0,
          0.0,
          0.0,
          0.0,
          0.0,
          0.0,
          0.0,
          0.0,
          0.0,
          0.0,
          0.0,
          0.0,
          0.0,
          0.0,
          0.0,
          0.0,
          0.0,
          0.0,
          0.0,
          0.0
        ],
        "metrics": {
          "mae": 0.1785714285714285,
          "mape": 1.0,
          "rmse": 0.5,
          "smape": 0.2857142857142857,
          "rmsse": 0.9359444767143312
        }
      }
    }
  }
}