{
  "series_id": "HOUSEHOLD_1_044_TX_2_validation",
  "run": "run_20260527_162549_305320_002_subset30490_ctx112_h64_losstweedie_ep100_steps60",
  "horizon": [
    1,
    2,
    3,
    4,
    5,
    6,
    7,
    8,
    9,
    10,
    11,
    12,
    13,
    14,
    15,
    16,
    17,
    18,
    19,
    20,
    21,
    22,
    23,
    24,
    25,
    26,
    27,
    28
  ],
  "actuals": [
    0.0,
    0.0,
    1.0,
    1.0,
    0.0,
    1.0,
    1.0,
    0.0,
    1.0,
    1.0,
    0.0,
    1.0,
    1.0,
    3.0,
    0.0,
    1.0,
    2.0,
    0.0,
    0.0,
    0.0,
    2.0,
    1.0,
    1.0,
    1.0,
    3.0,
    2.0,
    1.0,
    2.0
  ],
  "modes": {
    "mean": {
      "raw": {
        "forecast": [
          0.7195737,
          0.66483146,
          0.6518623,
          0.6482181,
          0.7596075,
          0.85208803,
          0.8862911,
          0.74651444,
          0.7099562,
          0.6649912,
          0.66155964,
          0.76755553,
          0.98414224,
          0.9114464,
          0.77896863,
          0.69782794,
          0.696348,
          0.704753,
          0.786523,
          0.95355207,
          1.002494,
          0.7892604,
          0.69405204,
          0.6735265,
          0.6792248,
          0.77325356,
          0.9837837,
          1.0195322
        ],
        "metrics": {
          "mae": 0.6675010387386594,
          "mape": 0.3537056336277409,
          "rmse": 0.8647554639002714,
          "smape": 0.9644127816878504,
          "rmsse": 0.6610639063323328
        }
      },
      "rounded": {
        "forecast": [
          1.0,
          1.0,
          1.0,
          1.0,
          1.0,
          1.0,
          1.0,
          1.0,
          1.0,
          1.0,
          1.0,
          1.0,
          1.0,
          1.0,
          1.0,
          1.0,
          1.0,
          1.0,
          1.0,
          1.0,
          1.0,
          1.0,
          1.0,
          1.0,
          1.0,
          1.0,
          1.0,
          1.0
        ],
        "metrics": {
          "mae": 0.6071428571428571,
          "mape": 0.175438596491228,
          "rmse": 0.8660254037844386,
          "smape": 0.8095238095238095,
          "rmsse": 0.6620347142146542
        }
      }
    },
    "sample-mean": {
      "raw": {
        "forecast": [
          0.71578145,
          0.5684162,
          0.61108315,
          0.4931695,
          0.6994187,
          0.83198416,
          0.8274757,
          0.725832,
          0.7416408,
          0.60672104,
          0.6412236,
          0.7904172,
          0.89819014,
          0.94848245,
          0.9149838,
          0.5588551,
          0.5758503,
          0.69197905,
          0.69770914,
          0.8397219,
          0.86642045,
          0.7479951,
          0.61933905,
          0.6050055,
          0.72730345,
          0.68380374,
          0.87542206,
          1.1195987
        ],
        "metrics": {
          "mae": 0.6916538647242955,
          "mape": 0.400593134917711,
          "rmse": 0.8718113183874793,
          "smape": 1.011130404725801,
          "rmsse": 0.666457767284409
        }
      },
      "rounded": {
        "forecast": [
          1.0,
          1.0,
          1.0,
          0.0,
          1.0,
          1.0,
          1.0,
          1.0,
          1.0,
          1.0,
          1.0,
          1.0,
          1.0,
          1.0,
          1.0,
          1.0,
          1.0,
          1.0,
          1.0,
          1.0,
          1.0,
          1.0,
          1.0,
          1.0,
          1.0,
          1.0,
          1.0,
          1.0
        ],
        "metrics": {
          "mae": 0.6428571428571429,
          "mape": 0.2280701754385964,
          "rmse": 0.8864052604279183,
          "smape": 0.880952380952381,
          "rmsse": 0.6776141331436398
        }
      }
    }
  }
}