{
  "series_id": "HOUSEHOLD_1_370_TX_2_validation",
  "run": "run_20260527_162549_305320_002_subset30490_ctx112_h64_losstweedie_ep100_steps60",
  "horizon": [
    1,
    2,
    3,
    4,
    5,
    6,
    7,
    8,
    9,
    10,
    11,
    12,
    13,
    14,
    15,
    16,
    17,
    18,
    19,
    20,
    21,
    22,
    23,
    24,
    25,
    26,
    27,
    28
  ],
  "actuals": [
    3.0,
    1.0,
    0.0,
    2.0,
    1.0,
    1.0,
    2.0,
    1.0,
    0.0,
    1.0,
    3.0,
    2.0,
    2.0,
    1.0,
    2.0,
    0.0,
    1.0,
    0.0,
    0.0,
    3.0,
    2.0,
    1.0,
    1.0,
    1.0,
    2.0,
    1.0,
    1.0,
    0.0
  ],
  "modes": {
    "mean": {
      "raw": {
        "forecast": [
          1.1153427,
          0.8771851,
          0.8868505,
          0.9255629,
          1.0962762,
          1.4055171,
          1.6041434,
          1.1766193,
          1.1093256,
          1.0201323,
          1.0301431,
          1.2457893,
          1.6371412,
          1.4672583,
          1.2427272,
          1.0654854,
          1.1153271,
          1.1370997,
          1.3321787,
          1.6518059,
          1.723852,
          1.2306762,
          1.0774673,
          1.0441059,
          1.060773,
          1.2395421,
          1.7052156,
          1.8351945
        ],
        "metrics": {
          "mae": 0.7082073539495468,
          "mape": 0.3052360844431501,
          "rmse": 0.9151361498981436,
          "smape": 0.7003712735069335,
          "rmsse": 0.5740585711884825
        }
      },
      "rounded": {
        "forecast": [
          1.0,
          1.0,
          1.0,
          1.0,
          1.0,
          1.0,
          2.0,
          1.0,
          1.0,
          1.0,
          1.0,
          1.0,
          2.0,
          1.0,
          1.0,
          1.0,
          1.0,
          1.0,
          1.0,
          2.0,
          2.0,
          1.0,
          1.0,
          1.0,
          1.0,
          1.0,
          2.0,
          2.0
        ],
        "metrics": {
          "mae": 0.6071428571428571,
          "mape": 0.2121212121212121,
          "rmse": 0.9063269671749656,
          "smape": 0.6333333333333334,
          "rmsse": 0.5685326318536975
        }
      }
    },
    "sample-mean": {
      "raw": {
        "forecast": [
          1.1996223,
          0.82988465,
          0.82915574,
          0.9603868,
          0.9667242,
          1.1482978,
          1.3999759,
          1.0106359,
          0.8866338,
          0.86109835,
          0.96674067,
          1.099176,
          1.1905237,
          1.3530539,
          0.9360979,
          0.85018384,
          1.086954,
          0.8673703,
          1.133747,
          1.5083994,
          1.4489442,
          1.2108335,
          1.1028004,
          0.8407841,
          0.9310554,
          0.9427303,
          1.337095,
          1.6232179
        ],
        "metrics": {
          "mae": 0.6913512562002454,
          "mape": 0.3000203687133211,
          "rmse": 0.8935491996052503,
          "smape": 0.720427663857959,
          "rmsse": 0.5605172267198649
        }
      },
      "rounded": {
        "forecast": [
          1.0,
          1.0,
          1.0,
          1.0,
          1.0,
          1.0,
          1.0,
          1.0,
          1.0,
          1.0,
          1.0,
          1.0,
          1.0,
          1.0,
          1.0,
          1.0,
          1.0,
          1.0,
          1.0,
          2.0,
          1.0,
          1.0,
          1.0,
          1.0,
          1.0,
          1.0,
          1.0,
          2.0
        ],
        "metrics": {
          "mae": 0.6785714285714286,
          "mape": 0.2348484848484848,
          "rmse": 0.944911182523068,
          "smape": 0.680952380952381,
          "rmsse": 0.5927362430165017
        }
      }
    }
  }
}