{
  "series_id": "HOUSEHOLD_1_441_CA_1_validation",
  "run": "run_20260527_162549_305320_002_subset30490_ctx112_h64_losstweedie_ep100_steps60",
  "horizon": [
    1,
    2,
    3,
    4,
    5,
    6,
    7,
    8,
    9,
    10,
    11,
    12,
    13,
    14,
    15,
    16,
    17,
    18,
    19,
    20,
    21,
    22,
    23,
    24,
    25,
    26,
    27,
    28
  ],
  "actuals": [
    9.0,
    11.0,
    2.0,
    3.0,
    4.0,
    6.0,
    12.0,
    2.0,
    7.0,
    5.0,
    3.0,
    4.0,
    8.0,
    4.0,
    4.0,
    9.0,
    4.0,
    1.0,
    3.0,
    8.0,
    6.0,
    3.0,
    7.0,
    4.0,
    3.0,
    4.0,
    9.0,
    6.0
  ],
  "modes": {
    "mean": {
      "raw": {
        "forecast": [
          4.41563,
          4.228103,
          4.1123443,
          4.1771398,
          4.784776,
          5.593729,
          5.9940324,
          4.978521,
          4.695551,
          4.647975,
          4.531161,
          5.264436,
          6.6538835,
          6.2620554,
          5.1541924,
          5.0595036,
          4.686052,
          4.6850452,
          5.4102015,
          7.1772184,
          7.3301907,
          5.331051,
          4.896102,
          4.80444,
          4.8860493,
          5.5642653,
          7.3552604,
          7.430163
        ],
        "metrics": {
          "mae": 2.1312533957617625,
          "mape": 0.5434832824422905,
          "rmse": 2.640216008825824,
          "smape": 0.4141784878554772,
          "rmsse": 0.6066548862998252
        }
      },
      "rounded": {
        "forecast": [
          4.0,
          4.0,
          4.0,
          4.0,
          5.0,
          6.0,
          6.0,
          5.0,
          5.0,
          5.0,
          5.0,
          5.0,
          7.0,
          6.0,
          5.0,
          5.0,
          5.0,
          5.0,
          5.0,
          7.0,
          7.0,
          5.0,
          5.0,
          5.0,
          5.0,
          6.0,
          7.0,
          7.0
        ],
        "metrics": {
          "mae": 2.107142857142857,
          "mape": 0.5451195629767057,
          "rmse": 2.679285619073008,
          "smape": 0.4102019012733298,
          "rmsse": 0.6156320949384564
        }
      }
    },
    "sample-mean": {
      "raw": {
        "forecast": [
          4.659938,
          5.112921,
          4.3427434,
          4.1924095,
          5.3866854,
          5.441155,
          6.1086287,
          4.806686,
          4.6917543,
          5.0125093,
          4.575731,
          4.921279,
          6.3953466,
          6.277279,
          4.874669,
          4.827981,
          4.524635,
          4.327704,
          5.5521364,
          6.8892827,
          6.4823604,
          5.4457383,
          4.681532,
          4.542917,
          4.6907125,
          4.9860125,
          7.0847697,
          6.922671
        ],
        "metrics": {
          "mae": 2.034698878015791,
          "mape": 0.5159982844588192,
          "rmse": 2.5294484977208387,
          "smape": 0.3975139761540744,
          "rmsse": 0.5812033127806592
        }
      },
      "rounded": {
        "forecast": [
          5.0,
          5.0,
          4.0,
          4.0,
          5.0,
          5.0,
          6.0,
          5.0,
          5.0,
          5.0,
          5.0,
          5.0,
          6.0,
          6.0,
          5.0,
          5.0,
          5.0,
          4.0,
          6.0,
          7.0,
          6.0,
          5.0,
          5.0,
          5.0,
          5.0,
          5.0,
          7.0,
          7.0
        ],
        "metrics": {
          "mae": 2.0357142857142856,
          "mape": 0.509630746237889,
          "rmse": 2.5142451295425774,
          "smape": 0.3978723657295084,
          "rmsse": 0.5777099631597471
        }
      }
    }
  }
}