{
  "series_id": "HOUSEHOLD_1_161_WI_3_validation",
  "run": "run_20260527_162549_305320_002_subset30490_ctx112_h64_losstweedie_ep100_steps60",
  "horizon": [
    1,
    2,
    3,
    4,
    5,
    6,
    7,
    8,
    9,
    10,
    11,
    12,
    13,
    14,
    15,
    16,
    17,
    18,
    19,
    20,
    21,
    22,
    23,
    24,
    25,
    26,
    27,
    28
  ],
  "actuals": [
    1.0,
    1.0,
    0.0,
    1.0,
    0.0,
    0.0,
    1.0,
    1.0,
    0.0,
    0.0,
    0.0,
    0.0,
    0.0,
    1.0,
    0.0,
    0.0,
    0.0,
    1.0,
    1.0,
    1.0,
    1.0,
    0.0,
    0.0,
    0.0,
    0.0,
    0.0,
    0.0,
    1.0
  ],
  "modes": {
    "mean": {
      "raw": {
        "forecast": [
          0.53030574,
          0.48023129,
          0.4885669,
          0.5130334,
          0.6362126,
          0.80060303,
          0.77259016,
          0.643776,
          0.61456966,
          0.5814541,
          0.60756934,
          0.72415864,
          0.8622788,
          0.84348667,
          0.6684059,
          0.59759873,
          0.6379072,
          0.66609305,
          0.7034739,
          0.9125622,
          0.8460415,
          0.6382724,
          0.6051852,
          0.601151,
          0.6079329,
          0.729714,
          0.9652501,
          0.89615047
        ],
        "metrics": {
          "mae": 0.5199673612202916,
          "mape": 0.2902050560170954,
          "rmse": 0.5666148867030867,
          "smape": 1.3548707439834364,
          "rmsse": 0.8087687059109552
        }
      },
      "rounded": {
        "forecast": [
          1.0,
          0.0,
          0.0,
          1.0,
          1.0,
          1.0,
          1.0,
          1.0,
          1.0,
          1.0,
          1.0,
          1.0,
          1.0,
          1.0,
          1.0,
          1.0,
          1.0,
          1.0,
          1.0,
          1.0,
          1.0,
          1.0,
          1.0,
          1.0,
          1.0,
          1.0,
          1.0,
          1.0
        ],
        "metrics": {
          "mae": 0.6071428571428571,
          "mape": 0.0909090909090909,
          "rmse": 0.7791937224739796,
          "smape": 1.2142857142857142,
          "rmsse": 1.1121972143125964
        }
      }
    },
    "sample-mean": {
      "raw": {
        "forecast": [
          0.4437734,
          0.5931683,
          0.48726478,
          0.47343728,
          0.61207205,
          0.7825819,
          0.5981024,
          0.55845076,
          0.6591903,
          0.48877195,
          0.55944616,
          0.55931526,
          0.83418304,
          0.73474383,
          0.67134124,
          0.48384154,
          0.5433941,
          0.4553299,
          0.5491395,
          0.75128454,
          0.635821,
          0.5103092,
          0.5185655,
          0.60310596,
          0.38468984,
          0.638322,
          0.72242165,
          0.57465386
        ],
        "metrics": {
          "mae": 0.5246754182236535,
          "mape": 0.4210995679551905,
          "rmse": 0.5419685138785005,
          "smape": 1.4275551788004817,
          "rmsse": 0.7735892294755174
        }
      },
      "rounded": {
        "forecast": [
          0.0,
          1.0,
          0.0,
          0.0,
          1.0,
          1.0,
          1.0,
          1.0,
          1.0,
          0.0,
          1.0,
          1.0,
          1.0,
          1.0,
          1.0,
          0.0,
          1.0,
          0.0,
          1.0,
          1.0,
          1.0,
          1.0,
          1.0,
          1.0,
          0.0,
          1.0,
          1.0,
          1.0
        ],
        "metrics": {
          "mae": 0.5714285714285714,
          "mape": 0.2727272727272727,
          "rmse": 0.7559289460184544,
          "smape": 1.1428571428571428,
          "rmsse": 1.078989786147896
        }
      }
    }
  }
}