{
  "series_id": "HOUSEHOLD_1_474_CA_1_validation",
  "run": "run_20260527_162549_305320_002_subset30490_ctx112_h64_losstweedie_ep100_steps60",
  "horizon": [
    1,
    2,
    3,
    4,
    5,
    6,
    7,
    8,
    9,
    10,
    11,
    12,
    13,
    14,
    15,
    16,
    17,
    18,
    19,
    20,
    21,
    22,
    23,
    24,
    25,
    26,
    27,
    28
  ],
  "actuals": [
    2.0,
    2.0,
    2.0,
    0.0,
    3.0,
    4.0,
    0.0,
    3.0,
    2.0,
    0.0,
    2.0,
    1.0,
    2.0,
    1.0,
    0.0,
    0.0,
    0.0,
    4.0,
    1.0,
    0.0,
    1.0,
    2.0,
    0.0,
    1.0,
    0.0,
    0.0,
    2.0,
    6.0
  ],
  "modes": {
    "mean": {
      "raw": {
        "forecast": [
          2.2123816,
          1.8535875,
          1.7661726,
          1.7839062,
          2.2813246,
          2.5080323,
          2.6430724,
          2.1218915,
          2.0093782,
          1.9891739,
          1.9370325,
          2.2632015,
          2.8915617,
          2.6804767,
          2.1779058,
          2.0456245,
          1.9449859,
          1.9498097,
          2.2363226,
          3.0925221,
          2.94534,
          2.4836664,
          2.0808215,
          2.0254478,
          2.037207,
          2.4042854,
          3.127654,
          3.1209235
        ],
        "metrics": {
          "mae": 1.447720033781869,
          "mape": 0.5906866739193598,
          "rmse": 1.6889953999790457,
          "smape": 0.9952585052993698,
          "rmsse": 0.5478316873861774
        }
      },
      "rounded": {
        "forecast": [
          2.0,
          2.0,
          2.0,
          2.0,
          2.0,
          3.0,
          3.0,
          2.0,
          2.0,
          2.0,
          2.0,
          2.0,
          3.0,
          3.0,
          2.0,
          2.0,
          2.0,
          2.0,
          2.0,
          3.0,
          3.0,
          2.0,
          2.0,
          2.0,
          2.0,
          2.0,
          3.0,
          3.0
        ],
        "metrics": {
          "mae": 1.3928571428571428,
          "mape": 0.550925925925926,
          "rmse": 1.679710859472121,
          "smape": 0.9721088435374148,
          "rmsse": 0.5448202135286543
        }
      }
    },
    "sample-mean": {
      "raw": {
        "forecast": [
          2.3068547,
          1.9143002,
          1.9222348,
          1.519564,
          2.2885537,
          2.5765543,
          2.6165812,
          1.9287572,
          1.8935099,
          1.8836737,
          1.7086449,
          1.9161357,
          2.817117,
          2.4148638,
          2.134661,
          1.7125599,
          1.6044072,
          1.9128428,
          1.9020047,
          3.0133545,
          2.9412777,
          2.1145742,
          2.078903,
          1.7771254,
          2.0870247,
          2.080508,
          2.857324,
          2.7850459
        ],
        "metrics": {
          "mae": 1.351716812167849,
          "mape": 0.5159835263534829,
          "rmse": 1.6132574614069155,
          "smape": 0.9779858741101348,
          "rmsse": 0.5232658166397944
        }
      },
      "rounded": {
        "forecast": [
          2.0,
          2.0,
          2.0,
          2.0,
          2.0,
          3.0,
          3.0,
          2.0,
          2.0,
          2.0,
          2.0,
          2.0,
          3.0,
          2.0,
          2.0,
          2.0,
          2.0,
          2.0,
          2.0,
          3.0,
          3.0,
          2.0,
          2.0,
          2.0,
          2.0,
          2.0,
          3.0,
          3.0
        ],
        "metrics": {
          "mae": 1.3571428571428572,
          "mape": 0.4953703703703704,
          "rmse": 1.647508942095828,
          "smape": 0.960204081632653,
          "rmsse": 0.5343754066727305
        }
      }
    }
  }
}