{
  "series_id": "HOUSEHOLD_1_039_CA_2_validation",
  "run": "run_20260527_162549_305320_002_subset30490_ctx112_h64_losstweedie_ep100_steps60",
  "horizon": [
    1,
    2,
    3,
    4,
    5,
    6,
    7,
    8,
    9,
    10,
    11,
    12,
    13,
    14,
    15,
    16,
    17,
    18,
    19,
    20,
    21,
    22,
    23,
    24,
    25,
    26,
    27,
    28
  ],
  "actuals": [
    1.0,
    3.0,
    2.0,
    0.0,
    4.0,
    2.0,
    0.0,
    0.0,
    0.0,
    1.0,
    1.0,
    1.0,
    0.0,
    0.0,
    0.0,
    2.0,
    1.0,
    0.0,
    1.0,
    0.0,
    0.0,
    0.0,
    2.0,
    0.0,
    0.0,
    2.0,
    2.0,
    1.0
  ],
  "modes": {
    "mean": {
      "raw": {
        "forecast": [
          1.9960237,
          1.5428758,
          1.5345622,
          1.6162386,
          1.9541755,
          2.412946,
          2.6041272,
          1.8734196,
          1.7289772,
          1.7342142,
          1.6818469,
          1.9939266,
          2.7570007,
          2.4389048,
          1.8504207,
          1.7090825,
          1.6560493,
          1.707199,
          2.1272173,
          2.8236408,
          2.6622267,
          1.837181,
          1.6648724,
          1.6505864,
          1.7013507,
          2.0773544,
          2.829682,
          2.8747804
        ],
        "metrics": {
          "mae": 1.4367766337735313,
          "mape": 0.6177970144483778,
          "rmse": 1.6434083740181316,
          "smape": 1.1806242558722526,
          "rmsse": 0.799771125483363
        }
      },
      "rounded": {
        "forecast": [
          2.0,
          2.0,
          2.0,
          2.0,
          2.0,
          2.0,
          3.0,
          2.0,
          2.0,
          2.0,
          2.0,
          2.0,
          3.0,
          2.0,
          2.0,
          2.0,
          2.0,
          2.0,
          2.0,
          3.0,
          3.0,
          2.0,
          2.0,
          2.0,
          2.0,
          2.0,
          3.0,
          3.0
        ],
        "metrics": {
          "mae": 1.5,
          "mape": 0.6222222222222221,
          "rmse": 1.772810520855837,
          "smape": 1.1595238095238094,
          "rmsse": 0.8627451873492623
        }
      }
    },
    "sample-mean": {
      "raw": {
        "forecast": [
          2.102127,
          1.5998977,
          1.6321787,
          1.6107411,
          1.9148716,
          2.4258845,
          2.1936169,
          1.901288,
          1.6802715,
          1.583309,
          1.5076888,
          2.1927955,
          2.3085504,
          2.3124304,
          1.7154104,
          1.4798998,
          1.4780197,
          1.6398675,
          1.9609343,
          2.7375584,
          2.3945293,
          1.7655969,
          1.4722824,
          1.5084281,
          1.8372433,
          2.1028385,
          2.3535285,
          2.7534888
        ],
        "metrics": {
          "mae": 1.3559648820332115,
          "mape": 0.581019424729877,
          "rmse": 1.545970144403308,
          "smape": 1.1717020320087832,
          "rmsse": 0.7523524291957085
        }
      },
      "rounded": {
        "forecast": [
          2.0,
          2.0,
          2.0,
          2.0,
          2.0,
          2.0,
          2.0,
          2.0,
          2.0,
          2.0,
          2.0,
          2.0,
          2.0,
          2.0,
          2.0,
          1.0,
          1.0,
          2.0,
          2.0,
          3.0,
          2.0,
          2.0,
          1.0,
          2.0,
          2.0,
          2.0,
          2.0,
          3.0
        ],
        "metrics": {
          "mae": 1.3928571428571428,
          "mape": 0.5888888888888888,
          "rmse": 1.6146649364939023,
          "smape": 1.1690476190476191,
          "rmsse": 0.7857830189710373
        }
      }
    }
  }
}