{
  "series_id": "HOUSEHOLD_1_464_WI_1_validation",
  "run": "run_20260527_162549_305320_002_subset30490_ctx112_h64_losstweedie_ep100_steps60",
  "horizon": [
    1,
    2,
    3,
    4,
    5,
    6,
    7,
    8,
    9,
    10,
    11,
    12,
    13,
    14,
    15,
    16,
    17,
    18,
    19,
    20,
    21,
    22,
    23,
    24,
    25,
    26,
    27,
    28
  ],
  "actuals": [
    0.0,
    0.0,
    0.0,
    0.0,
    0.0,
    1.0,
    1.0,
    0.0,
    2.0,
    0.0,
    1.0,
    0.0,
    1.0,
    0.0,
    0.0,
    0.0,
    0.0,
    0.0,
    0.0,
    0.0,
    0.0,
    0.0,
    0.0,
    1.0,
    0.0,
    0.0,
    2.0,
    0.0
  ],
  "modes": {
    "mean": {
      "raw": {
        "forecast": [
          0.22889924,
          0.2096527,
          0.21062422,
          0.2184741,
          0.26979128,
          0.31939623,
          0.29840216,
          0.24577808,
          0.23360234,
          0.22410116,
          0.22928065,
          0.2803045,
          0.35890943,
          0.32379544,
          0.2505175,
          0.23065431,
          0.23871817,
          0.24907728,
          0.29149756,
          0.3802542,
          0.33893323,
          0.2506719,
          0.23319653,
          0.23041114,
          0.23858742,
          0.29205734,
          0.3841669,
          0.35992432
        ],
        "metrics": {
          "mae": 0.4468336286289351,
          "mape": 0.7506736814975739,
          "rmse": 0.5918341068077404,
          "smape": 1.8034980542709067,
          "rmsse": 0.5948014952557716
        }
      },
      "rounded": {
        "forecast": [
          0.0,
          0.0,
          0.0,
          0.0,
          0.0,
          0.0,
          0.0,
          0.0,
          0.0,
          0.0,
          0.0,
          0.0,
          0.0,
          0.0,
          0.0,
          0.0,
          0.0,
          0.0,
          0.0,
          0.0,
          0.0,
          0.0,
          0.0,
          0.0,
          0.0,
          0.0,
          0.0,
          0.0
        ],
        "metrics": {
          "mae": 0.3214285714285714,
          "mape": 1.0,
          "rmse": 0.6813851438692469,
          "smape": 0.5,
          "rmsse": 0.6848015309637382
        }
      }
    },
    "sample-mean": {
      "raw": {
        "forecast": [
          0.21425861,
          0.17505188,
          0.21087375,
          0.2267577,
          0.15287636,
          0.287925,
          0.38446587,
          0.2680881,
          0.19532467,
          0.20986222,
          0.22046024,
          0.21328063,
          0.23529986,
          0.2614245,
          0.29280537,
          0.22039571,
          0.22743131,
          0.23174454,
          0.24032564,
          0.3852573,
          0.34564582,
          0.19681667,
          0.19986019,
          0.19251472,
          0.20523942,
          0.24663495,
          0.34128118,
          0.3273167
        ],
        "metrics": {
          "mae": 0.4355241379567555,
          "mape": 0.773004483963762,
          "rmse": 0.5981616928325973,
          "smape": 1.8187786037286071,
          "rmsse": 0.6011608070724647
        }
      },
      "rounded": {
        "forecast": [
          0.0,
          0.0,
          0.0,
          0.0,
          0.0,
          0.0,
          0.0,
          0.0,
          0.0,
          0.0,
          0.0,
          0.0,
          0.0,
          0.0,
          0.0,
          0.0,
          0.0,
          0.0,
          0.0,
          0.0,
          0.0,
          0.0,
          0.0,
          0.0,
          0.0,
          0.0,
          0.0,
          0.0
        ],
        "metrics": {
          "mae": 0.3214285714285714,
          "mape": 1.0,
          "rmse": 0.6813851438692469,
          "smape": 0.5,
          "rmsse": 0.6848015309637382
        }
      }
    }
  }
}