{
  "series_id": "HOUSEHOLD_1_501_CA_1_validation",
  "run": "run_20260527_162549_305320_002_subset30490_ctx112_h64_losstweedie_ep100_steps60",
  "horizon": [
    1,
    2,
    3,
    4,
    5,
    6,
    7,
    8,
    9,
    10,
    11,
    12,
    13,
    14,
    15,
    16,
    17,
    18,
    19,
    20,
    21,
    22,
    23,
    24,
    25,
    26,
    27,
    28
  ],
  "actuals": [
    0.0,
    0.0,
    0.0,
    1.0,
    1.0,
    1.0,
    1.0,
    0.0,
    0.0,
    0.0,
    1.0,
    0.0,
    3.0,
    2.0,
    0.0,
    0.0,
    0.0,
    0.0,
    0.0,
    0.0,
    0.0,
    0.0,
    1.0,
    0.0,
    0.0,
    1.0,
    1.0,
    1.0
  ],
  "modes": {
    "mean": {
      "raw": {
        "forecast": [
          0.23164915,
          0.21823525,
          0.22225896,
          0.23705718,
          0.2900952,
          0.3724506,
          0.37109005,
          0.30459952,
          0.28375548,
          0.27362767,
          0.2674041,
          0.315885,
          0.4063666,
          0.39576912,
          0.31653386,
          0.28788042,
          0.2645266,
          0.2658938,
          0.32242897,
          0.43592077,
          0.43204987,
          0.31917128,
          0.2775456,
          0.26492184,
          0.27245462,
          0.32646474,
          0.45970932,
          0.44974923
        ],
        "metrics": {
          "mae": 0.5420746904398713,
          "mape": 0.6922812615380143,
          "rmse": 0.727819230613327,
          "smape": 1.6367824323279316,
          "rmsse": 0.8902278023544061
        }
      },
      "rounded": {
        "forecast": [
          0.0,
          0.0,
          0.0,
          0.0,
          0.0,
          0.0,
          0.0,
          0.0,
          0.0,
          0.0,
          0.0,
          0.0,
          0.0,
          0.0,
          0.0,
          0.0,
          0.0,
          0.0,
          0.0,
          0.0,
          0.0,
          0.0,
          0.0,
          0.0,
          0.0,
          0.0,
          0.0,
          0.0
        ],
        "metrics": {
          "mae": 0.5,
          "mape": 1.0,
          "rmse": 0.8864052604279183,
          "smape": 0.7857142857142857,
          "rmsse": 1.084201370058827
        }
      }
    },
    "sample-mean": {
      "raw": {
        "forecast": [
          0.24321584,
          0.18785836,
          0.20525044,
          0.16722193,
          0.22467333,
          0.35559857,
          0.42472714,
          0.33047307,
          0.26806203,
          0.24950843,
          0.22261798,
          0.2265228,
          0.44064355,
          0.37146938,
          0.24209231,
          0.28792214,
          0.19680344,
          0.26547575,
          0.32203186,
          0.37082425,
          0.41533008,
          0.27844375,
          0.28151992,
          0.26416352,
          0.26550972,
          0.22255811,
          0.389884,
          0.3828547
        ],
        "metrics": {
          "mae": 0.5405613992895398,
          "mape": 0.7268844039151162,
          "rmse": 0.7327728975495534,
          "smape": 1.6695660361389326,
          "rmsse": 0.8962868508718744
        }
      },
      "rounded": {
        "forecast": [
          0.0,
          0.0,
          0.0,
          0.0,
          0.0,
          0.0,
          0.0,
          0.0,
          0.0,
          0.0,
          0.0,
          0.0,
          0.0,
          0.0,
          0.0,
          0.0,
          0.0,
          0.0,
          0.0,
          0.0,
          0.0,
          0.0,
          0.0,
          0.0,
          0.0,
          0.0,
          0.0,
          0.0
        ],
        "metrics": {
          "mae": 0.5,
          "mape": 1.0,
          "rmse": 0.8864052604279183,
          "smape": 0.7857142857142857,
          "rmsse": 1.084201370058827
        }
      }
    }
  }
}