{
  "series_id": "HOUSEHOLD_2_365_CA_2_validation",
  "run": "run_20260527_162549_305320_002_subset30490_ctx112_h64_losstweedie_ep100_steps60",
  "horizon": [
    1,
    2,
    3,
    4,
    5,
    6,
    7,
    8,
    9,
    10,
    11,
    12,
    13,
    14,
    15,
    16,
    17,
    18,
    19,
    20,
    21,
    22,
    23,
    24,
    25,
    26,
    27,
    28
  ],
  "actuals": [
    0.0,
    1.0,
    0.0,
    0.0,
    1.0,
    0.0,
    1.0,
    0.0,
    0.0,
    0.0,
    1.0,
    0.0,
    0.0,
    2.0,
    1.0,
    1.0,
    0.0,
    1.0,
    0.0,
    0.0,
    0.0,
    0.0,
    0.0,
    0.0,
    0.0,
    0.0,
    0.0,
    0.0
  ],
  "modes": {
    "mean": {
      "raw": {
        "forecast": [
          0.2033136,
          0.19588932,
          0.20220244,
          0.21499231,
          0.2690317,
          0.29961285,
          0.2952877,
          0.24336225,
          0.22820863,
          0.22577503,
          0.21883112,
          0.26250997,
          0.34461987,
          0.30648434,
          0.2459692,
          0.23132668,
          0.22102253,
          0.22477804,
          0.2725658,
          0.3530246,
          0.33750063,
          0.2533688,
          0.230535,
          0.22546107,
          0.2308811,
          0.27630222,
          0.36025563,
          0.34548864
        ],
        "metrics": {
          "mae": 0.440835887832301,
          "mape": 0.7707055062055588,
          "rmse": 0.5474926511507453,
          "smape": 1.7878575530518592,
          "rmsse": 0.9285456792621628
        }
      },
      "rounded": {
        "forecast": [
          0.0,
          0.0,
          0.0,
          0.0,
          0.0,
          0.0,
          0.0,
          0.0,
          0.0,
          0.0,
          0.0,
          0.0,
          0.0,
          0.0,
          0.0,
          0.0,
          0.0,
          0.0,
          0.0,
          0.0,
          0.0,
          0.0,
          0.0,
          0.0,
          0.0,
          0.0,
          0.0,
          0.0
        ],
        "metrics": {
          "mae": 0.3214285714285714,
          "mape": 1.0,
          "rmse": 0.6267831705280087,
          "smape": 0.5714285714285714,
          "rmsse": 1.0630221311733663
        }
      }
    },
    "sample-mean": {
      "raw": {
        "forecast": [
          0.24483687,
          0.1430489,
          0.117023535,
          0.18459308,
          0.3142383,
          0.27006269,
          0.2025124,
          0.23126495,
          0.21119021,
          0.26778686,
          0.18105793,
          0.20983677,
          0.35737103,
          0.2797575,
          0.1768392,
          0.18292847,
          0.2116097,
          0.26130816,
          0.30303922,
          0.31926888,
          0.26796028,
          0.22888042,
          0.19944823,
          0.23960255,
          0.2119631,
          0.2475731,
          0.3055479,
          0.2275984
        ],
        "metrics": {
          "mae": 0.4326702460114445,
          "mape": 0.7997734844684601,
          "rmse": 0.5540396402610684,
          "smape": 1.8113211941427825,
          "rmsse": 0.93964935058595
        }
      },
      "rounded": {
        "forecast": [
          0.0,
          0.0,
          0.0,
          0.0,
          0.0,
          0.0,
          0.0,
          0.0,
          0.0,
          0.0,
          0.0,
          0.0,
          0.0,
          0.0,
          0.0,
          0.0,
          0.0,
          0.0,
          0.0,
          0.0,
          0.0,
          0.0,
          0.0,
          0.0,
          0.0,
          0.0,
          0.0,
          0.0
        ],
        "metrics": {
          "mae": 0.3214285714285714,
          "mape": 1.0,
          "rmse": 0.6267831705280087,
          "smape": 0.5714285714285714,
          "rmsse": 1.0630221311733663
        }
      }
    }
  }
}