{
  "series_id": "HOUSEHOLD_1_130_CA_2_validation",
  "run": "run_20260527_162549_305320_002_subset30490_ctx112_h64_losstweedie_ep100_steps60",
  "horizon": [
    1,
    2,
    3,
    4,
    5,
    6,
    7,
    8,
    9,
    10,
    11,
    12,
    13,
    14,
    15,
    16,
    17,
    18,
    19,
    20,
    21,
    22,
    23,
    24,
    25,
    26,
    27,
    28
  ],
  "actuals": [
    1.0,
    1.0,
    2.0,
    2.0,
    1.0,
    2.0,
    0.0,
    0.0,
    0.0,
    0.0,
    1.0,
    1.0,
    0.0,
    0.0,
    1.0,
    0.0,
    2.0,
    0.0,
    0.0,
    0.0,
    5.0,
    0.0,
    0.0,
    0.0,
    0.0,
    1.0,
    0.0,
    4.0
  ],
  "modes": {
    "mean": {
      "raw": {
        "forecast": [
          1.1244928,
          0.90546876,
          0.87769973,
          0.89016414,
          1.1233104,
          1.3286148,
          1.3600328,
          1.0323184,
          0.93754643,
          0.9260427,
          0.9051062,
          1.0652051,
          1.4806939,
          1.4364492,
          1.0642415,
          0.9609623,
          0.9136093,
          0.9343099,
          1.1683943,
          1.5947794,
          1.5625141,
          1.1088442,
          0.96199185,
          0.9332789,
          0.96135336,
          1.1965,
          1.6009759,
          1.6213883
        ],
        "metrics": {
          "mae": 0.9988270657403128,
          "mape": 0.3107908404790438,
          "rmse": 1.2366132030034578,
          "smape": 1.2616973902186648,
          "rmsse": 0.8872540968231909
        }
      },
      "rounded": {
        "forecast": [
          1.0,
          1.0,
          1.0,
          1.0,
          1.0,
          1.0,
          1.0,
          1.0,
          1.0,
          1.0,
          1.0,
          1.0,
          1.0,
          1.0,
          1.0,
          1.0,
          1.0,
          1.0,
          1.0,
          2.0,
          2.0,
          1.0,
          1.0,
          1.0,
          1.0,
          1.0,
          2.0,
          2.0
        ],
        "metrics": {
          "mae": 0.9285714285714286,
          "mape": 0.2384615384615384,
          "rmse": 1.164964745021435,
          "smape": 1.2210884353741496,
          "rmsse": 0.8358472480840575
        }
      }
    },
    "sample-mean": {
      "raw": {
        "forecast": [
          1.061296,
          0.82927626,
          0.8619935,
          0.94325453,
          1.2743436,
          1.2068142,
          1.3114953,
          0.8671035,
          0.84996015,
          1.0772053,
          0.8013794,
          0.9756426,
          1.2638421,
          1.2827393,
          1.0267019,
          0.8927089,
          0.80697626,
          0.9707605,
          1.2396251,
          1.3751737,
          1.5755851,
          1.1049008,
          0.9294046,
          0.89037216,
          0.6986035,
          1.2193812,
          1.5268193,
          1.5532346
        ],
        "metrics": {
          "mae": 0.9752957373857498,
          "mape": 0.3355753518067873,
          "rmse": 1.207648584365518,
          "smape": 1.27633668554485,
          "rmsse": 0.8664723548144396
        }
      },
      "rounded": {
        "forecast": [
          1.0,
          1.0,
          1.0,
          1.0,
          1.0,
          1.0,
          1.0,
          1.0,
          1.0,
          1.0,
          1.0,
          1.0,
          1.0,
          1.0,
          1.0,
          1.0,
          1.0,
          1.0,
          1.0,
          1.0,
          2.0,
          1.0,
          1.0,
          1.0,
          1.0,
          1.0,
          2.0,
          2.0
        ],
        "metrics": {
          "mae": 0.8928571428571429,
          "mape": 0.2384615384615384,
          "rmse": 1.118033988749895,
          "smape": 1.2210884353741496,
          "rmsse": 0.8021750329825192
        }
      }
    }
  }
}