{
  "series_id": "HOUSEHOLD_1_189_WI_3_validation",
  "run": "run_20260527_162549_305320_002_subset30490_ctx112_h64_losstweedie_ep100_steps60",
  "horizon": [
    1,
    2,
    3,
    4,
    5,
    6,
    7,
    8,
    9,
    10,
    11,
    12,
    13,
    14,
    15,
    16,
    17,
    18,
    19,
    20,
    21,
    22,
    23,
    24,
    25,
    26,
    27,
    28
  ],
  "actuals": [
    0.0,
    0.0,
    0.0,
    0.0,
    0.0,
    0.0,
    0.0,
    0.0,
    0.0,
    0.0,
    0.0,
    0.0,
    0.0,
    0.0,
    0.0,
    0.0,
    0.0,
    0.0,
    0.0,
    0.0,
    0.0,
    1.0,
    2.0,
    3.0,
    2.0,
    0.0,
    2.0,
    0.0
  ],
  "modes": {
    "mean": {
      "raw": {
        "forecast": [
          0.022665745,
          0.024934556,
          0.033512328,
          0.041557245,
          0.047967963,
          0.045730527,
          0.037474472,
          0.032075733,
          0.03341995,
          0.038475346,
          0.0454468,
          0.054334298,
          0.057031363,
          0.049909465,
          0.039274383,
          0.03717406,
          0.048058446,
          0.054101124,
          0.053807408,
          0.061341148,
          0.049855314,
          0.035517145,
          0.03541114,
          0.043040887,
          0.04951522,
          0.05397388,
          0.058639724,
          0.047840625
        ],
        "metrics": {
          "mae": 0.3852799307954098,
          "mape": 0.9756705698867638,
          "rmse": 0.8691824990256883,
          "smape": 1.9830736150900736,
          "rmsse": 1.1296204333985962
        }
      },
      "rounded": {
        "forecast": [
          0.0,
          0.0,
          0.0,
          0.0,
          0.0,
          0.0,
          0.0,
          0.0,
          0.0,
          0.0,
          0.0,
          0.0,
          0.0,
          0.0,
          0.0,
          0.0,
          0.0,
          0.0,
          0.0,
          0.0,
          0.0,
          0.0,
          0.0,
          0.0,
          0.0,
          0.0,
          0.0,
          0.0
        ],
        "metrics": {
          "mae": 0.3571428571428571,
          "mape": 1.0,
          "rmse": 0.8864052604279183,
          "smape": 0.3571428571428571,
          "rmsse": 1.152003745558374
        }
      }
    },
    "sample-mean": {
      "raw": {
        "forecast": [
          0.014982709,
          0.026998872,
          0.041910406,
          0.049984775,
          0.07399351,
          0.042765263,
          0.06277179,
          0.03651597,
          0.079360895,
          0.05784736,
          0.053905,
          0.123515464,
          0.09770311,
          0.09432313,
          0.06692957,
          0.09963684,
          0.13374166,
          0.1091089,
          0.15539889,
          0.16415311,
          0.14257771,
          0.12987146,
          0.10303953,
          0.1287905,
          0.10601374,
          0.19323745,
          0.21926233,
          0.15294015
        ],
        "metrics": {
          "mae": 0.4066901780066213,
          "mape": 0.9226081150273484,
          "rmse": 0.8366178907182256,
          "smape": 1.94939423552014,
          "rmsse": 1.0872983123354518
        }
      },
      "rounded": {
        "forecast": [
          0.0,
          0.0,
          0.0,
          0.0,
          0.0,
          0.0,
          0.0,
          0.0,
          0.0,
          0.0,
          0.0,
          0.0,
          0.0,
          0.0,
          0.0,
          0.0,
          0.0,
          0.0,
          0.0,
          0.0,
          0.0,
          0.0,
          0.0,
          0.0,
          0.0,
          0.0,
          0.0,
          0.0
        ],
        "metrics": {
          "mae": 0.3571428571428571,
          "mape": 1.0,
          "rmse": 0.8864052604279183,
          "smape": 0.3571428571428571,
          "rmsse": 1.152003745558374
        }
      }
    }
  }
}