{
  "series_id": "HOUSEHOLD_2_269_WI_1_validation",
  "run": "run_20260527_162549_305320_002_subset30490_ctx112_h64_losstweedie_ep100_steps60",
  "horizon": [
    1,
    2,
    3,
    4,
    5,
    6,
    7,
    8,
    9,
    10,
    11,
    12,
    13,
    14,
    15,
    16,
    17,
    18,
    19,
    20,
    21,
    22,
    23,
    24,
    25,
    26,
    27,
    28
  ],
  "actuals": [
    0.0,
    1.0,
    0.0,
    0.0,
    0.0,
    0.0,
    1.0,
    1.0,
    0.0,
    0.0,
    0.0,
    0.0,
    0.0,
    0.0,
    0.0,
    0.0,
    0.0,
    0.0,
    0.0,
    0.0,
    0.0,
    0.0,
    0.0,
    0.0,
    0.0,
    0.0,
    0.0,
    0.0
  ],
  "modes": {
    "mean": {
      "raw": {
        "forecast": [
          0.16385153,
          0.16287945,
          0.16545586,
          0.17269854,
          0.20712061,
          0.23622027,
          0.22381267,
          0.19549774,
          0.18418695,
          0.17982282,
          0.1845003,
          0.22723617,
          0.27969584,
          0.24559453,
          0.19651768,
          0.1828434,
          0.18639904,
          0.1930106,
          0.22122507,
          0.29081067,
          0.26603007,
          0.19965559,
          0.18463612,
          0.18368518,
          0.18979111,
          0.22415006,
          0.29056323,
          0.27479511
        ],
        "metrics": {
          "mae": 0.2767252326011657,
          "mape": 0.8059367140134176,
          "rmse": 0.3341257613622097,
          "smape": 1.930503509214653,
          "rmsse": 0.5497328543560399
        }
      },
      "rounded": {
        "forecast": [
          0.0,
          0.0,
          0.0,
          0.0,
          0.0,
          0.0,
          0.0,
          0.0,
          0.0,
          0.0,
          0.0,
          0.0,
          0.0,
          0.0,
          0.0,
          0.0,
          0.0,
          0.0,
          0.0,
          0.0,
          0.0,
          0.0,
          0.0,
          0.0,
          0.0,
          0.0,
          0.0,
          0.0
        ],
        "metrics": {
          "mae": 0.1071428571428571,
          "mape": 1.0,
          "rmse": 0.3273268353539885,
          "smape": 0.2142857142857142,
          "rmsse": 0.5385466680954625
        }
      }
    },
    "sample-mean": {
      "raw": {
        "forecast": [
          0.1328113,
          0.17910506,
          0.19384211,
          0.11950606,
          0.18298587,
          0.22899418,
          0.21042721,
          0.19164172,
          0.24259871,
          0.14132933,
          0.18649685,
          0.15449812,
          0.26473513,
          0.251099,
          0.23848751,
          0.19407538,
          0.1793071,
          0.154949,
          0.23632215,
          0.29991913,
          0.2773076,
          0.18125227,
          0.17596777,
          0.18230663,
          0.17823452,
          0.21752915,
          0.28332478,
          0.29790083
        ],
        "metrics": {
          "mae": 0.2719502310667719,
          "mape": 0.806275337934494,
          "rmse": 0.3324866539019245,
          "smape": 1.9304905500237808,
          "rmsse": 0.5470360517537346
        }
      },
      "rounded": {
        "forecast": [
          0.0,
          0.0,
          0.0,
          0.0,
          0.0,
          0.0,
          0.0,
          0.0,
          0.0,
          0.0,
          0.0,
          0.0,
          0.0,
          0.0,
          0.0,
          0.0,
          0.0,
          0.0,
          0.0,
          0.0,
          0.0,
          0.0,
          0.0,
          0.0,
          0.0,
          0.0,
          0.0,
          0.0
        ],
        "metrics": {
          "mae": 0.1071428571428571,
          "mape": 1.0,
          "rmse": 0.3273268353539885,
          "smape": 0.2142857142857142,
          "rmsse": 0.5385466680954625
        }
      }
    }
  }
}