{
  "series_id": "HOUSEHOLD_1_171_WI_1_validation",
  "run": "run_20260527_162549_305320_002_subset30490_ctx112_h64_losstweedie_ep100_steps60",
  "horizon": [
    1,
    2,
    3,
    4,
    5,
    6,
    7,
    8,
    9,
    10,
    11,
    12,
    13,
    14,
    15,
    16,
    17,
    18,
    19,
    20,
    21,
    22,
    23,
    24,
    25,
    26,
    27,
    28
  ],
  "actuals": [
    0.0,
    3.0,
    0.0,
    0.0,
    0.0,
    0.0,
    1.0,
    1.0,
    1.0,
    0.0,
    0.0,
    0.0,
    2.0,
    0.0,
    0.0,
    0.0,
    0.0,
    1.0,
    2.0,
    2.0,
    2.0,
    2.0,
    0.0,
    0.0,
    1.0,
    1.0,
    1.0,
    2.0
  ],
  "modes": {
    "mean": {
      "raw": {
        "forecast": [
          0.73135704,
          0.6648313,
          0.64431715,
          0.68085754,
          0.9164876,
          1.0102668,
          0.8898788,
          0.70598024,
          0.6728891,
          0.63556576,
          0.6751598,
          0.8831786,
          1.0962824,
          0.95125055,
          0.71790504,
          0.65347487,
          0.68586975,
          0.7327584,
          0.9028035,
          1.1480358,
          1.0148524,
          0.72087014,
          0.6667286,
          0.6609732,
          0.7017123,
          0.9332754,
          1.1590397,
          1.046927
        ],
        "metrics": {
          "mae": 0.7300476900168827,
          "mape": 0.3811463905232293,
          "rmse": 0.8498582018971008,
          "smape": 1.253656528331353,
          "rmsse": 0.6109144503802414
        }
      },
      "rounded": {
        "forecast": [
          1.0,
          1.0,
          1.0,
          1.0,
          1.0,
          1.0,
          1.0,
          1.0,
          1.0,
          1.0,
          1.0,
          1.0,
          1.0,
          1.0,
          1.0,
          1.0,
          1.0,
          1.0,
          1.0,
          1.0,
          1.0,
          1.0,
          1.0,
          1.0,
          1.0,
          1.0,
          1.0,
          1.0
        ],
        "metrics": {
          "mae": 0.7857142857142857,
          "mape": 0.2619047619047619,
          "rmse": 0.9258200997725514,
          "smape": 1.1785714285714286,
          "rmsse": 0.665519113825073
        }
      }
    },
    "sample-mean": {
      "raw": {
        "forecast": [
          0.5894926,
          0.6960973,
          0.6884758,
          0.64517874,
          0.9012919,
          0.9175188,
          0.8042091,
          0.60790205,
          0.71297866,
          0.57015634,
          0.63658214,
          0.8063414,
          1.1246825,
          0.96409553,
          0.688595,
          0.68999374,
          0.59617525,
          0.80628675,
          0.79478455,
          1.194537,
          0.9878663,
          0.62353027,
          0.5587332,
          0.5424702,
          0.5524801,
          0.89844084,
          1.0957545,
          0.9742949
        ],
        "metrics": {
          "mae": 0.718313027705465,
          "mape": 0.4022554826168786,
          "rmse": 0.8407564103846956,
          "smape": 1.2721235947432568,
          "rmsse": 0.6043716930745353
        }
      },
      "rounded": {
        "forecast": [
          1.0,
          1.0,
          1.0,
          1.0,
          1.0,
          1.0,
          1.0,
          1.0,
          1.0,
          1.0,
          1.0,
          1.0,
          1.0,
          1.0,
          1.0,
          1.0,
          1.0,
          1.0,
          1.0,
          1.0,
          1.0,
          1.0,
          1.0,
          1.0,
          1.0,
          1.0,
          1.0,
          1.0
        ],
        "metrics": {
          "mae": 0.7857142857142857,
          "mape": 0.2619047619047619,
          "rmse": 0.9258200997725514,
          "smape": 1.1785714285714286,
          "rmsse": 0.665519113825073
        }
      }
    }
  }
}