{
  "series_id": "HOUSEHOLD_1_481_TX_2_validation",
  "run": "run_20260527_162549_305320_002_subset30490_ctx112_h64_losstweedie_ep100_steps60",
  "horizon": [
    1,
    2,
    3,
    4,
    5,
    6,
    7,
    8,
    9,
    10,
    11,
    12,
    13,
    14,
    15,
    16,
    17,
    18,
    19,
    20,
    21,
    22,
    23,
    24,
    25,
    26,
    27,
    28
  ],
  "actuals": [
    0.0,
    0.0,
    0.0,
    3.0,
    2.0,
    0.0,
    0.0,
    0.0,
    0.0,
    1.0,
    1.0,
    0.0,
    1.0,
    0.0,
    0.0,
    0.0,
    1.0,
    0.0,
    0.0,
    2.0,
    1.0,
    0.0,
    2.0,
    0.0,
    1.0,
    2.0,
    1.0,
    2.0
  ],
  "modes": {
    "mean": {
      "raw": {
        "forecast": [
          0.9738909,
          0.90398365,
          0.8888635,
          0.87923443,
          1.0226127,
          1.1673696,
          1.2008855,
          1.0117497,
          0.96600246,
          0.9084407,
          0.8996037,
          1.0297835,
          1.3371832,
          1.208835,
          1.0173622,
          0.9374798,
          0.955491,
          0.97768104,
          1.0912145,
          1.3499777,
          1.4018492,
          1.0439283,
          0.95452344,
          0.93778276,
          0.9411099,
          1.0850253,
          1.392495,
          1.4340816
        ],
        "metrics": {
          "mae": 0.8235085521425519,
          "mape": 0.3238995059942587,
          "rmse": 0.9344198211730808,
          "smape": 1.2506347380903653,
          "rmsse": 0.5448592270122445
        }
      },
      "rounded": {
        "forecast": [
          1.0,
          1.0,
          1.0,
          1.0,
          1.0,
          1.0,
          1.0,
          1.0,
          1.0,
          1.0,
          1.0,
          1.0,
          1.0,
          1.0,
          1.0,
          1.0,
          1.0,
          1.0,
          1.0,
          1.0,
          1.0,
          1.0,
          1.0,
          1.0,
          1.0,
          1.0,
          1.0,
          1.0
        ],
        "metrics": {
          "mae": 0.7857142857142857,
          "mape": 0.2435897435897435,
          "rmse": 0.9258200997725514,
          "smape": 1.226190476190476,
          "rmsse": 0.5398447383973405
        }
      }
    },
    "sample-mean": {
      "raw": {
        "forecast": [
          0.85233533,
          0.901082,
          0.8168806,
          1.074789,
          1.2334745,
          1.016496,
          1.0900921,
          0.93354017,
          0.9315752,
          0.9443444,
          1.0136045,
          1.0875978,
          1.444345,
          0.90913665,
          0.92318267,
          0.89145714,
          0.88801056,
          0.8769641,
          0.7861878,
          1.085643,
          1.1259527,
          1.0121531,
          0.88221335,
          0.7508814,
          0.9096715,
          0.9308934,
          1.1711842,
          1.3916022
        ],
        "metrics": {
          "mae": 0.7569288015365601,
          "mape": 0.2994525936933664,
          "rmse": 0.8651513541883495,
          "smape": 1.2428359412560677,
          "rmsse": 0.5044688558723829
        }
      },
      "rounded": {
        "forecast": [
          1.0,
          1.0,
          1.0,
          1.0,
          1.0,
          1.0,
          1.0,
          1.0,
          1.0,
          1.0,
          1.0,
          1.0,
          1.0,
          1.0,
          1.0,
          1.0,
          1.0,
          1.0,
          1.0,
          1.0,
          1.0,
          1.0,
          1.0,
          1.0,
          1.0,
          1.0,
          1.0,
          1.0
        ],
        "metrics": {
          "mae": 0.7857142857142857,
          "mape": 0.2435897435897435,
          "rmse": 0.9258200997725514,
          "smape": 1.226190476190476,
          "rmsse": 0.5398447383973405
        }
      }
    }
  }
}