{
  "series_id": "HOUSEHOLD_1_264_CA_2_validation",
  "run": "run_20260527_162549_305320_002_subset30490_ctx112_h64_losstweedie_ep100_steps60",
  "horizon": [
    1,
    2,
    3,
    4,
    5,
    6,
    7,
    8,
    9,
    10,
    11,
    12,
    13,
    14,
    15,
    16,
    17,
    18,
    19,
    20,
    21,
    22,
    23,
    24,
    25,
    26,
    27,
    28
  ],
  "actuals": [
    1.0,
    0.0,
    0.0,
    1.0,
    0.0,
    0.0,
    0.0,
    1.0,
    0.0,
    0.0,
    0.0,
    0.0,
    1.0,
    0.0,
    0.0,
    0.0,
    1.0,
    0.0,
    0.0,
    0.0,
    0.0,
    0.0,
    0.0,
    0.0,
    0.0,
    1.0,
    1.0,
    0.0
  ],
  "modes": {
    "mean": {
      "raw": {
        "forecast": [
          0.26445553,
          0.2462047,
          0.24967691,
          0.26169404,
          0.3303844,
          0.46530217,
          0.4277067,
          0.32544973,
          0.30311117,
          0.3033915,
          0.2910668,
          0.3513167,
          0.4969155,
          0.46754473,
          0.35250118,
          0.32131472,
          0.29932445,
          0.30480298,
          0.36848864,
          0.49951562,
          0.48961774,
          0.3495925,
          0.31105128,
          0.30071288,
          0.30467373,
          0.38034055,
          0.5523895,
          0.52147263
        ],
        "metrics": {
          "mae": 0.4278171562722751,
          "mape": 0.6313472432749612,
          "rmse": 0.4524264463534023,
          "smape": 1.7348855053504733,
          "rmsse": 0.664243928888191
        }
      },
      "rounded": {
        "forecast": [
          0.0,
          0.0,
          0.0,
          0.0,
          0.0,
          0.0,
          0.0,
          0.0,
          0.0,
          0.0,
          0.0,
          0.0,
          0.0,
          0.0,
          0.0,
          0.0,
          0.0,
          0.0,
          0.0,
          0.0,
          0.0,
          0.0,
          0.0,
          0.0,
          0.0,
          0.0,
          1.0,
          1.0
        ],
        "metrics": {
          "mae": 0.25,
          "mape": 0.8571428571428571,
          "rmse": 0.5,
          "smape": 0.5,
          "rmsse": 0.7340905181848413
        }
      }
    },
    "sample-mean": {
      "raw": {
        "forecast": [
          0.2591361,
          0.3259862,
          0.3173734,
          0.27393702,
          0.30903924,
          0.41834167,
          0.43721768,
          0.30515972,
          0.30629277,
          0.2711709,
          0.25554314,
          0.39077803,
          0.47277778,
          0.52010804,
          0.3647564,
          0.27217343,
          0.35190594,
          0.21010834,
          0.3367926,
          0.47251853,
          0.4938155,
          0.3315443,
          0.33078167,
          0.28180826,
          0.30418697,
          0.4093223,
          0.62978125,
          0.54193985
        ],
        "metrics": {
          "mae": 0.4210806020668575,
          "mape": 0.6139971273286002,
          "rmse": 0.4465802494721106,
          "smape": 1.7267398429755327,
          "rmsse": 0.6556606534921947
        }
      },
      "rounded": {
        "forecast": [
          0.0,
          0.0,
          0.0,
          0.0,
          0.0,
          0.0,
          0.0,
          0.0,
          0.0,
          0.0,
          0.0,
          0.0,
          0.0,
          1.0,
          0.0,
          0.0,
          0.0,
          0.0,
          0.0,
          0.0,
          0.0,
          0.0,
          0.0,
          0.0,
          0.0,
          0.0,
          1.0,
          1.0
        ],
        "metrics": {
          "mae": 0.2857142857142857,
          "mape": 0.8571428571428571,
          "rmse": 0.5345224838248488,
          "smape": 0.5714285714285714,
          "rmsse": 0.7847757742648633
        }
      }
    }
  }
}