{
  "series_id": "HOUSEHOLD_1_354_TX_2_validation",
  "run": "run_20260527_162549_305320_002_subset30490_ctx112_h64_losstweedie_ep100_steps60",
  "horizon": [
    1,
    2,
    3,
    4,
    5,
    6,
    7,
    8,
    9,
    10,
    11,
    12,
    13,
    14,
    15,
    16,
    17,
    18,
    19,
    20,
    21,
    22,
    23,
    24,
    25,
    26,
    27,
    28
  ],
  "actuals": [
    2.0,
    1.0,
    1.0,
    0.0,
    3.0,
    0.0,
    3.0,
    3.0,
    1.0,
    0.0,
    1.0,
    2.0,
    2.0,
    0.0,
    1.0,
    4.0,
    0.0,
    1.0,
    1.0,
    1.0,
    3.0,
    0.0,
    0.0,
    0.0,
    2.0,
    2.0,
    2.0,
    0.0
  ],
  "modes": {
    "mean": {
      "raw": {
        "forecast": [
          1.4195465,
          1.3908678,
          1.4199241,
          1.5091981,
          1.6888868,
          1.9391899,
          1.955739,
          1.682873,
          1.6534404,
          1.5716597,
          1.5778081,
          1.7909199,
          2.2147365,
          1.9985088,
          1.771714,
          1.5969491,
          1.6668661,
          1.7171971,
          1.9049546,
          2.2051818,
          2.2287865,
          1.7399759,
          1.6130952,
          1.5964185,
          1.636663,
          1.8522947,
          2.4041421,
          2.3492634
        ],
        "metrics": {
          "mae": 1.0854101308754511,
          "mape": 0.4569903235686453,
          "rmse": 1.2692356297559724,
          "smape": 0.9208310529375668,
          "rmsse": 0.7173880228458214
        }
      },
      "rounded": {
        "forecast": [
          1.0,
          1.0,
          1.0,
          2.0,
          2.0,
          2.0,
          2.0,
          2.0,
          2.0,
          2.0,
          2.0,
          2.0,
          2.0,
          2.0,
          2.0,
          2.0,
          2.0,
          2.0,
          2.0,
          2.0,
          2.0,
          2.0,
          2.0,
          2.0,
          2.0,
          2.0,
          2.0,
          2.0
        ],
        "metrics": {
          "mae": 1.1071428571428572,
          "mape": 0.4385964912280701,
          "rmse": 1.349603116263656,
          "smape": 0.8904761904761905,
          "rmsse": 0.7628127421770303
        }
      }
    },
    "sample-mean": {
      "raw": {
        "forecast": [
          1.3396643,
          1.1937256,
          1.3376483,
          1.5351862,
          1.5983232,
          1.9783428,
          1.7030123,
          1.5625751,
          1.419286,
          1.4925833,
          1.6194202,
          1.6427429,
          2.0231586,
          1.9319162,
          1.5858036,
          1.420073,
          1.3775083,
          1.6584163,
          1.9546582,
          1.8961737,
          2.1079497,
          1.5125062,
          1.3760097,
          1.4395454,
          1.6008841,
          1.6774087,
          2.0853252,
          1.8256197
        ],
        "metrics": {
          "mae": 1.0210785695484703,
          "mape": 0.4163185253477933,
          "rmse": 1.2088426522258244,
          "smape": 0.9154692632148304,
          "rmsse": 0.6832531484943545
        }
      },
      "rounded": {
        "forecast": [
          1.0,
          1.0,
          1.0,
          2.0,
          2.0,
          2.0,
          2.0,
          2.0,
          1.0,
          1.0,
          2.0,
          2.0,
          2.0,
          2.0,
          2.0,
          1.0,
          1.0,
          2.0,
          2.0,
          2.0,
          2.0,
          2.0,
          1.0,
          1.0,
          2.0,
          2.0,
          2.0,
          2.0
        ],
        "metrics": {
          "mae": 0.9642857142857144,
          "mape": 0.3991228070175438,
          "rmse": 1.2392393980641052,
          "smape": 0.8857142857142856,
          "rmsse": 0.700433773499393
        }
      }
    }
  }
}