{
  "series_id": "HOUSEHOLD_2_073_TX_1_validation",
  "run": "run_20260527_162549_305320_002_subset30490_ctx112_h64_losstweedie_ep100_steps60",
  "horizon": [
    1,
    2,
    3,
    4,
    5,
    6,
    7,
    8,
    9,
    10,
    11,
    12,
    13,
    14,
    15,
    16,
    17,
    18,
    19,
    20,
    21,
    22,
    23,
    24,
    25,
    26,
    27,
    28
  ],
  "actuals": [
    0.0,
    0.0,
    0.0,
    0.0,
    0.0,
    1.0,
    0.0,
    0.0,
    0.0,
    0.0,
    0.0,
    0.0,
    0.0,
    0.0,
    0.0,
    0.0,
    0.0,
    0.0,
    0.0,
    0.0,
    0.0,
    0.0,
    0.0,
    0.0,
    0.0,
    0.0,
    0.0,
    0.0
  ],
  "modes": {
    "mean": {
      "raw": {
        "forecast": [
          0.098772496,
          0.09526346,
          0.09556084,
          0.09700036,
          0.107399344,
          0.1131977,
          0.11794253,
          0.10700123,
          0.10448121,
          0.102317736,
          0.102428615,
          0.11651647,
          0.13563636,
          0.1237892,
          0.11223147,
          0.105327666,
          0.10728977,
          0.11144348,
          0.12054604,
          0.1356439,
          0.13410461,
          0.11304209,
          0.10702797,
          0.10657899,
          0.10862204,
          0.117910594,
          0.1380412,
          0.13701722
        ],
        "metrics": {
          "mae": 0.140919256689293,
          "mape": 0.8868023008108139,
          "rmse": 0.2015579687185505,
          "smape": 1.9854732902377104,
          "rmsse": 0.7579272961133403
        }
      },
      "rounded": {
        "forecast": [
          0.0,
          0.0,
          0.0,
          0.0,
          0.0,
          0.0,
          0.0,
          0.0,
          0.0,
          0.0,
          0.0,
          0.0,
          0.0,
          0.0,
          0.0,
          0.0,
          0.0,
          0.0,
          0.0,
          0.0,
          0.0,
          0.0,
          0.0,
          0.0,
          0.0,
          0.0,
          0.0,
          0.0
        ],
        "metrics": {
          "mae": 0.0357142857142857,
          "mape": 1.0,
          "rmse": 0.1889822365046136,
          "smape": 0.0714285714285714,
          "rmsse": 0.7106382170749215
        }
      }
    },
    "sample-mean": {
      "raw": {
        "forecast": [
          0.071571134,
          0.10993877,
          0.08602882,
          0.09775469,
          0.13934454,
          0.16784027,
          0.08414845,
          0.11022795,
          0.10322032,
          0.09928471,
          0.13632813,
          0.09465196,
          0.12614626,
          0.15018874,
          0.06873664,
          0.071650244,
          0.121188566,
          0.12625185,
          0.12596379,
          0.13943014,
          0.1609099,
          0.09965724,
          0.12162567,
          0.14326674,
          0.08213984,
          0.101222746,
          0.13440426,
          0.09896121
        ],
        "metrics": {
          "mae": 0.1370143943599292,
          "mape": 0.8321597278118134,
          "rmse": 0.1930594302525656,
          "smape": 1.979468783264133,
          "rmsse": 0.7259698680771727
        }
      },
      "rounded": {
        "forecast": [
          0.0,
          0.0,
          0.0,
          0.0,
          0.0,
          0.0,
          0.0,
          0.0,
          0.0,
          0.0,
          0.0,
          0.0,
          0.0,
          0.0,
          0.0,
          0.0,
          0.0,
          0.0,
          0.0,
          0.0,
          0.0,
          0.0,
          0.0,
          0.0,
          0.0,
          0.0,
          0.0,
          0.0
        ],
        "metrics": {
          "mae": 0.0357142857142857,
          "mape": 1.0,
          "rmse": 0.1889822365046136,
          "smape": 0.0714285714285714,
          "rmsse": 0.7106382170749215
        }
      }
    }
  }
}