{
  "series_id": "HOUSEHOLD_1_226_CA_4_validation",
  "run": "run_20260527_162549_305320_002_subset30490_ctx112_h64_losstweedie_ep100_steps60",
  "horizon": [
    1,
    2,
    3,
    4,
    5,
    6,
    7,
    8,
    9,
    10,
    11,
    12,
    13,
    14,
    15,
    16,
    17,
    18,
    19,
    20,
    21,
    22,
    23,
    24,
    25,
    26,
    27,
    28
  ],
  "actuals": [
    0.0,
    1.0,
    0.0,
    1.0,
    0.0,
    4.0,
    6.0,
    4.0,
    2.0,
    3.0,
    3.0,
    6.0,
    7.0,
    1.0,
    3.0,
    1.0,
    3.0,
    4.0,
    4.0,
    4.0,
    6.0,
    2.0,
    3.0,
    1.0,
    1.0,
    3.0,
    3.0,
    6.0
  ],
  "modes": {
    "mean": {
      "raw": {
        "forecast": [
          1.7573189,
          1.7263001,
          1.6617801,
          1.6625551,
          1.8762159,
          2.0039608,
          2.057725,
          1.8755895,
          1.7786996,
          1.7444661,
          1.7222044,
          1.9128886,
          2.3587434,
          2.2809644,
          1.8878688,
          1.8094833,
          1.7000649,
          1.6847756,
          1.8909091,
          2.3816292,
          2.4592495,
          1.93963,
          1.7850695,
          1.7367688,
          1.7614651,
          2.0120301,
          2.4301078,
          2.4238248
        ],
        "metrics": {
          "mae": 1.7222648177828108,
          "mape": 0.5367722951798212,
          "rmse": 2.0938570278637094,
          "smape": 0.7475460723565882,
          "rmsse": 1.1780889231327754
        }
      },
      "rounded": {
        "forecast": [
          2.0,
          2.0,
          2.0,
          2.0,
          2.0,
          2.0,
          2.0,
          2.0,
          2.0,
          2.0,
          2.0,
          2.0,
          2.0,
          2.0,
          2.0,
          2.0,
          2.0,
          2.0,
          2.0,
          2.0,
          2.0,
          2.0,
          2.0,
          2.0,
          2.0,
          2.0,
          2.0,
          2.0
        ],
        "metrics": {
          "mae": 1.7857142857142858,
          "mape": 0.5685714285714285,
          "rmse": 2.187627547301936,
          "smape": 0.7587301587301586,
          "rmsse": 1.2308480221526783
        }
      }
    },
    "sample-mean": {
      "raw": {
        "forecast": [
          1.5305278,
          1.5590433,
          1.6389927,
          1.5593772,
          1.6459869,
          1.6977606,
          1.9356923,
          1.7767471,
          1.9752201,
          1.5269209,
          1.5935028,
          1.7512974,
          2.160922,
          2.0818248,
          1.445802,
          1.6107738,
          1.4770255,
          1.4116642,
          1.8961003,
          2.2409635,
          2.284702,
          1.9440564,
          1.7864499,
          1.5687121,
          1.572796,
          1.9875267,
          2.2419386,
          2.0642405
        ],
        "metrics": {
          "mae": 1.770339352743966,
          "mape": 0.5227733089242662,
          "rmse": 2.189760715950911,
          "smape": 0.7742767235295502,
          "rmsse": 1.2320482293889363
        }
      },
      "rounded": {
        "forecast": [
          2.0,
          2.0,
          2.0,
          2.0,
          2.0,
          2.0,
          2.0,
          2.0,
          2.0,
          2.0,
          2.0,
          2.0,
          2.0,
          2.0,
          1.0,
          2.0,
          1.0,
          1.0,
          2.0,
          2.0,
          2.0,
          2.0,
          2.0,
          2.0,
          2.0,
          2.0,
          2.0,
          2.0
        ],
        "metrics": {
          "mae": 1.8928571428571428,
          "mape": 0.6052380952380951,
          "rmse": 2.275647474581999,
          "smape": 0.8206349206349206,
          "rmsse": 1.2803716046913538
        }
      }
    }
  }
}