{
  "series_id": "HOUSEHOLD_1_383_TX_3_validation",
  "run": "run_20260527_162549_305320_002_subset30490_ctx112_h64_losstweedie_ep100_steps60",
  "horizon": [
    1,
    2,
    3,
    4,
    5,
    6,
    7,
    8,
    9,
    10,
    11,
    12,
    13,
    14,
    15,
    16,
    17,
    18,
    19,
    20,
    21,
    22,
    23,
    24,
    25,
    26,
    27,
    28
  ],
  "actuals": [
    1.0,
    5.0,
    1.0,
    0.0,
    2.0,
    2.0,
    1.0,
    0.0,
    1.0,
    2.0,
    1.0,
    2.0,
    1.0,
    1.0,
    2.0,
    1.0,
    3.0,
    0.0,
    1.0,
    3.0,
    0.0,
    1.0,
    0.0,
    1.0,
    2.0,
    1.0,
    0.0,
    1.0
  ],
  "modes": {
    "mean": {
      "raw": {
        "forecast": [
          1.573101,
          1.4234616,
          1.4144169,
          1.4399819,
          1.7389287,
          1.8512181,
          1.9635721,
          1.6768317,
          1.6202145,
          1.5509026,
          1.5953999,
          1.7547755,
          2.0665362,
          1.9578494,
          1.7386742,
          1.59817,
          1.6442734,
          1.6576718,
          1.8717871,
          2.1071355,
          2.1488335,
          1.7557222,
          1.6326534,
          1.6016334,
          1.6024361,
          1.8299682,
          2.2230337,
          2.264446
        ],
        "metrics": {
          "mae": 1.017143475157874,
          "mape": 0.5663267001961216,
          "rmse": 1.259602737808894,
          "smape": 0.7915133259033037,
          "rmsse": 0.714262254252629
        }
      },
      "rounded": {
        "forecast": [
          2.0,
          1.0,
          1.0,
          1.0,
          2.0,
          2.0,
          2.0,
          2.0,
          2.0,
          2.0,
          2.0,
          2.0,
          2.0,
          2.0,
          2.0,
          2.0,
          2.0,
          2.0,
          2.0,
          2.0,
          2.0,
          2.0,
          2.0,
          2.0,
          2.0,
          2.0,
          2.0,
          2.0
        ],
        "metrics": {
          "mae": 1.0357142857142858,
          "mape": 0.6121212121212122,
          "rmse": 1.349603116263656,
          "smape": 0.7904761904761906,
          "rmsse": 0.7652972919427751
        }
      }
    },
    "sample-mean": {
      "raw": {
        "forecast": [
          1.7082624,
          1.334059,
          1.4416178,
          1.3047181,
          1.6599509,
          1.5798144,
          2.0507636,
          1.633306,
          1.5897229,
          1.6066965,
          1.5262638,
          1.6045814,
          1.8838577,
          1.6310108,
          1.3598877,
          1.372095,
          1.5254246,
          1.5095268,
          1.550189,
          2.080483,
          1.8709906,
          1.8233702,
          1.5277543,
          1.324218,
          1.457906,
          1.5626912,
          1.7137566,
          2.1978226
        ],
        "metrics": {
          "mae": 0.9647547943251472,
          "mape": 0.5253948058142807,
          "rmse": 1.191736291646058,
          "smape": 0.7877831585970599,
          "rmsse": 0.675778342325997
        }
      },
      "rounded": {
        "forecast": [
          2.0,
          1.0,
          1.0,
          1.0,
          2.0,
          2.0,
          2.0,
          2.0,
          2.0,
          2.0,
          2.0,
          2.0,
          2.0,
          2.0,
          1.0,
          1.0,
          2.0,
          2.0,
          2.0,
          2.0,
          2.0,
          2.0,
          2.0,
          1.0,
          1.0,
          2.0,
          2.0,
          2.0
        ],
        "metrics": {
          "mae": 1.0357142857142858,
          "mape": 0.5666666666666667,
          "rmse": 1.349603116263656,
          "smape": 0.7904761904761906,
          "rmsse": 0.7652972919427751
        }
      }
    }
  }
}