{
  "series_id": "HOUSEHOLD_2_369_WI_1_validation",
  "run": "run_20260527_162549_305320_002_subset30490_ctx112_h64_losstweedie_ep100_steps60",
  "horizon": [
    1,
    2,
    3,
    4,
    5,
    6,
    7,
    8,
    9,
    10,
    11,
    12,
    13,
    14,
    15,
    16,
    17,
    18,
    19,
    20,
    21,
    22,
    23,
    24,
    25,
    26,
    27,
    28
  ],
  "actuals": [
    0.0,
    0.0,
    0.0,
    0.0,
    0.0,
    1.0,
    1.0,
    0.0,
    0.0,
    0.0,
    0.0,
    0.0,
    0.0,
    1.0,
    0.0,
    0.0,
    2.0,
    1.0,
    1.0,
    0.0,
    0.0,
    0.0,
    1.0,
    0.0,
    0.0,
    0.0,
    1.0,
    0.0
  ],
  "modes": {
    "mean": {
      "raw": {
        "forecast": [
          0.3287749,
          0.31049988,
          0.32013354,
          0.3443198,
          0.45337737,
          0.5049479,
          0.42524803,
          0.3663865,
          0.35074657,
          0.34745604,
          0.3606315,
          0.44473943,
          0.5373476,
          0.4527505,
          0.36391476,
          0.34405228,
          0.35353163,
          0.37292993,
          0.43810332,
          0.5501672,
          0.4955405,
          0.36504447,
          0.34310237,
          0.3452193,
          0.36166912,
          0.45421866,
          0.57589275,
          0.4977638
        ],
        "metrics": {
          "mae": 0.4812677438770021,
          "mape": 0.588782424107194,
          "rmse": 0.5401100802090075,
          "smape": 1.6724398214585976,
          "rmsse": 0.6231759310778101
        }
      },
      "rounded": {
        "forecast": [
          0.0,
          0.0,
          0.0,
          0.0,
          0.0,
          1.0,
          0.0,
          0.0,
          0.0,
          0.0,
          0.0,
          0.0,
          1.0,
          0.0,
          0.0,
          0.0,
          0.0,
          0.0,
          0.0,
          1.0,
          0.0,
          0.0,
          0.0,
          0.0,
          0.0,
          0.0,
          1.0,
          0.0
        ],
        "metrics": {
          "mae": 0.3214285714285714,
          "mape": 0.75,
          "rmse": 0.6267831705280087,
          "smape": 0.5714285714285714,
          "rmsse": 0.72317884851648
        }
      }
    },
    "sample-mean": {
      "raw": {
        "forecast": [
          0.36477903,
          0.32717595,
          0.26572788,
          0.29730207,
          0.40095425,
          0.43281502,
          0.4448509,
          0.32425553,
          0.29488346,
          0.34879205,
          0.3626288,
          0.4739222,
          0.5467266,
          0.3991166,
          0.24303922,
          0.3094347,
          0.28702056,
          0.33958772,
          0.41450226,
          0.43164065,
          0.39744407,
          0.2797207,
          0.34298104,
          0.25813413,
          0.304946,
          0.46273327,
          0.45660344,
          0.3540451
        ],
        "metrics": {
          "mae": 0.4618145738329206,
          "mape": 0.6282540932297707,
          "rmse": 0.5357312884015223,
          "smape": 1.6948397540447055,
          "rmsse": 0.6181237060562561
        }
      },
      "rounded": {
        "forecast": [
          0.0,
          0.0,
          0.0,
          0.0,
          0.0,
          0.0,
          0.0,
          0.0,
          0.0,
          0.0,
          0.0,
          0.0,
          1.0,
          0.0,
          0.0,
          0.0,
          0.0,
          0.0,
          0.0,
          0.0,
          0.0,
          0.0,
          0.0,
          0.0,
          0.0,
          0.0,
          0.0,
          0.0
        ],
        "metrics": {
          "mae": 0.3571428571428571,
          "mape": 1.0,
          "rmse": 0.6546536707079771,
          "smape": 0.6428571428571429,
          "rmsse": 0.7553356727189371
        }
      }
    }
  }
}