{
  "series_id": "HOUSEHOLD_2_301_CA_3_validation",
  "run": "run_20260527_162549_305320_002_subset30490_ctx112_h64_losstweedie_ep100_steps60",
  "horizon": [
    1,
    2,
    3,
    4,
    5,
    6,
    7,
    8,
    9,
    10,
    11,
    12,
    13,
    14,
    15,
    16,
    17,
    18,
    19,
    20,
    21,
    22,
    23,
    24,
    25,
    26,
    27,
    28
  ],
  "actuals": [
    0.0,
    1.0,
    0.0,
    1.0,
    2.0,
    5.0,
    2.0,
    0.0,
    0.0,
    0.0,
    1.0,
    0.0,
    0.0,
    0.0,
    0.0,
    0.0,
    0.0,
    1.0,
    1.0,
    7.0,
    0.0,
    0.0,
    1.0,
    0.0,
    3.0,
    0.0,
    1.0,
    0.0
  ],
  "modes": {
    "mean": {
      "raw": {
        "forecast": [
          0.93040586,
          0.9408734,
          0.9736119,
          0.9919444,
          1.1400547,
          1.2470566,
          1.3311116,
          1.1768699,
          1.092629,
          1.07957,
          1.0339605,
          1.188398,
          1.4799246,
          1.3994956,
          1.1791745,
          1.1051483,
          1.0689073,
          1.0688229,
          1.2195153,
          1.562495,
          1.5349063,
          1.2146991,
          1.1333706,
          1.122465,
          1.123592,
          1.2852675,
          1.6485709,
          1.5916766
        ],
        "metrics": {
          "mae": 1.185366498572486,
          "mape": 0.340723644267945,
          "rmse": 1.6147199547260536,
          "smape": 1.332590208892692,
          "rmsse": 0.5505178511223926
        }
      },
      "rounded": {
        "forecast": [
          1.0,
          1.0,
          1.0,
          1.0,
          1.0,
          1.0,
          1.0,
          1.0,
          1.0,
          1.0,
          1.0,
          1.0,
          1.0,
          1.0,
          1.0,
          1.0,
          1.0,
          1.0,
          1.0,
          2.0,
          2.0,
          1.0,
          1.0,
          1.0,
          1.0,
          1.0,
          2.0,
          2.0
        ],
        "metrics": {
          "mae": 1.1428571428571428,
          "mape": 0.3484126984126983,
          "rmse": 1.5811388300841898,
          "smape": 1.337301587301587,
          "rmsse": 0.5390688016931072
        }
      }
    },
    "sample-mean": {
      "raw": {
        "forecast": [
          0.930654,
          0.9979437,
          0.89990187,
          0.80984354,
          1.0503296,
          1.103086,
          1.1942937,
          0.97665423,
          1.0706471,
          1.008608,
          0.8477715,
          0.97623956,
          1.4455407,
          1.2567377,
          1.097775,
          0.8550191,
          0.85903883,
          0.9114962,
          1.1989131,
          1.5325626,
          1.4529268,
          1.106576,
          0.8869362,
          0.92945826,
          0.93942904,
          1.2590053,
          1.5106014,
          1.5343101
        ],
        "metrics": {
          "mae": 1.1462469569274358,
          "mape": 0.365042828520139,
          "rmse": 1.5978125649483188,
          "smape": 1.3538898924929754,
          "rmsse": 0.5447534955997618
        }
      },
      "rounded": {
        "forecast": [
          1.0,
          1.0,
          1.0,
          1.0,
          1.0,
          1.0,
          1.0,
          1.0,
          1.0,
          1.0,
          1.0,
          1.0,
          1.0,
          1.0,
          1.0,
          1.0,
          1.0,
          1.0,
          1.0,
          2.0,
          1.0,
          1.0,
          1.0,
          1.0,
          1.0,
          1.0,
          2.0,
          2.0
        ],
        "metrics": {
          "mae": 1.1071428571428572,
          "mape": 0.3484126984126983,
          "rmse": 1.546886273407694,
          "smape": 1.337301587301587,
          "rmsse": 0.5273908362094939
        }
      }
    }
  }
}