{
  "series_id": "HOUSEHOLD_2_427_WI_3_validation",
  "run": "run_20260527_162549_305320_002_subset30490_ctx112_h64_losstweedie_ep100_steps60",
  "horizon": [
    1,
    2,
    3,
    4,
    5,
    6,
    7,
    8,
    9,
    10,
    11,
    12,
    13,
    14,
    15,
    16,
    17,
    18,
    19,
    20,
    21,
    22,
    23,
    24,
    25,
    26,
    27,
    28
  ],
  "actuals": [
    1.0,
    1.0,
    0.0,
    0.0,
    0.0,
    1.0,
    2.0,
    0.0,
    1.0,
    0.0,
    0.0,
    2.0,
    1.0,
    1.0,
    1.0,
    0.0,
    0.0,
    1.0,
    0.0,
    0.0,
    0.0,
    0.0,
    0.0,
    0.0,
    0.0,
    1.0,
    0.0,
    0.0
  ],
  "modes": {
    "mean": {
      "raw": {
        "forecast": [
          0.5044272,
          0.51970977,
          0.56146985,
          0.62906325,
          0.7575652,
          0.78137904,
          0.71450025,
          0.62895405,
          0.6097351,
          0.6044819,
          0.62116826,
          0.75488555,
          0.8909989,
          0.8339915,
          0.66395354,
          0.6140507,
          0.65753525,
          0.7079267,
          0.7621833,
          1.0039488,
          0.9027338,
          0.6846199,
          0.62891954,
          0.6383536,
          0.6739773,
          0.7816824,
          0.9676824,
          0.890207
        ],
        "metrics": {
          "mae": 0.6237044355698994,
          "mape": 0.3610457263209603,
          "rmse": 0.6882761392395663,
          "smape": 1.398557964535443,
          "rmsse": 0.4249402744023225
        }
      },
      "rounded": {
        "forecast": [
          1.0,
          1.0,
          1.0,
          1.0,
          1.0,
          1.0,
          1.0,
          1.0,
          1.0,
          1.0,
          1.0,
          1.0,
          1.0,
          1.0,
          1.0,
          1.0,
          1.0,
          1.0,
          1.0,
          1.0,
          1.0,
          1.0,
          1.0,
          1.0,
          1.0,
          1.0,
          1.0,
          1.0
        ],
        "metrics": {
          "mae": 0.6785714285714286,
          "mape": 0.0909090909090909,
          "rmse": 0.823754471047914,
          "smape": 1.2619047619047616,
          "rmsse": 0.5085843181400785
        }
      }
    },
    "sample-mean": {
      "raw": {
        "forecast": [
          0.4011042,
          0.5548407,
          0.49611065,
          0.60306555,
          0.7467654,
          0.6341526,
          0.53478765,
          0.6591868,
          0.4967121,
          0.5671405,
          0.6347333,
          0.57216525,
          0.7724295,
          0.8003053,
          0.65645146,
          0.47037292,
          0.6971346,
          0.8359918,
          0.70272386,
          0.8545848,
          0.87849945,
          0.6786297,
          0.6092418,
          0.5567368,
          0.75043344,
          0.8316244,
          0.76161265,
          0.69085085
        ],
        "metrics": {
          "mae": 0.616687790623733,
          "mape": 0.4057192260568792,
          "rmse": 0.6862505276274321,
          "smape": 1.431072485453172,
          "rmsse": 0.4236896659543181
        }
      },
      "rounded": {
        "forecast": [
          0.0,
          1.0,
          0.0,
          1.0,
          1.0,
          1.0,
          1.0,
          1.0,
          0.0,
          1.0,
          1.0,
          1.0,
          1.0,
          1.0,
          1.0,
          0.0,
          1.0,
          1.0,
          1.0,
          1.0,
          1.0,
          1.0,
          1.0,
          1.0,
          1.0,
          1.0,
          1.0,
          1.0
        ],
        "metrics": {
          "mae": 0.6785714285714286,
          "mape": 0.2727272727272727,
          "rmse": 0.823754471047914,
          "smape": 1.2619047619047616,
          "rmsse": 0.5085843181400785
        }
      }
    }
  }
}