{
  "series_id": "HOUSEHOLD_1_415_CA_1_validation",
  "run": "run_20260527_162549_305320_002_subset30490_ctx112_h64_losstweedie_ep100_steps60",
  "horizon": [
    1,
    2,
    3,
    4,
    5,
    6,
    7,
    8,
    9,
    10,
    11,
    12,
    13,
    14,
    15,
    16,
    17,
    18,
    19,
    20,
    21,
    22,
    23,
    24,
    25,
    26,
    27,
    28
  ],
  "actuals": [
    2.0,
    0.0,
    4.0,
    1.0,
    2.0,
    2.0,
    0.0,
    1.0,
    0.0,
    2.0,
    0.0,
    0.0,
    3.0,
    1.0,
    0.0,
    1.0,
    0.0,
    1.0,
    0.0,
    2.0,
    1.0,
    0.0,
    1.0,
    0.0,
    0.0,
    0.0,
    1.0,
    3.0
  ],
  "modes": {
    "mean": {
      "raw": {
        "forecast": [
          0.70440614,
          0.6083233,
          0.5831182,
          0.58518153,
          0.6857216,
          0.81640875,
          0.8785642,
          0.72473097,
          0.669476,
          0.64597714,
          0.6196831,
          0.7325341,
          0.9386387,
          0.9378877,
          0.74358296,
          0.68530786,
          0.61892617,
          0.61582613,
          0.71806824,
          0.9464069,
          1.0349257,
          0.7329335,
          0.6523444,
          0.62512755,
          0.622906,
          0.7297346,
          0.99015146,
          1.0100579
        ],
        "metrics": {
          "mae": 0.8504507137196404,
          "mape": 0.4467931414643923,
          "rmse": 1.1030110667929842,
          "smape": 1.2238190261802373,
          "rmsse": 1.0201464010903056
        }
      },
      "rounded": {
        "forecast": [
          1.0,
          1.0,
          1.0,
          1.0,
          1.0,
          1.0,
          1.0,
          1.0,
          1.0,
          1.0,
          1.0,
          1.0,
          1.0,
          1.0,
          1.0,
          1.0,
          1.0,
          1.0,
          1.0,
          1.0,
          1.0,
          1.0,
          1.0,
          1.0,
          1.0,
          1.0,
          1.0,
          1.0
        ],
        "metrics": {
          "mae": 0.8571428571428571,
          "mape": 0.2864583333333333,
          "rmse": 1.1019463300386794,
          "smape": 1.0904761904761904,
          "rmsse": 1.01916165361069
        }
      }
    },
    "sample-mean": {
      "raw": {
        "forecast": [
          0.7051776,
          0.6825964,
          0.5909176,
          0.5786196,
          0.61725986,
          0.8038513,
          1.0081631,
          0.5483424,
          0.6240784,
          0.595195,
          0.5960968,
          0.6839656,
          0.9181344,
          0.885786,
          0.7984444,
          0.61273855,
          0.6283073,
          0.49107084,
          0.680138,
          0.82090193,
          0.7763386,
          0.6835407,
          0.59934497,
          0.63042486,
          0.5628792,
          0.8559083,
          0.8363808,
          1.1174678
        ],
        "metrics": {
          "mae": 0.8906077093311718,
          "mape": 0.5046201242754857,
          "rmse": 1.1184776653743689,
          "smape": 1.2707251233788426,
          "rmsse": 1.0344510580016668
        }
      },
      "rounded": {
        "forecast": [
          1.0,
          1.0,
          1.0,
          1.0,
          1.0,
          1.0,
          1.0,
          1.0,
          1.0,
          1.0,
          1.0,
          1.0,
          1.0,
          1.0,
          1.0,
          1.0,
          1.0,
          0.0,
          1.0,
          1.0,
          1.0,
          1.0,
          1.0,
          1.0,
          1.0,
          1.0,
          1.0,
          1.0
        ],
        "metrics": {
          "mae": 0.8928571428571429,
          "mape": 0.3489583333333333,
          "rmse": 1.118033988749895,
          "smape": 1.1619047619047618,
          "rmsse": 1.0340407129694804
        }
      }
    }
  }
}