{
  "series_id": "HOUSEHOLD_2_452_TX_2_validation",
  "run": "run_20260527_162549_305320_002_subset30490_ctx112_h64_losstweedie_ep100_steps60",
  "horizon": [
    1,
    2,
    3,
    4,
    5,
    6,
    7,
    8,
    9,
    10,
    11,
    12,
    13,
    14,
    15,
    16,
    17,
    18,
    19,
    20,
    21,
    22,
    23,
    24,
    25,
    26,
    27,
    28
  ],
  "actuals": [
    0.0,
    0.0,
    0.0,
    1.0,
    4.0,
    0.0,
    0.0,
    0.0,
    1.0,
    0.0,
    0.0,
    0.0,
    1.0,
    0.0,
    1.0,
    0.0,
    1.0,
    0.0,
    1.0,
    1.0,
    0.0,
    0.0,
    0.0,
    0.0,
    0.0,
    0.0,
    1.0,
    0.0
  ],
  "modes": {
    "mean": {
      "raw": {
        "forecast": [
          0.3487479,
          0.34011275,
          0.3517445,
          0.3665885,
          0.4187445,
          0.4543841,
          0.5071412,
          0.42365745,
          0.4130944,
          0.39274818,
          0.38757458,
          0.4515769,
          0.5638751,
          0.5054978,
          0.4570252,
          0.40937677,
          0.42248514,
          0.4343495,
          0.47836167,
          0.5608585,
          0.5862328,
          0.45471486,
          0.41911525,
          0.41322026,
          0.41915256,
          0.46844274,
          0.58524877,
          0.58536613
        ],
        "metrics": {
          "mae": 0.5745312294789723,
          "mape": 0.5608640693955951,
          "rmse": 0.8190921820415044,
          "smape": 1.6173322949046192,
          "rmsse": 0.509632612478609
        }
      },
      "rounded": {
        "forecast": [
          0.0,
          0.0,
          0.0,
          0.0,
          0.0,
          0.0,
          1.0,
          0.0,
          0.0,
          0.0,
          0.0,
          0.0,
          1.0,
          1.0,
          0.0,
          0.0,
          0.0,
          0.0,
          0.0,
          1.0,
          1.0,
          0.0,
          0.0,
          0.0,
          0.0,
          0.0,
          1.0,
          1.0
        ],
        "metrics": {
          "mae": 0.4642857142857143,
          "mape": 0.6666666666666666,
          "rmse": 0.944911182523068,
          "smape": 0.7142857142857143,
          "rmsse": 0.5879161894931649
        }
      }
    },
    "sample-mean": {
      "raw": {
        "forecast": [
          0.3597209,
          0.32134822,
          0.35598838,
          0.3925782,
          0.35815266,
          0.42905056,
          0.4478923,
          0.30004165,
          0.49627304,
          0.27626622,
          0.3872382,
          0.4161678,
          0.43504742,
          0.46322668,
          0.4882163,
          0.33167613,
          0.28092217,
          0.41978344,
          0.46313754,
          0.6755491,
          0.64318436,
          0.43904552,
          0.4906481,
          0.46625805,
          0.4176724,
          0.41916883,
          0.5883663,
          0.63082576
        ],
        "metrics": {
          "mae": 0.565605739397662,
          "mape": 0.5655968578325378,
          "rmse": 0.8257877782640738,
          "smape": 1.6233676424599466,
          "rmsse": 0.5137985589615863
        }
      },
      "rounded": {
        "forecast": [
          0.0,
          0.0,
          0.0,
          0.0,
          0.0,
          0.0,
          0.0,
          0.0,
          0.0,
          0.0,
          0.0,
          0.0,
          0.0,
          0.0,
          0.0,
          0.0,
          0.0,
          0.0,
          0.0,
          1.0,
          1.0,
          0.0,
          0.0,
          0.0,
          0.0,
          0.0,
          1.0,
          1.0
        ],
        "metrics": {
          "mae": 0.4285714285714285,
          "mape": 0.7777777777777778,
          "rmse": 0.9258200997725514,
          "smape": 0.6428571428571429,
          "rmsse": 0.5760378703118715
        }
      }
    }
  }
}