{
  "series_id": "HOUSEHOLD_1_358_WI_2_validation",
  "run": "run_20260527_162549_305320_002_subset30490_ctx112_h64_losstweedie_ep100_steps60",
  "horizon": [
    1,
    2,
    3,
    4,
    5,
    6,
    7,
    8,
    9,
    10,
    11,
    12,
    13,
    14,
    15,
    16,
    17,
    18,
    19,
    20,
    21,
    22,
    23,
    24,
    25,
    26,
    27,
    28
  ],
  "actuals": [
    0.0,
    0.0,
    0.0,
    0.0,
    0.0,
    0.0,
    1.0,
    0.0,
    1.0,
    0.0,
    0.0,
    2.0,
    0.0,
    0.0,
    0.0,
    0.0,
    0.0,
    0.0,
    1.0,
    0.0,
    0.0,
    0.0,
    0.0,
    0.0,
    0.0,
    1.0,
    0.0,
    0.0
  ],
  "modes": {
    "mean": {
      "raw": {
        "forecast": [
          0.31332207,
          0.29361603,
          0.29612815,
          0.31354064,
          0.36098462,
          0.4038801,
          0.4072306,
          0.3440569,
          0.32974684,
          0.31927404,
          0.3382323,
          0.41111836,
          0.4816023,
          0.44109008,
          0.35696703,
          0.32657808,
          0.3420516,
          0.3722123,
          0.40097415,
          0.4990304,
          0.46563217,
          0.3624316,
          0.3318936,
          0.3304663,
          0.34446394,
          0.3943476,
          0.48992825,
          0.47197178
        ],
        "metrics": {
          "mae": 0.4519977399281093,
          "mape": 0.652428326010704,
          "rmse": 0.5128162703322638,
          "smape": 1.817585621746217,
          "rmsse": 0.7212671324724792
        }
      },
      "rounded": {
        "forecast": [
          0.0,
          0.0,
          0.0,
          0.0,
          0.0,
          0.0,
          0.0,
          0.0,
          0.0,
          0.0,
          0.0,
          0.0,
          0.0,
          0.0,
          0.0,
          0.0,
          0.0,
          0.0,
          0.0,
          0.0,
          0.0,
          0.0,
          0.0,
          0.0,
          0.0,
          0.0,
          0.0,
          0.0
        ],
        "metrics": {
          "mae": 0.2142857142857142,
          "mape": 1.0,
          "rmse": 0.5345224838248488,
          "smape": 0.3571428571428571,
          "rmsse": 0.7517965428449082
        }
      }
    },
    "sample-mean": {
      "raw": {
        "forecast": [
          0.3686592,
          0.2993276,
          0.21241868,
          0.29090455,
          0.37322724,
          0.33150092,
          0.3653634,
          0.3439939,
          0.2672882,
          0.22399062,
          0.27378112,
          0.40110958,
          0.31657177,
          0.3804813,
          0.3260857,
          0.25231463,
          0.30734816,
          0.3576379,
          0.33192813,
          0.43631253,
          0.4714296,
          0.30579495,
          0.31845796,
          0.24041449,
          0.2044994,
          0.40234473,
          0.44578046,
          0.41277623
        ],
        "metrics": {
          "mae": 0.418774101883173,
          "mape": 0.6865041494369507,
          "rmse": 0.4950147045614264,
          "smape": 1.8311890230503336,
          "rmsse": 0.6962295409609363
        }
      },
      "rounded": {
        "forecast": [
          0.0,
          0.0,
          0.0,
          0.0,
          0.0,
          0.0,
          0.0,
          0.0,
          0.0,
          0.0,
          0.0,
          0.0,
          0.0,
          0.0,
          0.0,
          0.0,
          0.0,
          0.0,
          0.0,
          0.0,
          0.0,
          0.0,
          0.0,
          0.0,
          0.0,
          0.0,
          0.0,
          0.0
        ],
        "metrics": {
          "mae": 0.2142857142857142,
          "mape": 1.0,
          "rmse": 0.5345224838248488,
          "smape": 0.3571428571428571,
          "rmsse": 0.7517965428449082
        }
      }
    }
  }
}