{
  "series_id": "HOUSEHOLD_1_255_CA_1_validation",
  "run": "run_20260527_162549_305320_002_subset30490_ctx112_h64_losstweedie_ep100_steps60",
  "horizon": [
    1,
    2,
    3,
    4,
    5,
    6,
    7,
    8,
    9,
    10,
    11,
    12,
    13,
    14,
    15,
    16,
    17,
    18,
    19,
    20,
    21,
    22,
    23,
    24,
    25,
    26,
    27,
    28
  ],
  "actuals": [
    0.0,
    0.0,
    0.0,
    0.0,
    0.0,
    1.0,
    1.0,
    1.0,
    0.0,
    1.0,
    0.0,
    0.0,
    0.0,
    1.0,
    0.0,
    1.0,
    0.0,
    0.0,
    0.0,
    0.0,
    0.0,
    0.0,
    0.0,
    0.0,
    0.0,
    0.0,
    1.0,
    3.0
  ],
  "modes": {
    "mean": {
      "raw": {
        "forecast": [
          0.43573493,
          0.3697189,
          0.36931223,
          0.39022505,
          0.4847988,
          0.63588196,
          0.64793974,
          0.49809116,
          0.4607824,
          0.45521826,
          0.44679677,
          0.5434059,
          0.79170513,
          0.6890973,
          0.52106714,
          0.48380864,
          0.45087728,
          0.46035808,
          0.5666122,
          0.76140124,
          0.73615235,
          0.53139406,
          0.4752107,
          0.46360075,
          0.47389883,
          0.5753038,
          0.79626274,
          0.8044175
        ],
        "metrics": {
          "mae": 0.5463442589555468,
          "mape": 0.4406951318184535,
          "rmse": 0.6442836444896802,
          "smape": 1.597721371471034,
          "rmsse": 0.6160898220894889
        }
      },
      "rounded": {
        "forecast": [
          0.0,
          0.0,
          0.0,
          0.0,
          0.0,
          1.0,
          1.0,
          0.0,
          0.0,
          0.0,
          0.0,
          1.0,
          1.0,
          1.0,
          1.0,
          0.0,
          0.0,
          0.0,
          1.0,
          1.0,
          1.0,
          1.0,
          0.0,
          0.0,
          0.0,
          1.0,
          1.0,
          1.0
        ],
        "metrics": {
          "mae": 0.4642857142857143,
          "mape": 0.4583333333333333,
          "rmse": 0.7319250547113999,
          "smape": 0.8214285714285714,
          "rmsse": 0.6998960482648238
        }
      }
    },
    "sample-mean": {
      "raw": {
        "forecast": [
          0.4617594,
          0.34401476,
          0.35523945,
          0.38077393,
          0.556725,
          0.5112114,
          0.6134074,
          0.5573099,
          0.500466,
          0.41760966,
          0.36481693,
          0.56367433,
          0.7974767,
          0.66069883,
          0.39401507,
          0.3428512,
          0.4368072,
          0.39498577,
          0.5347102,
          0.6706443,
          0.58237904,
          0.55209947,
          0.38297817,
          0.53913534,
          0.4390172,
          0.52604127,
          0.81685656,
          0.6888745
        ],
        "metrics": {
          "mae": 0.5417478616748538,
          "mape": 0.4813037787874539,
          "rmse": 0.6514763029336333,
          "smape": 1.619938636955706,
          "rmsse": 0.6229677301335391
        }
      },
      "rounded": {
        "forecast": [
          0.0,
          0.0,
          0.0,
          0.0,
          1.0,
          1.0,
          1.0,
          1.0,
          1.0,
          0.0,
          0.0,
          1.0,
          1.0,
          1.0,
          0.0,
          0.0,
          0.0,
          0.0,
          1.0,
          1.0,
          1.0,
          1.0,
          0.0,
          1.0,
          0.0,
          1.0,
          1.0,
          1.0
        ],
        "metrics": {
          "mae": 0.5,
          "mape": 0.3333333333333333,
          "rmse": 0.7559289460184544,
          "smape": 0.8928571428571429,
          "rmsse": 0.722849530401612
        }
      }
    }
  }
}