{
  "series_id": "HOUSEHOLD_2_417_TX_1_validation",
  "run": "run_20260527_162549_305320_002_subset30490_ctx112_h64_losstweedie_ep100_steps60",
  "horizon": [
    1,
    2,
    3,
    4,
    5,
    6,
    7,
    8,
    9,
    10,
    11,
    12,
    13,
    14,
    15,
    16,
    17,
    18,
    19,
    20,
    21,
    22,
    23,
    24,
    25,
    26,
    27,
    28
  ],
  "actuals": [
    0.0,
    0.0,
    0.0,
    0.0,
    0.0,
    1.0,
    0.0,
    0.0,
    0.0,
    0.0,
    0.0,
    0.0,
    0.0,
    0.0,
    0.0,
    0.0,
    0.0,
    0.0,
    0.0,
    0.0,
    1.0,
    0.0,
    0.0,
    0.0,
    0.0,
    0.0,
    0.0,
    1.0
  ],
  "modes": {
    "mean": {
      "raw": {
        "forecast": [
          0.11630225,
          0.1068707,
          0.104777515,
          0.106329255,
          0.11524257,
          0.12369725,
          0.12989005,
          0.11386051,
          0.10931227,
          0.10825934,
          0.10804225,
          0.12043643,
          0.14228669,
          0.13101529,
          0.117451414,
          0.110443,
          0.11276186,
          0.11554527,
          0.124469966,
          0.14128906,
          0.14590767,
          0.12034558,
          0.11245007,
          0.11202052,
          0.11357014,
          0.122718744,
          0.14597641,
          0.15475217
        ],
        "metrics": {
          "mae": 0.1977610742407185,
          "mape": 0.8585476378599802,
          "rmse": 0.3027190999183808,
          "smape": 1.946939536810243,
          "rmsse": 0.5246013312391403
        }
      },
      "rounded": {
        "forecast": [
          0.0,
          0.0,
          0.0,
          0.0,
          0.0,
          0.0,
          0.0,
          0.0,
          0.0,
          0.0,
          0.0,
          0.0,
          0.0,
          0.0,
          0.0,
          0.0,
          0.0,
          0.0,
          0.0,
          0.0,
          0.0,
          0.0,
          0.0,
          0.0,
          0.0,
          0.0,
          0.0,
          0.0
        ],
        "metrics": {
          "mae": 0.1071428571428571,
          "mape": 1.0,
          "rmse": 0.3273268353539885,
          "smape": 0.2142857142857142,
          "rmsse": 0.5672456532253678
        }
      }
    },
    "sample-mean": {
      "raw": {
        "forecast": [
          0.1023691,
          0.09246967,
          0.10472073,
          0.089240454,
          0.13650303,
          0.12698282,
          0.17250478,
          0.06734312,
          0.10188863,
          0.09647699,
          0.0829443,
          0.09551352,
          0.1449281,
          0.11946027,
          0.09521052,
          0.12616971,
          0.12495187,
          0.11149252,
          0.20112365,
          0.1374862,
          0.1424826,
          0.1518427,
          0.10191219,
          0.113877974,
          0.086575106,
          0.13785772,
          0.16317576,
          0.17575797
        ],
        "metrics": {
          "mae": 0.1968862581998109,
          "mape": 0.8515922029813131,
          "rmse": 0.3018183251810239,
          "smape": 1.94473242916277,
          "rmsse": 0.5230403209609933
        }
      },
      "rounded": {
        "forecast": [
          0.0,
          0.0,
          0.0,
          0.0,
          0.0,
          0.0,
          0.0,
          0.0,
          0.0,
          0.0,
          0.0,
          0.0,
          0.0,
          0.0,
          0.0,
          0.0,
          0.0,
          0.0,
          0.0,
          0.0,
          0.0,
          0.0,
          0.0,
          0.0,
          0.0,
          0.0,
          0.0,
          0.0
        ],
        "metrics": {
          "mae": 0.1071428571428571,
          "mape": 1.0,
          "rmse": 0.3273268353539885,
          "smape": 0.2142857142857142,
          "rmsse": 0.5672456532253678
        }
      }
    }
  }
}