{
  "series_id": "HOUSEHOLD_2_348_CA_1_validation",
  "run": "run_20260527_162549_305320_002_subset30490_ctx112_h64_losstweedie_ep100_steps60",
  "horizon": [
    1,
    2,
    3,
    4,
    5,
    6,
    7,
    8,
    9,
    10,
    11,
    12,
    13,
    14,
    15,
    16,
    17,
    18,
    19,
    20,
    21,
    22,
    23,
    24,
    25,
    26,
    27,
    28
  ],
  "actuals": [
    3.0,
    0.0,
    0.0,
    0.0,
    0.0,
    0.0,
    5.0,
    0.0,
    0.0,
    0.0,
    0.0,
    3.0,
    0.0,
    3.0,
    2.0,
    1.0,
    4.0,
    0.0,
    2.0,
    0.0,
    0.0,
    4.0,
    0.0,
    2.0,
    0.0,
    0.0,
    0.0,
    0.0
  ],
  "modes": {
    "mean": {
      "raw": {
        "forecast": [
          0.8743183,
          0.81757426,
          0.797399,
          0.8187623,
          0.99468017,
          1.152,
          1.1423633,
          0.9267768,
          0.8477367,
          0.8288946,
          0.8100017,
          0.98366016,
          1.2753563,
          1.2540675,
          0.9262336,
          0.85356945,
          0.813273,
          0.82945335,
          1.0078049,
          1.3217316,
          1.3279532,
          0.9626469,
          0.8642391,
          0.84022284,
          0.8609861,
          1.040521,
          1.3870201,
          1.3515451
        ],
        "metrics": {
          "mae": 1.3426596926791328,
          "mape": 0.6049498595794042,
          "rmse": 1.567034413982727,
          "smape": 1.61082401896277,
          "rmsse": 0.7945543093406107
        }
      },
      "rounded": {
        "forecast": [
          1.0,
          1.0,
          1.0,
          1.0,
          1.0,
          1.0,
          1.0,
          1.0,
          1.0,
          1.0,
          1.0,
          1.0,
          1.0,
          1.0,
          1.0,
          1.0,
          1.0,
          1.0,
          1.0,
          1.0,
          1.0,
          1.0,
          1.0,
          1.0,
          1.0,
          1.0,
          1.0,
          1.0
        ],
        "metrics": {
          "mae": 1.3214285714285714,
          "mape": 0.58,
          "rmse": 1.546886273407694,
          "smape": 1.5976190476190475,
          "rmsse": 0.7843383295406486
        }
      }
    },
    "sample-mean": {
      "raw": {
        "forecast": [
          0.9777363,
          0.9028912,
          0.8345917,
          0.8055714,
          0.86266494,
          0.9289671,
          1.1442647,
          0.7358109,
          0.77953726,
          0.831939,
          0.72115713,
          0.8814275,
          1.0660037,
          1.3078061,
          1.075938,
          0.7527709,
          0.70633423,
          0.8123278,
          0.96755797,
          1.3054206,
          1.0689558,
          0.9228812,
          0.8206432,
          0.72514236,
          0.72400343,
          0.8948975,
          1.1842519,
          1.0765827
        ],
        "metrics": {
          "mae": 1.2819413542747498,
          "mape": 0.6171096496780712,
          "rmse": 1.5302120375923138,
          "smape": 1.6183331461297803,
          "rmsse": 0.7758837698935509
        }
      },
      "rounded": {
        "forecast": [
          1.0,
          1.0,
          1.0,
          1.0,
          1.0,
          1.0,
          1.0,
          1.0,
          1.0,
          1.0,
          1.0,
          1.0,
          1.0,
          1.0,
          1.0,
          1.0,
          1.0,
          1.0,
          1.0,
          1.0,
          1.0,
          1.0,
          1.0,
          1.0,
          1.0,
          1.0,
          1.0,
          1.0
        ],
        "metrics": {
          "mae": 1.3214285714285714,
          "mape": 0.58,
          "rmse": 1.546886273407694,
          "smape": 1.5976190476190475,
          "rmsse": 0.7843383295406486
        }
      }
    }
  }
}