{
  "series_id": "HOUSEHOLD_2_394_WI_1_validation",
  "run": "run_20260527_162549_305320_002_subset30490_ctx112_h64_losstweedie_ep100_steps60",
  "horizon": [
    1,
    2,
    3,
    4,
    5,
    6,
    7,
    8,
    9,
    10,
    11,
    12,
    13,
    14,
    15,
    16,
    17,
    18,
    19,
    20,
    21,
    22,
    23,
    24,
    25,
    26,
    27,
    28
  ],
  "actuals": [
    1.0,
    0.0,
    1.0,
    0.0,
    0.0,
    0.0,
    0.0,
    0.0,
    0.0,
    0.0,
    1.0,
    1.0,
    1.0,
    0.0,
    0.0,
    0.0,
    0.0,
    1.0,
    0.0,
    1.0,
    0.0,
    0.0,
    1.0,
    0.0,
    0.0,
    0.0,
    0.0,
    0.0
  ],
  "modes": {
    "mean": {
      "raw": {
        "forecast": [
          0.2980817,
          0.29476127,
          0.29398212,
          0.30467364,
          0.3870831,
          0.42305088,
          0.3797641,
          0.32684416,
          0.30970213,
          0.29990432,
          0.30341876,
          0.37042287,
          0.45730656,
          0.39108384,
          0.31871605,
          0.30112103,
          0.30287117,
          0.31762806,
          0.36871576,
          0.4685064,
          0.42672932,
          0.31536937,
          0.29825312,
          0.29546562,
          0.30286166,
          0.37784484,
          0.47512817,
          0.41338786
        ],
        "metrics": {
          "mae": 0.4359813832810947,
          "mape": 0.6490500532090664,
          "rmse": 0.4600509733139029,
          "smape": 1.705208202890935,
          "rmsse": 0.6416129765398215
        }
      },
      "rounded": {
        "forecast": [
          0.0,
          0.0,
          0.0,
          0.0,
          0.0,
          0.0,
          0.0,
          0.0,
          0.0,
          0.0,
          0.0,
          0.0,
          0.0,
          0.0,
          0.0,
          0.0,
          0.0,
          0.0,
          0.0,
          0.0,
          0.0,
          0.0,
          0.0,
          0.0,
          0.0,
          0.0,
          0.0,
          0.0
        ],
        "metrics": {
          "mae": 0.2857142857142857,
          "mape": 1.0,
          "rmse": 0.5345224838248488,
          "smape": 0.5714285714285714,
          "rmsse": 0.7454751359482791
        }
      }
    },
    "sample-mean": {
      "raw": {
        "forecast": [
          0.2728399,
          0.3506261,
          0.2220433,
          0.25196168,
          0.37998617,
          0.40075013,
          0.35091916,
          0.30388764,
          0.28599742,
          0.21528892,
          0.22384636,
          0.38110724,
          0.48514953,
          0.3306156,
          0.30189675,
          0.32125285,
          0.20117986,
          0.27393532,
          0.2840227,
          0.39722276,
          0.4054119,
          0.26434243,
          0.26996878,
          0.31952122,
          0.2842123,
          0.25431764,
          0.3741887,
          0.3794283
        ],
        "metrics": {
          "mae": 0.419060509119715,
          "mape": 0.6842358503490686,
          "rmse": 0.4564442521131914,
          "smape": 1.7295039478268206,
          "rmsse": 0.6365828401867379
        }
      },
      "rounded": {
        "forecast": [
          0.0,
          0.0,
          0.0,
          0.0,
          0.0,
          0.0,
          0.0,
          0.0,
          0.0,
          0.0,
          0.0,
          0.0,
          0.0,
          0.0,
          0.0,
          0.0,
          0.0,
          0.0,
          0.0,
          0.0,
          0.0,
          0.0,
          0.0,
          0.0,
          0.0,
          0.0,
          0.0,
          0.0
        ],
        "metrics": {
          "mae": 0.2857142857142857,
          "mape": 1.0,
          "rmse": 0.5345224838248488,
          "smape": 0.5714285714285714,
          "rmsse": 0.7454751359482791
        }
      }
    }
  }
}