{
  "series_id": "FOODS_3_074_TX_3_validation",
  "run": "run_20260526_021333_335192_001_subset34590_ctx84_h64_emb8_ep20_steps100",
  "horizon": [
    1,
    2,
    3,
    4,
    5,
    6,
    7,
    8,
    9,
    10,
    11,
    12,
    13,
    14,
    15,
    16,
    17,
    18,
    19,
    20,
    21,
    22,
    23,
    24,
    25,
    26,
    27,
    28
  ],
  "actuals": [
    0.0,
    2.0,
    0.0,
    2.0,
    1.0,
    0.0,
    1.0,
    2.0,
    1.0,
    3.0,
    0.0,
    1.0,
    2.0,
    2.0,
    3.0,
    2.0,
    4.0,
    0.0,
    4.0,
    2.0,
    3.0,
    2.0,
    2.0,
    3.0,
    2.0,
    0.0,
    2.0,
    4.0
  ],
  "modes": {
    "mean": {
      "raw": {
        "forecast": [
          1.1521536,
          1.0167675,
          0.9964066,
          1.0164288,
          1.0695848,
          1.166274,
          1.466385,
          1.1881933,
          1.138245,
          1.0630816,
          1.033806,
          1.1612017,
          1.4158436,
          1.3975954,
          1.3077954,
          1.1327106,
          1.1244229,
          1.1339515,
          1.2617383,
          1.38391,
          1.5233234,
          1.2342883,
          1.0907646,
          1.0470538,
          1.059341,
          1.1478671,
          1.3374454,
          1.5045593
        ],
        "metrics": {
          "mae": 1.1200218605143684,
          "mape": 0.4354094289468996,
          "rmse": 1.3281307761471164,
          "smape": 0.8804421801051855,
          "rmsse": 1.2418249837011943
        }
      },
      "rounded": {
        "forecast": [
          1.0,
          1.0,
          1.0,
          1.0,
          1.0,
          1.0,
          1.0,
          1.0,
          1.0,
          1.0,
          1.0,
          1.0,
          1.0,
          1.0,
          1.0,
          1.0,
          1.0,
          1.0,
          1.0,
          1.0,
          2.0,
          1.0,
          1.0,
          1.0,
          1.0,
          1.0,
          1.0,
          2.0
        ],
        "metrics": {
          "mae": 1.1428571428571428,
          "mape": 0.4469696969696969,
          "rmse": 1.3627702877384935,
          "smape": 0.9214285714285716,
          "rmsse": 1.2742135192956852
        }
      }
    },
    "sample-mean": {
      "raw": {
        "forecast": [
          0.85,
          0.94,
          0.94,
          0.93,
          1.12,
          1.04,
          1.57,
          1.05,
          0.9,
          1.03,
          0.94,
          1.11,
          1.37,
          1.29,
          1.36,
          0.85,
          1.08,
          1.21,
          1.24,
          1.21,
          1.03,
          1.07,
          0.93,
          0.89,
          0.82,
          0.96,
          1.1,
          0.87
        ],
        "metrics": {
          "mae": 1.2064285725355148,
          "mape": 0.4948106092033964,
          "rmse": 1.4317022816571812,
          "smape": 0.9635766139632606,
          "rmsse": 1.3386661121893555
        }
      },
      "rounded": {
        "forecast": [
          1.0,
          1.0,
          1.0,
          1.0,
          1.0,
          1.0,
          2.0,
          1.0,
          1.0,
          1.0,
          1.0,
          1.0,
          1.0,
          1.0,
          1.0,
          1.0,
          1.0,
          1.0,
          1.0,
          1.0,
          1.0,
          1.0,
          1.0,
          1.0,
          1.0,
          1.0,
          1.0,
          1.0
        ],
        "metrics": {
          "mae": 1.25,
          "mape": 0.5189393939393939,
          "rmse": 1.475998451412273,
          "smape": 0.9857142857142858,
          "rmsse": 1.3800837882737242
        }
      }
    },
    "p25": {
      "raw": {
        "forecast": [
          0.0,
          0.0,
          0.0,
          0.0,
          0.0,
          0.0,
          0.0,
          0.0,
          0.0,
          0.0,
          0.0,
          0.0,
          0.0,
          0.0,
          0.0,
          0.0,
          0.0,
          0.0,
          0.0,
          0.0,
          0.0,
          0.0,
          0.0,
          0.0,
          0.0,
          0.0,
          0.0,
          0.0
        ],
        "metrics": {
          "mae": 1.7857142857142858,
          "mape": 1.0,
          "rmse": 2.1712405933672376,
          "smape": 1.5714285714285714,
          "rmsse": 2.030147078054739
        }
      },
      "rounded": {
        "forecast": [
          0.0,
          0.0,
          0.0,
          0.0,
          0.0,
          0.0,
          0.0,
          0.0,
          0.0,
          0.0,
          0.0,
          0.0,
          0.0,
          0.0,
          0.0,
          0.0,
          0.0,
          0.0,
          0.0,
          0.0,
          0.0,
          0.0,
          0.0,
          0.0,
          0.0,
          0.0,
          0.0,
          0.0
        ],
        "metrics": {
          "mae": 1.7857142857142858,
          "mape": 1.0,
          "rmse": 2.1712405933672376,
          "smape": 1.5714285714285714,
          "rmsse": 2.030147078054739
        }
      }
    },
    "p50": {
      "raw": {
        "forecast": [
          1.0,
          1.0,
          1.0,
          1.0,
          1.0,
          1.0,
          1.0,
          1.0,
          1.0,
          1.0,
          1.0,
          1.0,
          1.0,
          1.0,
          1.0,
          0.5,
          1.0,
          1.0,
          1.0,
          1.0,
          1.0,
          1.0,
          1.0,
          1.0,
          1.0,
          1.0,
          1.0,
          0.0
        ],
        "metrics": {
          "mae": 1.2678571428571428,
          "mape": 0.4962121212121211,
          "rmse": 1.5612494995995996,
          "smape": 1.0095238095238095,
          "rmsse": 1.4597949759271378
        }
      },
      "rounded": {
        "forecast": [
          1.0,
          1.0,
          1.0,
          1.0,
          1.0,
          1.0,
          1.0,
          1.0,
          1.0,
          1.0,
          1.0,
          1.0,
          1.0,
          1.0,
          1.0,
          0.0,
          1.0,
          1.0,
          1.0,
          1.0,
          1.0,
          1.0,
          1.0,
          1.0,
          1.0,
          1.0,
          1.0,
          0.0
        ],
        "metrics": {
          "mae": 1.2857142857142858,
          "mape": 0.5075757575757576,
          "rmse": 1.5811388300841898,
          "smape": 1.0380952380952382,
          "rmsse": 1.4783918399923657
        }
      }
    },
    "p75": {
      "raw": {
        "forecast": [
          1.0,
          2.0,
          2.0,
          1.25,
          2.0,
          1.0,
          2.0,
          2.0,
          1.0,
          2.0,
          1.0,
          2.0,
          2.0,
          2.0,
          2.0,
          1.0,
          2.0,
          2.0,
          2.0,
          2.0,
          1.0,
          2.0,
          2.0,
          1.0,
          1.0,
          1.0,
          2.0,
          2.0
        ],
        "metrics": {
          "mae": 0.9196428571428572,
          "mape": 0.3579545454545454,
          "rmse": 1.188674231474473,
          "smape": 0.7355311355311357,
          "rmsse": 1.1114307300437911
        }
      },
      "rounded": {
        "forecast": [
          1.0,
          2.0,
          2.0,
          1.0,
          2.0,
          1.0,
          2.0,
          2.0,
          1.0,
          2.0,
          1.0,
          2.0,
          2.0,
          2.0,
          2.0,
          1.0,
          2.0,
          2.0,
          2.0,
          2.0,
          1.0,
          2.0,
          2.0,
          1.0,
          1.0,
          1.0,
          2.0,
          2.0
        ],
        "metrics": {
          "mae": 0.9285714285714286,
          "mape": 0.3636363636363636,
          "rmse": 1.1952286093343936,
          "smape": 0.742857142857143,
          "rmsse": 1.1175591854077127
        }
      }
    }
  }
}