{
  "series_id": "FOODS_2_169_CA_3_validation",
  "run": "run_20260526_021333_335192_001_subset34590_ctx84_h64_emb8_ep20_steps100",
  "horizon": [
    1,
    2,
    3,
    4,
    5,
    6,
    7,
    8,
    9,
    10,
    11,
    12,
    13,
    14,
    15,
    16,
    17,
    18,
    19,
    20,
    21,
    22,
    23,
    24,
    25,
    26,
    27,
    28
  ],
  "actuals": [
    0.0,
    0.0,
    0.0,
    0.0,
    0.0,
    0.0,
    1.0,
    0.0,
    0.0,
    0.0,
    0.0,
    0.0,
    0.0,
    0.0,
    0.0,
    1.0,
    2.0,
    1.0,
    0.0,
    0.0,
    0.0,
    0.0,
    0.0,
    0.0,
    1.0,
    0.0,
    0.0,
    0.0
  ],
  "modes": {
    "mean": {
      "raw": {
        "forecast": [
          0.15588531,
          0.16101602,
          0.18211804,
          0.2053526,
          0.24435176,
          0.25534967,
          0.30356318,
          0.3171365,
          0.31595227,
          0.32915485,
          0.3135581,
          0.3786133,
          0.46854532,
          0.44697276,
          0.40940705,
          0.38607618,
          0.3534148,
          0.34454232,
          0.36329675,
          0.43842027,
          0.43070066,
          0.3605815,
          0.337606,
          0.3365953,
          0.340123,
          0.3704595,
          0.4505925,
          0.4581522
        ],
        "metrics": {
          "mae": 0.4286463824766023,
          "mape": 0.6897975832223893,
          "rmse": 0.5086122979178165,
          "smape": 1.832623687843064,
          "rmsse": 0.4494952369947828
        }
      },
      "rounded": {
        "forecast": [
          0.0,
          0.0,
          0.0,
          0.0,
          0.0,
          0.0,
          0.0,
          0.0,
          0.0,
          0.0,
          0.0,
          0.0,
          0.0,
          0.0,
          0.0,
          0.0,
          0.0,
          0.0,
          0.0,
          0.0,
          0.0,
          0.0,
          0.0,
          0.0,
          0.0,
          0.0,
          0.0,
          0.0
        ],
        "metrics": {
          "mae": 0.2142857142857142,
          "mape": 1.0,
          "rmse": 0.5345224838248488,
          "smape": 0.3571428571428571,
          "rmsse": 0.4723938283236583
        }
      }
    },
    "sample-mean": {
      "raw": {
        "forecast": [
          0.08,
          0.14,
          0.09,
          0.11,
          0.18,
          0.29,
          0.18,
          0.27,
          0.18,
          0.19,
          0.33,
          0.27,
          0.33,
          0.27,
          0.36,
          0.23,
          0.27,
          0.31,
          0.16,
          0.26,
          0.28,
          0.2,
          0.27,
          0.29,
          0.27,
          0.32,
          0.37,
          0.34
        ],
        "metrics": {
          "mae": 0.368571429912533,
          "mape": 0.7749999940395356,
          "rmse": 0.4923703588853168,
          "smape": 1.8703261941787768,
          "rmsse": 0.4351411321794723
        }
      },
      "rounded": {
        "forecast": [
          0.0,
          0.0,
          0.0,
          0.0,
          0.0,
          0.0,
          0.0,
          0.0,
          0.0,
          0.0,
          0.0,
          0.0,
          0.0,
          0.0,
          0.0,
          0.0,
          0.0,
          0.0,
          0.0,
          0.0,
          0.0,
          0.0,
          0.0,
          0.0,
          0.0,
          0.0,
          0.0,
          0.0
        ],
        "metrics": {
          "mae": 0.2142857142857142,
          "mape": 1.0,
          "rmse": 0.5345224838248488,
          "smape": 0.3571428571428571,
          "rmsse": 0.4723938283236583
        }
      }
    },
    "p25": {
      "raw": {
        "forecast": [
          0.0,
          0.0,
          0.0,
          0.0,
          0.0,
          0.0,
          0.0,
          0.0,
          0.0,
          0.0,
          0.0,
          0.0,
          0.0,
          0.0,
          0.0,
          0.0,
          0.0,
          0.0,
          0.0,
          0.0,
          0.0,
          0.0,
          0.0,
          0.0,
          0.0,
          0.0,
          0.0,
          0.0
        ],
        "metrics": {
          "mae": 0.2142857142857142,
          "mape": 1.0,
          "rmse": 0.5345224838248488,
          "smape": 0.3571428571428571,
          "rmsse": 0.4723938283236583
        }
      },
      "rounded": {
        "forecast": [
          0.0,
          0.0,
          0.0,
          0.0,
          0.0,
          0.0,
          0.0,
          0.0,
          0.0,
          0.0,
          0.0,
          0.0,
          0.0,
          0.0,
          0.0,
          0.0,
          0.0,
          0.0,
          0.0,
          0.0,
          0.0,
          0.0,
          0.0,
          0.0,
          0.0,
          0.0,
          0.0,
          0.0
        ],
        "metrics": {
          "mae": 0.2142857142857142,
          "mape": 1.0,
          "rmse": 0.5345224838248488,
          "smape": 0.3571428571428571,
          "rmsse": 0.4723938283236583
        }
      }
    },
    "p50": {
      "raw": {
        "forecast": [
          0.0,
          0.0,
          0.0,
          0.0,
          0.0,
          0.0,
          0.0,
          0.0,
          0.0,
          0.0,
          0.0,
          0.0,
          0.0,
          0.0,
          0.0,
          0.0,
          0.0,
          0.0,
          0.0,
          0.0,
          0.0,
          0.0,
          0.0,
          0.0,
          0.0,
          0.0,
          0.0,
          0.0
        ],
        "metrics": {
          "mae": 0.2142857142857142,
          "mape": 1.0,
          "rmse": 0.5345224838248488,
          "smape": 0.3571428571428571,
          "rmsse": 0.4723938283236583
        }
      },
      "rounded": {
        "forecast": [
          0.0,
          0.0,
          0.0,
          0.0,
          0.0,
          0.0,
          0.0,
          0.0,
          0.0,
          0.0,
          0.0,
          0.0,
          0.0,
          0.0,
          0.0,
          0.0,
          0.0,
          0.0,
          0.0,
          0.0,
          0.0,
          0.0,
          0.0,
          0.0,
          0.0,
          0.0,
          0.0,
          0.0
        ],
        "metrics": {
          "mae": 0.2142857142857142,
          "mape": 1.0,
          "rmse": 0.5345224838248488,
          "smape": 0.3571428571428571,
          "rmsse": 0.4723938283236583
        }
      }
    },
    "p75": {
      "raw": {
        "forecast": [
          0.0,
          0.0,
          0.0,
          0.0,
          0.0,
          0.0,
          0.0,
          0.0,
          0.0,
          0.0,
          0.0,
          0.0,
          0.0,
          0.0,
          0.0,
          0.0,
          0.0,
          0.0,
          0.0,
          0.0,
          0.0,
          0.0,
          0.0,
          0.0,
          0.0,
          0.0,
          0.25,
          0.0
        ],
        "metrics": {
          "mae": 0.2232142857142857,
          "mape": 1.0,
          "rmse": 0.5366064000470256,
          "smape": 0.4285714285714285,
          "rmsse": 0.4742355266467218
        }
      },
      "rounded": {
        "forecast": [
          0.0,
          0.0,
          0.0,
          0.0,
          0.0,
          0.0,
          0.0,
          0.0,
          0.0,
          0.0,
          0.0,
          0.0,
          0.0,
          0.0,
          0.0,
          0.0,
          0.0,
          0.0,
          0.0,
          0.0,
          0.0,
          0.0,
          0.0,
          0.0,
          0.0,
          0.0,
          0.0,
          0.0
        ],
        "metrics": {
          "mae": 0.2142857142857142,
          "mape": 1.0,
          "rmse": 0.5345224838248488,
          "smape": 0.3571428571428571,
          "rmsse": 0.4723938283236583
        }
      }
    }
  }
}