{
  "series_id": "FOODS_1_128_CA_4_validation",
  "run": "run_20260526_021333_335192_001_subset34590_ctx84_h64_emb8_ep20_steps100",
  "horizon": [
    1,
    2,
    3,
    4,
    5,
    6,
    7,
    8,
    9,
    10,
    11,
    12,
    13,
    14,
    15,
    16,
    17,
    18,
    19,
    20,
    21,
    22,
    23,
    24,
    25,
    26,
    27,
    28
  ],
  "actuals": [
    1.0,
    0.0,
    0.0,
    0.0,
    2.0,
    1.0,
    1.0,
    0.0,
    0.0,
    1.0,
    1.0,
    2.0,
    0.0,
    0.0,
    0.0,
    0.0,
    0.0,
    1.0,
    0.0,
    0.0,
    0.0,
    0.0,
    0.0,
    0.0,
    0.0,
    1.0,
    0.0,
    0.0
  ],
  "modes": {
    "mean": {
      "raw": {
        "forecast": [
          0.5109081,
          0.50940305,
          0.51479334,
          0.52303207,
          0.5459914,
          0.5475227,
          0.60341537,
          0.58338445,
          0.581261,
          0.5913893,
          0.5881088,
          0.6261135,
          0.6738928,
          0.67187893,
          0.62222433,
          0.60911256,
          0.5859873,
          0.58128667,
          0.5896093,
          0.6285381,
          0.62566835,
          0.57233685,
          0.5582157,
          0.56108874,
          0.56967974,
          0.59382004,
          0.6383891,
          0.64767545
        ],
        "metrics": {
          "mae": 0.6099148307527814,
          "mape": 0.4886107279194726,
          "rmse": 0.654734088901834,
          "smape": 1.570961151338833,
          "rmsse": 0.5497485018811087
        }
      },
      "rounded": {
        "forecast": [
          1.0,
          1.0,
          1.0,
          1.0,
          1.0,
          1.0,
          1.0,
          1.0,
          1.0,
          1.0,
          1.0,
          1.0,
          1.0,
          1.0,
          1.0,
          1.0,
          1.0,
          1.0,
          1.0,
          1.0,
          1.0,
          1.0,
          1.0,
          1.0,
          1.0,
          1.0,
          1.0,
          1.0
        ],
        "metrics": {
          "mae": 0.75,
          "mape": 0.1111111111111111,
          "rmse": 0.8660254037844386,
          "smape": 1.4047619047619049,
          "rmsse": 0.7271595849240403
        }
      }
    },
    "sample-mean": {
      "raw": {
        "forecast": [
          0.39,
          0.52,
          0.45,
          0.63,
          0.53,
          0.68,
          0.51,
          0.6,
          0.42,
          0.59,
          0.62,
          0.67,
          0.67,
          0.72,
          0.54,
          0.39,
          0.53,
          0.5,
          0.56,
          0.5,
          0.49,
          0.43,
          0.5,
          0.52,
          0.55,
          0.41,
          0.47,
          0.61
        ],
        "metrics": {
          "mae": 0.5785714313387871,
          "mape": 0.5222222275204129,
          "rmse": 0.6284220640987588,
          "smape": 1.591227576059761,
          "rmsse": 0.5276555690979525
        }
      },
      "rounded": {
        "forecast": [
          0.0,
          1.0,
          0.0,
          1.0,
          1.0,
          1.0,
          1.0,
          1.0,
          0.0,
          1.0,
          1.0,
          1.0,
          1.0,
          1.0,
          1.0,
          0.0,
          1.0,
          0.0,
          1.0,
          0.0,
          0.0,
          0.0,
          0.0,
          1.0,
          1.0,
          0.0,
          0.0,
          1.0
        ],
        "metrics": {
          "mae": 0.5714285714285714,
          "mape": 0.4444444444444444,
          "rmse": 0.7559289460184544,
          "smape": 1.0476190476190477,
          "rmsse": 0.6347169219480161
        }
      }
    },
    "p25": {
      "raw": {
        "forecast": [
          0.0,
          0.0,
          0.0,
          0.0,
          0.0,
          0.0,
          0.0,
          0.0,
          0.0,
          0.0,
          0.0,
          0.0,
          0.0,
          0.0,
          0.0,
          0.0,
          0.0,
          0.0,
          0.0,
          0.0,
          0.0,
          0.0,
          0.0,
          0.0,
          0.0,
          0.0,
          0.0,
          0.0
        ],
        "metrics": {
          "mae": 0.3928571428571428,
          "mape": 1.0,
          "rmse": 0.7319250547113999,
          "smape": 0.6428571428571429,
          "rmsse": 0.6145620170651748
        }
      },
      "rounded": {
        "forecast": [
          0.0,
          0.0,
          0.0,
          0.0,
          0.0,
          0.0,
          0.0,
          0.0,
          0.0,
          0.0,
          0.0,
          0.0,
          0.0,
          0.0,
          0.0,
          0.0,
          0.0,
          0.0,
          0.0,
          0.0,
          0.0,
          0.0,
          0.0,
          0.0,
          0.0,
          0.0,
          0.0,
          0.0
        ],
        "metrics": {
          "mae": 0.3928571428571428,
          "mape": 1.0,
          "rmse": 0.7319250547113999,
          "smape": 0.6428571428571429,
          "rmsse": 0.6145620170651748
        }
      }
    },
    "p50": {
      "raw": {
        "forecast": [
          0.0,
          0.0,
          0.0,
          0.0,
          0.0,
          0.0,
          0.0,
          0.0,
          0.0,
          0.0,
          0.0,
          0.0,
          0.0,
          0.0,
          0.0,
          0.0,
          0.0,
          0.0,
          0.0,
          0.0,
          0.0,
          0.0,
          0.0,
          0.0,
          0.0,
          0.0,
          0.0,
          0.0
        ],
        "metrics": {
          "mae": 0.3928571428571428,
          "mape": 1.0,
          "rmse": 0.7319250547113999,
          "smape": 0.6428571428571429,
          "rmsse": 0.6145620170651748
        }
      },
      "rounded": {
        "forecast": [
          0.0,
          0.0,
          0.0,
          0.0,
          0.0,
          0.0,
          0.0,
          0.0,
          0.0,
          0.0,
          0.0,
          0.0,
          0.0,
          0.0,
          0.0,
          0.0,
          0.0,
          0.0,
          0.0,
          0.0,
          0.0,
          0.0,
          0.0,
          0.0,
          0.0,
          0.0,
          0.0,
          0.0
        ],
        "metrics": {
          "mae": 0.3928571428571428,
          "mape": 1.0,
          "rmse": 0.7319250547113999,
          "smape": 0.6428571428571429,
          "rmsse": 0.6145620170651748
        }
      }
    },
    "p75": {
      "raw": {
        "forecast": [
          1.0,
          1.0,
          1.0,
          1.0,
          1.0,
          1.0,
          1.0,
          1.0,
          1.0,
          1.0,
          1.0,
          1.0,
          1.0,
          1.0,
          1.0,
          1.0,
          1.0,
          1.0,
          1.0,
          1.0,
          1.0,
          1.0,
          1.0,
          1.0,
          1.0,
          1.0,
          1.0,
          1.0
        ],
        "metrics": {
          "mae": 0.75,
          "mape": 0.1111111111111111,
          "rmse": 0.8660254037844386,
          "smape": 1.4047619047619049,
          "rmsse": 0.7271595849240403
        }
      },
      "rounded": {
        "forecast": [
          1.0,
          1.0,
          1.0,
          1.0,
          1.0,
          1.0,
          1.0,
          1.0,
          1.0,
          1.0,
          1.0,
          1.0,
          1.0,
          1.0,
          1.0,
          1.0,
          1.0,
          1.0,
          1.0,
          1.0,
          1.0,
          1.0,
          1.0,
          1.0,
          1.0,
          1.0,
          1.0,
          1.0
        ],
        "metrics": {
          "mae": 0.75,
          "mape": 0.1111111111111111,
          "rmse": 0.8660254037844386,
          "smape": 1.4047619047619049,
          "rmsse": 0.7271595849240403
        }
      }
    }
  }
}