{
  "series_id": "FOODS_2_316_TX_1_validation",
  "run": "run_20260526_021333_335192_001_subset34590_ctx84_h64_emb8_ep20_steps100",
  "horizon": [
    1,
    2,
    3,
    4,
    5,
    6,
    7,
    8,
    9,
    10,
    11,
    12,
    13,
    14,
    15,
    16,
    17,
    18,
    19,
    20,
    21,
    22,
    23,
    24,
    25,
    26,
    27,
    28
  ],
  "actuals": [
    0.0,
    0.0,
    1.0,
    2.0,
    5.0,
    2.0,
    2.0,
    1.0,
    1.0,
    0.0,
    1.0,
    1.0,
    1.0,
    0.0,
    1.0,
    0.0,
    2.0,
    1.0,
    3.0,
    2.0,
    5.0,
    3.0,
    0.0,
    6.0,
    2.0,
    4.0,
    6.0,
    1.0
  ],
  "modes": {
    "mean": {
      "raw": {
        "forecast": [
          1.3067178,
          1.2040802,
          1.1586784,
          1.1425486,
          1.2932115,
          1.361365,
          1.5602875,
          1.3765748,
          1.3134851,
          1.2051681,
          1.1932328,
          1.4305806,
          1.7621161,
          1.7222155,
          1.5654739,
          1.3070942,
          1.3196831,
          1.321145,
          1.4710535,
          1.6624619,
          1.8299259,
          1.4571224,
          1.3097638,
          1.2548144,
          1.2396775,
          1.3919733,
          1.6859524,
          1.7598062
        ],
        "metrics": {
          "mae": 1.3309305608272552,
          "mape": 0.4681488149093859,
          "rmse": 1.8126287926739384,
          "smape": 0.8643708803010794,
          "rmsse": 1.3300791391494653
        }
      },
      "rounded": {
        "forecast": [
          1.0,
          1.0,
          1.0,
          1.0,
          1.0,
          1.0,
          2.0,
          1.0,
          1.0,
          1.0,
          1.0,
          1.0,
          2.0,
          2.0,
          2.0,
          1.0,
          1.0,
          1.0,
          1.0,
          2.0,
          2.0,
          1.0,
          1.0,
          1.0,
          1.0,
          1.0,
          2.0,
          2.0
        ],
        "metrics": {
          "mae": 1.3214285714285714,
          "mape": 0.4537878787878787,
          "rmse": 1.880349511584026,
          "smape": 0.8744897959183673,
          "rmsse": 1.379771561489087
        }
      }
    },
    "sample-mean": {
      "raw": {
        "forecast": [
          1.46,
          1.22,
          1.26,
          0.97,
          1.07,
          1.19,
          1.38,
          1.3,
          1.26,
          0.95,
          0.98,
          1.33,
          1.51,
          1.4,
          1.42,
          1.08,
          1.12,
          1.05,
          1.09,
          1.44,
          1.52,
          1.22,
          0.98,
          1.05,
          1.17,
          1.15,
          1.39,
          1.37
        ],
        "metrics": {
          "mae": 1.3517857087509972,
          "mape": 0.4501287788152694,
          "rmse": 1.90532056027989,
          "smape": 0.8935465683094895,
          "rmsse": 1.398094933095724
        }
      },
      "rounded": {
        "forecast": [
          1.0,
          1.0,
          1.0,
          1.0,
          1.0,
          1.0,
          1.0,
          1.0,
          1.0,
          1.0,
          1.0,
          1.0,
          2.0,
          1.0,
          1.0,
          1.0,
          1.0,
          1.0,
          1.0,
          1.0,
          2.0,
          1.0,
          1.0,
          1.0,
          1.0,
          1.0,
          1.0,
          1.0
        ],
        "metrics": {
          "mae": 1.3214285714285714,
          "mape": 0.4159090909090909,
          "rmse": 1.9364916731037085,
          "smape": 0.889795918367347,
          "rmsse": 1.4209678164343331
        }
      }
    },
    "p25": {
      "raw": {
        "forecast": [
          0.75,
          0.0,
          0.0,
          0.0,
          0.0,
          0.0,
          0.0,
          0.0,
          0.0,
          0.0,
          0.0,
          0.0,
          0.0,
          0.0,
          0.0,
          0.0,
          0.0,
          0.0,
          0.0,
          0.0,
          0.0,
          0.0,
          0.0,
          0.0,
          0.0,
          0.0,
          0.75,
          0.0
        ],
        "metrics": {
          "mae": 1.8928571428571428,
          "mape": 0.9943181818181818,
          "rmse": 2.5433737436719754,
          "smape": 1.626984126984127,
          "rmsse": 1.8662885490902048
        }
      },
      "rounded": {
        "forecast": [
          1.0,
          0.0,
          0.0,
          0.0,
          0.0,
          0.0,
          0.0,
          0.0,
          0.0,
          0.0,
          0.0,
          0.0,
          0.0,
          0.0,
          0.0,
          0.0,
          0.0,
          0.0,
          0.0,
          0.0,
          0.0,
          0.0,
          0.0,
          0.0,
          0.0,
          0.0,
          1.0,
          0.0
        ],
        "metrics": {
          "mae": 1.8928571428571428,
          "mape": 0.9924242424242424,
          "rmse": 2.5284100029182657,
          "smape": 1.6224489795918369,
          "rmsse": 1.8553083861905573
        }
      }
    },
    "p50": {
      "raw": {
        "forecast": [
          1.0,
          1.0,
          1.0,
          1.0,
          1.0,
          1.0,
          1.0,
          1.0,
          1.0,
          1.0,
          1.0,
          1.0,
          1.0,
          1.0,
          1.0,
          1.0,
          1.0,
          1.0,
          1.0,
          1.0,
          1.0,
          1.0,
          1.0,
          1.0,
          1.0,
          1.0,
          1.0,
          1.0
        ],
        "metrics": {
          "mae": 1.3214285714285714,
          "mape": 0.3795454545454545,
          "rmse": 1.9910514092523364,
          "smape": 0.8829931972789115,
          "rmsse": 1.461002911971869
        }
      },
      "rounded": {
        "forecast": [
          1.0,
          1.0,
          1.0,
          1.0,
          1.0,
          1.0,
          1.0,
          1.0,
          1.0,
          1.0,
          1.0,
          1.0,
          1.0,
          1.0,
          1.0,
          1.0,
          1.0,
          1.0,
          1.0,
          1.0,
          1.0,
          1.0,
          1.0,
          1.0,
          1.0,
          1.0,
          1.0,
          1.0
        ],
        "metrics": {
          "mae": 1.3214285714285714,
          "mape": 0.3795454545454545,
          "rmse": 1.9910514092523364,
          "smape": 0.8829931972789115,
          "rmsse": 1.461002911971869
        }
      }
    },
    "p75": {
      "raw": {
        "forecast": [
          2.0,
          2.0,
          2.0,
          1.0,
          2.0,
          2.0,
          2.0,
          2.0,
          2.0,
          2.0,
          2.0,
          2.0,
          2.0,
          2.0,
          2.0,
          2.0,
          2.0,
          2.0,
          2.0,
          2.0,
          2.0,
          2.0,
          2.0,
          2.0,
          2.0,
          2.0,
          2.0,
          2.0
        ],
        "metrics": {
          "mae": 1.4285714285714286,
          "mape": 0.6,
          "rmse": 1.7928429140015905,
          "smape": 0.8517006802721089,
          "rmsse": 1.315560565584819
        }
      },
      "rounded": {
        "forecast": [
          2.0,
          2.0,
          2.0,
          1.0,
          2.0,
          2.0,
          2.0,
          2.0,
          2.0,
          2.0,
          2.0,
          2.0,
          2.0,
          2.0,
          2.0,
          2.0,
          2.0,
          2.0,
          2.0,
          2.0,
          2.0,
          2.0,
          2.0,
          2.0,
          2.0,
          2.0,
          2.0,
          2.0
        ],
        "metrics": {
          "mae": 1.4285714285714286,
          "mape": 0.6,
          "rmse": 1.7928429140015905,
          "smape": 0.8517006802721089,
          "rmsse": 1.315560565584819
        }
      }
    }
  }
}