{
  "series_id": "FOODS_3_331_TX_3_validation",
  "run": "run_20260526_021333_335192_001_subset34590_ctx84_h64_emb8_ep20_steps100",
  "horizon": [
    1,
    2,
    3,
    4,
    5,
    6,
    7,
    8,
    9,
    10,
    11,
    12,
    13,
    14,
    15,
    16,
    17,
    18,
    19,
    20,
    21,
    22,
    23,
    24,
    25,
    26,
    27,
    28
  ],
  "actuals": [
    2.0,
    1.0,
    1.0,
    0.0,
    0.0,
    2.0,
    3.0,
    0.0,
    1.0,
    10.0,
    1.0,
    2.0,
    2.0,
    1.0,
    2.0,
    5.0,
    1.0,
    1.0,
    0.0,
    3.0,
    0.0,
    2.0,
    1.0,
    1.0,
    1.0,
    1.0,
    5.0,
    4.0
  ],
  "modes": {
    "mean": {
      "raw": {
        "forecast": [
          1.251955,
          1.1371362,
          1.1389744,
          1.1063765,
          1.1764698,
          1.3775975,
          1.6207143,
          1.3558909,
          1.3152342,
          1.20784,
          1.1607352,
          1.3517954,
          1.6293638,
          1.6439967,
          1.5299823,
          1.3127859,
          1.3131772,
          1.3095486,
          1.4538711,
          1.6142433,
          1.7724485,
          1.3977458,
          1.2432909,
          1.1755682,
          1.158107,
          1.2282326,
          1.6575929,
          1.6964382
        ],
        "metrics": {
          "mae": 1.2157501408032008,
          "mape": 0.3624996960163117,
          "rmse": 2.1038022648143087,
          "smape": 0.7222526368887346,
          "rmsse": 1.249191613918449
        }
      },
      "rounded": {
        "forecast": [
          1.0,
          1.0,
          1.0,
          1.0,
          1.0,
          1.0,
          2.0,
          1.0,
          1.0,
          1.0,
          1.0,
          1.0,
          2.0,
          2.0,
          2.0,
          1.0,
          1.0,
          1.0,
          1.0,
          2.0,
          2.0,
          1.0,
          1.0,
          1.0,
          1.0,
          1.0,
          2.0,
          2.0
        ],
        "metrics": {
          "mae": 1.1071428571428572,
          "mape": 0.2811594202898551,
          "rmse": 2.112885636821292,
          "smape": 0.6652442795299939,
          "rmsse": 1.2545851208686971
        }
      }
    },
    "sample-mean": {
      "raw": {
        "forecast": [
          1.14,
          1.17,
          0.97,
          0.98,
          1.1,
          1.32,
          1.28,
          1.11,
          1.22,
          1.27,
          1.01,
          1.23,
          1.59,
          1.32,
          1.27,
          1.15,
          1.17,
          1.19,
          1.38,
          1.48,
          1.87,
          1.18,
          1.03,
          0.88,
          0.98,
          1.12,
          1.44,
          1.5
        ],
        "metrics": {
          "mae": 1.2139285717691697,
          "mape": 0.3302173897839974,
          "rmse": 2.13370653627935,
          "smape": 0.7219660829113266,
          "rmsse": 1.266948114022686
        }
      },
      "rounded": {
        "forecast": [
          1.0,
          1.0,
          1.0,
          1.0,
          1.0,
          1.0,
          1.0,
          1.0,
          1.0,
          1.0,
          1.0,
          1.0,
          2.0,
          1.0,
          1.0,
          1.0,
          1.0,
          1.0,
          1.0,
          1.0,
          2.0,
          1.0,
          1.0,
          1.0,
          1.0,
          1.0,
          1.0,
          2.0
        ],
        "metrics": {
          "mae": 1.2142857142857142,
          "mape": 0.2971014492753623,
          "rmse": 2.220038609702865,
          "smape": 0.725108225108225,
          "rmsse": 1.3182102045416189
        }
      }
    },
    "p25": {
      "raw": {
        "forecast": [
          0.0,
          0.0,
          0.0,
          0.0,
          0.0,
          0.0,
          0.0,
          0.0,
          0.0,
          0.0,
          0.0,
          0.0,
          0.0,
          0.0,
          0.0,
          0.0,
          0.0,
          0.0,
          0.0,
          0.0,
          0.0,
          0.0,
          0.0,
          0.0,
          0.0,
          0.0,
          0.0,
          0.0
        ],
        "metrics": {
          "mae": 1.8928571428571428,
          "mape": 1.0,
          "rmse": 2.796681707207413,
          "smape": 1.6428571428571428,
          "rmsse": 1.6606082205881605
        }
      },
      "rounded": {
        "forecast": [
          0.0,
          0.0,
          0.0,
          0.0,
          0.0,
          0.0,
          0.0,
          0.0,
          0.0,
          0.0,
          0.0,
          0.0,
          0.0,
          0.0,
          0.0,
          0.0,
          0.0,
          0.0,
          0.0,
          0.0,
          0.0,
          0.0,
          0.0,
          0.0,
          0.0,
          0.0,
          0.0,
          0.0
        ],
        "metrics": {
          "mae": 1.8928571428571428,
          "mape": 1.0,
          "rmse": 2.796681707207413,
          "smape": 1.6428571428571428,
          "rmsse": 1.6606082205881605
        }
      }
    },
    "p50": {
      "raw": {
        "forecast": [
          1.0,
          1.0,
          1.0,
          1.0,
          1.0,
          1.0,
          1.0,
          1.0,
          1.0,
          1.0,
          1.0,
          1.0,
          1.0,
          1.0,
          1.0,
          1.0,
          1.0,
          1.0,
          1.0,
          1.0,
          1.0,
          1.0,
          1.0,
          0.0,
          1.0,
          1.0,
          1.0,
          1.0
        ],
        "metrics": {
          "mae": 1.2857142857142858,
          "mape": 0.3731884057971014,
          "rmse": 2.2519832529192065,
          "smape": 0.8393939393939392,
          "rmsse": 1.337178232612923
        }
      },
      "rounded": {
        "forecast": [
          1.0,
          1.0,
          1.0,
          1.0,
          1.0,
          1.0,
          1.0,
          1.0,
          1.0,
          1.0,
          1.0,
          1.0,
          1.0,
          1.0,
          1.0,
          1.0,
          1.0,
          1.0,
          1.0,
          1.0,
          1.0,
          1.0,
          1.0,
          0.0,
          1.0,
          1.0,
          1.0,
          1.0
        ],
        "metrics": {
          "mae": 1.2857142857142858,
          "mape": 0.3731884057971014,
          "rmse": 2.2519832529192065,
          "smape": 0.8393939393939392,
          "rmsse": 1.337178232612923
        }
      }
    },
    "p75": {
      "raw": {
        "forecast": [
          2.0,
          2.0,
          1.0,
          2.0,
          2.0,
          2.0,
          2.0,
          2.0,
          2.0,
          2.0,
          2.0,
          2.0,
          2.25,
          2.0,
          2.0,
          2.0,
          2.0,
          2.0,
          2.0,
          2.0,
          3.0,
          2.0,
          2.0,
          1.25,
          2.0,
          2.0,
          2.0,
          2.0
        ],
        "metrics": {
          "mae": 1.375,
          "mape": 0.5452898550724637,
          "rmse": 2.0884461072426896,
          "smape": 0.7447912498332668,
          "rmsse": 1.2400734645651064
        }
      },
      "rounded": {
        "forecast": [
          2.0,
          2.0,
          1.0,
          2.0,
          2.0,
          2.0,
          2.0,
          2.0,
          2.0,
          2.0,
          2.0,
          2.0,
          2.0,
          2.0,
          2.0,
          2.0,
          2.0,
          2.0,
          2.0,
          2.0,
          3.0,
          2.0,
          2.0,
          1.0,
          2.0,
          2.0,
          2.0,
          2.0
        ],
        "metrics": {
          "mae": 1.3571428571428572,
          "mape": 0.5289855072463768,
          "rmse": 2.0873770280289223,
          "smape": 0.73265306122449,
          "rmsse": 1.239438668790433
        }
      }
    }
  }
}