{
  "series_id": "FOODS_2_293_TX_2_validation",
  "run": "run_20260526_021333_335192_001_subset34590_ctx84_h64_emb8_ep20_steps100",
  "horizon": [
    1,
    2,
    3,
    4,
    5,
    6,
    7,
    8,
    9,
    10,
    11,
    12,
    13,
    14,
    15,
    16,
    17,
    18,
    19,
    20,
    21,
    22,
    23,
    24,
    25,
    26,
    27,
    28
  ],
  "actuals": [
    0.0,
    1.0,
    4.0,
    1.0,
    0.0,
    1.0,
    1.0,
    2.0,
    3.0,
    2.0,
    1.0,
    5.0,
    2.0,
    0.0,
    1.0,
    3.0,
    0.0,
    2.0,
    2.0,
    3.0,
    3.0,
    1.0,
    1.0,
    3.0,
    2.0,
    1.0,
    4.0,
    2.0
  ],
  "modes": {
    "mean": {
      "raw": {
        "forecast": [
          2.1510305,
          1.8164294,
          1.6771488,
          1.6453078,
          1.7712022,
          2.0019987,
          2.388749,
          2.034613,
          1.943969,
          1.7424238,
          1.7297074,
          2.0021844,
          2.6304803,
          2.3928828,
          2.261452,
          1.9048321,
          1.8645506,
          1.9021605,
          2.235906,
          2.554037,
          2.7851808,
          2.177502,
          1.905841,
          1.814596,
          1.7654802,
          1.9144218,
          2.4315388,
          2.5862572
        ],
        "metrics": {
          "mae": 1.070884985583169,
          "mape": 0.5327023954855071,
          "rmse": 1.3077444308207258,
          "smape": 0.6638349843941693,
          "rmsse": 0.5821074619917141
        }
      },
      "rounded": {
        "forecast": [
          2.0,
          2.0,
          2.0,
          2.0,
          2.0,
          2.0,
          2.0,
          2.0,
          2.0,
          2.0,
          2.0,
          2.0,
          3.0,
          2.0,
          2.0,
          2.0,
          2.0,
          2.0,
          2.0,
          3.0,
          3.0,
          2.0,
          2.0,
          2.0,
          2.0,
          2.0,
          2.0,
          3.0
        ],
        "metrics": {
          "mae": 1.0357142857142858,
          "mape": 0.525,
          "rmse": 1.2955969390869324,
          "smape": 0.6496598639455782,
          "rmsse": 0.5767003308917285
        }
      }
    },
    "sample-mean": {
      "raw": {
        "forecast": [
          2.21,
          1.6,
          1.49,
          1.76,
          1.92,
          2.0,
          2.37,
          1.84,
          1.81,
          1.45,
          1.75,
          1.82,
          2.58,
          2.07,
          2.06,
          1.77,
          1.77,
          1.76,
          2.05,
          2.47,
          2.56,
          2.07,
          1.8,
          1.9,
          1.7,
          1.77,
          2.14,
          2.56
        ],
        "metrics": {
          "mae": 1.093928545713425,
          "mape": 0.526048592891958,
          "rmse": 1.329345948604325,
          "smape": 0.6798088574069804,
          "rmsse": 0.5917227999704723
        }
      },
      "rounded": {
        "forecast": [
          2.0,
          2.0,
          1.0,
          2.0,
          2.0,
          2.0,
          2.0,
          2.0,
          2.0,
          1.0,
          2.0,
          2.0,
          3.0,
          2.0,
          2.0,
          2.0,
          2.0,
          2.0,
          2.0,
          2.0,
          3.0,
          2.0,
          2.0,
          2.0,
          2.0,
          2.0,
          2.0,
          3.0
        ],
        "metrics": {
          "mae": 1.1428571428571428,
          "mape": 0.5701388888888889,
          "rmse": 1.3887301496588271,
          "smape": 0.7068027210884354,
          "rmsse": 0.6181560890318123
        }
      }
    },
    "p25": {
      "raw": {
        "forecast": [
          1.0,
          1.0,
          0.0,
          1.0,
          0.75,
          1.0,
          1.0,
          1.0,
          1.0,
          0.0,
          0.0,
          1.0,
          1.0,
          1.0,
          1.0,
          1.0,
          0.75,
          1.0,
          1.0,
          1.0,
          1.0,
          1.0,
          1.0,
          1.0,
          0.75,
          0.75,
          1.0,
          1.0
        ],
        "metrics": {
          "mae": 1.2142857142857142,
          "mape": 0.4690972222222222,
          "rmse": 1.6447969913813507,
          "smape": 0.9307668521954237,
          "rmsse": 0.7321373959464857
        }
      },
      "rounded": {
        "forecast": [
          1.0,
          1.0,
          0.0,
          1.0,
          1.0,
          1.0,
          1.0,
          1.0,
          1.0,
          0.0,
          0.0,
          1.0,
          1.0,
          1.0,
          1.0,
          1.0,
          1.0,
          1.0,
          1.0,
          1.0,
          1.0,
          1.0,
          1.0,
          1.0,
          1.0,
          1.0,
          1.0,
          1.0
        ],
        "metrics": {
          "mae": 1.2142857142857142,
          "mape": 0.4534722222222222,
          "rmse": 1.647508942095828,
          "smape": 0.911904761904762,
          "rmsse": 0.7333445482846993
        }
      }
    },
    "p50": {
      "raw": {
        "forecast": [
          2.0,
          1.0,
          1.0,
          1.0,
          2.0,
          2.0,
          2.0,
          2.0,
          2.0,
          1.0,
          1.0,
          2.0,
          2.0,
          2.0,
          2.0,
          1.0,
          2.0,
          2.0,
          2.0,
          2.0,
          2.0,
          2.0,
          1.5,
          2.0,
          2.0,
          2.0,
          2.0,
          2.0
        ],
        "metrics": {
          "mae": 1.0178571428571428,
          "mape": 0.4104166666666667,
          "rmse": 1.3660422499218057,
          "smape": 0.6329931972789116,
          "rmsse": 0.608057177178254
        }
      },
      "rounded": {
        "forecast": [
          2.0,
          1.0,
          1.0,
          1.0,
          2.0,
          2.0,
          2.0,
          2.0,
          2.0,
          1.0,
          1.0,
          2.0,
          2.0,
          2.0,
          2.0,
          1.0,
          2.0,
          2.0,
          2.0,
          2.0,
          2.0,
          2.0,
          2.0,
          2.0,
          2.0,
          2.0,
          2.0,
          2.0
        ],
        "metrics": {
          "mae": 1.0357142857142858,
          "mape": 0.4312500000000001,
          "rmse": 1.3758114488755873,
          "smape": 0.6425170068027212,
          "rmsse": 0.6124056748469531
        }
      }
    },
    "p75": {
      "raw": {
        "forecast": [
          3.0,
          2.0,
          2.0,
          3.0,
          3.0,
          3.0,
          3.0,
          3.0,
          3.0,
          2.0,
          3.0,
          3.0,
          4.0,
          3.0,
          3.0,
          3.0,
          2.0,
          2.0,
          3.0,
          4.0,
          3.25,
          3.0,
          3.0,
          3.0,
          3.0,
          2.25,
          3.0,
          4.0
        ],
        "metrics": {
          "mae": 1.4464285714285714,
          "mape": 0.8881944444444444,
          "rmse": 1.7178163048308912,
          "smape": 0.7424045002616432,
          "rmsse": 0.7646399906635695
        }
      },
      "rounded": {
        "forecast": [
          3.0,
          2.0,
          2.0,
          3.0,
          3.0,
          3.0,
          3.0,
          3.0,
          3.0,
          2.0,
          3.0,
          3.0,
          4.0,
          3.0,
          3.0,
          3.0,
          2.0,
          2.0,
          3.0,
          4.0,
          3.0,
          3.0,
          3.0,
          3.0,
          3.0,
          2.0,
          3.0,
          4.0
        ],
        "metrics": {
          "mae": 1.4285714285714286,
          "mape": 0.8743055555555556,
          "rmse": 1.7113069358158484,
          "smape": 0.7358843537414966,
          "rmsse": 0.7617425191185093
        }
      }
    }
  }
}