{
  "series_id": "FOODS_3_653_WI_3_validation",
  "run": "run_20260526_021333_335192_001_subset34590_ctx84_h64_emb8_ep20_steps100",
  "horizon": [
    1,
    2,
    3,
    4,
    5,
    6,
    7,
    8,
    9,
    10,
    11,
    12,
    13,
    14,
    15,
    16,
    17,
    18,
    19,
    20,
    21,
    22,
    23,
    24,
    25,
    26,
    27,
    28
  ],
  "actuals": [
    3.0,
    1.0,
    1.0,
    1.0,
    3.0,
    0.0,
    1.0,
    1.0,
    5.0,
    1.0,
    1.0,
    0.0,
    2.0,
    0.0,
    0.0,
    1.0,
    1.0,
    1.0,
    2.0,
    0.0,
    3.0,
    1.0,
    1.0,
    3.0,
    0.0,
    1.0,
    0.0,
    1.0
  ],
  "modes": {
    "mean": {
      "raw": {
        "forecast": [
          1.0375804,
          0.9233778,
          0.8988968,
          0.89703494,
          0.9466945,
          1.0278435,
          1.0510308,
          1.1477865,
          1.1103617,
          0.9988288,
          1.0247867,
          1.2044965,
          1.3022795,
          1.5029875,
          1.3522577,
          1.098416,
          1.152072,
          1.1826638,
          1.29448,
          1.5523521,
          1.567859,
          1.194158,
          1.0355356,
          0.9845151,
          0.9863472,
          1.0548152,
          1.2342932,
          1.3051827
        ],
        "metrics": {
          "mae": 0.8266112953424454,
          "mape": 0.2616971572240193,
          "rmse": 1.2254482897607195,
          "smape": 0.7576994553360878,
          "rmsse": 0.793604529555178
        }
      },
      "rounded": {
        "forecast": [
          1.0,
          1.0,
          1.0,
          1.0,
          1.0,
          1.0,
          1.0,
          1.0,
          1.0,
          1.0,
          1.0,
          1.0,
          1.0,
          2.0,
          1.0,
          1.0,
          1.0,
          1.0,
          1.0,
          2.0,
          2.0,
          1.0,
          1.0,
          1.0,
          1.0,
          1.0,
          1.0,
          1.0
        ],
        "metrics": {
          "mae": 0.7857142857142857,
          "mape": 0.1968253968253968,
          "rmse": 1.2535663410560174,
          "smape": 0.7166666666666667,
          "rmsse": 0.8118138763359958
        }
      }
    },
    "sample-mean": {
      "raw": {
        "forecast": [
          1.22,
          0.98,
          0.79,
          0.89,
          0.9,
          1.06,
          0.9,
          1.04,
          1.04,
          1.13,
          0.92,
          1.0,
          1.16,
          1.31,
          1.21,
          1.03,
          1.14,
          1.13,
          1.07,
          1.33,
          1.29,
          1.0,
          0.98,
          0.64,
          0.99,
          1.0,
          1.09,
          1.27
        ],
        "metrics": {
          "mae": 0.8196428545883724,
          "mape": 0.2669999936270336,
          "rmse": 1.2358817045932529,
          "smape": 0.775888139321078,
          "rmsse": 0.8003612449049894
        }
      },
      "rounded": {
        "forecast": [
          1.0,
          1.0,
          1.0,
          1.0,
          1.0,
          1.0,
          1.0,
          1.0,
          1.0,
          1.0,
          1.0,
          1.0,
          1.0,
          1.0,
          1.0,
          1.0,
          1.0,
          1.0,
          1.0,
          1.0,
          1.0,
          1.0,
          1.0,
          1.0,
          1.0,
          1.0,
          1.0,
          1.0
        ],
        "metrics": {
          "mae": 0.75,
          "mape": 0.2126984126984127,
          "rmse": 1.2100767390069582,
          "smape": 0.738095238095238,
          "rmsse": 0.783649860389289
        }
      }
    },
    "p25": {
      "raw": {
        "forecast": [
          0.0,
          0.0,
          0.0,
          0.0,
          0.0,
          0.0,
          0.0,
          0.0,
          0.0,
          0.0,
          0.0,
          0.0,
          0.0,
          0.0,
          0.0,
          0.0,
          0.0,
          0.0,
          0.0,
          0.0,
          0.0,
          0.0,
          0.0,
          0.0,
          0.0,
          0.0,
          0.0,
          0.0
        ],
        "metrics": {
          "mae": 1.25,
          "mape": 1.0,
          "rmse": 1.7217101133134214,
          "smape": 1.5,
          "rmsse": 1.1149853942619512
        }
      },
      "rounded": {
        "forecast": [
          0.0,
          0.0,
          0.0,
          0.0,
          0.0,
          0.0,
          0.0,
          0.0,
          0.0,
          0.0,
          0.0,
          0.0,
          0.0,
          0.0,
          0.0,
          0.0,
          0.0,
          0.0,
          0.0,
          0.0,
          0.0,
          0.0,
          0.0,
          0.0,
          0.0,
          0.0,
          0.0,
          0.0
        ],
        "metrics": {
          "mae": 1.25,
          "mape": 1.0,
          "rmse": 1.7217101133134214,
          "smape": 1.5,
          "rmsse": 1.1149853942619512
        }
      }
    },
    "p50": {
      "raw": {
        "forecast": [
          1.0,
          1.0,
          1.0,
          0.0,
          1.0,
          1.0,
          1.0,
          1.0,
          1.0,
          1.0,
          1.0,
          1.0,
          1.0,
          1.0,
          1.0,
          1.0,
          1.0,
          1.0,
          1.0,
          1.0,
          1.0,
          1.0,
          1.0,
          0.0,
          1.0,
          1.0,
          1.0,
          1.0
        ],
        "metrics": {
          "mae": 0.8214285714285714,
          "mape": 0.2761904761904762,
          "rmse": 1.2955969390869324,
          "smape": 0.8452380952380951,
          "rmsse": 0.8390330362597166
        }
      },
      "rounded": {
        "forecast": [
          1.0,
          1.0,
          1.0,
          0.0,
          1.0,
          1.0,
          1.0,
          1.0,
          1.0,
          1.0,
          1.0,
          1.0,
          1.0,
          1.0,
          1.0,
          1.0,
          1.0,
          1.0,
          1.0,
          1.0,
          1.0,
          1.0,
          1.0,
          0.0,
          1.0,
          1.0,
          1.0,
          1.0
        ],
        "metrics": {
          "mae": 0.8214285714285714,
          "mape": 0.2761904761904762,
          "rmse": 1.2955969390869324,
          "smape": 0.8452380952380951,
          "rmsse": 0.8390330362597166
        }
      }
    },
    "p75": {
      "raw": {
        "forecast": [
          2.0,
          1.25,
          1.0,
          1.25,
          1.0,
          2.0,
          1.0,
          2.0,
          2.0,
          2.0,
          2.0,
          1.25,
          2.0,
          2.0,
          2.0,
          2.0,
          2.0,
          2.0,
          2.0,
          2.0,
          2.0,
          1.0,
          1.0,
          1.0,
          2.0,
          1.0,
          2.0,
          2.0
        ],
        "metrics": {
          "mae": 1.0625,
          "mape": 0.4809523809523809,
          "rmse": 1.358669254401947,
          "smape": 0.8131519274376418,
          "rmsse": 0.8798788847069828
        }
      },
      "rounded": {
        "forecast": [
          2.0,
          1.0,
          1.0,
          1.0,
          1.0,
          2.0,
          1.0,
          2.0,
          2.0,
          2.0,
          2.0,
          1.0,
          2.0,
          2.0,
          2.0,
          2.0,
          2.0,
          2.0,
          2.0,
          2.0,
          2.0,
          1.0,
          1.0,
          1.0,
          2.0,
          1.0,
          2.0,
          2.0
        ],
        "metrics": {
          "mae": 1.0357142857142858,
          "mape": 0.4571428571428571,
          "rmse": 1.349603116263656,
          "smape": 0.7972789115646259,
          "rmsse": 0.8740076224495394
        }
      }
    }
  }
}