{
  "series_id": "FOODS_2_150_WI_3_validation",
  "run": "run_20260526_021333_335192_001_subset34590_ctx84_h64_emb8_ep20_steps100",
  "horizon": [
    1,
    2,
    3,
    4,
    5,
    6,
    7,
    8,
    9,
    10,
    11,
    12,
    13,
    14,
    15,
    16,
    17,
    18,
    19,
    20,
    21,
    22,
    23,
    24,
    25,
    26,
    27,
    28
  ],
  "actuals": [
    0.0,
    0.0,
    1.0,
    0.0,
    1.0,
    1.0,
    1.0,
    2.0,
    0.0,
    3.0,
    2.0,
    5.0,
    0.0,
    1.0,
    0.0,
    2.0,
    2.0,
    1.0,
    3.0,
    2.0,
    2.0,
    2.0,
    3.0,
    2.0,
    1.0,
    0.0,
    0.0,
    0.0
  ],
  "modes": {
    "mean": {
      "raw": {
        "forecast": [
          0.55080193,
          0.5986568,
          0.62695116,
          0.6491113,
          0.7311025,
          0.8167046,
          0.8044138,
          0.8906368,
          0.8281061,
          0.7442713,
          0.78889996,
          0.94117343,
          1.0101895,
          1.0556937,
          0.9695695,
          0.81117225,
          0.86166686,
          0.899872,
          0.9423715,
          1.1900103,
          1.2030548,
          0.9322722,
          0.8111326,
          0.79584056,
          0.77516574,
          0.85002667,
          1.0336154,
          1.0664607
        ],
        "metrics": {
          "mae": 1.0016256890126638,
          "mape": 0.4549410850332495,
          "rmse": 1.2939397576152305,
          "smape": 1.0798934377008529,
          "rmsse": 0.6180307457145597
        }
      },
      "rounded": {
        "forecast": [
          1.0,
          1.0,
          1.0,
          1.0,
          1.0,
          1.0,
          1.0,
          1.0,
          1.0,
          1.0,
          1.0,
          1.0,
          1.0,
          1.0,
          1.0,
          1.0,
          1.0,
          1.0,
          1.0,
          1.0,
          1.0,
          1.0,
          1.0,
          1.0,
          1.0,
          1.0,
          1.0,
          1.0
        ],
        "metrics": {
          "mae": 0.9642857142857144,
          "mape": 0.3578947368421052,
          "rmse": 1.267731382092775,
          "smape": 0.988095238095238,
          "rmsse": 0.6055127117235778
        }
      }
    },
    "sample-mean": {
      "raw": {
        "forecast": [
          0.52,
          0.5,
          0.65,
          0.66,
          0.87,
          0.65,
          0.59,
          0.92,
          0.77,
          0.54,
          0.66,
          0.84,
          0.91,
          0.98,
          0.61,
          0.75,
          0.7,
          0.96,
          0.77,
          1.07,
          1.12,
          0.56,
          0.8,
          0.71,
          0.69,
          0.66,
          0.93,
          0.83
        ],
        "metrics": {
          "mae": 1.0200000022138869,
          "mape": 0.4996666687622405,
          "rmse": 1.3366829966553644,
          "smape": 1.141172445805257,
          "rmsse": 0.6384464070641394
        }
      },
      "rounded": {
        "forecast": [
          1.0,
          0.0,
          1.0,
          1.0,
          1.0,
          1.0,
          1.0,
          1.0,
          1.0,
          1.0,
          1.0,
          1.0,
          1.0,
          1.0,
          1.0,
          1.0,
          1.0,
          1.0,
          1.0,
          1.0,
          1.0,
          1.0,
          1.0,
          1.0,
          1.0,
          1.0,
          1.0,
          1.0
        ],
        "metrics": {
          "mae": 0.9285714285714286,
          "mape": 0.3578947368421052,
          "rmse": 1.2535663410560174,
          "smape": 0.9166666666666666,
          "rmsse": 0.5987469942135453
        }
      }
    },
    "p25": {
      "raw": {
        "forecast": [
          0.0,
          0.0,
          0.0,
          0.0,
          0.0,
          0.0,
          0.0,
          0.0,
          0.0,
          0.0,
          0.0,
          0.0,
          0.0,
          0.0,
          0.0,
          0.0,
          0.0,
          0.0,
          0.0,
          0.0,
          0.0,
          0.0,
          0.0,
          0.0,
          0.0,
          0.0,
          0.0,
          0.0
        ],
        "metrics": {
          "mae": 1.3214285714285714,
          "mape": 1.0,
          "rmse": 1.8027756377319943,
          "smape": 1.3571428571428572,
          "rmsse": 0.8610685042996095
        }
      },
      "rounded": {
        "forecast": [
          0.0,
          0.0,
          0.0,
          0.0,
          0.0,
          0.0,
          0.0,
          0.0,
          0.0,
          0.0,
          0.0,
          0.0,
          0.0,
          0.0,
          0.0,
          0.0,
          0.0,
          0.0,
          0.0,
          0.0,
          0.0,
          0.0,
          0.0,
          0.0,
          0.0,
          0.0,
          0.0,
          0.0
        ],
        "metrics": {
          "mae": 1.3214285714285714,
          "mape": 1.0,
          "rmse": 1.8027756377319943,
          "smape": 1.3571428571428572,
          "rmsse": 0.8610685042996095
        }
      }
    },
    "p50": {
      "raw": {
        "forecast": [
          0.0,
          0.0,
          0.0,
          0.0,
          0.0,
          0.0,
          0.0,
          0.0,
          0.0,
          0.0,
          0.0,
          0.0,
          0.0,
          1.0,
          0.0,
          0.0,
          0.0,
          0.0,
          0.0,
          1.0,
          0.0,
          0.0,
          0.0,
          0.0,
          0.0,
          0.0,
          0.5,
          0.0
        ],
        "metrics": {
          "mae": 1.2678571428571428,
          "mape": 0.9210526315789472,
          "rmse": 1.765239765179628,
          "smape": 1.3095238095238095,
          "rmsse": 0.8431400627565959
        }
      },
      "rounded": {
        "forecast": [
          0.0,
          0.0,
          0.0,
          0.0,
          0.0,
          0.0,
          0.0,
          0.0,
          0.0,
          0.0,
          0.0,
          0.0,
          0.0,
          1.0,
          0.0,
          0.0,
          0.0,
          0.0,
          0.0,
          1.0,
          0.0,
          0.0,
          0.0,
          0.0,
          0.0,
          0.0,
          0.0,
          0.0
        ],
        "metrics": {
          "mae": 1.25,
          "mape": 0.9210526315789472,
          "rmse": 1.7627089541790095,
          "smape": 1.238095238095238,
          "rmsse": 0.8419312591776273
        }
      }
    },
    "p75": {
      "raw": {
        "forecast": [
          1.0,
          1.0,
          1.0,
          1.0,
          1.0,
          1.0,
          1.0,
          1.0,
          1.0,
          0.25,
          1.0,
          1.0,
          2.0,
          1.0,
          1.0,
          1.0,
          1.0,
          1.25,
          1.0,
          2.0,
          1.0,
          1.0,
          1.0,
          1.0,
          1.0,
          1.0,
          1.0,
          1.0
        ],
        "metrics": {
          "mae": 1.0,
          "mape": 0.3578947368421052,
          "rmse": 1.344632185501193,
          "smape": 0.996947496947497,
          "rmsse": 0.6422432168315954
        }
      },
      "rounded": {
        "forecast": [
          1.0,
          1.0,
          1.0,
          1.0,
          1.0,
          1.0,
          1.0,
          1.0,
          1.0,
          0.0,
          1.0,
          1.0,
          2.0,
          1.0,
          1.0,
          1.0,
          1.0,
          1.0,
          1.0,
          2.0,
          1.0,
          1.0,
          1.0,
          1.0,
          1.0,
          1.0,
          1.0,
          1.0
        ],
        "metrics": {
          "mae": 1.0,
          "mape": 0.3491228070175439,
          "rmse": 1.3627702877384935,
          "smape": 1.0,
          "rmsse": 0.6509066069048908
        }
      }
    }
  }
}