{
  "series_id": "FOODS_2_170_WI_2_validation",
  "run": "run_20260526_021333_335192_001_subset34590_ctx84_h64_emb8_ep20_steps100",
  "horizon": [
    1,
    2,
    3,
    4,
    5,
    6,
    7,
    8,
    9,
    10,
    11,
    12,
    13,
    14,
    15,
    16,
    17,
    18,
    19,
    20,
    21,
    22,
    23,
    24,
    25,
    26,
    27,
    28
  ],
  "actuals": [
    3.0,
    2.0,
    1.0,
    3.0,
    2.0,
    4.0,
    3.0,
    4.0,
    2.0,
    1.0,
    8.0,
    4.0,
    0.0,
    1.0,
    1.0,
    1.0,
    1.0,
    1.0,
    0.0,
    5.0,
    1.0,
    4.0,
    2.0,
    4.0,
    1.0,
    2.0,
    6.0,
    2.0
  ],
  "modes": {
    "mean": {
      "raw": {
        "forecast": [
          1.4515362,
          1.3283653,
          1.352376,
          1.3682346,
          1.506873,
          1.612999,
          1.6908199,
          1.7771848,
          1.7114489,
          1.5955402,
          1.5932076,
          1.8814602,
          2.1982086,
          2.2073386,
          2.0281003,
          1.7259078,
          1.8035063,
          1.8578703,
          1.9103986,
          2.336117,
          2.365528,
          1.7989472,
          1.6217511,
          1.5857807,
          1.5673547,
          1.6853367,
          1.9842558,
          2.2004619
        ],
        "metrics": {
          "mae": 1.5313668974808283,
          "mape": 0.5773907196827424,
          "rmse": 2.013116763420625,
          "smape": 0.6963657487175192,
          "rmsse": 0.964357980026292
        }
      },
      "rounded": {
        "forecast": [
          1.0,
          1.0,
          1.0,
          1.0,
          2.0,
          2.0,
          2.0,
          2.0,
          2.0,
          2.0,
          2.0,
          2.0,
          2.0,
          2.0,
          2.0,
          2.0,
          2.0,
          2.0,
          2.0,
          2.0,
          2.0,
          2.0,
          2.0,
          2.0,
          2.0,
          2.0,
          2.0,
          2.0
        ],
        "metrics": {
          "mae": 1.4642857142857142,
          "mape": 0.5647435897435897,
          "rmse": 1.9548474547720012,
          "smape": 0.6710884353741496,
          "rmsse": 0.9364448088645584
        }
      }
    },
    "sample-mean": {
      "raw": {
        "forecast": [
          1.6,
          1.02,
          1.02,
          1.72,
          1.06,
          1.54,
          1.6,
          1.76,
          1.46,
          1.68,
          1.54,
          1.73,
          2.13,
          1.95,
          1.94,
          1.59,
          1.78,
          1.71,
          1.95,
          2.32,
          2.62,
          1.68,
          1.62,
          1.72,
          1.65,
          1.48,
          1.59,
          2.08
        ],
        "metrics": {
          "mae": 1.559285717351096,
          "mape": 0.5765769195098143,
          "rmse": 2.0561406386119554,
          "smape": 0.7121892678996354,
          "rmsse": 0.9849680202019624
        }
      },
      "rounded": {
        "forecast": [
          2.0,
          1.0,
          1.0,
          2.0,
          1.0,
          2.0,
          2.0,
          2.0,
          1.0,
          2.0,
          2.0,
          2.0,
          2.0,
          2.0,
          2.0,
          2.0,
          2.0,
          2.0,
          2.0,
          2.0,
          3.0,
          2.0,
          2.0,
          2.0,
          2.0,
          1.0,
          2.0,
          2.0
        ],
        "metrics": {
          "mae": 1.5357142857142858,
          "mape": 0.6352564102564102,
          "rmse": 1.9548474547720012,
          "smape": 0.7115646258503402,
          "rmsse": 0.9364448088645584
        }
      }
    },
    "p25": {
      "raw": {
        "forecast": [
          0.0,
          0.0,
          0.0,
          0.0,
          0.0,
          0.0,
          0.0,
          1.0,
          0.0,
          0.0,
          0.0,
          0.0,
          1.0,
          0.0,
          0.0,
          0.0,
          0.0,
          0.0,
          1.0,
          1.0,
          1.0,
          0.0,
          0.0,
          1.0,
          1.0,
          0.0,
          0.0,
          0.75
        ],
        "metrics": {
          "mae": 2.330357142857143,
          "mape": 0.8817307692307692,
          "rmse": 2.9250305248712483,
          "smape": 1.7372294372294372,
          "rmsse": 1.401198668519906
        }
      },
      "rounded": {
        "forecast": [
          0.0,
          0.0,
          0.0,
          0.0,
          0.0,
          0.0,
          0.0,
          1.0,
          0.0,
          0.0,
          0.0,
          0.0,
          1.0,
          0.0,
          0.0,
          0.0,
          0.0,
          0.0,
          1.0,
          1.0,
          1.0,
          0.0,
          0.0,
          1.0,
          1.0,
          0.0,
          0.0,
          1.0
        ],
        "metrics": {
          "mae": 2.321428571428572,
          "mape": 0.8769230769230769,
          "rmse": 2.921594476602509,
          "smape": 1.7285714285714284,
          "rmsse": 1.3995526733009875
        }
      }
    },
    "p50": {
      "raw": {
        "forecast": [
          1.0,
          1.0,
          1.0,
          1.0,
          1.0,
          1.0,
          1.0,
          1.0,
          1.0,
          1.0,
          1.0,
          1.0,
          2.0,
          1.0,
          2.0,
          1.0,
          1.0,
          1.0,
          2.0,
          2.0,
          2.0,
          1.0,
          1.0,
          1.0,
          1.0,
          1.0,
          1.0,
          1.5
        ],
        "metrics": {
          "mae": 1.6964285714285714,
          "mape": 0.492628205128205,
          "rmse": 2.354706533125276,
          "smape": 0.7783446712018139,
          "rmsse": 1.127992214411332
        }
      },
      "rounded": {
        "forecast": [
          1.0,
          1.0,
          1.0,
          1.0,
          1.0,
          1.0,
          1.0,
          1.0,
          1.0,
          1.0,
          1.0,
          1.0,
          2.0,
          1.0,
          2.0,
          1.0,
          1.0,
          1.0,
          2.0,
          2.0,
          2.0,
          1.0,
          1.0,
          1.0,
          1.0,
          1.0,
          1.0,
          2.0
        ],
        "metrics": {
          "mae": 1.6785714285714286,
          "mape": 0.4830128205128204,
          "rmse": 2.3528098702858005,
          "smape": 0.768140589569161,
          "rmsse": 1.1270836422023562
        }
      }
    },
    "p75": {
      "raw": {
        "forecast": [
          2.0,
          2.0,
          2.0,
          2.0,
          2.0,
          2.0,
          2.0,
          2.25,
          2.0,
          2.0,
          2.0,
          3.0,
          3.0,
          3.0,
          3.0,
          2.0,
          3.0,
          3.0,
          3.0,
          3.25,
          4.0,
          2.25,
          3.0,
          2.0,
          3.0,
          2.0,
          2.25,
          3.0
        ],
        "metrics": {
          "mae": 1.6785714285714286,
          "mape": 0.8403846153846153,
          "rmse": 2.098043306103502,
          "smape": 0.6954421768707482,
          "rmsse": 1.0050409600900592
        }
      },
      "rounded": {
        "forecast": [
          2.0,
          2.0,
          2.0,
          2.0,
          2.0,
          2.0,
          2.0,
          2.0,
          2.0,
          2.0,
          2.0,
          3.0,
          3.0,
          3.0,
          3.0,
          2.0,
          3.0,
          3.0,
          3.0,
          3.0,
          4.0,
          2.0,
          3.0,
          2.0,
          3.0,
          2.0,
          2.0,
          3.0
        ],
        "metrics": {
          "mae": 1.7142857142857142,
          "mape": 0.8487179487179487,
          "rmse": 2.138089935299395,
          "smape": 0.7090136054421767,
          "rmsse": 1.0242247884401805
        }
      }
    }
  }
}