{
  "series_id": "FOODS_3_711_WI_2_validation",
  "run": "run_20260526_021333_335192_001_subset34590_ctx84_h64_emb8_ep20_steps100",
  "horizon": [
    1,
    2,
    3,
    4,
    5,
    6,
    7,
    8,
    9,
    10,
    11,
    12,
    13,
    14,
    15,
    16,
    17,
    18,
    19,
    20,
    21,
    22,
    23,
    24,
    25,
    26,
    27,
    28
  ],
  "actuals": [
    18.0,
    12.0,
    12.0,
    10.0,
    30.0,
    10.0,
    5.0,
    1.0,
    10.0,
    27.0,
    52.0,
    26.0,
    42.0,
    36.0,
    4.0,
    55.0,
    60.0,
    49.0,
    1.0,
    0.0,
    0.0,
    3.0,
    50.0,
    26.0,
    14.0,
    15.0,
    27.0,
    17.0
  ],
  "modes": {
    "mean": {
      "raw": {
        "forecast": [
          19.83103,
          21.98368,
          22.108377,
          23.250116,
          25.368593,
          24.992327,
          23.193195,
          24.715792,
          24.919987,
          23.843876,
          25.961586,
          30.396116,
          29.495403,
          28.634052,
          26.014183,
          22.393951,
          25.579227,
          27.611925,
          26.876223,
          31.912493,
          29.80275,
          23.243916,
          22.077673,
          22.049955,
          22.993662,
          25.066305,
          27.453146,
          25.184578
        ],
        "metrics": {
          "mae": 15.8186297416687,
          "mape": 2.9670387636288025,
          "rmse": 18.78604044351858,
          "smape": 0.786347930290274,
          "rmsse": 0.6697800063971421
        }
      },
      "rounded": {
        "forecast": [
          20.0,
          22.0,
          22.0,
          23.0,
          25.0,
          25.0,
          23.0,
          25.0,
          25.0,
          24.0,
          26.0,
          30.0,
          29.0,
          29.0,
          26.0,
          22.0,
          26.0,
          28.0,
          27.0,
          32.0,
          30.0,
          23.0,
          22.0,
          22.0,
          23.0,
          25.0,
          27.0,
          25.0
        ],
        "metrics": {
          "mae": 15.785714285714286,
          "mape": 2.9757397278438003,
          "rmse": 18.786393252260304,
          "smape": 0.7847780957136348,
          "rmsse": 0.6697925851117467
        }
      }
    },
    "sample-mean": {
      "raw": {
        "forecast": [
          19.78,
          22.39,
          21.74,
          22.23,
          24.27,
          23.94,
          21.12,
          19.25,
          21.57,
          20.96,
          18.66,
          24.24,
          26.45,
          25.75,
          23.2,
          19.93,
          25.31,
          23.95,
          26.86,
          27.01,
          30.48,
          29.14,
          28.4,
          25.26,
          28.49,
          29.84,
          27.41,
          25.46
        ],
        "metrics": {
          "mae": 16.097499983651296,
          "mape": 2.80388029527263,
          "rmse": 19.101781228943985,
          "smape": 0.8056215918803046,
          "rmsse": 0.6810371345779254
        }
      },
      "rounded": {
        "forecast": [
          20.0,
          22.0,
          22.0,
          22.0,
          24.0,
          24.0,
          21.0,
          19.0,
          22.0,
          21.0,
          19.0,
          24.0,
          26.0,
          26.0,
          23.0,
          20.0,
          25.0,
          24.0,
          27.0,
          27.0,
          30.0,
          29.0,
          28.0,
          25.0,
          28.0,
          30.0,
          27.0,
          25.0
        ],
        "metrics": {
          "mae": 16.071428571428573,
          "mape": 2.794841773539252,
          "rmse": 19.063802648699745,
          "smape": 0.8057124799032406,
          "rmsse": 0.679683081615279
        }
      }
    },
    "p25": {
      "raw": {
        "forecast": [
          8.0,
          7.0,
          10.0,
          7.75,
          7.75,
          5.0,
          3.0,
          2.75,
          4.0,
          5.0,
          4.0,
          6.0,
          4.75,
          6.75,
          5.0,
          4.0,
          8.0,
          6.75,
          7.0,
          8.0,
          7.0,
          6.0,
          11.0,
          6.0,
          7.75,
          9.0,
          8.0,
          7.0
        ],
        "metrics": {
          "mae": 17.258928571428573,
          "mape": 0.8906102098062344,
          "rmse": 23.780572427929485,
          "smape": 1.0661922997700384,
          "rmsse": 0.8478504025791973
        }
      },
      "rounded": {
        "forecast": [
          8.0,
          7.0,
          10.0,
          8.0,
          8.0,
          5.0,
          3.0,
          3.0,
          4.0,
          5.0,
          4.0,
          6.0,
          5.0,
          7.0,
          5.0,
          4.0,
          8.0,
          7.0,
          7.0,
          8.0,
          7.0,
          6.0,
          11.0,
          6.0,
          8.0,
          9.0,
          8.0,
          7.0
        ],
        "metrics": {
          "mae": 17.214285714285715,
          "mape": 0.8975644658676333,
          "rmse": 23.729126165356966,
          "smape": 1.0637209690750016,
          "rmsse": 0.8460161854018986
        }
      }
    },
    "p50": {
      "raw": {
        "forecast": [
          17.0,
          19.0,
          18.5,
          20.0,
          18.5,
          18.0,
          14.0,
          12.5,
          14.5,
          14.0,
          14.0,
          19.0,
          20.0,
          18.5,
          15.5,
          12.0,
          19.5,
          19.0,
          17.5,
          20.0,
          25.0,
          18.0,
          22.0,
          17.0,
          20.0,
          20.0,
          21.5,
          15.5
        ],
        "metrics": {
          "mae": 15.107142857142858,
          "mape": 1.846513526574936,
          "rmse": 18.97037163579037,
          "smape": 0.815899045959534,
          "rmsse": 0.6763519792144151
        }
      },
      "rounded": {
        "forecast": [
          17.0,
          19.0,
          18.0,
          20.0,
          18.0,
          18.0,
          14.0,
          12.0,
          14.0,
          14.0,
          14.0,
          19.0,
          20.0,
          18.0,
          16.0,
          12.0,
          20.0,
          19.0,
          18.0,
          20.0,
          25.0,
          18.0,
          22.0,
          17.0,
          20.0,
          20.0,
          22.0,
          16.0
        ],
        "metrics": {
          "mae": 15.071428571428571,
          "mape": 1.84680680627998,
          "rmse": 18.96048522585854,
          "smape": 0.8134529593987132,
          "rmsse": 0.6759994983535708
        }
      }
    },
    "p75": {
      "raw": {
        "forecast": [
          26.25,
          33.25,
          29.25,
          31.5,
          36.0,
          30.0,
          27.5,
          35.0,
          29.5,
          34.25,
          26.25,
          35.25,
          36.25,
          33.25,
          35.5,
          28.25,
          30.25,
          31.5,
          34.5,
          39.0,
          47.0,
          38.25,
          37.5,
          34.25,
          35.25,
          39.25,
          41.0,
          35.5
        ],
        "metrics": {
          "mae": 20.714285714285715,
          "mape": 4.214321750605688,
          "rmse": 23.448937685350025,
          "smape": 0.8718464221169411,
          "rmsse": 0.8360266060386645
        }
      },
      "rounded": {
        "forecast": [
          26.0,
          33.0,
          29.0,
          32.0,
          36.0,
          30.0,
          28.0,
          35.0,
          30.0,
          34.0,
          26.0,
          35.0,
          36.0,
          33.0,
          36.0,
          28.0,
          30.0,
          32.0,
          34.0,
          39.0,
          47.0,
          38.0,
          38.0,
          34.0,
          35.0,
          39.0,
          41.0,
          36.0
        ],
        "metrics": {
          "mae": 20.714285714285715,