{
  "series_id": "FOODS_1_051_TX_3_validation",
  "run": "run_20260526_021333_335192_001_subset34590_ctx84_h64_emb8_ep20_steps100",
  "horizon": [
    1,
    2,
    3,
    4,
    5,
    6,
    7,
    8,
    9,
    10,
    11,
    12,
    13,
    14,
    15,
    16,
    17,
    18,
    19,
    20,
    21,
    22,
    23,
    24,
    25,
    26,
    27,
    28
  ],
  "actuals": [
    1.0,
    1.0,
    0.0,
    0.0,
    2.0,
    1.0,
    5.0,
    2.0,
    0.0,
    0.0,
    0.0,
    2.0,
    4.0,
    1.0,
    0.0,
    1.0,
    4.0,
    2.0,
    0.0,
    1.0,
    1.0,
    3.0,
    0.0,
    1.0,
    1.0,
    6.0,
    3.0,
    0.0
  ],
  "modes": {
    "mean": {
      "raw": {
        "forecast": [
          0.99378145,
          1.0847478,
          1.1477125,
          1.1365491,
          1.2252636,
          1.4709103,
          1.4161284,
          1.1799432,
          1.1763873,
          1.1464827,
          1.1654866,
          1.3211094,
          1.4757578,
          1.3574624,
          1.2314017,
          1.1191001,
          1.18892,
          1.226309,
          1.2906576,
          1.351933,
          1.3362607,
          1.1373309,
          1.0724484,
          1.0917736,
          1.1122578,
          1.2002614,
          1.4545335,
          1.3284454
        ],
        "metrics": {
          "mae": 1.1714528032711573,
          "mape": 0.3916293809288426,
          "rmse": 1.6006405996781454,
          "smape": 0.9857250668162948,
          "rmsse": 1.175353234359825
        }
      },
      "rounded": {
        "forecast": [
          1.0,
          1.0,
          1.0,
          1.0,
          1.0,
          1.0,
          1.0,
          1.0,
          1.0,
          1.0,
          1.0,
          1.0,
          1.0,
          1.0,
          1.0,
          1.0,
          1.0,
          1.0,
          1.0,
          1.0,
          1.0,
          1.0,
          1.0,
          1.0,
          1.0,
          1.0,
          1.0,
          1.0
        ],
        "metrics": {
          "mae": 1.1428571428571428,
          "mape": 0.3403508771929824,
          "rmse": 1.6903085094570331,
          "smape": 0.993877551020408,
          "rmsse": 1.2411965397202491
        }
      }
    },
    "sample-mean": {
      "raw": {
        "forecast": [
          1.01,
          1.13,
          1.11,
          1.14,
          1.07,
          1.38,
          1.06,
          0.99,
          0.91,
          1.01,
          1.32,
          1.29,
          1.69,
          1.12,
          1.08,
          0.95,
          1.15,
          1.04,
          1.13,
          1.33,
          1.25,
          1.21,
          1.02,
          0.82,
          0.86,
          0.82,
          1.12,
          1.0
        ],
        "metrics": {
          "mae": 1.1739285758563451,
          "mape": 0.3978771945886444,
          "rmse": 1.656928100926284,
          "smape": 1.011264704650169,
          "rmsse": 1.216685246467562
        }
      },
      "rounded": {
        "forecast": [
          1.0,
          1.0,
          1.0,
          1.0,
          1.0,
          1.0,
          1.0,
          1.0,
          1.0,
          1.0,
          1.0,
          1.0,
          2.0,
          1.0,
          1.0,
          1.0,
          1.0,
          1.0,
          1.0,
          1.0,
          1.0,
          1.0,
          1.0,
          1.0,
          1.0,
          1.0,
          1.0,
          1.0
        ],
        "metrics": {
          "mae": 1.1071428571428572,
          "mape": 0.3271929824561403,
          "rmse": 1.6366341767699428,
          "smape": 0.9748299319727892,
          "rmsse": 1.2017833819266994
        }
      }
    },
    "p25": {
      "raw": {
        "forecast": [
          0.0,
          0.0,
          0.0,
          0.0,
          0.0,
          0.0,
          0.0,
          0.0,
          0.0,
          0.0,
          0.0,
          0.0,
          0.0,
          0.0,
          0.0,
          0.0,
          0.0,
          0.0,
          0.0,
          0.0,
          0.0,
          0.0,
          0.0,
          0.0,
          0.0,
          0.0,
          0.0,
          0.0
        ],
        "metrics": {
          "mae": 1.5,
          "mape": 1.0,
          "rmse": 2.2038926600773587,
          "smape": 1.3571428571428572,
          "rmsse": 1.6183222934146906
        }
      },
      "rounded": {
        "forecast": [
          0.0,
          0.0,
          0.0,
          0.0,
          0.0,
          0.0,
          0.0,
          0.0,
          0.0,
          0.0,
          0.0,
          0.0,
          0.0,
          0.0,
          0.0,
          0.0,
          0.0,
          0.0,
          0.0,
          0.0,
          0.0,
          0.0,
          0.0,
          0.0,
          0.0,
          0.0,
          0.0,
          0.0
        ],
        "metrics": {
          "mae": 1.5,
          "mape": 1.0,
          "rmse": 2.2038926600773587,
          "smape": 1.3571428571428572,
          "rmsse": 1.6183222934146906
        }
      }
    },
    "p50": {
      "raw": {
        "forecast": [
          1.0,
          1.0,
          1.0,
          1.0,
          1.0,
          1.0,
          1.0,
          1.0,
          1.0,
          1.0,
          1.0,
          1.0,
          1.0,
          1.0,
          1.0,
          1.0,
          1.0,
          1.0,
          1.0,
          1.0,
          1.0,
          1.0,
          1.0,
          0.0,
          1.0,
          0.5,
          1.0,
          1.0
        ],
        "metrics": {
          "mae": 1.1964285714285714,
          "mape": 0.3973684210526316,
          "rmse": 1.7550946250436592,
          "smape": 1.074725274725275,
          "rmsse": 1.2887690994264456
        }
      },
      "rounded": {
        "forecast": [
          1.0,
          1.0,
          1.0,
          1.0,
          1.0,
          1.0,
          1.0,
          1.0,
          1.0,
          1.0,
          1.0,
          1.0,
          1.0,
          1.0,
          1.0,
          1.0,
          1.0,
          1.0,
          1.0,
          1.0,
          1.0,
          1.0,
          1.0,
          0.0,
          1.0,
          0.0,
          1.0,
          1.0
        ],
        "metrics": {
          "mae": 1.2142857142857142,
          "mape": 0.4017543859649123,
          "rmse": 1.8126539343499315,
          "smape": 1.0857142857142856,
          "rmsse": 1.3310350024494275
        }
      }
    },
    "p75": {
      "raw": {
        "forecast": [
          1.0,
          2.0,
          2.0,
          2.0,
          1.25,
          2.0,
          2.0,
          2.0,
          1.25,
          1.0,
          2.0,
          2.0,
          3.0,
          2.0,
          1.25,
          1.0,
          2.0,
          2.0,
          2.0,
          2.0,
          2.0,
          2.0,
          2.0,
          1.0,
          1.0,
          1.0,
          2.0,
          2.0
        ],
        "metrics": {
          "mae": 1.2232142857142858,
          "mape": 0.4328947368421052,
          "rmse": 1.633220963092782,
          "smape": 0.9226059654631082,
          "rmsse": 1.1992770530632315
        }
      },
      "rounded": {
        "forecast": [
          1.0,
          2.0,
          2.0,
          2.0,
          1.0,
          2.0,
          2.0,
          2.0,
          1.0,
          1.0,
          2.0,
          2.0,
          3.0,
          2.0,
          1.0,
          1.0,
          2.0,
          2.0,
          2.0,
          2.0,
          2.0,
          2.0,
          2.0,
          1.0,
          1.0,
          1.0,
          2.0,
          2.0
        ],
        "metrics": {
          "mae": 1.2142857142857142,
          "mape": 0.4394736842105264,
          "rmse": 1.625686668105863,
          "smape": 0.9299319727891155,
          "rmsse": 1.1937446068768254
        }
      }
    }
  }
}