{
  "series_id": "FOODS_2_154_CA_1_validation",
  "run": "run_20260526_021333_335192_001_subset34590_ctx84_h64_emb8_ep20_steps100",
  "horizon": [
    1,
    2,
    3,
    4,
    5,
    6,
    7,
    8,
    9,
    10,
    11,
    12,
    13,
    14,
    15,
    16,
    17,
    18,
    19,
    20,
    21,
    22,
    23,
    24,
    25,
    26,
    27,
    28
  ],
  "actuals": [
    0.0,
    0.0,
    0.0,
    0.0,
    0.0,
    0.0,
    0.0,
    0.0,
    0.0,
    0.0,
    0.0,
    0.0,
    0.0,
    0.0,
    0.0,
    0.0,
    0.0,
    1.0,
    0.0,
    1.0,
    0.0,
    1.0,
    0.0,
    0.0,
    0.0,
    0.0,
    0.0,
    1.0
  ],
  "modes": {
    "mean": {
      "raw": {
        "forecast": [
          0.54392755,
          0.46128416,
          0.44547012,
          0.45237473,
          0.5257048,
          0.6052314,
          0.73533326,
          0.67280495,
          0.6049015,
          0.5761931,
          0.53175807,
          0.61317986,
          0.7951891,
          0.856032,
          0.7218848,
          0.6265583,
          0.55491817,
          0.5344593,
          0.598917,
          0.75285846,
          0.80476797,
          0.6426696,
          0.5512916,
          0.52870315,
          0.52115285,
          0.59526616,
          0.78015953,
          0.87909293
        ],
        "metrics": {
          "mae": 0.567640136395182,
          "mape": 0.2977299243211746,
          "rmse": 0.5896635570487935,
          "smape": 1.7661612679184675,
          "rmsse": 0.8026170537551214
        }
      },
      "rounded": {
        "forecast": [
          1.0,
          0.0,
          0.0,
          0.0,
          1.0,
          1.0,
          1.0,
          1.0,
          1.0,
          1.0,
          1.0,
          1.0,
          1.0,
          1.0,
          1.0,
          1.0,
          1.0,
          1.0,
          1.0,
          1.0,
          1.0,
          1.0,
          1.0,
          1.0,
          1.0,
          1.0,
          1.0,
          1.0
        ],
        "metrics": {
          "mae": 0.75,
          "mape": 0.0,
          "rmse": 0.8660254037844386,
          "smape": 1.5,
          "rmsse": 1.178785342511914
        }
      }
    },
    "sample-mean": {
      "raw": {
        "forecast": [
          0.5,
          0.29,
          0.42,
          0.38,
          0.37,
          0.4,
          0.56,
          0.51,
          0.56,
          0.4,
          0.42,
          0.47,
          0.67,
          0.47,
          0.56,
          0.34,
          0.37,
          0.28,
          0.39,
          0.49,
          0.6,
          0.38,
          0.45,
          0.39,
          0.29,
          0.49,
          0.5,
          0.63
        ],
        "metrics": {
          "mae": 0.464999999318804,
          "mape": 0.5549999997019768,
          "rmse": 0.4770819039074495,
          "smape": 1.8272179360782037,
          "rmsse": 0.6493772042324055
        }
      },
      "rounded": {
        "forecast": [
          0.0,
          0.0,
          0.0,
          0.0,
          0.0,
          0.0,
          1.0,
          1.0,
          1.0,
          0.0,
          0.0,
          0.0,
          1.0,
          0.0,
          1.0,
          0.0,
          0.0,
          0.0,
          0.0,
          0.0,
          1.0,
          0.0,
          0.0,
          0.0,
          0.0,
          0.0,
          0.0,
          1.0
        ],
        "metrics": {
          "mae": 0.3214285714285714,
          "mape": 0.75,
          "rmse": 0.5669467095138409,
          "smape": 0.6428571428571429,
          "rmsse": 0.7716961514521846
        }
      }
    },
    "p25": {
      "raw": {
        "forecast": [
          0.0,
          0.0,
          0.0,
          0.0,
          0.0,
          0.0,
          0.0,
          0.0,
          0.0,
          0.0,
          0.0,
          0.0,
          0.0,
          0.0,
          0.0,
          0.0,
          0.0,
          0.0,
          0.0,
          0.0,
          0.0,
          0.0,
          0.0,
          0.0,
          0.0,
          0.0,
          0.0,
          0.0
        ],
        "metrics": {
          "mae": 0.1428571428571428,
          "mape": 1.0,
          "rmse": 0.3779644730092272,
          "smape": 0.2857142857142857,
          "rmsse": 0.514464100968123
        }
      },
      "rounded": {
        "forecast": [
          0.0,
          0.0,
          0.0,
          0.0,
          0.0,
          0.0,
          0.0,
          0.0,
          0.0,
          0.0,
          0.0,
          0.0,
          0.0,
          0.0,
          0.0,
          0.0,
          0.0,
          0.0,
          0.0,
          0.0,
          0.0,
          0.0,
          0.0,
          0.0,
          0.0,
          0.0,
          0.0,
          0.0
        ],
        "metrics": {
          "mae": 0.1428571428571428,
          "mape": 1.0,
          "rmse": 0.3779644730092272,
          "smape": 0.2857142857142857,
          "rmsse": 0.514464100968123
        }
      }
    },
    "p50": {
      "raw": {
        "forecast": [
          0.0,
          0.0,
          0.0,
          0.0,
          0.0,
          0.0,
          0.0,
          0.0,
          0.0,
          0.0,
          0.0,
          0.0,
          0.0,
          0.0,
          0.0,
          0.0,
          0.0,
          0.0,
          0.0,
          0.0,
          0.0,
          0.0,
          0.0,
          0.0,
          0.0,
          0.0,
          0.0,
          0.0
        ],
        "metrics": {
          "mae": 0.1428571428571428,
          "mape": 1.0,
          "rmse": 0.3779644730092272,
          "smape": 0.2857142857142857,
          "rmsse": 0.514464100968123
        }
      },
      "rounded": {
        "forecast": [
          0.0,
          0.0,
          0.0,
          0.0,
          0.0,
          0.0,
          0.0,
          0.0,
          0.0,
          0.0,
          0.0,
          0.0,
          0.0,
          0.0,
          0.0,
          0.0,
          0.0,
          0.0,
          0.0,
          0.0,
          0.0,
          0.0,
          0.0,
          0.0,
          0.0,
          0.0,
          0.0,
          0.0
        ],
        "metrics": {
          "mae": 0.1428571428571428,
          "mape": 1.0,
          "rmse": 0.3779644730092272,
          "smape": 0.2857142857142857,
          "rmsse": 0.514464100968123
        }
      }
    },
    "p75": {
      "raw": {
        "forecast": [
          1.0,
          0.0,
          1.0,
          1.0,
          1.0,
          1.0,
          1.0,
          1.0,
          1.0,
          1.0,
          1.0,
          1.0,
          1.0,
          1.0,
          1.0,
          1.0,
          1.0,
          0.0,
          1.0,
          1.0,
          1.0,
          1.0,
          1.0,
          1.0,
          0.0,
          1.0,
          1.0,
          1.0
        ],
        "metrics": {
          "mae": 0.8214285714285714,
          "mape": 0.25,
          "rmse": 0.9063269671749656,
          "smape": 1.6428571428571428,
          "rmsse": 1.233641576517831
        }
      },
      "rounded": {
        "forecast": [
          1.0,
          0.0,
          1.0,
          1.0,
          1.0,
          1.0,
          1.0,
          1.0,
          1.0,
          1.0,
          1.0,
          1.0,
          1.0,
          1.0,
          1.0,
          1.0,
          1.0,
          0.0,
          1.0,
          1.0,
          1.0,
          1.0,
          1.0,
          1.0,
          0.0,
          1.0,
          1.0,
          1.0
        ],
        "metrics": {
          "mae": 0.8214285714285714,
          "mape": 0.25,
          "rmse": 0.9063269671749656,
          "smape": 1.6428571428571428,
          "rmsse": 1.233641576517831
        }
      }
    }
  }
}