{
  "series_id": "FOODS_3_688_TX_1_validation",
  "run": "run_20260526_021333_335192_001_subset34590_ctx84_h64_emb8_ep20_steps100",
  "horizon": [
    1,
    2,
    3,
    4,
    5,
    6,
    7,
    8,
    9,
    10,
    11,
    12,
    13,
    14,
    15,
    16,
    17,
    18,
    19,
    20,
    21,
    22,
    23,
    24,
    25,
    26,
    27,
    28
  ],
  "actuals": [
    7.0,
    8.0,
    10.0,
    9.0,
    10.0,
    9.0,
    18.0,
    2.0,
    11.0,
    1.0,
    5.0,
    6.0,
    2.0,
    3.0,
    1.0,
    2.0,
    7.0,
    4.0,
    0.0,
    2.0,
    7.0,
    5.0,
    2.0,
    2.0,
    4.0,
    6.0,
    9.0,
    0.0
  ],
  "modes": {
    "mean": {
      "raw": {
        "forecast": [
          8.227281,
          6.960055,
          6.6184435,
          6.5966096,
          7.164619,
          7.8679123,
          9.042901,
          6.5531783,
          6.421479,
          6.0228257,
          6.083159,
          7.28494,
          9.01123,
          7.977753,
          7.0916286,
          6.0224075,
          6.222441,
          6.641854,
          7.676775,
          8.523225,
          8.690651,
          6.577132,
          6.115047,
          5.993918,
          6.0818806,
          6.8662,
          8.488202,
          8.497472
        ],
        "metrics": {
          "mae": 3.591281941958836,
          "mape": 1.2537646412472303,
          "rmse": 4.355511483999089,
          "smape": 0.6857959848428511,
          "rmsse": 0.8537997304554674
        }
      },
      "rounded": {
        "forecast": [
          8.0,
          7.0,
          7.0,
          7.0,
          7.0,
          8.0,
          9.0,
          7.0,
          6.0,
          6.0,
          6.0,
          7.0,
          9.0,
          8.0,
          7.0,
          6.0,
          6.0,
          7.0,
          8.0,
          9.0,
          9.0,
          7.0,
          6.0,
          6.0,
          6.0,
          7.0,
          8.0,
          8.0
        ],
        "metrics": {
          "mae": 3.642857142857143,
          "mape": 1.2709776334776337,
          "rmse": 4.399675312695569,
          "smape": 0.6921113433718474,
          "rmsse": 0.8624570523740209
        }
      }
    },
    "sample-mean": {
      "raw": {
        "forecast": [
          7.87,
          6.14,
          6.04,
          5.64,
          7.39,
          7.75,
          9.23,
          6.93,
          6.83,
          6.13,
          6.06,
          7.03,
          8.83,
          7.86,
          7.45,
          5.81,
          6.54,
          7.36,
          7.27,
          8.38,
          8.38,
          7.34,
          6.0,
          5.75,
          5.68,
          5.4,
          7.16,
          7.5
        ],
        "metrics": {
          "mae": 3.6253571850912913,
          "mape": 1.2738957433347788,
          "rmse": 4.3027255109257,
          "smape": 0.6978955861164701,
          "rmsse": 0.8434522317179578
        }
      },
      "rounded": {
        "forecast": [
          8.0,
          6.0,
          6.0,
          6.0,
          7.0,
          8.0,
          9.0,
          7.0,
          7.0,
          6.0,
          6.0,
          7.0,
          9.0,
          8.0,
          7.0,
          6.0,
          7.0,
          7.0,
          7.0,
          8.0,
          8.0,
          7.0,
          6.0,
          6.0,
          6.0,
          5.0,
          7.0,
          8.0
        ],
        "metrics": {
          "mae": 3.607142857142857,
          "mape": 1.2544622044622042,
          "rmse": 4.305312333119896,
          "smape": 0.6964946934484749,
          "rmsse": 0.8439593198292521
        }
      }
    },
    "p25": {
      "raw": {
        "forecast": [
          4.75,
          3.0,
          3.0,
          3.0,
          4.0,
          4.0,
          4.75,
          3.0,
          3.0,
          2.75,
          3.0,
          3.0,
          6.0,
          3.0,
          4.0,
          2.0,
          3.0,
          3.0,
          4.0,
          4.0,
          5.0,
          2.0,
          2.0,
          2.0,
          2.75,
          2.0,
          3.0,
          3.75
        ],
        "metrics": {
          "mae": 3.508928571428572,
          "mape": 0.6705773393273394,
          "rmse": 4.532866091117186,
          "smape": 0.7612959341682746,
          "rmsse": 0.8885660986096465
        }
      },
      "rounded": {
        "forecast": [
          5.0,
          3.0,
          3.0,
          3.0,
          4.0,
          4.0,
          5.0,
          3.0,
          3.0,
          3.0,
          3.0,
          3.0,
          6.0,
          3.0,
          4.0,
          2.0,
          3.0,
          3.0,
          4.0,
          4.0,
          5.0,
          2.0,
          2.0,
          2.0,
          3.0,
          2.0,
          3.0,
          4.0
        ],
        "metrics": {
          "mae": 3.5,
          "mape": 0.6758810633810634,
          "rmse": 4.511889056386788,
          "smape": 0.7576518202294599,
          "rmsse": 0.8844540243643216
        }
      }
    },
    "p50": {
      "raw": {
        "forecast": [
          7.0,
          5.0,
          6.0,
          5.0,
          7.0,
          8.0,
          8.0,
          6.5,
          6.5,
          5.0,
          5.0,
          6.0,
          8.0,
          7.0,
          6.0,
          4.5,
          7.0,
          6.0,
          6.5,
          7.0,
          7.5,
          5.0,
          5.0,
          5.0,
          5.0,
          4.0,
          6.0,
          7.0
        ],
        "metrics": {
          "mae": 3.1607142857142856,
          "mape": 1.0160242535242534,
          "rmse": 3.97873813449153,
          "smape": 0.6497719777566199,
          "rmsse": 0.779941818374613
        }
      },
      "rounded": {
        "forecast": [
          7.0,
          5.0,
          6.0,
          5.0,
          7.0,
          8.0,
          8.0,
          6.0,
          6.0,
          5.0,
          5.0,
          6.0,
          8.0,
          7.0,
          6.0,
          4.0,
          7.0,
          6.0,
          6.0,
          7.0,
          8.0,
          5.0,
          5.0,
          5.0,
          5.0,
          4.0,
          6.0,
          7.0
        ],
        "metrics": {
          "mae": 3.142857142857143,
          "mape": 1.0012889887889886,
          "rmse": 3.946064947695181,
          "smape": 0.6489480407547633,
          "rmsse": 0.7735369774776649
        }
      }
    },
    "p75": {
      "raw": {
        "forecast": [
          11.0,
          9.0,
          8.0,
          8.0,
          11.0,
          10.0,
          13.25,
          10.0,
          9.0,
          9.25,
          8.0,
          10.0,
          11.25,
          11.0,
          11.0,
          8.0,
          9.0,
          9.0,
          10.0,
          12.0,
          12.0,
          10.0,
          8.0,
          8.0,
          8.25,
          7.0,
          10.0,
          12.0
        ],
        "metrics": {
          "mae": 5.017857142857143,
          "mape": 1.9639603452103451,
          "rmse": 6.000744001490863,
          "smape": 0.7825218454000471,
          "rmsse": 1.1763104356003191
        }
      },
      "rounded": {
        "forecast": [
          11.0,
          9.0,
          8.0,
          8.0,
          11.0,
          10.0,
          13.0,
          10.0,
          9.0,
          9.0,
          8.0,
          10.0,
          11.0,
          11.0,
          11.0,
          8.0,
          9.0,
          9.0,
          10.0,
          12.0,
          12.0,
          10.0,
          8.0,
          8.0,
          8.0,
          7.0,
          10.0,
          12.0
        ],
        "metrics": {
          "mae": 5.0,
          "mape": 1.94766761016761,
          "rmse": 5.976143046671968,
          "smape": 0.7814505108560337,
          "rmsse": 1.1714879736069388
        }
      }
    }
  }
}