{
  "series_id": "FOODS_2_375_TX_1_validation",
  "run": "run_20260526_021333_335192_001_subset34590_ctx84_h64_emb8_ep20_steps100",
  "horizon": [
    1,
    2,
    3,
    4,
    5,
    6,
    7,
    8,
    9,
    10,
    11,
    12,
    13,
    14,
    15,
    16,
    17,
    18,
    19,
    20,
    21,
    22,
    23,
    24,
    25,
    26,
    27,
    28
  ],
  "actuals": [
    1.0,
    0.0,
    0.0,
    2.0,
    0.0,
    0.0,
    0.0,
    0.0,
    0.0,
    0.0,
    1.0,
    0.0,
    0.0,
    2.0,
    0.0,
    0.0,
    0.0,
    0.0,
    0.0,
    0.0,
    0.0,
    0.0,
    0.0,
    0.0,
    1.0,
    1.0,
    0.0,
    1.0
  ],
  "modes": {
    "mean": {
      "raw": {
        "forecast": [
          0.40700185,
          0.38858163,
          0.38335145,
          0.38063323,
          0.4143469,
          0.41808486,
          0.496111,
          0.43382174,
          0.43674272,
          0.3918141,
          0.37789148,
          0.43840274,
          0.54975706,
          0.5291217,
          0.50171643,
          0.426179,
          0.426774,
          0.42951268,
          0.5035251,
          0.5663614,
          0.63346153,
          0.4879772,
          0.42928746,
          0.40608358,
          0.3974241,
          0.4370904,
          0.53263897,
          0.5678587
        ],
        "metrics": {
          "mae": 0.5570539331861905,
          "mape": 0.6225508579186031,
          "rmse": 0.6255060699380048,
          "smape": 1.7309491496534102,
          "rmsse": 0.5534809053094588
        }
      },
      "rounded": {
        "forecast": [
          0.0,
          0.0,
          0.0,
          0.0,
          0.0,
          0.0,
          0.0,
          0.0,
          0.0,
          0.0,
          0.0,
          0.0,
          1.0,
          1.0,
          1.0,
          0.0,
          0.0,
          0.0,
          1.0,
          1.0,
          1.0,
          0.0,
          0.0,
          0.0,
          0.0,
          0.0,
          1.0,
          1.0
        ],
        "metrics": {
          "mae": 0.4642857142857143,
          "mape": 0.7857142857142857,
          "rmse": 0.7319250547113999,
          "smape": 0.8095238095238095,
          "rmsse": 0.6476460603179945
        }
      }
    },
    "sample-mean": {
      "raw": {
        "forecast": [
          0.32,
          0.34,
          0.25,
          0.36,
          0.34,
          0.46,
          0.5,
          0.33,
          0.36,
          0.28,
          0.38,
          0.4,
          0.5,
          0.45,
          0.45,
          0.29,
          0.35,
          0.4,
          0.54,
          0.48,
          0.53,
          0.29,
          0.26,
          0.37,
          0.33,
          0.36,
          0.34,
          0.42
        ],
        "metrics": {
          "mae": 0.5157142856291362,
          "mape": 0.6835714280605316,
          "rmse": 0.6092208134069712,
          "smape": 1.7624852517534078,
          "rmsse": 0.5390708476598398
        }
      },
      "rounded": {
        "forecast": [
          0.0,
          0.0,
          0.0,
          0.0,
          0.0,
          0.0,
          0.0,
          0.0,
          0.0,
          0.0,
          0.0,
          0.0,
          0.0,
          0.0,
          0.0,
          0.0,
          0.0,
          0.0,
          1.0,
          0.0,
          1.0,
          0.0,
          0.0,
          0.0,
          0.0,
          0.0,
          0.0,
          0.0
        ],
        "metrics": {
          "mae": 0.3928571428571428,
          "mape": 1.0,
          "rmse": 0.7319250547113999,
          "smape": 0.6428571428571429,
          "rmsse": 0.6476460603179945
        }
      }
    },
    "p25": {
      "raw": {
        "forecast": [
          0.0,
          0.0,
          0.0,
          0.0,
          0.0,
          0.0,
          0.0,
          0.0,
          0.0,
          0.0,
          0.0,
          0.0,
          0.0,
          0.0,
          0.0,
          0.0,
          0.0,
          0.0,
          0.0,
          0.0,
          0.0,
          0.0,
          0.0,
          0.0,
          0.0,
          0.0,
          0.0,
          0.0
        ],
        "metrics": {
          "mae": 0.3214285714285714,
          "mape": 1.0,
          "rmse": 0.6813851438692469,
          "smape": 0.5,
          "rmsse": 0.6029256699787823
        }
      },
      "rounded": {
        "forecast": [
          0.0,
          0.0,
          0.0,
          0.0,
          0.0,
          0.0,
          0.0,
          0.0,
          0.0,
          0.0,
          0.0,
          0.0,
          0.0,
          0.0,
          0.0,
          0.0,
          0.0,
          0.0,
          0.0,
          0.0,
          0.0,
          0.0,
          0.0,
          0.0,
          0.0,
          0.0,
          0.0,
          0.0
        ],
        "metrics": {
          "mae": 0.3214285714285714,
          "mape": 1.0,
          "rmse": 0.6813851438692469,
          "smape": 0.5,
          "rmsse": 0.6029256699787823
        }
      }
    },
    "p50": {
      "raw": {
        "forecast": [
          0.0,
          0.0,
          0.0,
          0.0,
          0.0,
          0.0,
          0.0,
          0.0,
          0.0,
          0.0,
          0.0,
          0.0,
          0.0,
          0.0,
          0.0,
          0.0,
          0.0,
          0.0,
          0.0,
          0.0,
          0.0,
          0.0,
          0.0,
          0.0,
          0.0,
          0.0,
          0.0,
          0.0
        ],
        "metrics": {
          "mae": 0.3214285714285714,
          "mape": 1.0,
          "rmse": 0.6813851438692469,
          "smape": 0.5,
          "rmsse": 0.6029256699787823
        }
      },
      "rounded": {
        "forecast": [
          0.0,
          0.0,
          0.0,
          0.0,
          0.0,
          0.0,
          0.0,
          0.0,
          0.0,
          0.0,
          0.0,
          0.0,
          0.0,
          0.0,
          0.0,
          0.0,
          0.0,
          0.0,
          0.0,
          0.0,
          0.0,
          0.0,
          0.0,
          0.0,
          0.0,
          0.0,
          0.0,
          0.0
        ],
        "metrics": {
          "mae": 0.3214285714285714,
          "mape": 1.0,
          "rmse": 0.6813851438692469,
          "smape": 0.5,
          "rmsse": 0.6029256699787823
        }
      }
    },
    "p75": {
      "raw": {
        "forecast": [
          1.0,
          1.0,
          0.0,
          1.0,
          1.0,
          1.0,
          1.0,
          0.0,
          1.0,
          0.0,
          1.0,
          1.0,
          1.0,
          1.0,
          1.0,
          0.25,
          1.0,
          1.0,
          1.0,
          1.0,
          1.0,
          0.0,
          0.0,
          1.0,
          1.0,
          1.0,
          0.0,
          1.0
        ],
        "metrics": {
          "mae": 0.5803571428571429,
          "mape": 0.1428571428571428,
          "rmse": 0.7574039307303034,
          "smape": 1.1190476190476188,
          "rmsse": 0.6701911194996071
        }
      },
      "rounded": {
        "forecast": [
          1.0,
          1.0,
          0.0,
          1.0,
          1.0,
          1.0,
          1.0,
          0.0,
          1.0,
          0.0,
          1.0,
          1.0,
          1.0,
          1.0,
          1.0,
          0.0,
          1.0,
          1.0,
          1.0,
          1.0,
          1.0,
          0.0,
          0.0,
          1.0,
          1.0,
          1.0,
          0.0,
          1.0
        ],
        "metrics": {
          "mae": 0.5714285714285714,
          "mape": 0.1428571428571428,
          "rmse": 0.7559289460184544,
          "smape": 1.0476190476190477,
          "rmsse": 0.6688859748929166
        }
      }
    }
  }
}