{
  "series_id": "FOODS_3_725_CA_4_validation",
  "run": "run_20260526_021333_335192_001_subset34590_ctx84_h64_emb8_ep20_steps100",
  "horizon": [
    1,
    2,
    3,
    4,
    5,
    6,
    7,
    8,
    9,
    10,
    11,
    12,
    13,
    14,
    15,
    16,
    17,
    18,
    19,
    20,
    21,
    22,
    23,
    24,
    25,
    26,
    27,
    28
  ],
  "actuals": [
    6.0,
    2.0,
    2.0,
    2.0,
    1.0,
    6.0,
    2.0,
    3.0,
    1.0,
    1.0,
    2.0,
    2.0,
    2.0,
    2.0,
    3.0,
    1.0,
    1.0,
    1.0,
    5.0,
    0.0,
    4.0,
    1.0,
    2.0,
    3.0,
    4.0,
    1.0,
    1.0,
    3.0
  ],
  "modes": {
    "mean": {
      "raw": {
        "forecast": [
          2.4195018,
          2.0090888,
          2.004557,
          1.9142172,
          2.030602,
          2.2175164,
          2.6628025,
          2.431032,
          2.2251766,
          2.15125,
          2.0681896,
          2.3826425,
          2.7660716,
          2.850622,
          2.6875706,
          2.4435863,
          2.2055738,
          2.1242783,
          2.2545311,
          2.730625,
          2.810575,
          2.382326,
          2.1053216,
          2.1419199,
          2.080894,
          2.2290084,
          2.6182098,
          2.8071914
        ],
        "metrics": {
          "mae": 1.1508922151156835,
          "mape": 0.5953716925632806,
          "rmse": 1.524358648096618,
          "smape": 0.5160202005172662,
          "rmsse": 0.6881137637952709
        }
      },
      "rounded": {
        "forecast": [
          2.0,
          2.0,
          2.0,
          2.0,
          2.0,
          2.0,
          3.0,
          2.0,
          2.0,
          2.0,
          2.0,
          2.0,
          3.0,
          3.0,
          3.0,
          2.0,
          2.0,
          2.0,
          2.0,
          3.0,
          3.0,
          2.0,
          2.0,
          2.0,
          2.0,
          2.0,
          3.0,
          3.0
        ],
        "metrics": {
          "mae": 1.1428571428571428,
          "mape": 0.5499999999999999,
          "rmse": 1.6035674514745464,
          "smape": 0.5051020408163265,
          "rmsse": 0.7238695669890683
        }
      }
    },
    "sample-mean": {
      "raw": {
        "forecast": [
          2.5,
          2.08,
          2.19,
          1.72,
          2.33,
          2.06,
          2.67,
          2.69,
          2.08,
          2.23,
          2.31,
          2.55,
          2.93,
          3.18,
          3.17,
          2.26,
          2.2,
          2.15,
          2.22,
          2.82,
          2.87,
          2.18,
          2.3,
          2.07,
          2.08,
          1.96,
          2.69,
          2.75
        ],
        "metrics": {
          "mae": 1.1900000146457128,
          "mape": 0.6087716140864807,
          "rmse": 1.544046183335105,
          "smape": 0.5320275475130979,
          "rmsse": 0.6970009531648611
        }
      },
      "rounded": {
        "forecast": [
          2.0,
          2.0,
          2.0,
          2.0,
          2.0,
          2.0,
          3.0,
          3.0,
          2.0,
          2.0,
          2.0,
          3.0,
          3.0,
          3.0,
          3.0,
          2.0,
          2.0,
          2.0,
          2.0,
          3.0,
          3.0,
          2.0,
          2.0,
          2.0,
          2.0,
          2.0,
          3.0,
          3.0
        ],
        "metrics": {
          "mae": 1.1428571428571428,
          "mape": 0.5561728395061728,
          "rmse": 1.6035674514745464,
          "smape": 0.5051020408163265,
          "rmsse": 0.7238695669890683
        }
      }
    },
    "p25": {
      "raw": {
        "forecast": [
          1.0,
          1.0,
          1.0,
          0.75,
          1.0,
          1.0,
          1.0,
          1.0,
          1.0,
          1.0,
          1.0,
          1.0,
          2.0,
          2.0,
          1.0,
          1.0,
          1.0,
          1.0,
          1.0,
          1.0,
          2.0,
          1.0,
          1.0,
          0.75,
          1.0,
          1.0,
          1.0,
          1.0
        ],
        "metrics": {
          "mae": 1.2678571428571428,
          "mape": 0.3737654320987654,
          "rmse": 1.9330305592145047,
          "smape": 0.6130797773654917,
          "rmsse": 0.8725931625692213
        }
      },
      "rounded": {
        "forecast": [
          1.0,
          1.0,
          1.0,
          1.0,
          1.0,
          1.0,
          1.0,
          1.0,
          1.0,
          1.0,
          1.0,
          1.0,
          2.0,
          2.0,
          1.0,
          1.0,
          1.0,
          1.0,
          1.0,
          1.0,
          2.0,
          1.0,
          1.0,
          1.0,
          1.0,
          1.0,
          1.0,
          1.0
        ],
        "metrics": {
          "mae": 1.25,
          "mape": 0.3660493827160493,
          "rmse": 1.917960226013936,
          "smape": 0.5972789115646258,
          "rmsse": 0.8657902335385492
        }
      }
    },
    "p50": {
      "raw": {
        "forecast": [
          2.0,
          2.0,
          2.0,
          2.0,
          2.0,
          2.0,
          3.0,
          3.0,
          2.0,
          2.0,
          2.0,
          2.0,
          2.0,
          3.0,
          2.0,
          2.0,
          2.0,
          2.0,
          2.0,
          2.5,
          3.0,
          2.0,
          2.0,
          2.0,
          2.0,
          2.0,
          3.0,
          2.5
        ],
        "metrics": {
          "mae": 1.1071428571428572,
          "mape": 0.5376543209876542,
          "rmse": 1.564106317175585,
          "smape": 0.4973098330241187,
          "rmsse": 0.7060563380091336
        }
      },
      "rounded": {
        "forecast": [
          2.0,
          2.0,
          2.0,
          2.0,
          2.0,
          2.0,
          3.0,
          3.0,
          2.0,
          2.0,
          2.0,
          2.0,
          2.0,
          3.0,
          2.0,
          2.0,
          2.0,
          2.0,
          2.0,
          2.0,
          3.0,
          2.0,
          2.0,
          2.0,
          2.0,
          2.0,
          3.0,
          2.0
        ],
        "metrics": {
          "mae": 1.1071428571428572,
          "mape": 0.5438271604938271,
          "rmse": 1.546886273407694,
          "smape": 0.5051020408163265,
          "rmsse": 0.6982830038632366
        }
      }
    },
    "p75": {
      "raw": {
        "forecast": [
          4.0,
          3.0,
          3.0,
          3.0,
          3.0,
          3.0,
          4.0,
          4.0,
          3.0,
          3.25,
          3.0,
          4.0,
          4.0,
          4.0,
          4.25,
          4.0,
          3.0,
          3.0,
          3.0,
          4.0,
          4.0,
          3.0,
          4.0,
          3.0,
          3.0,
          3.0,
          4.0,
          4.0
        ],
        "metrics": {
          "mae": 1.7678571428571428,
          "mape": 1.104320987654321,
          "rmse": 1.9696355718036485,
          "smape": 0.6843140704557683,
          "rmsse": 0.88911710397759
        }
      },
      "rounded": {
        "forecast": [
          4.0,
          3.0,
          3.0,
          3.0,
          3.0,
          3.0,
          4.0,
          4.0,
          3.0,
          3.0,
          3.0,
          4.0,
          4.0,
          4.0,
          4.0,
          4.0,
          3.0,
          3.0,
          3.0,
          4.0,
          4.0,
          3.0,
          4.0,
          3.0,
          3.0,
          3.0,
          4.0,
          4.0
        ],
        "metrics": {
          "mae": 1.75,
          "mape": 1.0919753086419757,
          "rmse": 1.9548474547720012,
          "smape": 0.6801020408163264,
          "rmsse": 0.8824415707080423
        }
      }
    }
  }
}