{
  "series_id": "FOODS_1_122_CA_2_validation",
  "run": "run_20260526_021333_335192_001_subset34590_ctx84_h64_emb8_ep20_steps100",
  "horizon": [
    1,
    2,
    3,
    4,
    5,
    6,
    7,
    8,
    9,
    10,
    11,
    12,
    13,
    14,
    15,
    16,
    17,
    18,
    19,
    20,
    21,
    22,
    23,
    24,
    25,
    26,
    27,
    28
  ],
  "actuals": [
    9.0,
    2.0,
    1.0,
    0.0,
    0.0,
    4.0,
    1.0,
    0.0,
    0.0,
    1.0,
    1.0,
    0.0,
    0.0,
    1.0,
    0.0,
    0.0,
    0.0,
    1.0,
    1.0,
    2.0,
    1.0,
    0.0,
    1.0,
    0.0,
    1.0,
    2.0,
    1.0,
    0.0
  ],
  "modes": {
    "mean": {
      "raw": {
        "forecast": [
          0.8784522,
          0.88005203,
          0.90727043,
          0.92509425,
          1.0272956,
          1.2059007,
          1.1621529,
          1.0437648,
          1.0330957,
          1.0114746,
          0.98757327,
          1.0797927,
          1.2675449,
          1.2422895,
          1.0715967,
          1.0131668,
          0.97446644,
          0.9793257,
          1.0669265,
          1.3367792,
          1.2540259,
          1.0372647,
          0.9546201,
          0.96651953,
          0.9950794,
          1.1150357,
          1.3489817,
          1.2652328
        ],
        "metrics": {
          "mae": 0.9839499103171484,
          "mape": 0.2623104898052083,
          "rmse": 1.7939065567642545,
          "smape": 1.0574274887569923,
          "rmsse": 2.2681834192936656
        }
      },
      "rounded": {
        "forecast": [
          1.0,
          1.0,
          1.0,
          1.0,
          1.0,
          1.0,
          1.0,
          1.0,
          1.0,
          1.0,
          1.0,
          1.0,
          1.0,
          1.0,
          1.0,
          1.0,
          1.0,
          1.0,
          1.0,
          1.0,
          1.0,
          1.0,
          1.0,
          1.0,
          1.0,
          1.0,
          1.0,
          1.0
        ],
        "metrics": {
          "mae": 0.9285714285714286,
          "mape": 0.1961805555555555,
          "rmse": 1.772810520855837,
          "smape": 1.0285714285714287,
          "rmsse": 2.241509968171102
        }
      }
    },
    "sample-mean": {
      "raw": {
        "forecast": [
          0.65,
          0.86,
          0.92,
          0.98,
          0.96,
          0.86,
          1.06,
          0.88,
          1.2,
          0.89,
          1.05,
          1.1,
          1.21,
          1.06,
          0.81,
          0.81,
          0.84,
          0.83,
          1.12,
          1.09,
          0.92,
          0.89,
          0.86,
          0.84,
          0.7,
          0.87,
          1.27,
          0.94
        ],
        "metrics": {
          "mae": 0.9846428505011968,
          "mape": 0.2964235980891519,
          "rmse": 1.836307439243754,
          "smape": 1.095897325338615,
          "rmsse": 2.321794338012248
        }
      },
      "rounded": {
        "forecast": [
          1.0,
          1.0,
          1.0,
          1.0,
          1.0,
          1.0,
          1.0,
          1.0,
          1.0,
          1.0,
          1.0,
          1.0,
          1.0,
          1.0,
          1.0,
          1.0,
          1.0,
          1.0,
          1.0,
          1.0,
          1.0,
          1.0,
          1.0,
          1.0,
          1.0,
          1.0,
          1.0,
          1.0
        ],
        "metrics": {
          "mae": 0.9285714285714286,
          "mape": 0.1961805555555555,
          "rmse": 1.772810520855837,
          "smape": 1.0285714285714287,
          "rmsse": 2.241509968171102
        }
      }
    },
    "p25": {
      "raw": {
        "forecast": [
          0.0,
          0.0,
          0.0,
          0.0,
          0.0,
          0.0,
          0.0,
          0.0,
          0.0,
          0.0,
          0.0,
          0.0,
          0.0,
          0.0,
          0.0,
          0.0,
          0.0,
          0.0,
          0.0,
          0.0,
          0.0,
          0.0,
          0.0,
          0.0,
          0.0,
          0.0,
          0.0,
          0.0
        ],
        "metrics": {
          "mae": 1.0714285714285714,
          "mape": 1.0,
          "rmse": 2.070196678027062,
          "smape": 1.1428571428571428,
          "rmsse": 2.6175197153230982
        }
      },
      "rounded": {
        "forecast": [
          0.0,
          0.0,
          0.0,
          0.0,
          0.0,
          0.0,
          0.0,
          0.0,
          0.0,
          0.0,
          0.0,
          0.0,
          0.0,
          0.0,
          0.0,
          0.0,
          0.0,
          0.0,
          0.0,
          0.0,
          0.0,
          0.0,
          0.0,
          0.0,
          0.0,
          0.0,
          0.0,
          0.0
        ],
        "metrics": {
          "mae": 1.0714285714285714,
          "mape": 1.0,
          "rmse": 2.070196678027062,
          "smape": 1.1428571428571428,
          "rmsse": 2.6175197153230982
        }
      }
    },
    "p50": {
      "raw": {
        "forecast": [
          0.0,
          1.0,
          0.0,
          1.0,
          1.0,
          1.0,
          1.0,
          1.0,
          1.0,
          1.0,
          1.0,
          1.0,
          1.0,
          1.0,
          0.0,
          0.0,
          0.0,
          0.0,
          1.0,
          1.0,
          1.0,
          0.0,
          1.0,
          0.0,
          0.0,
          1.0,
          1.0,
          1.0
        ],
        "metrics": {
          "mae": 0.8928571428571429,
          "mape": 0.390625,
          "rmse": 1.917960226013936,
          "smape": 0.9,
          "rmsse": 2.4250346636540177
        }
      },
      "rounded": {
        "forecast": [
          0.0,
          1.0,
          0.0,
          1.0,
          1.0,
          1.0,
          1.0,
          1.0,
          1.0,
          1.0,
          1.0,
          1.0,
          1.0,
          1.0,
          0.0,
          0.0,
          0.0,
          0.0,
          1.0,
          1.0,
          1.0,
          0.0,
          1.0,
          0.0,
          0.0,
          1.0,
          1.0,
          1.0
        ],
        "metrics": {
          "mae": 0.8928571428571429,
          "mape": 0.390625,
          "rmse": 1.917960226013936,
          "smape": 0.9,
          "rmsse": 2.4250346636540177
        }
      }
    },
    "p75": {
      "raw": {
        "forecast": [
          1.0,
          1.0,
          1.0,
          2.0,
          2.0,
          1.0,
          1.0,
          1.25,
          2.0,
          1.0,
          2.0,
          1.25,
          2.0,
          2.0,
          2.0,
          1.0,
          1.0,
          1.0,
          2.0,
          2.0,
          1.0,
          1.25,
          1.0,
          1.0,
          1.0,
          1.0,
          2.0,
          2.0
        ],
        "metrics": {
          "mae": 1.2767857142857142,
          "mape": 0.4149305555555556,
          "rmse": 1.9882467150733585,
          "smape": 1.1,
          "rmsse": 2.513903645421109
        }
      },
      "rounded": {
        "forecast": [
          1.0,
          1.0,
          1.0,
          2.0,
          2.0,
          1.0,
          1.0,
          1.0,
          2.0,
          1.0,
          2.0,
          1.0,
          2.0,
          2.0,
          2.0,
          1.0,
          1.0,
          1.0,
          2.0,
          2.0,
          1.0,
          1.0,
          1.0,
          1.0,
          1.0,
          1.0,
          2.0,
          2.0
        ],
        "metrics": {
          "mae": 1.25,
          "mape": 0.4149305555555556,
          "rmse": 1.9730324738475904,
          "smape": 1.1,
          "rmsse": 2.4946670304729666
        }
      }
    }
  }
}