{
  "series_id": "FOODS_1_138_CA_1_validation",
  "run": "run_20260526_021333_335192_001_subset34590_ctx84_h64_emb8_ep20_steps100",
  "horizon": [
    1,
    2,
    3,
    4,
    5,
    6,
    7,
    8,
    9,
    10,
    11,
    12,
    13,
    14,
    15,
    16,
    17,
    18,
    19,
    20,
    21,
    22,
    23,
    24,
    25,
    26,
    27,
    28
  ],
  "actuals": [
    3.0,
    0.0,
    0.0,
    0.0,
    1.0,
    4.0,
    1.0,
    1.0,
    0.0,
    1.0,
    0.0,
    0.0,
    3.0,
    0.0,
    0.0,
    0.0,
    2.0,
    0.0,
    5.0,
    3.0,
    4.0,
    0.0,
    2.0,
    0.0,
    9.0,
    0.0,
    0.0,
    4.0
  ],
  "modes": {
    "mean": {
      "raw": {
        "forecast": [
          0.68303996,
          0.71581155,
          0.7798183,
          0.8242762,
          0.95571214,
          0.9789032,
          1.0151186,
          0.9310612,
          0.8671323,
          0.86963373,
          0.846721,
          0.95897126,
          1.0820498,
          1.0648586,
          0.9434979,
          0.88302284,
          0.8491763,
          0.87962043,
          0.96911454,
          1.1412454,
          1.1526937,
          0.94020545,
          0.8683942,
          0.87899685,
          0.9210709,
          1.0434984,
          1.1906012,
          1.1709197
        ],
        "metrics": {
          "mae": 1.509254862155233,
          "mape": 0.5220967587024447,
          "rmse": 2.1861145271954348,
          "smape": 1.4055619461445363,
          "rmsse": 1.1546352291620157
        }
      },
      "rounded": {
        "forecast": [
          1.0,
          1.0,
          1.0,
          1.0,
          1.0,
          1.0,
          1.0,
          1.0,
          1.0,
          1.0,
          1.0,
          1.0,
          1.0,
          1.0,
          1.0,
          1.0,
          1.0,
          1.0,
          1.0,
          1.0,
          1.0,
          1.0,
          1.0,
          1.0,
          1.0,
          1.0,
          1.0,
          1.0
        ],
        "metrics": {
          "mae": 1.5357142857142858,
          "mape": 0.4956349206349206,
          "rmse": 2.1957751641342,
          "smape": 1.388095238095238,
          "rmsse": 1.159737666205857
        }
      }
    },
    "sample-mean": {
      "raw": {
        "forecast": [
          0.89,
          0.5,
          0.57,
          0.49,
          0.69,
          0.74,
          0.52,
          0.65,
          0.5,
          0.66,
          0.53,
          0.62,
          0.51,
          0.93,
          0.63,
          0.64,
          0.49,
          0.31,
          0.53,
          0.7,
          0.72,
          0.6,
          0.43,
          0.58,
          0.75,
          0.66,
          0.91,
          0.81
        ],
        "metrics": {
          "mae": 1.5135714305298669,
          "mape": 0.6830833346361206,
          "rmse": 2.2859446326536474,
          "smape": 1.5530336209704152,
          "rmsse": 1.2073622730835836
        }
      },
      "rounded": {
        "forecast": [
          1.0,
          0.0,
          1.0,
          0.0,
          1.0,
          1.0,
          1.0,
          1.0,
          0.0,
          1.0,
          1.0,
          1.0,
          1.0,
          1.0,
          1.0,
          1.0,
          0.0,
          0.0,
          1.0,
          1.0,
          1.0,
          1.0,
          0.0,
          1.0,
          1.0,
          1.0,
          1.0,
          1.0
        ],
        "metrics": {
          "mae": 1.4642857142857142,
          "mape": 0.567063492063492,
          "rmse": 2.211980366743146,
          "smape": 1.1976190476190478,
          "rmsse": 1.168296731888478
        }
      }
    },
    "p25": {
      "raw": {
        "forecast": [
          0.0,
          0.0,
          0.0,
          0.0,
          0.0,
          0.0,
          0.0,
          0.0,
          0.0,
          0.0,
          0.0,
          0.0,
          0.0,
          0.0,
          0.0,
          0.0,
          0.0,
          0.0,
          0.0,
          0.0,
          0.0,
          0.0,
          0.0,
          0.0,
          0.0,
          0.0,
          0.0,
          0.0
        ],
        "metrics": {
          "mae": 1.5357142857142858,
          "mape": 1.0,
          "rmse": 2.6254251356413008,
          "smape": 1.0,
          "rmsse": 1.3866649324305536
        }
      },
      "rounded": {
        "forecast": [
          0.0,
          0.0,
          0.0,
          0.0,
          0.0,
          0.0,
          0.0,
          0.0,
          0.0,
          0.0,
          0.0,
          0.0,
          0.0,
          0.0,
          0.0,
          0.0,
          0.0,
          0.0,
          0.0,
          0.0,
          0.0,
          0.0,
          0.0,
          0.0,
          0.0,
          0.0,
          0.0,
          0.0
        ],
        "metrics": {
          "mae": 1.5357142857142858,
          "mape": 1.0,
          "rmse": 2.6254251356413008,
          "smape": 1.0,
          "rmsse": 1.3866649324305536
        }
      }
    },
    "p50": {
      "raw": {
        "forecast": [
          0.0,
          0.0,
          0.0,
          0.0,
          0.0,
          0.0,
          0.0,
          0.0,
          0.0,
          0.0,
          0.0,
          0.0,
          0.0,
          0.0,
          0.0,
          0.0,
          0.0,
          0.0,
          0.0,
          0.0,
          0.0,
          0.0,
          0.0,
          0.0,
          0.0,
          0.0,
          0.0,
          0.0
        ],
        "metrics": {
          "mae": 1.5357142857142858,
          "mape": 1.0,
          "rmse": 2.6254251356413008,
          "smape": 1.0,
          "rmsse": 1.3866649324305536
        }
      },
      "rounded": {
        "forecast": [
          0.0,
          0.0,
          0.0,
          0.0,
          0.0,
          0.0,
          0.0,
          0.0,
          0.0,
          0.0,
          0.0,
          0.0,
          0.0,
          0.0,
          0.0,
          0.0,
          0.0,
          0.0,
          0.0,
          0.0,
          0.0,
          0.0,
          0.0,
          0.0,
          0.0,
          0.0,
          0.0,
          0.0
        ],
        "metrics": {
          "mae": 1.5357142857142858,
          "mape": 1.0,
          "rmse": 2.6254251356413008,
          "smape": 1.0,
          "rmsse": 1.3866649324305536
        }
      }
    },
    "p75": {
      "raw": {
        "forecast": [
          1.0,
          1.0,
          1.0,
          1.0,
          1.0,
          1.0,
          1.0,
          1.0,
          1.0,
          1.0,
          1.0,
          1.0,
          1.0,
          1.0,
          1.0,
          1.0,
          1.0,
          0.0,
          1.0,
          1.0,
          1.0,
          1.0,
          0.25,
          1.0,
          1.0,
          1.0,
          1.25,
          1.0
        ],
        "metrics": {
          "mae": 1.5357142857142858,
          "mape": 0.5224206349206348,
          "rmse": 2.2089509468782427,
          "smape": 1.3484126984126985,
          "rmsse": 1.166696689961842
        }
      },
      "rounded": {
        "forecast": [
          1.0,
          1.0,
          1.0,
          1.0,
          1.0,
          1.0,
          1.0,
          1.0,
          1.0,
          1.0,
          1.0,
          1.0,
          1.0,
          1.0,
          1.0,
          1.0,
          1.0,
          0.0,
          1.0,
          1.0,
          1.0,
          1.0,
          0.0,
          1.0,
          1.0,
          1.0,
          1.0,
          1.0
        ],
        "metrics": {
          "mae": 1.5357142857142858,
          "mape": 0.5313492063492063,
          "rmse": 2.211980366743146,
          "smape": 1.3642857142857143,
          "rmsse": 1.168296731888478
        }
      }
    }
  }
}