{
  "series_id": "FOODS_3_688_WI_2_validation",
  "run": "run_20260526_021333_335192_001_subset34590_ctx84_h64_emb8_ep20_steps100",
  "horizon": [
    1,
    2,
    3,
    4,
    5,
    6,
    7,
    8,
    9,
    10,
    11,
    12,
    13,
    14,
    15,
    16,
    17,
    18,
    19,
    20,
    21,
    22,
    23,
    24,
    25,
    26,
    27,
    28
  ],
  "actuals": [
    2.0,
    6.0,
    1.0,
    7.0,
    18.0,
    10.0,
    5.0,
    17.0,
    19.0,
    3.0,
    4.0,
    3.0,
    8.0,
    16.0,
    6.0,
    2.0,
    10.0,
    11.0,
    2.0,
    7.0,
    26.0,
    7.0,
    4.0,
    2.0,
    3.0,
    4.0,
    5.0,
    5.0
  ],
  "modes": {
    "mean": {
      "raw": {
        "forecast": [
          10.597301,
          9.12095,
          9.043771,
          9.553878,
          10.952979,
          11.709365,
          11.625379,
          10.369118,
          9.931409,
          9.345981,
          10.07447,
          11.463757,
          11.603741,
          11.583017,
          10.327098,
          8.925106,
          9.529086,
          10.053107,
          9.963686,
          11.602307,
          10.881683,
          8.446704,
          7.8239574,
          7.7128873,
          8.005064,
          9.165671,
          10.386765,
          10.023605
        ],
        "metrics": {
          "mae": 5.507894328662327,
          "mape": 1.4915233303885866,
          "rmse": 6.25406320846018,
          "smape": 0.7016399545969262,
          "rmsse": 1.043428304276524
        }
      },
      "rounded": {
        "forecast": [
          11.0,
          9.0,
          9.0,
          10.0,
          11.0,
          12.0,
          12.0,
          10.0,
          10.0,
          9.0,
          10.0,
          11.0,
          12.0,
          12.0,
          10.0,
          9.0,
          10.0,
          10.0,
          10.0,
          12.0,
          11.0,
          8.0,
          8.0,
          8.0,
          8.0,
          9.0,
          10.0,
          10.0
        ],
        "metrics": {
          "mae": 5.5,
          "mape": 1.493853009244429,
          "rmse": 6.25642526870234,
          "smape": 0.700023769571498,
          "rmsse": 1.043822390557862
        }
      }
    },
    "sample-mean": {
      "raw": {
        "forecast": [
          11.37,
          8.79,
          8.06,
          9.22,
          9.54,
          10.24,
          9.68,
          8.57,
          8.03,
          8.11,
          8.86,
          9.9,
          10.99,
          10.06,
          9.24,
          7.57,
          8.01,
          7.85,
          8.38,
          9.76,
          9.19,
          7.81,
          6.15,
          6.85,
          7.28,
          8.47,
          8.73,
          7.98
        ],
        "metrics": {
          "mae": 5.113928573472159,
          "mape": 1.285689141774748,
          "rmse": 6.1326198023054905,
          "smape": 0.6683518356942794,
          "rmsse": 1.0231666786539788
        }
      },
      "rounded": {
        "forecast": [
          11.0,
          9.0,
          8.0,
          9.0,
          10.0,
          10.0,
          10.0,
          9.0,
          8.0,
          8.0,
          9.0,
          10.0,
          11.0,
          10.0,
          9.0,
          8.0,
          8.0,
          8.0,
          8.0,
          10.0,
          9.0,
          8.0,
          6.0,
          7.0,
          7.0,
          8.0,
          9.0,
          8.0
        ],
        "metrics": {
          "mae": 5.071428571428571,
          "mape": 1.275393916614615,
          "rmse": 6.094494002200441,
          "smape": 0.6641963531005991,
          "rmsse": 1.0168057677346611
        }
      }
    },
    "p25": {
      "raw": {
        "forecast": [
          5.75,
          4.0,
          3.0,
          4.0,
          4.75,
          4.0,
          5.0,
          4.0,
          4.0,
          3.0,
          3.0,
          3.0,
          5.0,
          3.0,
          4.0,
          2.0,
          3.0,
          3.75,
          3.0,
          4.75,
          3.75,
          2.0,
          2.0,
          2.0,
          2.0,
          2.0,
          2.0,
          1.75
        ],
        "metrics": {
          "mae": 4.75,
          "mape": 0.5582834475650155,
          "rmse": 7.26015298933648,
          "smape": 0.6784497356659254,
          "rmsse": 1.2112843874369252
        }
      },
      "rounded": {
        "forecast": [
          6.0,
          4.0,
          3.0,
          4.0,
          5.0,
          4.0,
          5.0,
          4.0,
          4.0,
          3.0,
          3.0,
          3.0,
          5.0,
          3.0,
          4.0,
          2.0,
          3.0,
          4.0,
          3.0,
          5.0,
          4.0,
          2.0,
          2.0,
          2.0,
          2.0,
          2.0,
          2.0,
          2.0
        ],
        "metrics": {
          "mae": 4.714285714285714,
          "mape": 0.5580353821383787,
          "rmse": 7.206148168652337,
          "smape": 0.6700048435092567,
          "rmsse": 1.2022742197122072
        }
      }
    },
    "p50": {
      "raw": {
        "forecast": [
          10.0,
          8.0,
          7.0,
          8.0,
          8.5,
          8.0,
          8.0,
          8.0,
          7.0,
          7.0,
          7.0,
          8.0,
          10.0,
          8.0,
          7.0,
          5.5,
          7.0,
          6.0,
          8.0,
          9.0,
          8.0,
          8.0,
          6.0,
          6.0,
          6.0,
          7.5,
          7.0,
          7.0
        ],
        "metrics": {
          "mae": 4.660714285714286,
          "mape": 1.0511446502904926,
          "rmse": 6.014120289547163,
          "smape": 0.6232919943124443,
          "rmsse": 1.0033962123933
        }
      },
      "rounded": {
        "forecast": [
          10.0,
          8.0,
          7.0,
          8.0,
          8.0,
          8.0,
          8.0,
          8.0,
          7.0,
          7.0,
          7.0,
          8.0,
          10.0,
          8.0,
          7.0,
          6.0,
          7.0,
          6.0,
          8.0,
          9.0,
          8.0,
          8.0,
          6.0,
          6.0,
          6.0,
          8.0,
          7.0,
          7.0
        ],
        "metrics": {
          "mae": 4.714285714285714,
          "mape": 1.0655295709254131,
          "rmse": 6.065122775815365,
          "smape": 0.6296093985379699,
          "rmsse": 1.0119054704527208
        }
      }
    },
    "p75": {
      "raw": {
        "forecast": [
          16.0,
          11.0,
          10.25,
          12.0,
          12.0,
          15.0,
          12.25,
          12.0,
          11.0,
          11.25,
          13.25,
          13.25,
          15.0,
          15.0,
          12.0,
          11.25,
          11.0,
          11.0,
          12.0,
          14.0,
          13.0,
          11.0,
          10.0,
          10.0,
          10.25,
          12.0,
          12.0,
          12.0
        ],
        "metrics": {
          "mae": 6.919642857142857,
          "mape": 1.9902101630125733,
          "rmse": 7.592142319530107,
          "smape": 0.796241267177664,
          "rmsse": 1.266673508444406
        }
      },
      "rounded": {
        "forecast": [
          16.0,
          11.0,
          10.0,
          12.0,
          12.0,
          15.0,
          12.0,
          12.0,
          11.0,
          11.0,
          13.0,
          13.0,
          15.0,
          15.0,
          12.0,
          11.0,
          11.0,
          11.0,
          12.0,
          14.0,
          13.0,
          11.0,
          10.0,
          10.0,
          10.0,
          12.0,
          12.0,
          12.0
        ],
        "metrics": {
          "mae": 6.857142857142857,
          "mape": 1.963870877298288,
          "rmse": 7.521398046336104,
          "smape": 0.7928707322888775,
          "rmsse": 1.254870529396123
        }
      }
    }
  }
}