{
  "series_id": "FOODS_3_817_CA_3_validation",
  "run": "run_20260526_021333_335192_001_subset34590_ctx84_h64_emb8_ep20_steps100",
  "horizon": [
    1,
    2,
    3,
    4,
    5,
    6,
    7,
    8,
    9,
    10,
    11,
    12,
    13,
    14,
    15,
    16,
    17,
    18,
    19,
    20,
    21,
    22,
    23,
    24,
    25,
    26,
    27,
    28
  ],
  "actuals": [
    2.0,
    0.0,
    0.0,
    2.0,
    0.0,
    4.0,
    2.0,
    0.0,
    1.0,
    0.0,
    0.0,
    0.0,
    2.0,
    1.0,
    0.0,
    1.0,
    0.0,
    1.0,
    3.0,
    0.0,
    3.0,
    0.0,
    0.0,
    0.0,
    0.0,
    0.0,
    0.0,
    0.0
  ],
  "modes": {
    "mean": {
      "raw": {
        "forecast": [
          0.8375072,
          0.7346183,
          0.72491395,
          0.7362254,
          0.8133277,
          0.9326516,
          1.0798913,
          0.9868196,
          0.9108764,
          0.8851795,
          0.8468168,
          0.9858129,
          1.184974,
          1.2354751,
          1.0886593,
          0.9684172,
          0.8757832,
          0.8448651,
          0.8974676,
          1.0733801,
          1.0860999,
          0.8968331,
          0.8152742,
          0.77336186,
          0.7827353,
          0.85337925,
          1.0436143,
          1.1299896
        ],
        "metrics": {
          "mae": 0.9666785150766372,
          "mape": 0.4270604871439211,
          "rmse": 1.1353318829559422,
          "smape": 1.4505721931294029,
          "rmsse": 0.73670060603271
        }
      },
      "rounded": {
        "forecast": [
          1.0,
          1.0,
          1.0,
          1.0,
          1.0,
          1.0,
          1.0,
          1.0,
          1.0,
          1.0,
          1.0,
          1.0,
          1.0,
          1.0,
          1.0,
          1.0,
          1.0,
          1.0,
          1.0,
          1.0,
          1.0,
          1.0,
          1.0,
          1.0,
          1.0,
          1.0,
          1.0,
          1.0
        ],
        "metrics": {
          "mae": 1.0,
          "mape": 0.3712121212121211,
          "rmse": 1.164964745021435,
          "smape": 1.423809523809524,
          "rmsse": 0.7559289460184545
        }
      }
    },
    "sample-mean": {
      "raw": {
        "forecast": [
          0.79,
          0.66,
          0.86,
          0.65,
          0.78,
          1.07,
          1.15,
          0.97,
          0.84,
          0.88,
          0.89,
          1.0,
          0.97,
          1.16,
          1.12,
          1.16,
          0.73,
          0.68,
          0.93,
          1.05,
          1.16,
          0.94,
          0.67,
          0.75,
          0.82,
          0.9,
          1.18,
          1.14
        ],
        "metrics": {
          "mae": 0.9792857084955487,
          "mape": 0.4596212072805924,
          "rmse": 1.130025276958281,
          "smape": 1.466591692056258,
          "rmsse": 0.7332572253674234
        }
      },
      "rounded": {
        "forecast": [
          1.0,
          1.0,
          1.0,
          1.0,
          1.0,
          1.0,
          1.0,
          1.0,
          1.0,
          1.0,
          1.0,
          1.0,
          1.0,
          1.0,
          1.0,
          1.0,
          1.0,
          1.0,
          1.0,
          1.0,
          1.0,
          1.0,
          1.0,
          1.0,
          1.0,
          1.0,
          1.0,
          1.0
        ],
        "metrics": {
          "mae": 1.0,
          "mape": 0.3712121212121211,
          "rmse": 1.164964745021435,
          "smape": 1.423809523809524,
          "rmsse": 0.7559289460184545
        }
      }
    },
    "p25": {
      "raw": {
        "forecast": [
          0.0,
          0.0,
          0.0,
          0.0,
          0.0,
          0.0,
          0.0,
          0.0,
          0.0,
          0.0,
          0.0,
          0.0,
          0.0,
          0.0,
          0.0,
          0.0,
          0.0,
          0.0,
          0.0,
          0.0,
          0.0,
          0.0,
          0.0,
          0.0,
          0.0,
          0.0,
          0.0,
          0.0
        ],
        "metrics": {
          "mae": 0.7857142857142857,
          "mape": 1.0,
          "rmse": 1.3887301496588271,
          "smape": 0.7857142857142857,
          "rmsse": 0.901127113779166
        }
      },
      "rounded": {
        "forecast": [
          0.0,
          0.0,
          0.0,
          0.0,
          0.0,
          0.0,
          0.0,
          0.0,
          0.0,
          0.0,
          0.0,
          0.0,
          0.0,
          0.0,
          0.0,
          0.0,
          0.0,
          0.0,
          0.0,
          0.0,
          0.0,
          0.0,
          0.0,
          0.0,
          0.0,
          0.0,
          0.0,
          0.0
        ],
        "metrics": {
          "mae": 0.7857142857142857,
          "mape": 1.0,
          "rmse": 1.3887301496588271,
          "smape": 0.7857142857142857,
          "rmsse": 0.901127113779166
        }
      }
    },
    "p50": {
      "raw": {
        "forecast": [
          0.5,
          0.0,
          1.0,
          0.0,
          1.0,
          1.0,
          1.0,
          1.0,
          0.0,
          1.0,
          1.0,
          1.0,
          1.0,
          1.0,
          1.0,
          1.0,
          0.0,
          0.0,
          1.0,
          1.0,
          1.0,
          1.0,
          0.0,
          0.0,
          0.0,
          1.0,
          1.0,
          1.0
        ],
        "metrics": {
          "mae": 0.9464285714285714,
          "mape": 0.6212121212121212,
          "rmse": 1.1839703181607697,
          "smape": 1.2761904761904763,
          "rmsse": 0.7682613903547245
        }
      },
      "rounded": {
        "forecast": [
          0.0,
          0.0,
          1.0,
          0.0,
          1.0,
          1.0,
          1.0,
          1.0,
          0.0,
          1.0,
          1.0,
          1.0,
          1.0,
          1.0,
          1.0,
          1.0,
          0.0,
          0.0,
          1.0,
          1.0,
          1.0,
          1.0,
          0.0,
          0.0,
          0.0,
          1.0,
          1.0,
          1.0
        ],
        "metrics": {
          "mae": 0.9642857142857144,
          "mape": 0.643939393939394,
          "rmse": 1.2100767390069582,
          "smape": 1.3047619047619048,
          "rmsse": 0.7852014731159505
        }
      }
    },
    "p75": {
      "raw": {
        "forecast": [
          1.0,
          1.0,
          1.0,
          1.0,
          1.0,
          2.0,
          2.0,
          2.0,
          1.0,
          1.0,
          1.0,
          2.0,
          2.0,
          2.0,
          2.0,
          2.0,
          1.0,
          1.0,
          1.0,
          2.0,
          2.0,
          1.0,
          1.0,
          1.0,
          1.0,
          1.0,
          2.0,
          2.0
        ],
        "metrics": {
          "mae": 1.1428571428571428,
          "mape": 0.4090909090909091,
          "rmse": 1.3093073414159542,
          "smape": 1.3833333333333333,
          "rmsse": 0.8495907904857464
        }
      },
      "rounded": {
        "forecast": [
          1.0,
          1.0,
          1.0,
          1.0,
          1.0,
          2.0,
          2.0,
          2.0,
          1.0,
          1.0,
          1.0,
          2.0,
          2.0,
          2.0,
          2.0,
          2.0,
          1.0,
          1.0,
          1.0,
          2.0,
          2.0,
          1.0,
          1.0,
          1.0,
          1.0,
          1.0,
          2.0,
          2.0
        ],
        "metrics": {
          "mae": 1.1428571428571428,
          "mape": 0.4090909090909091,
          "rmse": 1.3093073414159542,
          "smape": 1.3833333333333333,
          "rmsse": 0.8495907904857464
        }
      }
    }
  }
}