{
  "series_id": "FOODS_3_633_CA_3_validation",
  "run": "run_20260526_021333_335192_001_subset34590_ctx84_h64_emb8_ep20_steps100",
  "horizon": [
    1,
    2,
    3,
    4,
    5,
    6,
    7,
    8,
    9,
    10,
    11,
    12,
    13,
    14,
    15,
    16,
    17,
    18,
    19,
    20,
    21,
    22,
    23,
    24,
    25,
    26,
    27,
    28
  ],
  "actuals": [
    2.0,
    0.0,
    0.0,
    0.0,
    0.0,
    1.0,
    1.0,
    1.0,
    2.0,
    0.0,
    2.0,
    0.0,
    0.0,
    0.0,
    0.0,
    0.0,
    0.0,
    1.0,
    0.0,
    1.0,
    0.0,
    2.0,
    0.0,
    1.0,
    1.0,
    0.0,
    0.0,
    1.0
  ],
  "modes": {
    "mean": {
      "raw": {
        "forecast": [
          0.95857507,
          0.9241173,
          0.9093331,
          0.89455074,
          0.9477093,
          1.0679556,
          1.207794,
          1.1732683,
          1.1114997,
          1.0732585,
          1.0192815,
          1.1267428,
          1.3070189,
          1.4036171,
          1.2910962,
          1.2214057,
          1.0874478,
          1.0132835,
          1.0947914,
          1.230452,
          1.3735539,
          1.1449369,
          1.0303047,
          0.99675155,
          0.98285824,
          1.0407302,
          1.2864273,
          1.3129681
        ],
        "metrics": {
          "mae": 0.8144258409738541,
          "mape": 0.2424137567480405,
          "rmse": 0.9354427437756936,
          "smape": 1.2640333862962208,
          "rmsse": 1.353710400900651
        }
      },
      "rounded": {
        "forecast": [
          1.0,
          1.0,
          1.0,
          1.0,
          1.0,
          1.0,
          1.0,
          1.0,
          1.0,
          1.0,
          1.0,
          1.0,
          1.0,
          1.0,
          1.0,
          1.0,
          1.0,
          1.0,
          1.0,
          1.0,
          1.0,
          1.0,
          1.0,
          1.0,
          1.0,
          1.0,
          1.0,
          1.0
        ],
        "metrics": {
          "mae": 0.7142857142857143,
          "mape": 0.1666666666666666,
          "rmse": 0.8451542547285166,
          "smape": 1.238095238095238,
          "rmsse": 1.2230509163752403
        }
      }
    },
    "sample-mean": {
      "raw": {
        "forecast": [
          0.9,
          0.88,
          0.82,
          0.76,
          0.95,
          0.81,
          1.02,
          1.05,
          1.03,
          0.95,
          0.86,
          0.9,
          1.12,
          1.11,
          1.05,
          0.92,
          0.97,
          0.84,
          0.88,
          1.05,
          0.98,
          0.99,
          0.89,
          0.8,
          0.62,
          0.83,
          1.0,
          0.96
        ],
        "metrics": {
          "mae": 0.7257142812013626,
          "mape": 0.2666666607062022,
          "rmse": 0.8227827331703798,
          "smape": 1.2894667086956328,
          "rmsse": 1.1906763412141923
        }
      },
      "rounded": {
        "forecast": [
          1.0,
          1.0,
          1.0,
          1.0,
          1.0,
          1.0,
          1.0,
          1.0,
          1.0,
          1.0,
          1.0,
          1.0,
          1.0,
          1.0,
          1.0,
          1.0,
          1.0,
          1.0,
          1.0,
          1.0,
          1.0,
          1.0,
          1.0,
          1.0,
          1.0,
          1.0,
          1.0,
          1.0
        ],
        "metrics": {
          "mae": 0.7142857142857143,
          "mape": 0.1666666666666666,
          "rmse": 0.8451542547285166,
          "smape": 1.238095238095238,
          "rmsse": 1.2230509163752403
        }
      }
    },
    "p25": {
      "raw": {
        "forecast": [
          0.0,
          0.0,
          0.0,
          0.0,
          0.0,
          0.0,
          0.0,
          0.0,
          0.0,
          0.0,
          0.0,
          0.0,
          0.0,
          0.0,
          0.0,
          0.0,
          0.0,
          0.0,
          0.0,
          0.0,
          0.0,
          0.0,
          0.0,
          0.0,
          0.0,
          0.0,
          0.0,
          0.0
        ],
        "metrics": {
          "mae": 0.5714285714285714,
          "mape": 1.0,
          "rmse": 0.9258200997725514,
          "smape": 0.8571428571428571,
          "rmsse": 1.3397851517521673
        }
      },
      "rounded": {
        "forecast": [
          0.0,
          0.0,
          0.0,
          0.0,
          0.0,
          0.0,
          0.0,
          0.0,
          0.0,
          0.0,
          0.0,
          0.0,
          0.0,
          0.0,
          0.0,
          0.0,
          0.0,
          0.0,
          0.0,
          0.0,
          0.0,
          0.0,
          0.0,
          0.0,
          0.0,
          0.0,
          0.0,
          0.0
        ],
        "metrics": {
          "mae": 0.5714285714285714,
          "mape": 1.0,
          "rmse": 0.9258200997725514,
          "smape": 0.8571428571428571,
          "rmsse": 1.3397851517521673
        }
      }
    },
    "p50": {
      "raw": {
        "forecast": [
          1.0,
          0.5,
          0.0,
          0.0,
          1.0,
          0.0,
          1.0,
          1.0,
          0.5,
          1.0,
          0.0,
          1.0,
          1.0,
          1.0,
          1.0,
          0.5,
          1.0,
          1.0,
          0.5,
          1.0,
          0.5,
          1.0,
          1.0,
          0.0,
          0.0,
          0.0,
          1.0,
          1.0
        ],
        "metrics": {
          "mae": 0.6964285714285714,
          "mape": 0.4791666666666667,
          "rmse": 0.871165065546462,
          "smape": 1.3047619047619048,
          "rmsse": 1.2606920284308971
        }
      },
      "rounded": {
        "forecast": [
          1.0,
          0.0,
          0.0,
          0.0,
          1.0,
          0.0,
          1.0,
          1.0,
          0.0,
          1.0,
          0.0,
          1.0,
          1.0,
          1.0,
          1.0,
          0.0,
          1.0,
          1.0,
          0.0,
          1.0,
          0.0,
          1.0,
          1.0,
          0.0,
          0.0,
          0.0,
          1.0,
          1.0
        ],
        "metrics": {
          "mae": 0.6428571428571429,
          "mape": 0.5,
          "rmse": 0.8864052604279183,
          "smape": 1.0476190476190477,
          "rmsse": 1.2827466228569642
        }
      }
    },
    "p75": {
      "raw": {
        "forecast": [
          1.25,
          1.0,
          1.0,
          1.0,
          1.0,
          1.0,
          2.0,
          2.0,
          2.0,
          1.25,
          1.0,
          1.0,
          2.0,
          2.0,
          1.0,
          1.0,
          2.0,
          1.0,
          1.0,
          2.0,
          2.0,
          2.0,
          1.0,
          1.0,
          1.0,
          1.0,
          2.0,
          2.0
        ],
        "metrics": {
          "mae": 0.9642857142857144,
          "mape": 0.40625,
          "rmse": 1.1514742103681077,
          "smape": 1.278388278388278,
          "rmsse": 1.6663367430192413
        }
      },
      "rounded": {
        "forecast": [
          1.0,
          1.0,
          1.0,
          1.0,
          1.0,
          1.0,
          2.0,
          2.0,
          2.0,
          1.0,
          1.0,
          1.0,
          2.0,
          2.0,
          1.0,
          1.0,
          2.0,
          1.0,
          1.0,
          2.0,
          2.0,
          2.0,
          1.0,
          1.0,
          1.0,
          1.0,
          2.0,
          2.0
        ],
        "metrics": {
          "mae": 0.9642857142857144,
          "mape": 0.4166666666666667,
          "rmse": 1.14953406710222,
          "smape": 1.2857142857142854,
          "rmsse": 1.663529096975969
        }
      }
    }
  }
}