{
  "series_id": "FOODS_1_116_TX_2_validation",
  "run": "run_20260526_021333_335192_001_subset34590_ctx84_h64_emb8_ep20_steps100",
  "horizon": [
    1,
    2,
    3,
    4,
    5,
    6,
    7,
    8,
    9,
    10,
    11,
    12,
    13,
    14,
    15,
    16,
    17,
    18,
    19,
    20,
    21,
    22,
    23,
    24,
    25,
    26,
    27,
    28
  ],
  "actuals": [
    0.0,
    0.0,
    0.0,
    0.0,
    0.0,
    0.0,
    7.0,
    0.0,
    0.0,
    0.0,
    0.0,
    1.0,
    0.0,
    1.0,
    0.0,
    0.0,
    0.0,
    0.0,
    0.0,
    0.0,
    0.0,
    0.0,
    0.0,
    1.0,
    0.0,
    0.0,
    0.0,
    0.0
  ],
  "modes": {
    "mean": {
      "raw": {
        "forecast": [
          0.3722084,
          0.3526534,
          0.36927623,
          0.38767764,
          0.4296849,
          0.45011368,
          0.4709677,
          0.41556618,
          0.39739174,
          0.38540253,
          0.38270295,
          0.4661215,
          0.5402188,
          0.4800423,
          0.4349882,
          0.3893996,
          0.4008015,
          0.41796392,
          0.46528977,
          0.53407186,
          0.54120195,
          0.46928695,
          0.40331814,
          0.39928108,
          0.40936962,
          0.44871503,
          0.5307457,
          0.5343832
        ],
        "metrics": {
          "mae": 0.6659292578697205,
          "mape": 0.646818502673081,
          "rmse": 1.311877614380777,
          "smape": 1.8584772929801163,
          "rmsse": 0.7540028790437228
        }
      },
      "rounded": {
        "forecast": [
          0.0,
          0.0,
          0.0,
          0.0,
          0.0,
          0.0,
          0.0,
          0.0,
          0.0,
          0.0,
          0.0,
          0.0,
          1.0,
          0.0,
          0.0,
          0.0,
          0.0,
          0.0,
          0.0,
          1.0,
          1.0,
          0.0,
          0.0,
          0.0,
          0.0,
          0.0,
          1.0,
          1.0
        ],
        "metrics": {
          "mae": 0.5357142857142857,
          "mape": 1.0,
          "rmse": 1.4267845968170128,
          "smape": 0.6428571428571429,
          "rmsse": 0.8200457740740215
        }
      }
    },
    "sample-mean": {
      "raw": {
        "forecast": [
          0.46,
          0.3,
          0.38,
          0.32,
          0.32,
          0.33,
          0.29,
          0.27,
          0.54,
          0.18,
          0.31,
          0.33,
          0.34,
          0.32,
          0.38,
          0.31,
          0.26,
          0.27,
          0.22,
          0.5,
          0.39,
          0.31,
          0.38,
          0.24,
          0.29,
          0.25,
          0.36,
          0.53
        ],
        "metrics": {
          "mae": 0.6078571437724999,
          "mape": 0.7671428572918688,
          "rmse": 1.3297475608771758,
          "smape": 1.8965895071064245,
          "rmsse": 0.7642736474133789
        }
      },
      "rounded": {
        "forecast": [
          0.0,
          0.0,
          0.0,
          0.0,
          0.0,
          0.0,
          0.0,
          0.0,
          1.0,
          0.0,
          0.0,
          0.0,
          0.0,
          0.0,
          0.0,
          0.0,
          0.0,
          0.0,
          0.0,
          0.0,
          0.0,
          0.0,
          0.0,
          0.0,
          0.0,
          0.0,
          0.0,
          1.0
        ],
        "metrics": {
          "mae": 0.4285714285714285,
          "mape": 1.0,
          "rmse": 1.3887301496588271,
          "smape": 0.4285714285714285,
          "rmsse": 0.7981739451753839
        }
      }
    },
    "p25": {
      "raw": {
        "forecast": [
          0.0,
          0.0,
          0.0,
          0.0,
          0.0,
          0.0,
          0.0,
          0.0,
          0.0,
          0.0,
          0.0,
          0.0,
          0.0,
          0.0,
          0.0,
          0.0,
          0.0,
          0.0,
          0.0,
          0.0,
          0.0,
          0.0,
          0.0,
          0.0,
          0.0,
          0.0,
          0.0,
          0.0
        ],
        "metrics": {
          "mae": 0.3571428571428571,
          "mape": 1.0,
          "rmse": 1.3627702877384935,
          "smape": 0.2857142857142857,
          "rmsse": 0.7832534903913849
        }
      },
      "rounded": {
        "forecast": [
          0.0,
          0.0,
          0.0,
          0.0,
          0.0,
          0.0,
          0.0,
          0.0,
          0.0,
          0.0,
          0.0,
          0.0,
          0.0,
          0.0,
          0.0,
          0.0,
          0.0,
          0.0,
          0.0,
          0.0,
          0.0,
          0.0,
          0.0,
          0.0,
          0.0,
          0.0,
          0.0,
          0.0
        ],
        "metrics": {
          "mae": 0.3571428571428571,
          "mape": 1.0,
          "rmse": 1.3627702877384935,
          "smape": 0.2857142857142857,
          "rmsse": 0.7832534903913849
        }
      }
    },
    "p50": {
      "raw": {
        "forecast": [
          0.0,
          0.0,
          0.0,
          0.0,
          0.0,
          0.0,
          0.0,
          0.0,
          0.0,
          0.0,
          0.0,
          0.0,
          0.0,
          0.0,
          0.0,
          0.0,
          0.0,
          0.0,
          0.0,
          0.0,
          0.0,
          0.0,
          0.0,
          0.0,
          0.0,
          0.0,
          0.0,
          0.0
        ],
        "metrics": {
          "mae": 0.3571428571428571,
          "mape": 1.0,
          "rmse": 1.3627702877384935,
          "smape": 0.2857142857142857,
          "rmsse": 0.7832534903913849
        }
      },
      "rounded": {
        "forecast": [
          0.0,
          0.0,
          0.0,
          0.0,
          0.0,
          0.0,
          0.0,
          0.0,
          0.0,
          0.0,
          0.0,
          0.0,
          0.0,
          0.0,
          0.0,
          0.0,
          0.0,
          0.0,
          0.0,
          0.0,
          0.0,
          0.0,
          0.0,
          0.0,
          0.0,
          0.0,
          0.0,
          0.0
        ],
        "metrics": {
          "mae": 0.3571428571428571,
          "mape": 1.0,
          "rmse": 1.3627702877384935,
          "smape": 0.2857142857142857,
          "rmsse": 0.7832534903913849
        }
      }
    },
    "p75": {
      "raw": {
        "forecast": [
          0.0,
          0.0,
          0.0,
          0.0,
          0.0,
          0.0,
          0.0,
          0.0,
          0.0,
          0.0,
          0.0,
          0.0,
          0.0,
          0.0,
          0.0,
          0.0,
          0.0,
          0.0,
          0.0,
          0.0,
          0.0,
          0.0,
          0.0,
          0.0,
          0.0,
          0.0,
          0.0,
          0.25
        ],
        "metrics": {
          "mae": 0.3660714285714285,
          "mape": 1.0,
          "rmse": 1.3635890143294642,
          "smape": 0.3571428571428571,
          "rmsse": 0.7837240542610434
        }
      },
      "rounded": {
        "forecast": [
          0.0,
          0.0,
          0.0,
          0.0,
          0.0,
          0.0,
          0.0,
          0.0,
          0.0,
          0.0,
          0.0,
          0.0,
          0.0,
          0.0,
          0.0,
          0.0,
          0.0,
          0.0,
          0.0,
          0.0,
          0.0,
          0.0,
          0.0,
          0.0,
          0.0,
          0.0,
          0.0,
          0.0
        ],
        "metrics": {
          "mae": 0.3571428571428571,
          "mape": 1.0,
          "rmse": 1.3627702877384935,
          "smape": 0.2857142857142857,
          "rmsse": 0.7832534903913849
        }
      }
    }
  }
}