{
  "series_id": "FOODS_2_083_TX_1_validation",
  "run": "run_20260526_021333_335192_001_subset34590_ctx84_h64_emb8_ep20_steps100",
  "horizon": [
    1,
    2,
    3,
    4,
    5,
    6,
    7,
    8,
    9,
    10,
    11,
    12,
    13,
    14,
    15,
    16,
    17,
    18,
    19,
    20,
    21,
    22,
    23,
    24,
    25,
    26,
    27,
    28
  ],
  "actuals": [
    0.0,
    0.0,
    0.0,
    1.0,
    1.0,
    1.0,
    0.0,
    1.0,
    1.0,
    1.0,
    0.0,
    0.0,
    1.0,
    1.0,
    1.0,
    1.0,
    1.0,
    0.0,
    0.0,
    1.0,
    1.0,
    1.0,
    0.0,
    0.0,
    1.0,
    1.0,
    0.0,
    0.0
  ],
  "modes": {
    "mean": {
      "raw": {
        "forecast": [
          0.48009413,
          0.43726483,
          0.4264337,
          0.42034474,
          0.45023188,
          0.4671824,
          0.5741026,
          0.49517784,
          0.50206596,
          0.45874718,
          0.447551,
          0.50165015,
          0.6090898,
          0.5852439,
          0.5740327,
          0.4913544,
          0.48672932,
          0.4889398,
          0.53308475,
          0.6139166,
          0.6761021,
          0.5517724,
          0.48036253,
          0.45715144,
          0.44846,
          0.47218454,
          0.5488105,
          0.6082722
        ],
        "metrics": {
          "mae": 0.488610066473484,
          "mape": 0.4810852650552988,
          "rmse": 0.4929228002734102,
          "smape": 1.2223313399547746,
          "rmsse": 0.5777011517123546
        }
      },
      "rounded": {
        "forecast": [
          0.0,
          0.0,
          0.0,
          0.0,
          0.0,
          0.0,
          1.0,
          0.0,
          1.0,
          0.0,
          0.0,
          1.0,
          1.0,
          1.0,
          1.0,
          0.0,
          0.0,
          0.0,
          1.0,
          1.0,
          1.0,
          1.0,
          0.0,
          0.0,
          0.0,
          0.0,
          1.0,
          1.0
        ],
        "metrics": {
          "mae": 0.5,
          "mape": 0.5625,
          "rmse": 0.7071067811865476,
          "smape": 1.0,
          "rmsse": 0.8287228784071321
        }
      }
    },
    "sample-mean": {
      "raw": {
        "forecast": [
          0.56,
          0.43,
          0.51,
          0.4,
          0.63,
          0.47,
          0.53,
          0.5,
          0.47,
          0.45,
          0.3,
          0.47,
          0.62,
          0.42,
          0.52,
          0.32,
          0.37,
          0.3,
          0.41,
          0.56,
          0.65,
          0.51,
          0.48,
          0.45,
          0.33,
          0.41,
          0.45,
          0.46
        ],
        "metrics": {
          "mae": 0.4900000010217939,
          "mape": 0.5231250040233135,
          "rmse": 0.4996570256242201,
          "smape": 1.268856142073466,
          "rmsse": 0.585593604118483
        }
      },
      "rounded": {
        "forecast": [
          1.0,
          0.0,
          1.0,
          0.0,
          1.0,
          0.0,
          1.0,
          0.0,
          0.0,
          0.0,
          0.0,
          0.0,
          1.0,
          0.0,
          1.0,
          0.0,
          0.0,
          0.0,
          0.0,
          1.0,
          1.0,
          1.0,
          0.0,
          0.0,
          0.0,
          0.0,
          0.0,
          0.0
        ],
        "metrics": {
          "mae": 0.4642857142857143,
          "mape": 0.625,
          "rmse": 0.6813851438692469,
          "smape": 0.9285714285714286,
          "rmsse": 0.7985773475169198
        }
      }
    },
    "p25": {
      "raw": {
        "forecast": [
          0.0,
          0.0,
          0.0,
          0.0,
          0.0,
          0.0,
          0.0,
          0.0,
          0.0,
          0.0,
          0.0,
          0.0,
          0.0,
          0.0,
          0.0,
          0.0,
          0.0,
          0.0,
          0.0,
          0.0,
          0.0,
          0.0,
          0.0,
          0.0,
          0.0,
          0.0,
          0.0,
          0.0
        ],
        "metrics": {
          "mae": 0.5714285714285714,
          "mape": 1.0,
          "rmse": 0.7559289460184544,
          "smape": 1.1428571428571428,
          "rmsse": 0.8859420227373167
        }
      },
      "rounded": {
        "forecast": [
          0.0,
          0.0,
          0.0,
          0.0,
          0.0,
          0.0,
          0.0,
          0.0,
          0.0,
          0.0,
          0.0,
          0.0,
          0.0,
          0.0,
          0.0,
          0.0,
          0.0,
          0.0,
          0.0,
          0.0,
          0.0,
          0.0,
          0.0,
          0.0,
          0.0,
          0.0,
          0.0,
          0.0
        ],
        "metrics": {
          "mae": 0.5714285714285714,
          "mape": 1.0,
          "rmse": 0.7559289460184544,
          "smape": 1.1428571428571428,
          "rmsse": 0.8859420227373167
        }
      }
    },
    "p50": {
      "raw": {
        "forecast": [
          0.0,
          0.0,
          0.0,
          0.0,
          0.0,
          0.0,
          0.0,
          0.0,
          0.0,
          0.0,
          0.0,
          0.0,
          0.0,
          0.0,
          0.0,
          0.0,
          0.0,
          0.0,
          0.0,
          0.0,
          0.0,
          0.0,
          0.0,
          0.0,
          0.0,
          0.0,
          0.0,
          0.0
        ],
        "metrics": {
          "mae": 0.5714285714285714,
          "mape": 1.0,
          "rmse": 0.7559289460184544,
          "smape": 1.1428571428571428,
          "rmsse": 0.8859420227373167
        }
      },
      "rounded": {
        "forecast": [
          0.0,
          0.0,
          0.0,
          0.0,
          0.0,
          0.0,
          0.0,
          0.0,
          0.0,
          0.0,
          0.0,
          0.0,
          0.0,
          0.0,
          0.0,
          0.0,
          0.0,
          0.0,
          0.0,
          0.0,
          0.0,
          0.0,
          0.0,
          0.0,
          0.0,
          0.0,
          0.0,
          0.0
        ],
        "metrics": {
          "mae": 0.5714285714285714,
          "mape": 1.0,
          "rmse": 0.7559289460184544,
          "smape": 1.1428571428571428,
          "rmsse": 0.8859420227373167
        }
      }
    },
    "p75": {
      "raw": {
        "forecast": [
          1.0,
          1.0,
          1.0,
          1.0,
          1.0,
          1.0,
          1.0,
          1.0,
          1.0,
          1.0,
          0.25,
          1.0,
          1.0,
          1.0,
          1.0,
          0.0,
          1.0,
          0.0,
          1.0,
          1.0,
          1.0,
          1.0,
          1.0,
          1.0,
          0.0,
          1.0,
          1.0,
          1.0
        ],
        "metrics": {
          "mae": 0.4375,
          "mape": 0.125,
          "rmse": 0.6563562839103252,
          "smape": 0.9285714285714286,
          "rmsse": 0.7692437455486274
        }
      },
      "rounded": {
        "forecast": [
          1.0,
          1.0,
          1.0,
          1.0,
          1.0,
          1.0,
          1.0,
          1.0,
          1.0,
          1.0,
          0.0,
          1.0,
          1.0,
          1.0,
          1.0,
          0.0,
          1.0,
          0.0,
          1.0,
          1.0,
          1.0,
          1.0,
          1.0,
          1.0,
          0.0,
          1.0,
          1.0,
          1.0
        ],
        "metrics": {
          "mae": 0.4285714285714285,
          "mape": 0.125,
          "rmse": 0.6546536707079771,
          "smape": 0.8571428571428571,
          "rmsse": 0.767248297970687
        }
      }
    }
  }
}