{
  "series_id": "FOODS_3_093_TX_2_validation",
  "run": "run_20260526_021333_335192_001_subset34590_ctx84_h64_emb8_ep20_steps100",
  "horizon": [
    1,
    2,
    3,
    4,
    5,
    6,
    7,
    8,
    9,
    10,
    11,
    12,
    13,
    14,
    15,
    16,
    17,
    18,
    19,
    20,
    21,
    22,
    23,
    24,
    25,
    26,
    27,
    28
  ],
  "actuals": [
    3.0,
    1.0,
    0.0,
    2.0,
    4.0,
    7.0,
    4.0,
    2.0,
    3.0,
    5.0,
    1.0,
    3.0,
    4.0,
    2.0,
    4.0,
    7.0,
    0.0,
    3.0,
    5.0,
    7.0,
    8.0,
    2.0,
    2.0,
    7.0,
    15.0,
    2.0,
    4.0,
    5.0
  ],
  "modes": {
    "mean": {
      "raw": {
        "forecast": [
          4.5225396,
          4.278011,
          4.1916966,
          4.207362,
          4.882493,
          5.382371,
          6.288432,
          5.1304784,
          5.208923,
          4.68816,
          4.819326,
          5.91423,
          7.320974,
          6.073049,
          6.2637963,
          5.0821767,
          5.262202,
          5.6705184,
          6.54481,
          7.1329656,
          7.406318,
          5.4488745,
          4.917517,
          4.7302365,
          4.735621,
          5.3011193,
          6.5186057,
          6.5310245
        ],
        "metrics": {
          "mae": 2.7287165778023854,
          "mape": 0.955571714491198,
          "rmse": 3.308518912905678,
          "smape": 0.6746184036219741,
          "rmsse": 0.8645050431004303
        }
      },
      "rounded": {
        "forecast": [
          5.0,
          4.0,
          4.0,
          4.0,
          5.0,
          5.0,
          6.0,
          5.0,
          5.0,
          5.0,
          5.0,
          6.0,
          7.0,
          6.0,
          6.0,
          5.0,
          5.0,
          6.0,
          7.0,
          7.0,
          7.0,
          5.0,
          5.0,
          5.0,
          5.0,
          5.0,
          7.0,
          7.0
        ],
        "metrics": {
          "mae": 2.7142857142857144,
          "mape": 0.943543956043956,
          "rmse": 3.251373336211726,
          "smape": 0.6741084312512884,
          "rmsse": 0.84957309302147
        }
      }
    },
    "sample-mean": {
      "raw": {
        "forecast": [
          4.03,
          3.97,
          3.73,
          3.96,
          5.03,
          5.06,
          6.42,
          4.6,
          4.92,
          4.04,
          3.93,
          5.78,
          6.93,
          5.39,
          5.44,
          4.81,
          5.01,
          5.58,
          5.49,
          6.0,
          6.66,
          5.24,
          4.57,
          4.25,
          4.11,
          4.05,
          5.87,
          5.61
        ],
        "metrics": {
          "mae": 2.5221428871154785,
          "mape": 0.8241813277586914,
          "rmse": 3.156999032434751,
          "smape": 0.6466387112191064,
          "rmsse": 0.8249133997562941
        }
      },
      "rounded": {
        "forecast": [
          4.0,
          4.0,
          4.0,
          4.0,
          5.0,
          5.0,
          6.0,
          5.0,
          5.0,
          4.0,
          4.0,
          6.0,
          7.0,
          5.0,
          5.0,
          5.0,
          5.0,
          6.0,
          5.0,
          6.0,
          7.0,
          5.0,
          5.0,
          4.0,
          4.0,
          4.0,
          6.0,
          6.0
        ],
        "metrics": {
          "mae": 2.5357142857142856,
          "mape": 0.8327380952380952,
          "rmse": 3.2015621187164243,
          "smape": 0.647574543251235,
          "rmsse": 0.8365575867296102
        }
      }
    },
    "p25": {
      "raw": {
        "forecast": [
          2.0,
          3.0,
          2.0,
          2.0,
          3.0,
          3.0,
          4.0,
          2.0,
          3.0,
          2.0,
          2.0,
          4.0,
          4.0,
          3.0,
          3.0,
          3.0,
          3.0,
          4.0,
          3.0,
          4.0,
          4.0,
          3.0,
          2.0,
          2.0,
          2.0,
          2.0,
          3.0,
          3.0
        ],
        "metrics": {
          "mae": 2.0,
          "mape": 0.4154761904761904,
          "rmse": 3.24037034920393,
          "smape": 0.5573223228685414,
          "rmsse": 0.8466980489283854
        }
      },
      "rounded": {
        "forecast": [
          2.0,
          3.0,
          2.0,
          2.0,
          3.0,
          3.0,
          4.0,
          2.0,
          3.0,
          2.0,
          2.0,
          4.0,
          4.0,
          3.0,
          3.0,
          3.0,
          3.0,
          4.0,
          3.0,
          4.0,
          4.0,
          3.0,
          2.0,
          2.0,
          2.0,
          2.0,
          3.0,
          3.0
        ],
        "metrics": {
          "mae": 2.0,
          "mape": 0.4154761904761904,
          "rmse": 3.24037034920393,
          "smape": 0.5573223228685414,
          "rmsse": 0.8466980489283854
        }
      }
    },
    "p50": {
      "raw": {
        "forecast": [
          4.0,
          3.0,
          3.5,
          4.0,
          4.0,
          5.0,
          6.0,
          4.0,
          4.5,
          4.0,
          4.0,
          6.0,
          6.0,
          5.0,
          5.0,
          5.0,
          5.0,
          5.0,
          5.0,
          5.5,
          6.0,
          4.0,
          4.0,
          4.0,
          3.0,
          4.0,
          6.0,
          5.0
        ],
        "metrics": {
          "mae": 2.3035714285714284,
          "mape": 0.7005494505494505,
          "rmse": 3.1438715895259737,
          "smape": 0.605659657802515,
          "rmsse": 0.8214832423667193
        }
      },
      "rounded": {
        "forecast": [
          4.0,
          3.0,
          4.0,
          4.0,
          4.0,
          5.0,
          6.0,
          4.0,
          4.0,
          4.0,
          4.0,
          6.0,
          6.0,
          5.0,
          5.0,
          5.0,
          5.0,
          5.0,
          5.0,
          6.0,
          6.0,
          4.0,
          4.0,
          4.0,
          3.0,
          4.0,
          6.0,
          5.0
        ],
        "metrics": {
          "mae": 2.2857142857142856,
          "mape": 0.6913919413919415,
          "rmse": 3.150963571444682,
          "smape": 0.5985011020725306,
          "rmsse": 0.8233363537726676
        }
      }
    },
    "p75": {
      "raw": {
        "forecast": [
          6.0,
          5.0,
          5.0,
          5.0,
          7.0,
          7.0,
          8.0,
          7.0,
          7.0,
          5.0,
          6.0,
          7.0,
          9.0,
          8.0,
          8.0,
          6.0,
          7.0,
          7.0,
          7.25,
          8.0,
          9.0,
          7.0,
          7.0,
          6.0,
          6.0,
          6.0,
          8.0,
          8.0
        ],
        "metrics": {
          "mae": 3.6517857142857135,
          "mape": 1.3539835164835166,
          "rmse": 4.179296335167304,
          "smape": 0.7778012103942474,
          "rmsse": 1.0920363018841488
        }
      },
      "rounded": {
        "forecast": [
          6.0,
          5.0,
          5.0,
          5.0,
          7.0,
          7.0,
          8.0,
          7.0,
          7.0,
          5.0,
          6.0,
          7.0,
          9.0,
          8.0,
          8.0,
          6.0,
          7.0,
          7.0,
          7.0,
          8.0,
          9.0,
          7.0,
          7.0,
          6.0,
          6.0,
          6.0,
          8.0,
          8.0
        ],
        "metrics": {
          "mae": 3.642857142857143,
          "mape": 1.3520604395604396,
          "rmse": 4.174754056057845,
          "smape": 0.7765864387713126,
          "rmsse": 1.0908494193845566
        }
      }
    }
  }
}