{
  "series_id": "FOODS_1_095_TX_3_validation",
  "run": "run_20260526_021333_335192_001_subset34590_ctx84_h64_emb8_ep20_steps100",
  "horizon": [
    1,
    2,
    3,
    4,
    5,
    6,
    7,
    8,
    9,
    10,
    11,
    12,
    13,
    14,
    15,
    16,
    17,
    18,
    19,
    20,
    21,
    22,
    23,
    24,
    25,
    26,
    27,
    28
  ],
  "actuals": [
    1.0,
    1.0,
    0.0,
    8.0,
    5.0,
    2.0,
    3.0,
    1.0,
    5.0,
    5.0,
    3.0,
    0.0,
    4.0,
    1.0,
    3.0,
    4.0,
    1.0,
    5.0,
    0.0,
    0.0,
    0.0,
    0.0,
    3.0,
    2.0,
    4.0,
    1.0,
    1.0,
    0.0
  ],
  "modes": {
    "mean": {
      "raw": {
        "forecast": [
          1.7867012,
          1.7634728,
          1.7604164,
          1.7774236,
          1.9974792,
          2.0459683,
          2.1372142,
          1.957504,
          1.9277548,
          1.8686094,
          1.8358855,
          2.0233626,
          2.3549373,
          2.1905591,
          2.038174,
          1.93357,
          1.9461608,
          2.0655968,
          2.2030642,
          2.319609,
          2.3214188,
          1.9991499,
          1.9085557,
          1.8672138,
          1.8593228,
          1.9978651,
          2.2761586,
          2.27787
        ],
        "metrics": {
          "mae": 1.7963408402034216,
          "mape": 0.6208015334038507,
          "rmse": 2.1583899806562785,
          "smape": 0.9656650032386052,
          "rmsse": 1.140741218033824
        }
      },
      "rounded": {
        "forecast": [
          2.0,
          2.0,
          2.0,
          2.0,
          2.0,
          2.0,
          2.0,
          2.0,
          2.0,
          2.0,
          2.0,
          2.0,
          2.0,
          2.0,
          2.0,
          2.0,
          2.0,
          2.0,
          2.0,
          2.0,
          2.0,
          2.0,
          2.0,
          2.0,
          2.0,
          2.0,
          2.0,
          2.0
        ],
        "metrics": {
          "mae": 1.75,
          "mape": 0.6182539682539683,
          "rmse": 2.095914393017316,
          "smape": 0.960544217687075,
          "rmsse": 1.1077219404336849
        }
      }
    },
    "sample-mean": {
      "raw": {
        "forecast": [
          1.88,
          1.72,
          1.82,
          2.05,
          1.67,
          2.05,
          2.04,
          1.89,
          1.95,
          1.86,
          1.6,
          1.77,
          2.24,
          2.2,
          1.88,
          1.82,
          1.75,
          2.07,
          2.08,
          2.24,
          2.41,
          1.71,
          1.6,
          1.93,
          1.65,
          1.84,
          2.31,
          1.85
        ],
        "metrics": {
          "mae": 1.7914285787514277,
          "mape": 0.6229960336571649,
          "rmse": 2.13948759866531,
          "smape": 0.982226628838686,
          "rmsse": 1.1307510279155577
        }
      },
      "rounded": {
        "forecast": [
          2.0,
          2.0,
          2.0,
          2.0,
          2.0,
          2.0,
          2.0,
          2.0,
          2.0,
          2.0,
          2.0,
          2.0,
          2.0,
          2.0,
          2.0,
          2.0,
          2.0,
          2.0,
          2.0,
          2.0,
          2.0,
          2.0,
          2.0,
          2.0,
          2.0,
          2.0,
          2.0,
          2.0
        ],
        "metrics": {
          "mae": 1.75,
          "mape": 0.6182539682539683,
          "rmse": 2.095914393017316,
          "smape": 0.960544217687075,
          "rmsse": 1.1077219404336849
        }
      }
    },
    "p25": {
      "raw": {
        "forecast": [
          1.0,
          0.0,
          1.0,
          1.0,
          0.0,
          0.0,
          1.0,
          0.0,
          1.0,
          1.0,
          0.0,
          0.0,
          1.0,
          1.0,
          0.0,
          1.0,
          0.0,
          1.0,
          0.0,
          1.0,
          0.0,
          0.0,
          0.0,
          0.0,
          0.0,
          0.0,
          1.0,
          1.0
        ],
        "metrics": {
          "mae": 2.0,
          "mape": 0.7829365079365079,
          "rmse": 2.6859422395661667,
          "smape": 1.3198412698412696,
          "rmsse": 1.4195604359688416
        }
      },
      "rounded": {
        "forecast": [
          1.0,
          0.0,
          1.0,
          1.0,
          0.0,
          0.0,
          1.0,
          0.0,
          1.0,
          1.0,
          0.0,
          0.0,
          1.0,
          1.0,
          0.0,
          1.0,
          0.0,
          1.0,
          0.0,
          1.0,
          0.0,
          0.0,
          0.0,
          0.0,
          0.0,
          0.0,
          1.0,
          1.0
        ],
        "metrics": {
          "mae": 2.0,
          "mape": 0.7829365079365079,
          "rmse": 2.6859422395661667,
          "smape": 1.3198412698412696,
          "rmsse": 1.4195604359688416
        }
      }
    },
    "p50": {
      "raw": {
        "forecast": [
          2.0,
          1.0,
          2.0,
          1.0,
          1.0,
          2.0,
          2.0,
          1.0,
          2.0,
          1.0,
          1.0,
          1.0,
          2.0,
          2.0,
          1.0,
          1.0,
          1.0,
          1.0,
          2.0,
          2.0,
          2.0,
          1.0,
          1.0,
          1.0,
          1.0,
          1.0,
          2.0,
          1.0
        ],
        "metrics": {
          "mae": 1.8571428571428568,
          "mape": 0.5575396825396824,
          "rmse": 2.4201534780139164,
          "smape": 1.0552154195011336,
          "rmsse": 1.2790871209932848
        }
      },
      "rounded": {
        "forecast": [
          2.0,
          1.0,
          2.0,
          1.0,
          1.0,
          2.0,
          2.0,
          1.0,
          2.0,
          1.0,
          1.0,
          1.0,
          2.0,
          2.0,
          1.0,
          1.0,
          1.0,
          1.0,
          2.0,
          2.0,
          2.0,
          1.0,
          1.0,
          1.0,
          1.0,
          1.0,
          2.0,
          1.0
        ],
        "metrics": {
          "mae": 1.8571428571428568,
          "mape": 0.5575396825396824,
          "rmse": 2.4201534780139164,
          "smape": 1.0552154195011336,
          "rmsse": 1.2790871209932848
        }
      }
    },
    "p75": {
      "raw": {
        "forecast": [
          3.0,
          3.0,
          3.0,
          3.0,
          2.0,
          3.0,
          3.0,
          2.25,
          3.0,
          3.0,
          2.0,
          3.0,
          3.0,
          3.0,
          3.0,
          3.0,
          3.0,
          3.0,
          3.0,
          3.0,
          4.0,
          2.0,
          2.0,
          3.0,
          3.0,
          3.0,
          3.0,
          3.0
        ],
        "metrics": {
          "mae": 1.9732142857142856,
          "mape": 0.8615079365079366,
          "rmse": 2.2643392287502206,
          "smape": 0.9461645497359782,
          "rmsse": 1.196736972000261
        }
      },
      "rounded": {
        "forecast": [
          3.0,
          3.0,
          3.0,
          3.0,
          2.0,
          3.0,
          3.0,
          2.0,
          3.0,
          3.0,
          2.0,
          3.0,
          3.0,
          3.0,
          3.0,
          3.0,
          3.0,
          3.0,
          3.0,
          3.0,
          4.0,
          2.0,
          2.0,
          3.0,
          3.0,
          3.0,
          3.0,
          3.0
        ],
        "metrics": {
          "mae": 1.9642857142857144,
          "mape": 0.8496031746031747,
          "rmse": 2.2598988599366248,
          "smape": 0.9425015460729744,
          "rmsse": 1.1943901710169649
        }
      }
    }
  }
}