{
  "series_id": "FOODS_3_754_TX_3_validation",
  "run": "run_20260526_021333_335192_001_subset34590_ctx84_h64_emb8_ep20_steps100",
  "horizon": [
    1,
    2,
    3,
    4,
    5,
    6,
    7,
    8,
    9,
    10,
    11,
    12,
    13,
    14,
    15,
    16,
    17,
    18,
    19,
    20,
    21,
    22,
    23,
    24,
    25,
    26,
    27,
    28
  ],
  "actuals": [
    0.0,
    0.0,
    0.0,
    1.0,
    0.0,
    0.0,
    0.0,
    0.0,
    1.0,
    0.0,
    0.0,
    0.0,
    0.0,
    0.0,
    0.0,
    3.0,
    2.0,
    0.0,
    0.0,
    0.0,
    0.0,
    1.0,
    0.0,
    0.0,
    0.0,
    0.0,
    0.0,
    2.0
  ],
  "modes": {
    "mean": {
      "raw": {
        "forecast": [
          0.116192386,
          0.112664275,
          0.11158188,
          0.11013884,
          0.115311466,
          0.115054816,
          0.13545777,
          0.12960285,
          0.13643907,
          0.123692706,
          0.11610149,
          0.132703,
          0.15905862,
          0.14365365,
          0.15193214,
          0.13199389,
          0.13323393,
          0.13154136,
          0.1404106,
          0.14463858,
          0.16521522,
          0.13562304,
          0.12390619,
          0.11824914,
          0.11407097,
          0.11748704,
          0.13400683,
          0.14299527
        ],
        "metrics": {
          "mae": 0.430789604516966,
          "mape": 0.905947747743792,
          "rmse": 0.797732409711425,
          "smape": 1.9271395491381909,
          "rmsse": 1.0806058668940657
        }
      },
      "rounded": {
        "forecast": [
          0.0,
          0.0,
          0.0,
          0.0,
          0.0,
          0.0,
          0.0,
          0.0,
          0.0,
          0.0,
          0.0,
          0.0,
          0.0,
          0.0,
          0.0,
          0.0,
          0.0,
          0.0,
          0.0,
          0.0,
          0.0,
          0.0,
          0.0,
          0.0,
          0.0,
          0.0,
          0.0,
          0.0
        ],
        "metrics": {
          "mae": 0.3571428571428571,
          "mape": 1.0,
          "rmse": 0.8451542547285166,
          "smape": 0.4285714285714285,
          "rmsse": 1.1448433521968724
        }
      }
    },
    "sample-mean": {
      "raw": {
        "forecast": [
          0.08,
          0.12,
          0.1,
          0.18,
          0.15,
          0.12,
          0.17,
          0.12,
          0.14,
          0.14,
          0.14,
          0.08,
          0.17,
          0.16,
          0.18,
          0.06,
          0.13,
          0.08,
          0.08,
          0.16,
          0.15,
          0.04,
          0.11,
          0.11,
          0.15,
          0.1,
          0.18,
          0.14
        ],
        "metrics": {
          "mae": 0.4342857148232205,
          "mape": 0.914166665946444,
          "rmse": 0.8090382301468622,
          "smape": 1.9343039715544423,
          "rmsse": 1.0959206964582846
        }
      },
      "rounded": {
        "forecast": [
          0.0,
          0.0,
          0.0,
          0.0,
          0.0,
          0.0,
          0.0,
          0.0,
          0.0,
          0.0,
          0.0,
          0.0,
          0.0,
          0.0,
          0.0,
          0.0,
          0.0,
          0.0,
          0.0,
          0.0,
          0.0,
          0.0,
          0.0,
          0.0,
          0.0,
          0.0,
          0.0,
          0.0
        ],
        "metrics": {
          "mae": 0.3571428571428571,
          "mape": 1.0,
          "rmse": 0.8451542547285166,
          "smape": 0.4285714285714285,
          "rmsse": 1.1448433521968724
        }
      }
    },
    "p25": {
      "raw": {
        "forecast": [
          0.0,
          0.0,
          0.0,
          0.0,
          0.0,
          0.0,
          0.0,
          0.0,
          0.0,
          0.0,
          0.0,
          0.0,
          0.0,
          0.0,
          0.0,
          0.0,
          0.0,
          0.0,
          0.0,
          0.0,
          0.0,
          0.0,
          0.0,
          0.0,
          0.0,
          0.0,
          0.0,
          0.0
        ],
        "metrics": {
          "mae": 0.3571428571428571,
          "mape": 1.0,
          "rmse": 0.8451542547285166,
          "smape": 0.4285714285714285,
          "rmsse": 1.1448433521968724
        }
      },
      "rounded": {
        "forecast": [
          0.0,
          0.0,
          0.0,
          0.0,
          0.0,
          0.0,
          0.0,
          0.0,
          0.0,
          0.0,
          0.0,
          0.0,
          0.0,
          0.0,
          0.0,
          0.0,
          0.0,
          0.0,
          0.0,
          0.0,
          0.0,
          0.0,
          0.0,
          0.0,
          0.0,
          0.0,
          0.0,
          0.0
        ],
        "metrics": {
          "mae": 0.3571428571428571,
          "mape": 1.0,
          "rmse": 0.8451542547285166,
          "smape": 0.4285714285714285,
          "rmsse": 1.1448433521968724
        }
      }
    },
    "p50": {
      "raw": {
        "forecast": [
          0.0,
          0.0,
          0.0,
          0.0,
          0.0,
          0.0,
          0.0,
          0.0,
          0.0,
          0.0,
          0.0,
          0.0,
          0.0,
          0.0,
          0.0,
          0.0,
          0.0,
          0.0,
          0.0,
          0.0,
          0.0,
          0.0,
          0.0,
          0.0,
          0.0,
          0.0,
          0.0,
          0.0
        ],
        "metrics": {
          "mae": 0.3571428571428571,
          "mape": 1.0,
          "rmse": 0.8451542547285166,
          "smape": 0.4285714285714285,
          "rmsse": 1.1448433521968724
        }
      },
      "rounded": {
        "forecast": [
          0.0,
          0.0,
          0.0,
          0.0,
          0.0,
          0.0,
          0.0,
          0.0,
          0.0,
          0.0,
          0.0,
          0.0,
          0.0,
          0.0,
          0.0,
          0.0,
          0.0,
          0.0,
          0.0,
          0.0,
          0.0,
          0.0,
          0.0,
          0.0,
          0.0,
          0.0,
          0.0,
          0.0
        ],
        "metrics": {
          "mae": 0.3571428571428571,
          "mape": 1.0,
          "rmse": 0.8451542547285166,
          "smape": 0.4285714285714285,
          "rmsse": 1.1448433521968724
        }
      }
    },
    "p75": {
      "raw": {
        "forecast": [
          0.0,
          0.0,
          0.0,
          0.0,
          0.0,
          0.0,
          0.0,
          0.0,
          0.0,
          0.0,
          0.0,
          0.0,
          0.0,
          0.0,
          0.0,
          0.0,
          0.0,
          0.0,
          0.0,
          0.0,
          0.0,
          0.0,
          0.0,
          0.0,
          0.0,
          0.0,
          0.0,
          0.0
        ],
        "metrics": {
          "mae": 0.3571428571428571,
          "mape": 1.0,
          "rmse": 0.8451542547285166,
          "smape": 0.4285714285714285,
          "rmsse": 1.1448433521968724
        }
      },
      "rounded": {
        "forecast": [
          0.0,
          0.0,
          0.0,
          0.0,
          0.0,
          0.0,
          0.0,
          0.0,
          0.0,
          0.0,
          0.0,
          0.0,
          0.0,
          0.0,
          0.0,
          0.0,
          0.0,
          0.0,
          0.0,
          0.0,
          0.0,
          0.0,
          0.0,
          0.0,
          0.0,
          0.0,
          0.0,
          0.0
        ],
        "metrics": {
          "mae": 0.3571428571428571,
          "mape": 1.0,
          "rmse": 0.8451542547285166,
          "smape": 0.4285714285714285,
          "rmsse": 1.1448433521968724
        }
      }
    }
  }
}