{
  "series_id": "FOODS_2_378_CA_3_validation",
  "run": "run_20260526_021333_335192_001_subset34590_ctx84_h64_emb8_ep20_steps100",
  "horizon": [
    1,
    2,
    3,
    4,
    5,
    6,
    7,
    8,
    9,
    10,
    11,
    12,
    13,
    14,
    15,
    16,
    17,
    18,
    19,
    20,
    21,
    22,
    23,
    24,
    25,
    26,
    27,
    28
  ],
  "actuals": [
    0.0,
    0.0,
    0.0,
    0.0,
    0.0,
    0.0,
    2.0,
    3.0,
    0.0,
    0.0,
    0.0,
    0.0,
    1.0,
    1.0,
    3.0,
    0.0,
    0.0,
    2.0,
    0.0,
    1.0,
    1.0,
    0.0,
    1.0,
    0.0,
    0.0,
    0.0,
    0.0,
    0.0
  ],
  "modes": {
    "mean": {
      "raw": {
        "forecast": [
          0.13657126,
          0.15406127,
          0.19741632,
          0.24562609,
          0.30484012,
          0.34786782,
          0.41671652,
          0.45363677,
          0.43210497,
          0.43154377,
          0.40642473,
          0.45241597,
          0.5256918,
          0.5399333,
          0.48463374,
          0.44203156,
          0.40229902,
          0.3899287,
          0.4175005,
          0.49431977,
          0.51867604,
          0.4450409,
          0.39570302,
          0.38141388,
          0.38199866,
          0.41778308,
          0.5059165,
          0.5403084
        ],
        "metrics": {
          "mae": 0.6365687549114227,
          "mape": 0.645510733127594,
          "rmse": 0.8872350281918185,
          "smape": 1.6775656244206023,
          "rmsse": 0.8776479520849393
        }
      },
      "rounded": {
        "forecast": [
          0.0,
          0.0,
          0.0,
          0.0,
          0.0,
          0.0,
          0.0,
          0.0,
          0.0,
          0.0,
          0.0,
          0.0,
          1.0,
          1.0,
          0.0,
          0.0,
          0.0,
          0.0,
          0.0,
          0.0,
          1.0,
          0.0,
          0.0,
          0.0,
          0.0,
          0.0,
          1.0,
          1.0
        ],
        "metrics": {
          "mae": 0.5,
          "mape": 0.6666666666666666,
          "rmse": 1.035098339013531,
          "smape": 0.5714285714285714,
          "rmsse": 1.023913516233877
        }
      }
    },
    "sample-mean": {
      "raw": {
        "forecast": [
          0.09,
          0.09,
          0.15,
          0.17,
          0.31,
          0.23,
          0.32,
          0.29,
          0.31,
          0.4,
          0.13,
          0.19,
          0.31,
          0.42,
          0.38,
          0.37,
          0.3,
          0.26,
          0.31,
          0.39,
          0.32,
          0.29,
          0.31,
          0.31,
          0.34,
          0.29,
          0.34,
          0.34
        ],
        "metrics": {
          "mae": 0.6057142892054149,
          "mape": 0.7485185232427385,
          "rmse": 0.9188774243157554,
          "smape": 1.7506279911618112,
          "rmsse": 0.908948434228696
        }
      },
      "rounded": {
        "forecast": [
          0.0,
          0.0,
          0.0,
          0.0,
          0.0,
          0.0,
          0.0,
          0.0,
          0.0,
          0.0,
          0.0,
          0.0,
          0.0,
          0.0,
          0.0,
          0.0,
          0.0,
          0.0,
          0.0,
          0.0,
          0.0,
          0.0,
          0.0,
          0.0,
          0.0,
          0.0,
          0.0,
          0.0
        ],
        "metrics": {
          "mae": 0.5357142857142857,
          "mape": 1.0,
          "rmse": 1.0522085616183026,
          "smape": 0.6428571428571429,
          "rmsse": 1.0408388532095811
        }
      }
    },
    "p25": {
      "raw": {
        "forecast": [
          0.0,
          0.0,
          0.0,
          0.0,
          0.0,
          0.0,
          0.0,
          0.0,
          0.0,
          0.0,
          0.0,
          0.0,
          0.0,
          0.0,
          0.0,
          0.0,
          0.0,
          0.0,
          0.0,
          0.0,
          0.0,
          0.0,
          0.0,
          0.0,
          0.0,
          0.0,
          0.0,
          0.0
        ],
        "metrics": {
          "mae": 0.5357142857142857,
          "mape": 1.0,
          "rmse": 1.0522085616183026,
          "smape": 0.6428571428571429,
          "rmsse": 1.0408388532095811
        }
      },
      "rounded": {
        "forecast": [
          0.0,
          0.0,
          0.0,
          0.0,
          0.0,
          0.0,
          0.0,
          0.0,
          0.0,
          0.0,
          0.0,
          0.0,
          0.0,
          0.0,
          0.0,
          0.0,
          0.0,
          0.0,
          0.0,
          0.0,
          0.0,
          0.0,
          0.0,
          0.0,
          0.0,
          0.0,
          0.0,
          0.0
        ],
        "metrics": {
          "mae": 0.5357142857142857,
          "mape": 1.0,
          "rmse": 1.0522085616183026,
          "smape": 0.6428571428571429,
          "rmsse": 1.0408388532095811
        }
      }
    },
    "p50": {
      "raw": {
        "forecast": [
          0.0,
          0.0,
          0.0,
          0.0,
          0.0,
          0.0,
          0.0,
          0.0,
          0.0,
          0.0,
          0.0,
          0.0,
          0.0,
          0.0,
          0.0,
          0.0,
          0.0,
          0.0,
          0.0,
          0.0,
          0.0,
          0.0,
          0.0,
          0.0,
          0.0,
          0.0,
          0.0,
          0.0
        ],
        "metrics": {
          "mae": 0.5357142857142857,
          "mape": 1.0,
          "rmse": 1.0522085616183026,
          "smape": 0.6428571428571429,
          "rmsse": 1.0408388532095811
        }
      },
      "rounded": {
        "forecast": [
          0.0,
          0.0,
          0.0,
          0.0,
          0.0,
          0.0,
          0.0,
          0.0,
          0.0,
          0.0,
          0.0,
          0.0,
          0.0,
          0.0,
          0.0,
          0.0,
          0.0,
          0.0,
          0.0,
          0.0,
          0.0,
          0.0,
          0.0,
          0.0,
          0.0,
          0.0,
          0.0,
          0.0
        ],
        "metrics": {
          "mae": 0.5357142857142857,
          "mape": 1.0,
          "rmse": 1.0522085616183026,
          "smape": 0.6428571428571429,
          "rmsse": 1.0408388532095811
        }
      }
    },
    "p75": {
      "raw": {
        "forecast": [
          0.0,
          0.0,
          0.0,
          0.0,
          0.0,
          0.0,
          0.0,
          0.0,
          0.0,
          0.0,
          0.0,
          0.0,
          0.0,
          0.0,
          0.0,
          0.0,
          0.0,
          0.0,
          0.0,
          0.0,
          0.0,
          0.0,
          0.0,
          0.0,
          0.0,
          0.0,
          0.0,
          0.0
        ],
        "metrics": {
          "mae": 0.5357142857142857,
          "mape": 1.0,
          "rmse": 1.0522085616183026,
          "smape": 0.6428571428571429,
          "rmsse": 1.0408388532095811
        }
      },
      "rounded": {
        "forecast": [
          0.0,
          0.0,
          0.0,
          0.0,
          0.0,
          0.0,
          0.0,
          0.0,
          0.0,
          0.0,
          0.0,
          0.0,
          0.0,
          0.0,
          0.0,
          0.0,
          0.0,
          0.0,
          0.0,
          0.0,
          0.0,
          0.0,
          0.0,
          0.0,
          0.0,
          0.0,
          0.0,
          0.0
        ],
        "metrics": {
          "mae": 0.5357142857142857,
          "mape": 1.0,
          "rmse": 1.0522085616183026,
          "smape": 0.6428571428571429,
          "rmsse": 1.0408388532095811
        }
      }
    }
  }
}