{
  "series_id": "FOODS_3_505_WI_3_validation",
  "run": "run_20260526_021333_335192_001_subset34590_ctx84_h64_emb8_ep20_steps100",
  "horizon": [
    1,
    2,
    3,
    4,
    5,
    6,
    7,
    8,
    9,
    10,
    11,
    12,
    13,
    14,
    15,
    16,
    17,
    18,
    19,
    20,
    21,
    22,
    23,
    24,
    25,
    26,
    27,
    28
  ],
  "actuals": [
    1.0,
    1.0,
    1.0,
    0.0,
    2.0,
    0.0,
    2.0,
    1.0,
    1.0,
    3.0,
    0.0,
    3.0,
    1.0,
    1.0,
    2.0,
    1.0,
    0.0,
    5.0,
    1.0,
    1.0,
    4.0,
    1.0,
    2.0,
    0.0,
    4.0,
    1.0,
    1.0,
    0.0
  ],
  "modes": {
    "mean": {
      "raw": {
        "forecast": [
          0.97989404,
          0.9783671,
          0.9353279,
          0.9241206,
          1.0202835,
          1.1551061,
          1.2016726,
          1.2733991,
          1.246261,
          1.0861965,
          1.0982666,
          1.3507978,
          1.535773,
          1.5954226,
          1.4977503,
          1.1924006,
          1.2079009,
          1.241179,
          1.3088397,
          1.6599575,
          1.7407948,
          1.3803105,
          1.1940314,
          1.1243404,
          1.1180668,
          1.245443,
          1.5869229,
          1.6126381
        ],
        "metrics": {
          "mae": 0.9572407539401736,
          "mape": 0.4044995223934,
          "rmse": 1.2961117627655112,
          "smape": 0.7904746124883404,
          "rmsse": 0.8507319571231
        }
      },
      "rounded": {
        "forecast": [
          1.0,
          1.0,
          1.0,
          1.0,
          1.0,
          1.0,
          1.0,
          1.0,
          1.0,
          1.0,
          1.0,
          1.0,
          2.0,
          2.0,
          1.0,
          1.0,
          1.0,
          1.0,
          1.0,
          2.0,
          2.0,
          1.0,
          1.0,
          1.0,
          1.0,
          1.0,
          2.0,
          2.0
        ],
        "metrics": {
          "mae": 1.0,
          "mape": 0.4265151515151515,
          "rmse": 1.3887301496588271,
          "smape": 0.8047619047619047,
          "rmsse": 0.9115241077777732
        }
      }
    },
    "sample-mean": {
      "raw": {
        "forecast": [
          1.1,
          0.97,
          0.68,
          0.81,
          0.69,
          0.93,
          0.92,
          0.91,
          1.03,
          1.13,
          1.16,
          1.09,
          1.23,
          1.05,
          1.33,
          0.82,
          0.79,
          1.0,
          1.01,
          1.39,
          1.43,
          1.03,
          0.84,
          0.93,
          0.99,
          0.89,
          1.01,
          1.19
        ],
        "metrics": {
          "mae": 0.8917857110500336,
          "mape": 0.3247727204452861,
          "rmse": 1.331407689355292,
          "smape": 0.7798009108929692,
          "rmsse": 0.8738992283174667
        }
      },
      "rounded": {
        "forecast": [
          1.0,
          1.0,
          1.0,
          1.0,
          1.0,
          1.0,
          1.0,
          1.0,
          1.0,
          1.0,
          1.0,
          1.0,
          1.0,
          1.0,
          1.0,
          1.0,
          1.0,
          1.0,
          1.0,
          1.0,
          1.0,
          1.0,
          1.0,
          1.0,
          1.0,
          1.0,
          1.0,
          1.0
        ],
        "metrics": {
          "mae": 0.8571428571428571,
          "mape": 0.256060606060606,
          "rmse": 1.3627702877384935,
          "smape": 0.7285714285714285,
          "rmsse": 0.8944847715317938
        }
      }
    },
    "p25": {
      "raw": {
        "forecast": [
          0.0,
          0.0,
          0.0,
          0.0,
          0.0,
          0.0,
          0.0,
          0.0,
          0.0,
          0.0,
          0.0,
          0.0,
          0.0,
          0.0,
          0.0,
          0.0,
          0.0,
          0.0,
          0.0,
          0.0,
          0.0,
          0.0,
          0.0,
          0.0,
          0.0,
          0.0,
          0.0,
          0.0
        ],
        "metrics": {
          "mae": 1.4285714285714286,
          "mape": 1.0,
          "rmse": 1.927248223318863,
          "smape": 1.5714285714285714,
          "rmsse": 1.2649924952364622
        }
      },
      "rounded": {
        "forecast": [
          0.0,
          0.0,
          0.0,
          0.0,
          0.0,
          0.0,
          0.0,
          0.0,
          0.0,
          0.0,
          0.0,
          0.0,
          0.0,
          0.0,
          0.0,
          0.0,
          0.0,
          0.0,
          0.0,
          0.0,
          0.0,
          0.0,
          0.0,
          0.0,
          0.0,
          0.0,
          0.0,
          0.0
        ],
        "metrics": {
          "mae": 1.4285714285714286,
          "mape": 1.0,
          "rmse": 1.927248223318863,
          "smape": 1.5714285714285714,
          "rmsse": 1.2649924952364622
        }
      }
    },
    "p50": {
      "raw": {
        "forecast": [
          1.0,
          1.0,
          0.0,
          0.5,
          0.0,
          1.0,
          0.5,
          1.0,
          1.0,
          1.0,
          1.0,
          1.0,
          1.0,
          1.0,
          1.0,
          0.0,
          0.0,
          1.0,
          1.0,
          1.0,
          1.0,
          1.0,
          0.0,
          0.0,
          1.0,
          1.0,
          1.0,
          1.0
        ],
        "metrics": {
          "mae": 0.9285714285714286,
          "mape": 0.4037878787878787,
          "rmse": 1.4454361674891474,
          "smape": 0.8428571428571427,
          "rmsse": 0.9487443714273468
        }
      },
      "rounded": {
        "forecast": [
          1.0,
          1.0,
          0.0,
          0.0,
          0.0,
          1.0,
          0.0,
          1.0,
          1.0,
          1.0,
          1.0,
          1.0,
          1.0,
          1.0,
          1.0,
          0.0,
          0.0,
          1.0,
          1.0,
          1.0,
          1.0,
          1.0,
          0.0,
          0.0,
          1.0,
          1.0,
          1.0,
          1.0
        ],
        "metrics": {
          "mae": 0.9285714285714286,
          "mape": 0.4151515151515151,
          "rmse": 1.4638501094227998,
          "smape": 0.7999999999999999,
          "rmsse": 0.960830774243522
        }
      }
    },
    "p75": {
      "raw": {
        "forecast": [
          2.0,
          2.0,
          1.0,
          1.0,
          1.0,
          2.0,
          1.25,
          2.0,
          2.0,
          2.0,
          2.0,
          2.0,
          2.0,
          2.0,
          2.0,
          1.0,
          1.0,
          1.0,
          1.0,
          2.0,
          2.0,
          2.0,
          1.0,
          2.0,
          1.25,
          1.0,
          1.0,
          2.0
        ],
        "metrics": {
          "mae": 1.125,
          "mape": 0.546780303030303,
          "rmse": 1.440795910996022,
          "smape": 0.8205651491365777,
          "rmsse": 0.9456986352482948
        }
      },
      "rounded": {
        "forecast": [
          2.0,
          2.0,
          1.0,
          1.0,
          1.0,
          2.0,
          1.0,
          2.0,
          2.0,
          2.0,
          2.0,
          2.0,
          2.0,
          2.0,
          2.0,
          1.0,
          1.0,
          1.0,
          1.0,
          2.0,
          2.0,
          2.0,
          1.0,
          2.0,
          1.0,
          1.0,
          1.0,
          2.0
        ],
        "metrics": {
          "mae": 1.1428571428571428,
          "mape": 0.5553030303030302,
          "rmse": 1.4638501094227998,
          "smape": 0.8333333333333333,
          "rmsse": 0.960830774243522
        }
      }
    }
  }
}