{
  "series_id": "FOODS_2_053_CA_4_validation",
  "run": "run_20260526_021333_335192_001_subset34590_ctx84_h64_emb8_ep20_steps100",
  "horizon": [
    1,
    2,
    3,
    4,
    5,
    6,
    7,
    8,
    9,
    10,
    11,
    12,
    13,
    14,
    15,
    16,
    17,
    18,
    19,
    20,
    21,
    22,
    23,
    24,
    25,
    26,
    27,
    28
  ],
  "actuals": [
    0.0,
    0.0,
    0.0,
    0.0,
    0.0,
    0.0,
    0.0,
    2.0,
    0.0,
    1.0,
    0.0,
    0.0,
    0.0,
    0.0,
    0.0,
    2.0,
    0.0,
    0.0,
    0.0,
    0.0,
    0.0,
    2.0,
    0.0,
    0.0,
    0.0,
    1.0,
    0.0,
    0.0
  ],
  "modes": {
    "mean": {
      "raw": {
        "forecast": [
          0.33865002,
          0.32756868,
          0.32606614,
          0.32539448,
          0.356946,
          0.37493768,
          0.41323158,
          0.39564148,
          0.37528834,
          0.37331787,
          0.35483372,
          0.39231038,
          0.44907415,
          0.47679698,
          0.4222588,
          0.39254192,
          0.3648865,
          0.3575238,
          0.37738416,
          0.4263838,
          0.4246491,
          0.37207142,
          0.35335776,
          0.3452955,
          0.34520546,
          0.38337785,
          0.43233243,
          0.44489112
        ],
        "metrics": {
          "mae": 0.5317255716238704,
          "mape": 0.7326353758573532,
          "rmse": 0.6545309050214018,
          "smape": 1.852136751547209,
          "rmsse": 0.7216219586562431
        }
      },
      "rounded": {
        "forecast": [
          0.0,
          0.0,
          0.0,
          0.0,
          0.0,
          0.0,
          0.0,
          0.0,
          0.0,
          0.0,
          0.0,
          0.0,
          0.0,
          0.0,
          0.0,
          0.0,
          0.0,
          0.0,
          0.0,
          0.0,
          0.0,
          0.0,
          0.0,
          0.0,
          0.0,
          0.0,
          0.0,
          0.0
        ],
        "metrics": {
          "mae": 0.2857142857142857,
          "mape": 1.0,
          "rmse": 0.7071067811865476,
          "smape": 0.3571428571428571,
          "rmsse": 0.7795869935312885
        }
      }
    },
    "sample-mean": {
      "raw": {
        "forecast": [
          0.39,
          0.29,
          0.35,
          0.26,
          0.38,
          0.41,
          0.36,
          0.44,
          0.35,
          0.29,
          0.38,
          0.43,
          0.54,
          0.43,
          0.37,
          0.38,
          0.31,
          0.36,
          0.28,
          0.3,
          0.39,
          0.32,
          0.34,
          0.3,
          0.47,
          0.35,
          0.39,
          0.44
        ],
        "metrics": {
          "mae": 0.526428572833538,
          "mape": 0.7580000042915345,
          "rmse": 0.6562610565052119,
          "smape": 1.862573111962318,
          "rmsse": 0.7235294549913142
        }
      },
      "rounded": {
        "forecast": [
          0.0,
          0.0,
          0.0,
          0.0,
          0.0,
          0.0,
          0.0,
          0.0,
          0.0,
          0.0,
          0.0,
          0.0,
          1.0,
          0.0,
          0.0,
          0.0,
          0.0,
          0.0,
          0.0,
          0.0,
          0.0,
          0.0,
          0.0,
          0.0,
          0.0,
          0.0,
          0.0,
          0.0
        ],
        "metrics": {
          "mae": 0.3214285714285714,
          "mape": 1.0,
          "rmse": 0.7319250547113999,
          "smape": 0.4285714285714285,
          "rmsse": 0.8069492021207894
        }
      }
    },
    "p25": {
      "raw": {
        "forecast": [
          0.0,
          0.0,
          0.0,
          0.0,
          0.0,
          0.0,
          0.0,
          0.0,
          0.0,
          0.0,
          0.0,
          0.0,
          0.0,
          0.0,
          0.0,
          0.0,
          0.0,
          0.0,
          0.0,
          0.0,
          0.0,
          0.0,
          0.0,
          0.0,
          0.0,
          0.0,
          0.0,
          0.0
        ],
        "metrics": {
          "mae": 0.2857142857142857,
          "mape": 1.0,
          "rmse": 0.7071067811865476,
          "smape": 0.3571428571428571,
          "rmsse": 0.7795869935312885
        }
      },
      "rounded": {
        "forecast": [
          0.0,
          0.0,
          0.0,
          0.0,
          0.0,
          0.0,
          0.0,
          0.0,
          0.0,
          0.0,
          0.0,
          0.0,
          0.0,
          0.0,
          0.0,
          0.0,
          0.0,
          0.0,
          0.0,
          0.0,
          0.0,
          0.0,
          0.0,
          0.0,
          0.0,
          0.0,
          0.0,
          0.0
        ],
        "metrics": {
          "mae": 0.2857142857142857,
          "mape": 1.0,
          "rmse": 0.7071067811865476,
          "smape": 0.3571428571428571,
          "rmsse": 0.7795869935312885
        }
      }
    },
    "p50": {
      "raw": {
        "forecast": [
          0.0,
          0.0,
          0.0,
          0.0,
          0.0,
          0.0,
          0.0,
          0.0,
          0.0,
          0.0,
          0.0,
          0.0,
          0.0,
          0.0,
          0.0,
          0.0,
          0.0,
          0.0,
          0.0,
          0.0,
          0.0,
          0.0,
          0.0,
          0.0,
          0.0,
          0.0,
          0.0,
          0.0
        ],
        "metrics": {
          "mae": 0.2857142857142857,
          "mape": 1.0,
          "rmse": 0.7071067811865476,
          "smape": 0.3571428571428571,
          "rmsse": 0.7795869935312885
        }
      },
      "rounded": {
        "forecast": [
          0.0,
          0.0,
          0.0,
          0.0,
          0.0,
          0.0,
          0.0,
          0.0,
          0.0,
          0.0,
          0.0,
          0.0,
          0.0,
          0.0,
          0.0,
          0.0,
          0.0,
          0.0,
          0.0,
          0.0,
          0.0,
          0.0,
          0.0,
          0.0,
          0.0,
          0.0,
          0.0,
          0.0
        ],
        "metrics": {
          "mae": 0.2857142857142857,
          "mape": 1.0,
          "rmse": 0.7071067811865476,
          "smape": 0.3571428571428571,
          "rmsse": 0.7795869935312885
        }
      }
    },
    "p75": {
      "raw": {
        "forecast": [
          1.0,
          0.0,
          1.0,
          0.0,
          1.0,
          1.0,
          1.0,
          1.0,
          1.0,
          0.25,
          1.0,
          1.0,
          1.0,
          1.0,
          1.0,
          1.0,
          0.0,
          1.0,
          0.25,
          1.0,
          1.0,
          1.0,
          1.0,
          0.0,
          1.0,
          1.0,
          1.0,
          1.0
        ],
        "metrics": {
          "mae": 0.7857142857142857,
          "mape": 0.45,
          "rmse": 0.8788181999545917,
          "smape": 1.4714285714285715,
          "rmsse": 0.9688992618816832
        }
      },
      "rounded": {
        "forecast": [
          1.0,
          0.0,
          1.0,
          0.0,
          1.0,
          1.0,
          1.0,
          1.0,
          1.0,
          0.0,
          1.0,
          1.0,
          1.0,
          1.0,
          1.0,
          1.0,
          0.0,
          1.0,
          0.0,
          1.0,
          1.0,
          1.0,
          1.0,
          0.0,
          1.0,
          1.0,
          1.0,
          1.0
        ],
        "metrics": {
          "mae": 0.7857142857142857,
          "mape": 0.5,
          "rmse": 0.8864052604279183,
          "smape": 1.4285714285714286,
          "rmsse": 0.9772640150158785
        }
      }
    }
  }
}