{
  "series_id": "FOODS_3_081_WI_1_validation",
  "run": "run_20260526_021333_335192_001_subset34590_ctx84_h64_emb8_ep20_steps100",
  "horizon": [
    1,
    2,
    3,
    4,
    5,
    6,
    7,
    8,
    9,
    10,
    11,
    12,
    13,
    14,
    15,
    16,
    17,
    18,
    19,
    20,
    21,
    22,
    23,
    24,
    25,
    26,
    27,
    28
  ],
  "actuals": [
    0.0,
    0.0,
    0.0,
    0.0,
    0.0,
    2.0,
    0.0,
    1.0,
    0.0,
    0.0,
    0.0,
    1.0,
    1.0,
    0.0,
    1.0,
    0.0,
    1.0,
    0.0,
    0.0,
    2.0,
    0.0,
    0.0,
    0.0,
    1.0,
    0.0,
    0.0,
    0.0,
    2.0
  ],
  "modes": {
    "mean": {
      "raw": {
        "forecast": [
          0.5909906,
          0.5311319,
          0.5328169,
          0.56015426,
          0.6661833,
          0.7212377,
          0.70226294,
          0.65279585,
          0.5882079,
          0.5543728,
          0.5622574,
          0.7092438,
          0.8297667,
          0.8618487,
          0.683333,
          0.57109314,
          0.5926459,
          0.6347072,
          0.7134708,
          0.9785115,
          0.97246456,
          0.62946075,
          0.5822142,
          0.58786577,
          0.62067527,
          0.7199017,
          0.9103903,
          0.8870934
        ],
        "metrics": {
          "mae": 0.6379325368574688,
          "mape": 0.4056586358282301,
          "rmse": 0.6844405141864978,
          "smape": 1.5267861601641843,
          "rmsse": 0.6754909005237714
        }
      },
      "rounded": {
        "forecast": [
          1.0,
          1.0,
          1.0,
          1.0,
          1.0,
          1.0,
          1.0,
          1.0,
          1.0,
          1.0,
          1.0,
          1.0,
          1.0,
          1.0,
          1.0,
          1.0,
          1.0,
          1.0,
          1.0,
          1.0,
          1.0,
          1.0,
          1.0,
          1.0,
          1.0,
          1.0,
          1.0,
          1.0
        ],
        "metrics": {
          "mae": 0.7857142857142857,
          "mape": 0.1666666666666666,
          "rmse": 0.8864052604279183,
          "smape": 1.4285714285714284,
          "rmsse": 0.8748147942515156
        }
      }
    },
    "sample-mean": {
      "raw": {
        "forecast": [
          0.62,
          0.48,
          0.58,
          0.59,
          0.56,
          0.85,
          0.75,
          0.58,
          0.61,
          0.67,
          0.49,
          0.62,
          0.81,
          0.66,
          0.6,
          0.48,
          0.43,
          0.78,
          0.63,
          0.93,
          0.98,
          0.62,
          0.62,
          0.61,
          0.61,
          0.57,
          0.75,
          0.9
        ],
        "metrics": {
          "mae": 0.6328571417501995,
          "mape": 0.4455555511845482,
          "rmse": 0.6699626850679953,
          "smape": 1.5460148059383785,
          "rmsse": 0.6612023807383665
        }
      },
      "rounded": {
        "forecast": [
          1.0,
          0.0,
          1.0,
          1.0,
          1.0,
          1.0,
          1.0,
          1.0,
          1.0,
          1.0,
          0.0,
          1.0,
          1.0,
          1.0,
          1.0,
          0.0,
          0.0,
          1.0,
          1.0,
          1.0,
          1.0,
          1.0,
          1.0,
          1.0,
          1.0,
          1.0,
          1.0,
          1.0
        ],
        "metrics": {
          "mae": 0.7142857142857143,
          "mape": 0.2777777777777778,
          "rmse": 0.8451542547285166,
          "smape": 1.2857142857142854,
          "rmsse": 0.8341031788374003
        }
      }
    },
    "p25": {
      "raw": {
        "forecast": [
          0.0,
          0.0,
          0.0,
          0.0,
          0.0,
          0.0,
          0.0,
          0.0,
          0.0,
          0.0,
          0.0,
          0.0,
          0.0,
          0.0,
          0.0,
          0.0,
          0.0,
          0.0,
          0.0,
          0.0,
          0.0,
          0.0,
          0.0,
          0.0,
          0.0,
          0.0,
          0.0,
          0.0
        ],
        "metrics": {
          "mae": 0.4285714285714285,
          "mape": 1.0,
          "rmse": 0.8017837257372732,
          "smape": 0.6428571428571429,
          "rmsse": 0.7912997546138824
        }
      },
      "rounded": {
        "forecast": [
          0.0,
          0.0,
          0.0,
          0.0,
          0.0,
          0.0,
          0.0,
          0.0,
          0.0,
          0.0,
          0.0,
          0.0,
          0.0,
          0.0,
          0.0,
          0.0,
          0.0,
          0.0,
          0.0,
          0.0,
          0.0,
          0.0,
          0.0,
          0.0,
          0.0,
          0.0,
          0.0,
          0.0
        ],
        "metrics": {
          "mae": 0.4285714285714285,
          "mape": 1.0,
          "rmse": 0.8017837257372732,
          "smape": 0.6428571428571429,
          "rmsse": 0.7912997546138824
        }
      }
    },
    "p50": {
      "raw": {
        "forecast": [
          0.0,
          0.0,
          0.0,
          0.0,
          0.0,
          1.0,
          1.0,
          0.0,
          0.0,
          0.0,
          0.0,
          0.0,
          1.0,
          0.0,
          0.0,
          0.0,
          0.0,
          0.0,
          0.0,
          1.0,
          1.0,
          0.0,
          0.0,
          0.0,
          0.0,
          0.0,
          0.0,
          1.0
        ],
        "metrics": {
          "mae": 0.3571428571428571,
          "mape": 0.7222222222222222,
          "rmse": 0.5976143046671968,
          "smape": 0.5714285714285714,
          "rmsse": 0.5898000139651812
        }
      },
      "rounded": {
        "forecast": [
          0.0,
          0.0,
          0.0,
          0.0,
          0.0,
          1.0,
          1.0,
          0.0,
          0.0,
          0.0,
          0.0,
          0.0,
          1.0,
          0.0,
          0.0,
          0.0,
          0.0,
          0.0,
          0.0,
          1.0,
          1.0,
          0.0,
          0.0,
          0.0,
          0.0,
          0.0,
          0.0,
          1.0
        ],
        "metrics": {
          "mae": 0.3571428571428571,
          "mape": 0.7222222222222222,
          "rmse": 0.5976143046671968,
          "smape": 0.5714285714285714,
          "rmsse": 0.5898000139651812
        }
      }
    },
    "p75": {
      "raw": {
        "forecast": [
          1.0,
          1.0,
          1.0,
          1.0,
          1.0,
          1.0,
          1.0,
          1.0,
          1.0,
          1.0,
          1.0,
          1.0,
          1.0,
          1.0,
          1.0,
          1.0,
          1.0,
          1.0,
          1.0,
          1.0,
          1.25,
          1.0,
          1.0,
          1.0,
          1.0,
          1.0,
          1.0,
          1.0
        ],
        "metrics": {
          "mae": 0.7946428571428571,
          "mape": 0.1666666666666666,
          "rmse": 0.8976656233969147,
          "smape": 1.4285714285714284,
          "rmsse": 0.8859279188613182
        }
      },
      "rounded": {
        "forecast": [
          1.0,
          1.0,
          1.0,
          1.0,
          1.0,
          1.0,
          1.0,
          1.0,
          1.0,
          1.0,
          1.0,
          1.0,
          1.0,
          1.0,
          1.0,
          1.0,
          1.0,
          1.0,
          1.0,
          1.0,
          1.0,
          1.0,
          1.0,
          1.0,
          1.0,
          1.0,
          1.0,
          1.0
        ],
        "metrics": {
          "mae": 0.7857142857142857,
          "mape": 0.1666666666666666,
          "rmse": 0.8864052604279183,
          "smape": 1.4285714285714284,
          "rmsse": 0.8748147942515156
        }
      }
    }
  }
}