{
  "series_id": "FOODS_2_187_CA_4_validation",
  "run": "run_20260526_021333_335192_001_subset34590_ctx84_h64_emb8_ep20_steps100",
  "horizon": [
    1,
    2,
    3,
    4,
    5,
    6,
    7,
    8,
    9,
    10,
    11,
    12,
    13,
    14,
    15,
    16,
    17,
    18,
    19,
    20,
    21,
    22,
    23,
    24,
    25,
    26,
    27,
    28
  ],
  "actuals": [
    1.0,
    0.0,
    1.0,
    0.0,
    0.0,
    1.0,
    1.0,
    1.0,
    0.0,
    0.0,
    2.0,
    0.0,
    0.0,
    1.0,
    1.0,
    0.0,
    0.0,
    1.0,
    0.0,
    0.0,
    1.0,
    0.0,
    2.0,
    0.0,
    1.0,
    0.0,
    0.0,
    0.0
  ],
  "modes": {
    "mean": {
      "raw": {
        "forecast": [
          0.556655,
          0.50956804,
          0.4869695,
          0.47999212,
          0.5030646,
          0.53823435,
          0.6463365,
          0.601969,
          0.5609329,
          0.5423883,
          0.5101801,
          0.55825984,
          0.6478462,
          0.6685315,
          0.60625815,
          0.56223863,
          0.5152683,
          0.49955818,
          0.528408,
          0.61004025,
          0.62231976,
          0.57397157,
          0.51915276,
          0.50445473,
          0.5001305,
          0.5285651,
          0.6113129,
          0.6504902
        ],
        "metrics": {
          "mae": 0.5760895173464503,
          "mape": 0.4798642645279566,
          "rmse": 0.6339573090776276,
          "smape": 1.4227270865002846,
          "rmsse": 0.9616199071794151
        }
      },
      "rounded": {
        "forecast": [
          1.0,
          1.0,
          0.0,
          0.0,
          1.0,
          1.0,
          1.0,
          1.0,
          1.0,
          1.0,
          1.0,
          1.0,
          1.0,
          1.0,
          1.0,
          1.0,
          1.0,
          0.0,
          1.0,
          1.0,
          1.0,
          1.0,
          1.0,
          1.0,
          1.0,
          1.0,
          1.0,
          1.0
        ],
        "metrics": {
          "mae": 0.6785714285714286,
          "mape": 0.25,
          "rmse": 0.823754471047914,
          "smape": 1.2619047619047616,
          "rmsse": 1.2495142601009537
        }
      }
    },
    "sample-mean": {
      "raw": {
        "forecast": [
          0.54,
          0.35,
          0.4,
          0.46,
          0.49,
          0.67,
          0.63,
          0.67,
          0.5,
          0.52,
          0.39,
          0.48,
          0.59,
          0.56,
          0.48,
          0.51,
          0.34,
          0.55,
          0.48,
          0.53,
          0.6,
          0.48,
          0.47,
          0.43,
          0.36,
          0.4,
          0.41,
          0.57
        ],
        "metrics": {
          "mae": 0.5435714221426419,
          "mape": 0.5091666591664156,
          "rmse": 0.6188641628777222,
          "smape": 1.4490616370228968,
          "rmsse": 0.9387258263951505
        }
      },
      "rounded": {
        "forecast": [
          1.0,
          0.0,
          0.0,
          0.0,
          0.0,
          1.0,
          1.0,
          1.0,
          0.0,
          1.0,
          0.0,
          0.0,
          1.0,
          1.0,
          0.0,
          1.0,
          0.0,
          1.0,
          0.0,
          1.0,
          1.0,
          0.0,
          0.0,
          0.0,
          0.0,
          0.0,
          0.0,
          1.0
        ],
        "metrics": {
          "mae": 0.4285714285714285,
          "mape": 0.4166666666666667,
          "rmse": 0.7559289460184544,
          "smape": 0.7142857142857143,
          "rmsse": 1.146632923851169
        }
      }
    },
    "p25": {
      "raw": {
        "forecast": [
          0.0,
          0.0,
          0.0,
          0.0,
          0.0,
          0.0,
          0.0,
          0.0,
          0.0,
          0.0,
          0.0,
          0.0,
          0.0,
          0.0,
          0.0,
          0.0,
          0.0,
          0.0,
          0.0,
          0.0,
          0.0,
          0.0,
          0.0,
          0.0,
          0.0,
          0.0,
          0.0,
          0.0
        ],
        "metrics": {
          "mae": 0.5,
          "mape": 1.0,
          "rmse": 0.8017837257372732,
          "smape": 0.8571428571428571,
          "rmsse": 1.2161878739803798
        }
      },
      "rounded": {
        "forecast": [
          0.0,
          0.0,
          0.0,
          0.0,
          0.0,
          0.0,
          0.0,
          0.0,
          0.0,
          0.0,
          0.0,
          0.0,
          0.0,
          0.0,
          0.0,
          0.0,
          0.0,
          0.0,
          0.0,
          0.0,
          0.0,
          0.0,
          0.0,
          0.0,
          0.0,
          0.0,
          0.0,
          0.0
        ],
        "metrics": {
          "mae": 0.5,
          "mape": 1.0,
          "rmse": 0.8017837257372732,
          "smape": 0.8571428571428571,
          "rmsse": 1.2161878739803798
        }
      }
    },
    "p50": {
      "raw": {
        "forecast": [
          0.0,
          0.0,
          0.0,
          0.0,
          0.0,
          1.0,
          0.0,
          0.0,
          0.0,
          0.0,
          0.0,
          0.0,
          0.0,
          0.0,
          0.0,
          0.0,
          0.0,
          0.0,
          0.0,
          0.0,
          0.0,
          0.0,
          0.0,
          0.0,
          0.0,
          0.0,
          0.0,
          0.0
        ],
        "metrics": {
          "mae": 0.4642857142857143,
          "mape": 0.9166666666666666,
          "rmse": 0.7791937224739796,
          "smape": 0.7857142857142857,
          "rmsse": 1.1819221647122955
        }
      },
      "rounded": {
        "forecast": [
          0.0,
          0.0,
          0.0,
          0.0,
          0.0,
          1.0,
          0.0,
          0.0,
          0.0,
          0.0,
          0.0,
          0.0,
          0.0,
          0.0,
          0.0,
          0.0,
          0.0,
          0.0,
          0.0,
          0.0,
          0.0,
          0.0,
          0.0,
          0.0,
          0.0,
          0.0,
          0.0,
          0.0
        ],
        "metrics": {
          "mae": 0.4642857142857143,
          "mape": 0.9166666666666666,
          "rmse": 0.7791937224739796,
          "smape": 0.7857142857142857,
          "rmsse": 1.1819221647122955
        }
      }
    },
    "p75": {
      "raw": {
        "forecast": [
          1.0,
          1.0,
          1.0,
          1.0,
          1.0,
          1.0,
          1.0,
          1.0,
          1.0,
          1.0,
          1.0,
          1.0,
          1.0,
          1.0,
          1.0,
          1.0,
          1.0,
          1.0,
          1.0,
          1.0,
          1.0,
          1.0,
          1.0,
          1.0,
          1.0,
          1.0,
          1.0,
          1.0
        ],
        "metrics": {
          "mae": 0.6428571428571429,
          "mape": 0.0833333333333333,
          "rmse": 0.8017837257372732,
          "smape": 1.1904761904761902,
          "rmsse": 1.2161878739803798
        }
      },
      "rounded": {
        "forecast": [
          1.0,
          1.0,
          1.0,
          1.0,
          1.0,
          1.0,
          1.0,
          1.0,
          1.0,
          1.0,
          1.0,
          1.0,
          1.0,
          1.0,
          1.0,
          1.0,
          1.0,
          1.0,
          1.0,
          1.0,
          1.0,
          1.0,
          1.0,
          1.0,
          1.0,
          1.0,
          1.0,
          1.0
        ],
        "metrics": {
          "mae": 0.6428571428571429,
          "mape": 0.0833333333333333,
          "rmse": 0.8017837257372732,
          "smape": 1.1904761904761902,
          "rmsse": 1.2161878739803798
        }
      }
    }
  }
}