{
  "series_id": "FOODS_3_077_CA_3_validation",
  "run": "run_20260526_021333_335192_001_subset34590_ctx84_h64_emb8_ep20_steps100",
  "horizon": [
    1,
    2,
    3,
    4,
    5,
    6,
    7,
    8,
    9,
    10,
    11,
    12,
    13,
    14,
    15,
    16,
    17,
    18,
    19,
    20,
    21,
    22,
    23,
    24,
    25,
    26,
    27,
    28
  ],
  "actuals": [
    0.0,
    0.0,
    0.0,
    0.0,
    0.0,
    0.0,
    0.0,
    0.0,
    0.0,
    4.0,
    2.0,
    3.0,
    7.0,
    2.0,
    0.0,
    5.0,
    6.0,
    2.0,
    6.0,
    4.0,
    2.0,
    0.0,
    2.0,
    5.0,
    6.0,
    4.0,
    4.0,
    2.0
  ],
  "modes": {
    "mean": {
      "raw": {
        "forecast": [
          0.17642127,
          0.21972916,
          0.30037954,
          0.34263343,
          0.38005772,
          0.3607718,
          0.40852603,
          0.45137155,
          0.5349328,
          0.696901,
          0.68335336,
          0.8932885,
          1.3798199,
          1.63672,
          1.9572277,
          2.2103224,
          2.1481004,
          2.1769035,
          2.341805,
          2.7663655,
          2.8168986,
          2.3954246,
          2.2711794,
          2.3396368,
          2.4251833,
          2.7133243,
          3.3123226,
          3.3910117
        ],
        "metrics": {
          "mae": 1.5227259232529573,
          "mape": 0.4846085306893543,
          "rmse": 2.0856986929359302,
          "smape": 1.1851449694418068,
          "rmsse": 0.8769244391073264
        }
      },
      "rounded": {
        "forecast": [
          0.0,
          0.0,
          0.0,
          0.0,
          0.0,
          0.0,
          0.0,
          0.0,
          1.0,
          1.0,
          1.0,
          1.0,
          1.0,
          2.0,
          2.0,
          2.0,
          2.0,
          2.0,
          2.0,
          3.0,
          3.0,
          2.0,
          2.0,
          2.0,
          2.0,
          3.0,
          3.0,
          3.0
        ],
        "metrics": {
          "mae": 1.4285714285714286,
          "mape": 0.4543417366946778,
          "rmse": 2.1547290184283368,
          "smape": 0.5977891156462584,
          "rmsse": 0.905947988706724
        }
      }
    },
    "sample-mean": {
      "raw": {
        "forecast": [
          0.13,
          0.07,
          0.13,
          0.12,
          0.2,
          0.28,
          0.52,
          0.65,
          0.59,
          0.86,
          0.93,
          0.83,
          1.63,
          1.21,
          1.1,
          1.13,
          0.75,
          1.2,
          1.37,
          1.47,
          1.49,
          1.3,
          1.28,
          1.11,
          1.52,
          1.28,
          1.33,
          1.32
        ],
        "metrics": {
          "mae": 1.7992857050682818,
          "mape": 0.6168123207673306,
          "rmse": 2.4732482944038767,
          "smape": 1.358215358000794,
          "rmsse": 1.0398682612637065
        }
      },
      "rounded": {
        "forecast": [
          0.0,
          0.0,
          0.0,
          0.0,
          0.0,
          0.0,
          1.0,
          1.0,
          1.0,
          1.0,
          1.0,
          1.0,
          2.0,
          1.0,
          1.0,
          1.0,
          1.0,
          1.0,
          1.0,
          1.0,
          1.0,
          1.0,
          1.0,
          1.0,
          2.0,
          1.0,
          1.0,
          1.0
        ],
        "metrics": {
          "mae": 1.8571428571428568,
          "mape": 0.6655462184873949,
          "rmse": 2.49284690951645,
          "smape": 0.9798185941043084,
          "rmsse": 1.04810842779547
        }
      }
    },
    "p25": {
      "raw": {
        "forecast": [
          0.0,
          0.0,
          0.0,
          0.0,
          0.0,
          0.0,
          0.0,
          0.0,
          0.0,
          0.0,
          0.0,
          0.0,
          0.0,
          0.0,
          0.0,
          0.0,
          0.0,
          0.0,
          0.0,
          0.0,
          0.0,
          0.0,
          0.0,
          0.0,
          0.0,
          0.0,
          0.0,
          0.0
        ],
        "metrics": {
          "mae": 2.357142857142857,
          "mape": 1.0,
          "rmse": 3.295017884191656,
          "smape": 1.2142857142857142,
          "rmsse": 1.3853783001973323
        }
      },
      "rounded": {
        "forecast": [
          0.0,
          0.0,
          0.0,
          0.0,
          0.0,
          0.0,
          0.0,
          0.0,
          0.0,
          0.0,
          0.0,
          0.0,
          0.0,
          0.0,
          0.0,
          0.0,
          0.0,
          0.0,
          0.0,
          0.0,
          0.0,
          0.0,
          0.0,
          0.0,
          0.0,
          0.0,
          0.0,
          0.0
        ],
        "metrics": {
          "mae": 2.357142857142857,
          "mape": 1.0,
          "rmse": 3.295017884191656,
          "smape": 1.2142857142857142,
          "rmsse": 1.3853783001973323
        }
      }
    },
    "p50": {
      "raw": {
        "forecast": [
          0.0,
          0.0,
          0.0,
          0.0,
          0.0,
          0.0,
          0.0,
          0.0,
          0.0,
          0.0,
          0.0,
          0.0,
          0.0,
          0.0,
          0.0,
          0.0,
          0.0,
          0.0,
          0.0,
          0.0,
          0.0,
          0.0,
          0.0,
          0.0,
          0.0,
          0.0,
          0.0,
          0.0
        ],
        "metrics": {
          "mae": 2.357142857142857,
          "mape": 1.0,
          "rmse": 3.295017884191656,
          "smape": 1.2142857142857142,
          "rmsse": 1.3853783001973323
        }
      },
      "rounded": {
        "forecast": [
          0.0,
          0.0,
          0.0,
          0.0,
          0.0,
          0.0,
          0.0,
          0.0,
          0.0,
          0.0,
          0.0,
          0.0,
          0.0,
          0.0,
          0.0,
          0.0,
          0.0,
          0.0,
          0.0,
          0.0,
          0.0,
          0.0,
          0.0,
          0.0,
          0.0,
          0.0,
          0.0,
          0.0
        ],
        "metrics": {
          "mae": 2.357142857142857,
          "mape": 1.0,
          "rmse": 3.295017884191656,
          "smape": 1.2142857142857142,
          "rmsse": 1.3853783001973323
        }
      }
    },
    "p75": {
      "raw": {
        "forecast": [
          0.0,
          0.0,
          0.0,
          0.0,
          0.0,
          0.0,
          0.0,
          0.0,
          0.0,
          0.0,
          0.0,
          0.0,
          0.0,
          0.0,
          0.0,
          0.0,
          0.0,
          0.0,
          1.0,
          0.25,
          1.0,
          0.0,
          1.0,
          1.0,
          1.0,
          1.0,
          1.0,
          2.0
        ],
        "metrics": {
          "mae": 2.0267857142857144,
          "mape": 0.8178921568627452,
          "rmse": 2.9704647303554563,
          "smape": 0.9174469787915164,
          "rmsse": 1.248921105612004
        }
      },
      "rounded": {
        "forecast": [
          0.0,
          0.0,
          0.0,
          0.0,
          0.0,
          0.0,
          0.0,
          0.0,
          0.0,
          0.0,
          0.0,
          0.0,
          0.0,
          0.0,
          0.0,
          0.0,
          0.0,
          0.0,
          1.0,
          0.0,
          1.0,
          0.0,
          1.0,
          1.0,
          1.0,
          1.0,
          1.0,
          2.0
        ],
        "metrics": {
          "mae": 2.0357142857142856,
          "mape": 0.8215686274509805,
          "rmse": 2.982089392164015,
          "smape": 0.9258503401360544,
          "rmsse": 1.2538086524426215
        }
      }
    }
  }
}