{
  "series_id": "FOODS_3_019_CA_2_validation",
  "run": "run_20260526_021333_335192_001_subset34590_ctx84_h64_emb8_ep20_steps100",
  "horizon": [
    1,
    2,
    3,
    4,
    5,
    6,
    7,
    8,
    9,
    10,
    11,
    12,
    13,
    14,
    15,
    16,
    17,
    18,
    19,
    20,
    21,
    22,
    23,
    24,
    25,
    26,
    27,
    28
  ],
  "actuals": [
    0.0,
    2.0,
    0.0,
    0.0,
    2.0,
    2.0,
    0.0,
    0.0,
    1.0,
    0.0,
    3.0,
    1.0,
    0.0,
    0.0,
    0.0,
    0.0,
    0.0,
    3.0,
    0.0,
    3.0,
    2.0,
    4.0,
    0.0,
    1.0,
    2.0,
    0.0,
    1.0,
    3.0
  ],
  "modes": {
    "mean": {
      "raw": {
        "forecast": [
          1.133246,
          1.0904415,
          1.1177274,
          1.1410216,
          1.4050406,
          1.5020009,
          1.4937979,
          1.3189276,
          1.1693344,
          1.1574754,
          1.1374615,
          1.2856786,
          1.6329015,
          1.6073906,
          1.2775065,
          1.13559,
          1.124313,
          1.1161934,
          1.2828586,
          1.5052643,
          1.5680937,
          1.2851633,
          1.1055251,
          1.0517008,
          1.1477431,
          1.2811809,
          1.6021395,
          1.5178442
        ],
        "metrics": {
          "mae": 1.1301096039158958,
          "mape": 0.4051415345498493,
          "rmse": 1.2638962842032135,
          "smape": 1.253144725199784,
          "rmsse": 0.8718673509102867
        }
      },
      "rounded": {
        "forecast": [
          1.0,
          1.0,
          1.0,
          1.0,
          1.0,
          2.0,
          1.0,
          1.0,
          1.0,
          1.0,
          1.0,
          1.0,
          2.0,
          2.0,
          1.0,
          1.0,
          1.0,
          1.0,
          1.0,
          2.0,
          2.0,
          1.0,
          1.0,
          1.0,
          1.0,
          1.0,
          2.0,
          2.0
        ],
        "metrics": {
          "mae": 1.0357142857142858,
          "mape": 0.3749999999999999,
          "rmse": 1.2392393980641052,
          "smape": 1.238095238095238,
          "rmsse": 0.8548584125436759
        }
      }
    },
    "sample-mean": {
      "raw": {
        "forecast": [
          1.2,
          0.88,
          1.09,
          1.2,
          1.22,
          1.5,
          1.26,
          1.22,
          0.95,
          0.94,
          1.01,
          1.07,
          1.52,
          1.69,
          1.11,
          0.92,
          1.3,
          1.15,
          1.31,
          1.54,
          1.49,
          1.23,
          0.77,
          1.1,
          0.92,
          1.12,
          1.54,
          1.28
        ],
        "metrics": {
          "mae": 1.113928577729634,
          "mape": 0.4133928609745842,
          "rmse": 1.2609506103805128,
          "smape": 1.2717704352300463,
          "rmsse": 0.869835351240264
        }
      },
      "rounded": {
        "forecast": [
          1.0,
          1.0,
          1.0,
          1.0,
          1.0,
          2.0,
          1.0,
          1.0,
          1.0,
          1.0,
          1.0,
          1.0,
          2.0,
          2.0,
          1.0,
          1.0,
          1.0,
          1.0,
          1.0,
          2.0,
          1.0,
          1.0,
          1.0,
          1.0,
          1.0,
          1.0,
          2.0,
          1.0
        ],
        "metrics": {
          "mae": 1.1071428571428572,
          "mape": 0.4345238095238095,
          "rmse": 1.2955969390869324,
          "smape": 1.2833333333333332,
          "rmsse": 0.8937352575898395
        }
      }
    },
    "p25": {
      "raw": {
        "forecast": [
          0.0,
          0.0,
          0.0,
          0.0,
          0.0,
          0.75,
          0.0,
          0.0,
          0.0,
          0.0,
          0.0,
          0.0,
          0.0,
          1.0,
          0.0,
          0.0,
          0.0,
          0.0,
          0.0,
          0.75,
          0.0,
          0.0,
          0.0,
          0.0,
          0.0,
          0.0,
          0.0,
          0.0
        ],
        "metrics": {
          "mae": 1.0535714285714286,
          "mape": 0.9553571428571428,
          "rmse": 1.5881817995970828,
          "smape": 1.0038961038961038,
          "rmsse": 1.0955676313674536
        }
      },
      "rounded": {
        "forecast": [
          0.0,
          0.0,
          0.0,
          0.0,
          0.0,
          1.0,
          0.0,
          0.0,
          0.0,
          0.0,
          0.0,
          0.0,
          0.0,
          1.0,
          0.0,
          0.0,
          0.0,
          0.0,
          0.0,
          1.0,
          0.0,
          0.0,
          0.0,
          0.0,
          0.0,
          0.0,
          0.0,
          0.0
        ],
        "metrics": {
          "mae": 1.0357142857142858,
          "mape": 0.9404761904761904,
          "rmse": 1.5698043554168508,
          "smape": 0.988095238095238,
          "rmsse": 1.0828904095303615
        }
      }
    },
    "p50": {
      "raw": {
        "forecast": [
          1.0,
          0.0,
          1.0,
          1.0,
          1.0,
          1.0,
          1.0,
          1.0,
          1.0,
          1.0,
          1.0,
          1.0,
          1.0,
          1.0,
          1.0,
          1.0,
          1.0,
          1.0,
          1.0,
          1.0,
          1.0,
          1.0,
          1.0,
          1.0,
          0.0,
          1.0,
          1.0,
          1.0
        ],
        "metrics": {
          "mae": 1.1428571428571428,
          "mape": 0.494047619047619,
          "rmse": 1.336306209562122,
          "smape": 1.4,
          "rmsse": 0.921817533208736
        }
      },
      "rounded": {
        "forecast": [
          1.0,
          0.0,
          1.0,
          1.0,
          1.0,
          1.0,
          1.0,
          1.0,
          1.0,
          1.0,
          1.0,
          1.0,
          1.0,
          1.0,
          1.0,
          1.0,
          1.0,
          1.0,
          1.0,
          1.0,
          1.0,
          1.0,
          1.0,
          1.0,
          0.0,
          1.0,
          1.0,
          1.0
        ],
        "metrics": {
          "mae": 1.1428571428571428,
          "mape": 0.494047619047619,
          "rmse": 1.336306209562122,
          "smape": 1.4,
          "rmsse": 0.921817533208736
        }
      }
    },
    "p75": {
      "raw": {
        "forecast": [
          2.0,
          2.0,
          2.0,
          2.0,
          2.0,
          2.0,
          2.0,
          2.0,
          1.0,
          1.0,
          2.0,
          2.0,
          2.0,
          2.0,
          2.0,
          1.0,
          2.0,
          2.0,
          2.0,
          2.0,
          2.0,
          2.0,
          1.0,
          2.0,
          1.0,
          2.0,
          2.0,
          2.0
        ],
        "metrics": {
          "mae": 1.25,
          "mape": 0.3809523809523809,
          "rmse": 1.4516001023501126,
          "smape": 1.1761904761904762,
          "rmsse": 1.0013501516186163
        }
      },
      "rounded": {
        "forecast": [
          2.0,
          2.0,
          2.0,
          2.0,
          2.0,
          2.0,
          2.0,
          2.0,
          1.0,
          1.0,
          2.0,
          2.0,
          2.0,
          2.0,
          2.0,
          1.0,
          2.0,
          2.0,
          2.0,
          2.0,
          2.0,
          2.0,
          1.0,
          2.0,
          1.0,
          2.0,
          2.0,
          2.0
        ],
        "metrics": {
          "mae": 1.25,
          "mape": 0.3809523809523809,
          "rmse": 1.4516001023501126,
          "smape": 1.1761904761904762,
          "rmsse": 1.0013501516186163
        }
      }
    }
  }
}