{
  "series_id": "FOODS_2_141_TX_3_validation",
  "run": "run_20260526_021333_335192_001_subset34590_ctx84_h64_emb8_ep20_steps100",
  "horizon": [
    1,
    2,
    3,
    4,
    5,
    6,
    7,
    8,
    9,
    10,
    11,
    12,
    13,
    14,
    15,
    16,
    17,
    18,
    19,
    20,
    21,
    22,
    23,
    24,
    25,
    26,
    27,
    28
  ],
  "actuals": [
    2.0,
    0.0,
    3.0,
    0.0,
    1.0,
    0.0,
    4.0,
    5.0,
    0.0,
    1.0,
    1.0,
    1.0,
    2.0,
    5.0,
    4.0,
    1.0,
    7.0,
    2.0,
    0.0,
    0.0,
    3.0,
    5.0,
    0.0,
    0.0,
    1.0,
    2.0,
    1.0,
    0.0
  ],
  "modes": {
    "mean": {
      "raw": {
        "forecast": [
          1.0099854,
          1.2930561,
          1.3133663,
          1.2580134,
          1.4058099,
          1.4603741,
          1.7219607,
          1.5758184,
          1.581816,
          1.4770261,
          1.5417255,
          1.7808728,
          2.0656857,
          1.8598619,
          1.9141645,
          1.6043662,
          1.6678457,
          1.6679287,
          1.8475572,
          1.936422,
          2.1291072,
          1.6688249,
          1.5896465,
          1.502197,
          1.452626,
          1.5353217,
          1.7833917,
          1.8160591
        ],
        "metrics": {
          "mae": 1.5118735645498549,
          "mape": 0.5082292613977178,
          "rmse": 1.900955086438879,
          "smape": 1.0375053460940424,
          "rmsse": 1.098474875482993
        }
      },
      "rounded": {
        "forecast": [
          1.0,
          1.0,
          1.0,
          1.0,
          1.0,
          1.0,
          2.0,
          2.0,
          2.0,
          1.0,
          2.0,
          2.0,
          2.0,
          2.0,
          2.0,
          2.0,
          2.0,
          2.0,
          2.0,
          2.0,
          2.0,
          2.0,
          2.0,
          2.0,
          1.0,
          2.0,
          2.0,
          2.0
        ],
        "metrics": {
          "mae": 1.4642857142857142,
          "mape": 0.4744360902255639,
          "rmse": 1.8612591743993403,
          "smape": 0.9910430839002268,
          "rmsse": 1.0755364260972673
        }
      }
    },
    "sample-mean": {
      "raw": {
        "forecast": [
          1.11,
          1.09,
          1.01,
          1.03,
          1.05,
          1.38,
          1.56,
          1.36,
          1.36,
          1.32,
          1.34,
          1.69,
          1.64,
          1.59,
          1.62,
          1.27,
          1.64,
          1.56,
          1.64,
          1.86,
          1.9,
          1.52,
          1.41,
          1.11,
          1.23,
          1.29,
          1.56,
          1.35
        ],
        "metrics": {
          "mae": 1.4603571508611952,
          "mape": 0.4614060206371441,
          "rmse": 1.9128895541949595,
          "smape": 1.0397435394545294,
          "rmsse": 1.1053712577677923
        }
      },
      "rounded": {
        "forecast": [
          1.0,
          1.0,
          1.0,
          1.0,
          1.0,
          1.0,
          2.0,
          1.0,
          1.0,
          1.0,
          1.0,
          2.0,
          2.0,
          2.0,
          2.0,
          1.0,
          2.0,
          2.0,
          2.0,
          2.0,
          2.0,
          2.0,
          1.0,
          1.0,
          1.0,
          1.0,
          2.0,
          1.0
        ],
        "metrics": {
          "mae": 1.3214285714285714,
          "mape": 0.406015037593985,
          "rmse": 1.8027756377319943,
          "smape": 0.9842403628117914,
          "rmsse": 1.0417414689640003
        }
      }
    },
    "p25": {
      "raw": {
        "forecast": [
          0.0,
          0.0,
          0.0,
          0.0,
          0.0,
          0.0,
          0.0,
          0.0,
          0.0,
          0.0,
          0.0,
          0.0,
          0.0,
          0.0,
          0.0,
          0.0,
          0.0,
          0.0,
          0.0,
          1.0,
          1.0,
          0.0,
          0.0,
          0.0,
          0.0,
          0.0,
          0.0,
          0.0
        ],
        "metrics": {
          "mae": 1.8214285714285716,
          "mape": 0.982456140350877,
          "rmse": 2.6254251356413008,
          "smape": 1.3928571428571428,
          "rmsse": 1.5171129341967364
        }
      },
      "rounded": {
        "forecast": [
          0.0,
          0.0,
          0.0,
          0.0,
          0.0,
          0.0,
          0.0,
          0.0,
          0.0,
          0.0,
          0.0,
          0.0,
          0.0,
          0.0,
          0.0,
          0.0,
          0.0,
          0.0,
          0.0,
          1.0,
          1.0,
          0.0,
          0.0,
          0.0,
          0.0,
          0.0,
          0.0,
          0.0
        ],
        "metrics": {
          "mae": 1.8214285714285716,
          "mape": 0.982456140350877,
          "rmse": 2.6254251356413008,
          "smape": 1.3928571428571428,
          "rmsse": 1.5171129341967364
        }
      }
    },
    "p50": {
      "raw": {
        "forecast": [
          1.0,
          1.0,
          1.0,
          1.0,
          1.0,
          1.0,
          1.0,
          1.0,
          1.0,
          1.0,
          1.0,
          1.0,
          1.0,
          1.0,
          1.0,
          1.0,
          1.0,
          1.0,
          1.0,
          1.0,
          1.5,
          1.0,
          1.0,
          1.0,
          1.0,
          1.0,
          1.0,
          1.0
        ],
        "metrics": {
          "mae": 1.4464285714285714,
          "mape": 0.4170426065162907,
          "rmse": 2.0809510188510307,
          "smape": 1.0797619047619047,
          "rmsse": 1.2024862805153345
        }
      },
      "rounded": {
        "forecast": [
          1.0,
          1.0,
          1.0,
          1.0,
          1.0,
          1.0,
          1.0,
          1.0,
          1.0,
          1.0,
          1.0,
          1.0,
          1.0,
          1.0,
          1.0,
          1.0,
          1.0,
          1.0,
          1.0,
          1.0,
          2.0,
          1.0,
          1.0,
          1.0,
          1.0,
          1.0,
          1.0,
          1.0
        ],
        "metrics": {
          "mae": 1.4285714285714286,
          "mape": 0.4082706766917293,
          "rmse": 2.070196678027062,
          "smape": 1.0702380952380952,
          "rmsse": 1.1962718395315444
        }
      }
    },
    "p75": {
      "raw": {
        "forecast": [
          2.0,
          2.0,
          1.25,
          1.0,
          1.25,
          2.0,
          2.0,
          2.0,
          2.0,
          2.0,
          2.0,
          3.0,
          2.0,
          2.0,
          2.0,
          2.0,
          2.0,
          2.0,
          2.0,
          3.0,
          3.0,
          2.0,
          2.0,
          2.0,
          2.0,
          2.0,
          2.0,
          2.0
        ],
        "metrics": {
          "mae": 1.6071428571428572,
          "mape": 0.5972431077694236,
          "rmse": 1.983188270005073,
          "smape": 1.0141056422569028,
          "rmsse": 1.145993665759972
        }
      },
      "rounded": {
        "forecast": [
          2.0,
          2.0,
          1.0,
          1.0,
          1.0,
          2.0,
          2.0,
          2.0,
          2.0,
          2.0,
          2.0,
          3.0,
          2.0,
          2.0,
          2.0,
          2.0,
          2.0,
          2.0,
          2.0,
          3.0,
          3.0,
          2.0,
          2.0,
          2.0,
          2.0,
          2.0,
          2.0,
          2.0
        ],
        "metrics": {
          "mae": 1.6071428571428572,
          "mape": 0.5884711779448621,
          "rmse": 1.9910514092523364,
          "smape": 1.0124716553287982,
          "rmsse": 1.1505374137775664
        }
      }
    }
  }
}