{
  "series_id": "FOODS_2_279_CA_1_validation",
  "run": "run_20260526_021333_335192_001_subset34590_ctx84_h64_emb8_ep20_steps100",
  "horizon": [
    1,
    2,
    3,
    4,
    5,
    6,
    7,
    8,
    9,
    10,
    11,
    12,
    13,
    14,
    15,
    16,
    17,
    18,
    19,
    20,
    21,
    22,
    23,
    24,
    25,
    26,
    27,
    28
  ],
  "actuals": [
    0.0,
    0.0,
    0.0,
    1.0,
    1.0,
    1.0,
    1.0,
    2.0,
    1.0,
    0.0,
    0.0,
    1.0,
    3.0,
    1.0,
    3.0,
    0.0,
    0.0,
    0.0,
    0.0,
    0.0,
    3.0,
    1.0,
    2.0,
    1.0,
    0.0,
    0.0,
    5.0,
    1.0
  ],
  "modes": {
    "mean": {
      "raw": {
        "forecast": [
          1.1077024,
          0.9784663,
          0.9670888,
          0.97820765,
          1.1254503,
          1.3110814,
          1.4429679,
          1.309786,
          1.2401122,
          1.2028847,
          1.1362062,
          1.2935327,
          1.5498283,
          1.5952826,
          1.4383197,
          1.285721,
          1.1432301,
          1.1305804,
          1.2395307,
          1.467035,
          1.4908897,
          1.2810296,
          1.1144857,
          1.0848323,
          1.0925264,
          1.2404181,
          1.5332909,
          1.5802872
        ],
        "metrics": {
          "mae": 0.9475413667304176,
          "mape": 0.3727851197123527,
          "rmse": 1.1625841236606245,
          "smape": 1.0906719315735744,
          "rmsse": 0.6436438836797558
        }
      },
      "rounded": {
        "forecast": [
          1.0,
          1.0,
          1.0,
          1.0,
          1.0,
          1.0,
          1.0,
          1.0,
          1.0,
          1.0,
          1.0,
          1.0,
          2.0,
          2.0,
          1.0,
          1.0,
          1.0,
          1.0,
          1.0,
          1.0,
          1.0,
          1.0,
          1.0,
          1.0,
          1.0,
          1.0,
          2.0,
          2.0
        ],
        "metrics": {
          "mae": 0.8571428571428571,
          "mape": 0.3291666666666666,
          "rmse": 1.1019463300386794,
          "smape": 1.0687074829931973,
          "rmsse": 0.6100728549771538
        }
      }
    },
    "sample-mean": {
      "raw": {
        "forecast": [
          1.07,
          0.73,
          0.94,
          0.81,
          0.9,
          1.18,
          1.4,
          1.4,
          1.18,
          1.03,
          1.05,
          1.37,
          1.41,
          1.35,
          1.49,
          1.17,
          1.01,
          1.09,
          1.25,
          1.47,
          1.31,
          0.9,
          1.02,
          1.07,
          0.64,
          0.94,
          1.19,
          1.13
        ],
        "metrics": {
          "mae": 0.8800000016178403,
          "mape": 0.3261666685342789,
          "rmse": 1.1554436357300757,
          "smape": 1.0819560512255018,
          "rmsse": 0.639690680389386
        }
      },
      "rounded": {
        "forecast": [
          1.0,
          1.0,
          1.0,
          1.0,
          1.0,
          1.0,
          1.0,
          1.0,
          1.0,
          1.0,
          1.0,
          1.0,
          1.0,
          1.0,
          1.0,
          1.0,
          1.0,
          1.0,
          1.0,
          1.0,
          1.0,
          1.0,
          1.0,
          1.0,
          1.0,
          1.0,
          1.0,
          1.0
        ],
        "metrics": {
          "mae": 0.8571428571428571,
          "mape": 0.2375,
          "rmse": 1.224744871391589,
          "smape": 1.0595238095238095,
          "rmsse": 0.6780580686559089
        }
      }
    },
    "p25": {
      "raw": {
        "forecast": [
          0.0,
          0.0,
          0.0,
          0.0,
          0.0,
          0.0,
          0.0,
          0.0,
          0.0,
          0.0,
          0.0,
          0.0,
          0.0,
          0.0,
          0.0,
          0.0,
          0.0,
          0.0,
          0.0,
          0.0,
          0.0,
          0.0,
          0.0,
          0.0,
          0.0,
          0.0,
          0.0,
          0.0
        ],
        "metrics": {
          "mae": 1.0,
          "mape": 1.0,
          "rmse": 1.5811388300841898,
          "smape": 1.1428571428571428,
          "rmsse": 0.8753692025553002
        }
      },
      "rounded": {
        "forecast": [
          0.0,
          0.0,
          0.0,
          0.0,
          0.0,
          0.0,
          0.0,
          0.0,
          0.0,
          0.0,
          0.0,
          0.0,
          0.0,
          0.0,
          0.0,
          0.0,
          0.0,
          0.0,
          0.0,
          0.0,
          0.0,
          0.0,
          0.0,
          0.0,
          0.0,
          0.0,
          0.0,
          0.0
        ],
        "metrics": {
          "mae": 1.0,
          "mape": 1.0,
          "rmse": 1.5811388300841898,
          "smape": 1.1428571428571428,
          "rmsse": 0.8753692025553002
        }
      }
    },
    "p50": {
      "raw": {
        "forecast": [
          1.0,
          0.0,
          0.5,
          0.0,
          0.0,
          1.0,
          1.0,
          1.0,
          1.0,
          1.0,
          0.0,
          1.0,
          1.0,
          1.0,
          1.0,
          0.0,
          0.0,
          0.0,
          1.0,
          1.0,
          1.0,
          1.0,
          1.0,
          1.0,
          0.0,
          1.0,
          1.0,
          1.0
        ],
        "metrics": {
          "mae": 0.6964285714285714,
          "mape": 0.3625,
          "rmse": 1.153411090139653,
          "smape": 0.7738095238095237,
          "rmsse": 0.6385653979165301
        }
      },
      "rounded": {
        "forecast": [
          1.0,
          0.0,
          0.0,
          0.0,
          0.0,
          1.0,
          1.0,
          1.0,
          1.0,
          1.0,
          0.0,
          1.0,
          1.0,
          1.0,
          1.0,
          0.0,
          0.0,
          0.0,
          1.0,
          1.0,
          1.0,
          1.0,
          1.0,
          1.0,
          0.0,
          1.0,
          1.0,
          1.0
        ],
        "metrics": {
          "mae": 0.6785714285714286,
          "mape": 0.3625,
          "rmse": 1.14953406710222,
          "smape": 0.7023809523809523,
          "rmsse": 0.6364189535310073
        }
      }
    },
    "p75": {
      "raw": {
        "forecast": [
          2.0,
          1.0,
          1.0,
          1.0,
          1.0,
          2.0,
          2.0,
          2.0,
          2.0,
          1.0,
          1.25,
          2.0,
          2.0,
          2.0,
          2.0,
          2.0,
          1.0,
          1.0,
          2.0,
          2.0,
          2.0,
          1.0,
          2.0,
          2.0,
          1.0,
          2.0,
          2.0,
          2.0
        ],
        "metrics": {
          "mae": 1.0803571428571428,
          "mape": 0.5375,
          "rmse": 1.2895528017772009,
          "smape": 1.097278911564626,
          "rmsse": 0.713937818910282
        }
      },
      "rounded": {
        "forecast": [
          2.0,
          1.0,
          1.0,
          1.0,
          1.0,
          2.0,
          2.0,
          2.0,
          2.0,
          1.0,
          1.0,
          2.0,
          2.0,
          2.0,
          2.0,
          2.0,
          1.0,
          1.0,
          2.0,
          2.0,
          2.0,
          1.0,
          2.0,
          2.0,
          1.0,
          2.0,
          2.0,
          2.0
        ],
        "metrics": {
          "mae": 1.0714285714285714,
          "mape": 0.5375,
          "rmse": 1.2817398889233114,
          "smape": 1.097278911564626,
          "rmsse": 0.7096123396010559
        }
      }
    }
  }
}