{
  "series_id": "FOODS_3_220_CA_3_validation",
  "run": "run_20260526_021333_335192_001_subset34590_ctx84_h64_emb8_ep20_steps100",
  "horizon": [
    1,
    2,
    3,
    4,
    5,
    6,
    7,
    8,
    9,
    10,
    11,
    12,
    13,
    14,
    15,
    16,
    17,
    18,
    19,
    20,
    21,
    22,
    23,
    24,
    25,
    26,
    27,
    28
  ],
  "actuals": [
    0.0,
    0.0,
    0.0,
    1.0,
    0.0,
    0.0,
    0.0,
    0.0,
    0.0,
    0.0,
    0.0,
    0.0,
    0.0,
    0.0,
    0.0,
    0.0,
    0.0,
    2.0,
    0.0,
    0.0,
    0.0,
    0.0,
    0.0,
    0.0,
    0.0,
    0.0,
    1.0,
    2.0
  ],
  "modes": {
    "mean": {
      "raw": {
        "forecast": [
          0.3380266,
          0.32652587,
          0.32653546,
          0.3216118,
          0.36506116,
          0.37356672,
          0.41882843,
          0.41109678,
          0.38483334,
          0.38516515,
          0.36919516,
          0.41121897,
          0.47206753,
          0.48678267,
          0.44084573,
          0.40572345,
          0.3697227,
          0.35646254,
          0.370411,
          0.43259805,
          0.4373144,
          0.38471714,
          0.3597088,
          0.34574375,
          0.34215873,
          0.37135658,
          0.42302144,
          0.43995404
        ],
        "metrics": {
          "mae": 0.4924340844154358,
          "mape": 0.7142896205186844,
          "rmse": 0.5854679196928122,
          "smape": 1.8753999037760296,
          "rmsse": 1.7500085095918452
        }
      },
      "rounded": {
        "forecast": [
          0.0,
          0.0,
          0.0,
          0.0,
          0.0,
          0.0,
          0.0,
          0.0,
          0.0,
          0.0,
          0.0,
          0.0,
          0.0,
          0.0,
          0.0,
          0.0,
          0.0,
          0.0,
          0.0,
          0.0,
          0.0,
          0.0,
          0.0,
          0.0,
          0.0,
          0.0,
          0.0,
          0.0
        ],
        "metrics": {
          "mae": 0.2142857142857142,
          "mape": 1.0,
          "rmse": 0.5976143046671968,
          "smape": 0.2857142857142857,
          "rmsse": 1.7863149857470284
        }
      }
    },
    "sample-mean": {
      "raw": {
        "forecast": [
          0.27,
          0.29,
          0.27,
          0.32,
          0.39,
          0.29,
          0.27,
          0.35,
          0.25,
          0.42,
          0.44,
          0.35,
          0.4,
          0.37,
          0.33,
          0.34,
          0.28,
          0.21,
          0.34,
          0.3,
          0.4,
          0.32,
          0.27,
          0.31,
          0.28,
          0.28,
          0.37,
          0.27
        ],
        "metrics": {
          "mae": 0.4514285725142274,
          "mape": 0.7675000000745058,
          "rmse": 0.5875615470371777,
          "smape": 1.8962196298925995,
          "rmsse": 1.7562665222776237
        }
      },
      "rounded": {
        "forecast": [
          0.0,
          0.0,
          0.0,
          0.0,
          0.0,
          0.0,
          0.0,
          0.0,
          0.0,
          0.0,
          0.0,
          0.0,
          0.0,
          0.0,
          0.0,
          0.0,
          0.0,
          0.0,
          0.0,
          0.0,
          0.0,
          0.0,
          0.0,
          0.0,
          0.0,
          0.0,
          0.0,
          0.0
        ],
        "metrics": {
          "mae": 0.2142857142857142,
          "mape": 1.0,
          "rmse": 0.5976143046671968,
          "smape": 0.2857142857142857,
          "rmsse": 1.7863149857470284
        }
      }
    },
    "p25": {
      "raw": {
        "forecast": [
          0.0,
          0.0,
          0.0,
          0.0,
          0.0,
          0.0,
          0.0,
          0.0,
          0.0,
          0.0,
          0.0,
          0.0,
          0.0,
          0.0,
          0.0,
          0.0,
          0.0,
          0.0,
          0.0,
          0.0,
          0.0,
          0.0,
          0.0,
          0.0,
          0.0,
          0.0,
          0.0,
          0.0
        ],
        "metrics": {
          "mae": 0.2142857142857142,
          "mape": 1.0,
          "rmse": 0.5976143046671968,
          "smape": 0.2857142857142857,
          "rmsse": 1.7863149857470284
        }
      },
      "rounded": {
        "forecast": [
          0.0,
          0.0,
          0.0,
          0.0,
          0.0,
          0.0,
          0.0,
          0.0,
          0.0,
          0.0,
          0.0,
          0.0,
          0.0,
          0.0,
          0.0,
          0.0,
          0.0,
          0.0,
          0.0,
          0.0,
          0.0,
          0.0,
          0.0,
          0.0,
          0.0,
          0.0,
          0.0,
          0.0
        ],
        "metrics": {
          "mae": 0.2142857142857142,
          "mape": 1.0,
          "rmse": 0.5976143046671968,
          "smape": 0.2857142857142857,
          "rmsse": 1.7863149857470284
        }
      }
    },
    "p50": {
      "raw": {
        "forecast": [
          0.0,
          0.0,
          0.0,
          0.0,
          0.0,
          0.0,
          0.0,
          0.0,
          0.0,
          0.0,
          0.0,
          0.0,
          0.0,
          0.0,
          0.0,
          0.0,
          0.0,
          0.0,
          0.0,
          0.0,
          0.0,
          0.0,
          0.0,
          0.0,
          0.0,
          0.0,
          0.0,
          0.0
        ],
        "metrics": {
          "mae": 0.2142857142857142,
          "mape": 1.0,
          "rmse": 0.5976143046671968,
          "smape": 0.2857142857142857,
          "rmsse": 1.7863149857470284
        }
      },
      "rounded": {
        "forecast": [
          0.0,
          0.0,
          0.0,
          0.0,
          0.0,
          0.0,
          0.0,
          0.0,
          0.0,
          0.0,
          0.0,
          0.0,
          0.0,
          0.0,
          0.0,
          0.0,
          0.0,
          0.0,
          0.0,
          0.0,
          0.0,
          0.0,
          0.0,
          0.0,
          0.0,
          0.0,
          0.0,
          0.0
        ],
        "metrics": {
          "mae": 0.2142857142857142,
          "mape": 1.0,
          "rmse": 0.5976143046671968,
          "smape": 0.2857142857142857,
          "rmsse": 1.7863149857470284
        }
      }
    },
    "p75": {
      "raw": {
        "forecast": [
          0.25,
          0.0,
          0.0,
          1.0,
          1.0,
          0.0,
          1.0,
          1.0,
          0.0,
          1.0,
          1.0,
          1.0,
          1.0,
          0.25,
          1.0,
          0.0,
          0.0,
          0.0,
          0.0,
          0.0,
          1.0,
          0.0,
          0.0,
          0.25,
          0.0,
          0.0,
          1.0,
          0.0
        ],
        "metrics": {
          "mae": 0.4910714285714285,
          "mape": 0.5,
          "rmse": 0.7834789631600109,
          "smape": 1.0,
          "rmsse": 2.341878703338027
        }
      },
      "rounded": {
        "forecast": [
          0.0,
          0.0,
          0.0,
          1.0,
          1.0,
          0.0,
          1.0,
          1.0,
          0.0,
          1.0,
          1.0,
          1.0,
          1.0,
          0.0,
          1.0,
          0.0,
          0.0,
          0.0,
          0.0,
          0.0,
          1.0,
          0.0,
          0.0,
          0.0,
          0.0,
          0.0,
          1.0,
          0.0
        ],
        "metrics": {
          "mae": 0.4642857142857143,
          "mape": 0.5,
          "rmse": 0.7791937224739796,
          "smape": 0.7857142857142857,
          "rmsse": 2.3290697903063124
        }
      }
    }
  }
}