{
  "series_id": "FOODS_1_171_TX_1_validation",
  "run": "run_20260526_021333_335192_001_subset34590_ctx84_h64_emb8_ep20_steps100",
  "horizon": [
    1,
    2,
    3,
    4,
    5,
    6,
    7,
    8,
    9,
    10,
    11,
    12,
    13,
    14,
    15,
    16,
    17,
    18,
    19,
    20,
    21,
    22,
    23,
    24,
    25,
    26,
    27,
    28
  ],
  "actuals": [
    0.0,
    0.0,
    1.0,
    0.0,
    1.0,
    1.0,
    0.0,
    0.0,
    3.0,
    1.0,
    0.0,
    0.0,
    0.0,
    0.0,
    0.0,
    1.0,
    0.0,
    0.0,
    1.0,
    1.0,
    0.0,
    1.0,
    0.0,
    0.0,
    0.0,
    0.0,
    1.0,
    0.0
  ],
  "modes": {
    "mean": {
      "raw": {
        "forecast": [
          0.7513612,
          0.76395464,
          0.7942514,
          0.80767155,
          0.8703003,
          0.8533767,
          0.9120537,
          0.8287809,
          0.8547459,
          0.85347,
          0.8408223,
          0.9325486,
          1.0373076,
          0.94951653,
          0.9127461,
          0.8629207,
          0.9067919,
          0.9293274,
          0.9931199,
          1.0464513,
          1.0519829,
          0.9034621,
          0.88267994,
          0.89619005,
          0.9084235,
          0.97492933,
          1.0663913,
          1.0333046
        ],
        "metrics": {
          "mae": 0.6945567258766719,
          "mape": 0.1697026272614797,
          "rmse": 0.8380209878341374,
          "smape": 1.3629492080245311,
          "rmsse": 0.6840028181698579
        }
      },
      "rounded": {
        "forecast": [
          1.0,
          1.0,
          1.0,
          1.0,
          1.0,
          1.0,
          1.0,
          1.0,
          1.0,
          1.0,
          1.0,
          1.0,
          1.0,
          1.0,
          1.0,
          1.0,
          1.0,
          1.0,
          1.0,
          1.0,
          1.0,
          1.0,
          1.0,
          1.0,
          1.0,
          1.0,
          1.0,
          1.0
        ],
        "metrics": {
          "mae": 0.7142857142857143,
          "mape": 0.0666666666666666,
          "rmse": 0.8864052604279183,
          "smape": 1.3214285714285714,
          "rmsse": 0.7234946438994002
        }
      }
    },
    "sample-mean": {
      "raw": {
        "forecast": [
          0.93,
          0.87,
          0.66,
          0.61,
          0.82,
          0.95,
          0.76,
          0.71,
          0.97,
          0.98,
          0.77,
          0.9,
          1.32,
          0.78,
          0.71,
          0.87,
          0.86,
          0.88,
          1.02,
          1.09,
          1.08,
          1.13,
          0.81,
          0.86,
          0.8,
          0.79,
          0.88,
          0.78
        ],
        "metrics": {
          "mae": 0.6546428565468106,
          "mape": 0.1756666640440622,
          "rmse": 0.7930614280796087,
          "smape": 1.3641529969856008,
          "rmsse": 0.647306284285601
        }
      },
      "rounded": {
        "forecast": [
          1.0,
          1.0,
          1.0,
          1.0,
          1.0,
          1.0,
          1.0,
          1.0,
          1.0,
          1.0,
          1.0,
          1.0,
          1.0,
          1.0,
          1.0,
          1.0,
          1.0,
          1.0,
          1.0,
          1.0,
          1.0,
          1.0,
          1.0,
          1.0,
          1.0,
          1.0,
          1.0,
          1.0
        ],
        "metrics": {
          "mae": 0.7142857142857143,
          "mape": 0.0666666666666666,
          "rmse": 0.8864052604279183,
          "smape": 1.3214285714285714,
          "rmsse": 0.7234946438994002
        }
      }
    },
    "p25": {
      "raw": {
        "forecast": [
          0.0,
          0.0,
          0.0,
          0.0,
          0.0,
          0.0,
          0.0,
          0.0,
          0.0,
          0.0,
          0.0,
          0.0,
          0.0,
          0.0,
          0.0,
          0.0,
          0.0,
          0.0,
          0.0,
          0.0,
          0.0,
          0.0,
          0.0,
          0.0,
          0.0,
          0.0,
          0.0,
          0.0
        ],
        "metrics": {
          "mae": 0.4285714285714285,
          "mape": 1.0,
          "rmse": 0.8017837257372732,
          "smape": 0.7142857142857143,
          "rmsse": 0.6544255286307554
        }
      },
      "rounded": {
        "forecast": [
          0.0,
          0.0,
          0.0,
          0.0,
          0.0,
          0.0,
          0.0,
          0.0,
          0.0,
          0.0,
          0.0,
          0.0,
          0.0,
          0.0,
          0.0,
          0.0,
          0.0,
          0.0,
          0.0,
          0.0,
          0.0,
          0.0,
          0.0,
          0.0,
          0.0,
          0.0,
          0.0,
          0.0
        ],
        "metrics": {
          "mae": 0.4285714285714285,
          "mape": 1.0,
          "rmse": 0.8017837257372732,
          "smape": 0.7142857142857143,
          "rmsse": 0.6544255286307554
        }
      }
    },
    "p50": {
      "raw": {
        "forecast": [
          1.0,
          0.0,
          0.0,
          0.0,
          0.0,
          0.0,
          0.0,
          0.0,
          1.0,
          1.0,
          0.0,
          1.0,
          1.0,
          0.0,
          0.0,
          0.0,
          0.0,
          0.0,
          1.0,
          1.0,
          1.0,
          1.0,
          0.0,
          0.0,
          0.0,
          0.0,
          0.0,
          0.0
        ],
        "metrics": {
          "mae": 0.3928571428571428,
          "mape": 0.5666666666666667,
          "rmse": 0.6813851438692469,
          "smape": 0.6785714285714286,
          "rmsse": 0.5561547567802492
        }
      },
      "rounded": {
        "forecast": [
          1.0,
          0.0,
          0.0,
          0.0,
          0.0,
          0.0,
          0.0,
          0.0,
          1.0,
          1.0,
          0.0,
          1.0,
          1.0,
          0.0,
          0.0,
          0.0,
          0.0,
          0.0,
          1.0,
          1.0,
          1.0,
          1.0,
          0.0,
          0.0,
          0.0,
          0.0,
          0.0,
          0.0
        ],
        "metrics": {
          "mae": 0.3928571428571428,
          "mape": 0.5666666666666667,
          "rmse": 0.6813851438692469,
          "smape": 0.6785714285714286,
          "rmsse": 0.5561547567802492
        }
      }
    },
    "p75": {
      "raw": {
        "forecast": [
          2.0,
          1.0,
          1.0,
          1.0,
          1.0,
          1.0,
          1.0,
          1.0,
          1.0,
          1.0,
          1.0,
          1.0,
          2.0,
          1.0,
          1.0,
          1.0,
          1.25,
          1.0,
          2.0,
          2.0,
          2.0,
          2.0,
          1.0,
          1.0,
          1.0,
          1.0,
          1.0,
          1.0
        ],
        "metrics": {
          "mae": 0.9375,
          "mape": 0.3666666666666666,
          "rmse": 1.1110243021644486,
          "smape": 1.3928571428571428,
          "rmsse": 0.9068314096759732
        }
      },
      "rounded": {
        "forecast": [
          2.0,
          1.0,
          1.0,
          1.0,
          1.0,
          1.0,
          1.0,
          1.0,
          1.0,
          1.0,
          1.0,
          1.0,
          2.0,
          1.0,
          1.0,
          1.0,
          1.0,
          1.0,
          2.0,
          2.0,
          2.0,
          2.0,
          1.0,
          1.0,
          1.0,
          1.0,
          1.0,
          1.0
        ],
        "metrics": {
          "mae": 0.9285714285714286,
          "mape": 0.3666666666666666,
          "rmse": 1.1019463300386794,
          "smape": 1.3928571428571428,
          "rmsse": 0.8994218595484262
        }
      }
    }
  }
}