{
  "series_id": "FOODS_3_401_WI_2_validation",
  "run": "run_20260526_021333_335192_001_subset34590_ctx84_h64_emb8_ep20_steps100",
  "horizon": [
    1,
    2,
    3,
    4,
    5,
    6,
    7,
    8,
    9,
    10,
    11,
    12,
    13,
    14,
    15,
    16,
    17,
    18,
    19,
    20,
    21,
    22,
    23,
    24,
    25,
    26,
    27,
    28
  ],
  "actuals": [
    1.0,
    3.0,
    0.0,
    1.0,
    1.0,
    5.0,
    2.0,
    4.0,
    5.0,
    0.0,
    0.0,
    0.0,
    0.0,
    0.0,
    0.0,
    4.0,
    2.0,
    2.0,
    5.0,
    0.0,
    0.0,
    0.0,
    0.0,
    0.0,
    0.0,
    1.0,
    7.0,
    4.0
  ],
  "modes": {
    "mean": {
      "raw": {
        "forecast": [
          1.6858186,
          1.5493017,
          1.6097733,
          1.6171156,
          1.6444254,
          1.5985892,
          1.7006891,
          1.833735,
          1.917345,
          1.7883832,
          1.845739,
          2.087173,
          2.1711977,
          2.4198835,
          2.2543876,
          2.0666692,
          2.1081035,
          2.1517088,
          2.0868762,
          2.5390782,
          2.6327004,
          2.0671885,
          1.9461064,
          1.8857571,
          1.9082477,
          1.9064852,
          2.1281796,
          2.3931992
        ],
        "metrics": {
          "mae": 1.8569531653608595,
          "mape": 0.5079322603013781,
          "rmse": 2.125219318537084,
          "smape": 1.239755404491646,
          "rmsse": 1.0385150263826577
        }
      },
      "rounded": {
        "forecast": [
          2.0,
          2.0,
          2.0,
          2.0,
          2.0,
          2.0,
          2.0,
          2.0,
          2.0,
          2.0,
          2.0,
          2.0,
          2.0,
          2.0,
          2.0,
          2.0,
          2.0,
          2.0,
          2.0,
          3.0,
          3.0,
          2.0,
          2.0,
          2.0,
          2.0,
          2.0,
          2.0,
          2.0
        ],
        "metrics": {
          "mae": 1.8928571428571428,
          "mape": 0.5565079365079365,
          "rmse": 2.163000561389532,
          "smape": 1.2410430839002269,
          "rmsse": 1.056977303699376
        }
      }
    },
    "sample-mean": {
      "raw": {
        "forecast": [
          1.68,
          1.57,
          1.42,
          1.95,
          1.54,
          1.59,
          1.3,
          1.53,
          1.35,
          2.06,
          1.21,
          1.86,
          1.96,
          2.37,
          1.72,
          1.64,
          1.55,
          2.16,
          1.54,
          2.09,
          2.28,
          1.4,
          1.63,
          1.63,
          1.5,
          1.45,
          1.67,
          1.74
        ],
        "metrics": {
          "mae": 1.8367857124124252,
          "mape": 0.5593063551092904,
          "rmse": 2.149934379396831,
          "smape": 1.2969416219814882,
          "rmsse": 1.0505923502884449
        }
      },
      "rounded": {
        "forecast": [
          2.0,
          2.0,
          1.0,
          2.0,
          2.0,
          2.0,
          1.0,
          2.0,
          1.0,
          2.0,
          1.0,
          2.0,
          2.0,
          2.0,
          2.0,
          2.0,
          2.0,
          2.0,
          2.0,
          2.0,
          2.0,
          1.0,
          2.0,
          2.0,
          2.0,
          1.0,
          2.0,
          2.0
        ],
        "metrics": {
          "mae": 1.75,
          "mape": 0.5365079365079365,
          "rmse": 2.0615528128088303,
          "smape": 1.258049886621315,
          "rmsse": 1.0074035912948274
        }
      }
    },
    "p25": {
      "raw": {
        "forecast": [
          0.0,
          0.0,
          0.0,
          0.0,
          0.0,
          0.0,
          0.0,
          0.0,
          0.0,
          0.0,
          0.0,
          0.0,
          0.0,
          1.0,
          0.0,
          0.0,
          0.0,
          1.0,
          0.0,
          0.0,
          0.0,
          0.0,
          0.0,
          0.0,
          0.0,
          0.0,
          0.75,
          0.0
        ],
        "metrics": {
          "mae": 1.6517857142857142,
          "mape": 0.9595238095238094,
          "rmse": 2.570870475150392,
          "smape": 1.0814132104454683,
          "rmsse": 1.2562880433277106
        }
      },
      "rounded": {
        "forecast": [
          0.0,
          0.0,
          0.0,
          0.0,
          0.0,
          0.0,
          0.0,
          0.0,
          0.0,
          0.0,
          0.0,
          0.0,
          0.0,
          1.0,
          0.0,
          0.0,
          0.0,
          1.0,
          0.0,
          0.0,
          0.0,
          0.0,
          0.0,
          0.0,
          0.0,
          0.0,
          1.0,
          0.0
        ],
        "metrics": {
          "mae": 1.6428571428571428,
          "mape": 0.9571428571428572,
          "rmse": 2.549509756796392,
          "smape": 1.0773809523809523,
          "rmsse": 1.2458498608815685
        }
      }
    },
    "p50": {
      "raw": {
        "forecast": [
          1.0,
          1.0,
          1.0,
          2.0,
          1.0,
          1.0,
          1.0,
          1.0,
          1.0,
          1.0,
          1.0,
          1.0,
          1.5,
          2.0,
          1.0,
          1.0,
          1.0,
          2.0,
          1.0,
          2.0,
          2.0,
          1.0,
          1.0,
          1.0,
          1.0,
          1.0,
          1.0,
          1.0
        ],
        "metrics": {
          "mae": 1.7321428571428572,
          "mape": 0.5449206349206349,
          "rmse": 2.2460282405043035,
          "smape": 1.3607142857142858,
          "rmsse": 1.097549818551971
        }
      },
      "rounded": {
        "forecast": [
          1.0,
          1.0,
          1.0,
          2.0,
          1.0,
          1.0,
          1.0,
          1.0,
          1.0,
          1.0,
          1.0,
          1.0,
          2.0,
          2.0,
          1.0,
          1.0,
          1.0,
          2.0,
          1.0,
          2.0,
          2.0,
          1.0,
          1.0,
          1.0,
          1.0,
          1.0,
          1.0,
          1.0
        ],
        "metrics": {
          "mae": 1.75,
          "mape": 0.5449206349206349,
          "rmse": 2.2598988599366248,
          "smape": 1.3607142857142858,
          "rmsse": 1.1043278703888124
        }
      }
    },
    "p75": {
      "raw": {
        "forecast": [
          3.0,
          2.0,
          2.0,
          3.0,
          2.0,
          2.0,
          2.0,
          2.0,
          2.0,
          3.0,
          2.0,
          3.0,
          3.0,
          3.0,
          3.0,
          2.0,
          2.0,
          3.0,
          2.0,
          3.0,
          3.0,
          2.0,
          2.0,
          3.0,
          2.0,
          2.0,
          2.25,
          2.0
        ],
        "metrics": {
          "mae": 2.205357142857143,
          "mape": 0.7207936507936509,
          "rmse": 2.431655080099032,
          "smape": 1.2761353189924616,
          "rmsse": 1.188258697648623
        }
      },
      "rounded": {
        "forecast": [
          3.0,
          2.0,
          2.0,
          3.0,
          2.0,
          2.0,
          2.0,
          2.0,
          2.0,
          3.0,
          2.0,
          3.0,
          3.0,
          3.0,
          3.0,
          2.0,
          2.0,
          3.0,
          2.0,
          3.0,
          3.0,
          2.0,
          2.0,
          3.0,
          2.0,
          2.0,
          2.0,
          2.0
        ],
        "metrics": {
          "mae": 2.2142857142857144,
          "mape": 0.7231746031746032,
          "rmse": 2.449489742783178,
          "smape": 1.2791383219954648,
          "rmsse": 1.1969738288477414
        }
      }
    }
  }
}