{
  "series_id": "FOODS_3_714_CA_3_validation",
  "run": "run_20260526_021333_335192_001_subset34590_ctx84_h64_emb8_ep20_steps100",
  "horizon": [
    1,
    2,
    3,
    4,
    5,
    6,
    7,
    8,
    9,
    10,
    11,
    12,
    13,
    14,
    15,
    16,
    17,
    18,
    19,
    20,
    21,
    22,
    23,
    24,
    25,
    26,
    27,
    28
  ],
  "actuals": [
    35.0,
    31.0,
    28.0,
    35.0,
    39.0,
    42.0,
    51.0,
    29.0,
    32.0,
    44.0,
    37.0,
    25.0,
    35.0,
    35.0,
    36.0,
    29.0,
    23.0,
    15.0,
    31.0,
    29.0,
    27.0,
    23.0,
    30.0,
    35.0,
    19.0,
    26.0,
    19.0,
    30.0
  ],
  "modes": {
    "mean": {
      "raw": {
        "forecast": [
          29.98498,
          26.559454,
          26.095264,
          26.526638,
          30.691313,
          34.770733,
          38.437855,
          34.700836,
          32.534363,
          32.293663,
          31.408405,
          36.762882,
          42.932682,
          40.187447,
          35.570457,
          32.81638,
          29.595568,
          29.125448,
          32.720543,
          38.823208,
          39.70455,
          31.124395,
          27.60337,
          27.143116,
          27.7499,
          31.603172,
          38.655804,
          38.620605
        ],
        "metrics": {
          "mae": 7.377590588160923,
          "mape": 0.2712941058830789,
          "rmse": 8.555351313998804,
          "smape": 0.2371399628553351,
          "rmsse": 0.7820812674971979
        }
      },
      "rounded": {
        "forecast": [
          30.0,
          27.0,
          26.0,
          27.0,
          31.0,
          35.0,
          38.0,
          35.0,
          33.0,
          32.0,
          31.0,
          37.0,
          43.0,
          40.0,
          36.0,
          33.0,
          30.0,
          29.0,
          33.0,
          39.0,
          40.0,
          31.0,
          28.0,
          27.0,
          28.0,
          32.0,
          39.0,
          39.0
        ],
        "metrics": {
          "mae": 7.464285714285714,
          "mape": 0.2746299065930073,
          "rmse": 8.670557734573448,
          "smape": 0.2393027983760053,
          "rmsse": 0.7926127793100913
        }
      }
    },
    "sample-mean": {
      "raw": {
        "forecast": [
          30.85,
          26.33,
          25.19,
          26.37,
          29.24,
          34.45,
          37.05,
          34.7,
          33.36,
          32.35,
          32.14,
          37.08,
          41.83,
          41.58,
          38.07,
          33.37,
          30.48,
          30.38,
          31.53,
          37.16,
          41.46,
          30.87,
          27.75,
          25.84,
          26.84,
          30.3,
          37.51,
          37.5
        ],
        "metrics": {
          "mae": 7.516428674970355,
          "mape": 0.274824946328105,
          "rmse": 8.700135081240093,
          "smape": 0.2415879511370902,
          "rmsse": 0.795316571114924
        }
      },
      "rounded": {
        "forecast": [
          31.0,
          26.0,
          25.0,
          26.0,
          29.0,
          34.0,
          37.0,
          35.0,
          33.0,
          32.0,
          32.0,
          37.0,
          42.0,
          42.0,
          38.0,
          33.0,
          30.0,
          30.0,
          32.0,
          37.0,
          41.0,
          31.0,
          28.0,
          26.0,
          27.0,
          30.0,
          38.0,
          38.0
        ],
        "metrics": {
          "mae": 7.571428571428571,
          "mape": 0.2758907533046387,
          "rmse": 8.758669174839618,
          "smape": 0.2432254317408535,
          "rmsse": 0.8006674230477032
        }
      }
    },
    "p25": {
      "raw": {
        "forecast": [
          21.75,
          20.75,
          18.0,
          18.0,
          18.0,
          24.0,
          27.0,
          24.0,
          23.75,
          23.0,
          21.75,
          26.0,
          29.75,
          31.75,
          27.75,
          25.0,
          19.0,
          20.0,
          21.0,
          24.0,
          29.0,
          21.0,
          18.0,
          18.0,
          18.75,
          20.0,
          27.75,
          25.0
        ],
        "metrics": {
          "mae": 9.348214285714286,
          "mape": 0.2814077416484614,
          "rmse": 11.40968025719514,
          "smape": 0.3341804015010153,
          "rmsse": 1.0430076883790933
        }
      },
      "rounded": {
        "forecast": [
          22.0,
          21.0,
          18.0,
          18.0,
          18.0,
          24.0,
          27.0,
          24.0,
          24.0,
          23.0,
          22.0,
          26.0,
          30.0,
          32.0,
          28.0,
          25.0,
          19.0,
          20.0,
          21.0,
          24.0,
          29.0,
          21.0,
          18.0,
          18.0,
          19.0,
          20.0,
          28.0,
          25.0
        ],
        "metrics": {
          "mae": 9.285714285714286,
          "mape": 0.2795860706213613,
          "rmse": 11.367246179892724,
          "smape": 0.3315794186809468,
          "rmsse": 1.039128607819602
        }
      }
    },
    "p50": {
      "raw": {
        "forecast": [
          31.0,
          25.0,
          23.0,
          24.5,
          28.0,
          33.0,
          35.0,
          32.0,
          31.0,
          30.0,
          30.0,
          36.0,
          40.0,
          40.5,
          35.5,
          31.0,
          28.0,
          29.0,
          31.5,
          35.0,
          37.0,
          29.0,
          29.0,
          24.0,
          24.0,
          29.5,
          36.0,
          33.0
        ],
        "metrics": {
          "mae": 6.875,
          "mape": 0.2430896797206427,
          "rmse": 8.305011395881062,
          "smape": 0.2257443292795483,
          "rmsse": 0.7591966245081587
        }
      },
      "rounded": {
        "forecast": [
          31.0,
          25.0,
          23.0,
          24.0,
          28.0,
          33.0,
          35.0,
          32.0,
          31.0,
          30.0,
          30.0,
          36.0,
          40.0,
          40.0,
          36.0,
          31.0,
          28.0,
          29.0,
          32.0,
          35.0,
          37.0,
          29.0,
          29.0,
          24.0,
          24.0,
          30.0,
          36.0,
          33.0
        ],
        "metrics": {
          "mae": 6.892857142857143,
          "mape": 0.2438564980277836,
          "rmse": 8.325949109346547,
          "smape": 0.2266753715312474,
          "rmsse": 0.7611106304775906
        }
      }
    },
    "p75": {
      "raw": {
        "forecast": [
          37.5,
          32.25,
          31.25,
          32.0,
          37.0,
          44.0,
          45.0,
          45.0,
          43.0,
          38.5,
          38.0,
          46.25,
          50.0,
          53.25,
          46.0,
          41.0,
          37.25,
          38.0,
          38.25,
          46.25,
          50.0,
          37.25,
          33.0,
          33.0,
          33.0,
          39.0,
          46.25,
          49.0
        ],
        "metrics": {
          "mae": 10.973214285714286,
          "mape": 0.4279892880799983,
          "rmse": 13.401842224112324,
          "smape": 0.316266960882573,
          "rmsse": 1.2251197371966505
        }
      },
      "rounded": {
        "forecast": [
          38.0,
          32.0,
          31.0,
          32.0,
          37.0,
          44.0,
          45.0,
          45.0,
          43.0,
          38.0,
          38.0,
          46.0,
          50.0,
          53.0,
          46.0,
          41.0,
          37.0,
          38.0,
          38.0,
          46.0,
          50.0,
          37.0,
          33.0,
          33.0,
          33.0,
          39.0,
          46.0,
          49.0
        ],