{
  "series_id": "FOODS_3_337_TX_2_validation",
  "run": "run_20260526_021333_335192_001_subset34590_ctx84_h64_emb8_ep20_steps100",
  "horizon": [
    1,
    2,
    3,
    4,
    5,
    6,
    7,
    8,
    9,
    10,
    11,
    12,
    13,
    14,
    15,
    16,
    17,
    18,
    19,
    20,
    21,
    22,
    23,
    24,
    25,
    26,
    27,
    28
  ],
  "actuals": [
    0.0,
    0.0,
    0.0,
    0.0,
    0.0,
    0.0,
    0.0,
    0.0,
    0.0,
    0.0,
    0.0,
    0.0,
    0.0,
    0.0,
    0.0,
    0.0,
    1.0,
    0.0,
    0.0,
    0.0,
    3.0,
    3.0,
    0.0,
    0.0,
    1.0,
    1.0,
    2.0,
    1.0
  ],
  "modes": {
    "mean": {
      "raw": {
        "forecast": [
          0.36599717,
          0.35125333,
          0.33609134,
          0.3294484,
          0.34809923,
          0.35540533,
          0.42469922,
          0.38396943,
          0.36801904,
          0.33572263,
          0.31929833,
          0.37259126,
          0.49186426,
          0.4610516,
          0.45196274,
          0.36811724,
          0.3598279,
          0.35816342,
          0.39538446,
          0.47198775,
          0.54049647,
          0.4279192,
          0.36351022,
          0.3388762,
          0.32979935,
          0.35045108,
          0.42431378,
          0.46431288
        ],
        "metrics": {
          "mae": 0.6105139968650681,
          "mape": 0.708663808447974,
          "rmse": 0.8410682946031907,
          "smape": 1.7797526837644513,
          "rmsse": 1.8866155406113712
        }
      },
      "rounded": {
        "forecast": [
          0.0,
          0.0,
          0.0,
          0.0,
          0.0,
          0.0,
          0.0,
          0.0,
          0.0,
          0.0,
          0.0,
          0.0,
          0.0,
          0.0,
          0.0,
          0.0,
          0.0,
          0.0,
          0.0,
          0.0,
          1.0,
          0.0,
          0.0,
          0.0,
          0.0,
          0.0,
          0.0,
          0.0
        ],
        "metrics": {
          "mae": 0.3928571428571428,
          "mape": 0.9523809523809524,
          "rmse": 0.8660254037844386,
          "smape": 0.4642857142857143,
          "rmsse": 1.9425972847006443
        }
      }
    },
    "sample-mean": {
      "raw": {
        "forecast": [
          0.35,
          0.26,
          0.45,
          0.33,
          0.31,
          0.24,
          0.4,
          0.28,
          0.27,
          0.19,
          0.26,
          0.23,
          0.41,
          0.53,
          0.45,
          0.29,
          0.23,
          0.3,
          0.32,
          0.42,
          0.46,
          0.28,
          0.38,
          0.26,
          0.23,
          0.37,
          0.35,
          0.46
        ],
        "metrics": {
          "mae": 0.5910714247397014,
          "mape": 0.7554761873824256,
          "rmse": 0.8636777646464787,
          "smape": 1.810517823046485,
          "rmsse": 1.93733125278642
        }
      },
      "rounded": {
        "forecast": [
          0.0,
          0.0,
          0.0,
          0.0,
          0.0,
          0.0,
          0.0,
          0.0,
          0.0,
          0.0,
          0.0,
          0.0,
          0.0,
          1.0,
          0.0,
          0.0,
          0.0,
          0.0,
          0.0,
          0.0,
          0.0,
          0.0,
          0.0,
          0.0,
          0.0,
          0.0,
          0.0,
          0.0
        ],
        "metrics": {
          "mae": 0.4642857142857143,
          "mape": 1.0,
          "rmse": 0.9819805060619656,
          "smape": 0.5714285714285714,
          "rmsse": 2.2026982769431043
        }
      }
    },
    "p25": {
      "raw": {
        "forecast": [
          0.0,
          0.0,
          0.0,
          0.0,
          0.0,
          0.0,
          0.0,
          0.0,
          0.0,
          0.0,
          0.0,
          0.0,
          0.0,
          0.0,
          0.0,
          0.0,
          0.0,
          0.0,
          0.0,
          0.0,
          0.0,
          0.0,
          0.0,
          0.0,
          0.0,
          0.0,
          0.0,
          0.0
        ],
        "metrics": {
          "mae": 0.4285714285714285,
          "mape": 1.0,
          "rmse": 0.9636241116594316,
          "smape": 0.5,
          "rmsse": 2.1615227158482093
        }
      },
      "rounded": {
        "forecast": [
          0.0,
          0.0,
          0.0,
          0.0,
          0.0,
          0.0,
          0.0,
          0.0,
          0.0,
          0.0,
          0.0,
          0.0,
          0.0,
          0.0,
          0.0,
          0.0,
          0.0,
          0.0,
          0.0,
          0.0,
          0.0,
          0.0,
          0.0,
          0.0,
          0.0,
          0.0,
          0.0,
          0.0
        ],
        "metrics": {
          "mae": 0.4285714285714285,
          "mape": 1.0,
          "rmse": 0.9636241116594316,
          "smape": 0.5,
          "rmsse": 2.1615227158482093
        }
      }
    },
    "p50": {
      "raw": {
        "forecast": [
          0.0,
          0.0,
          0.0,
          0.0,
          0.0,
          0.0,
          0.0,
          0.0,
          0.0,
          0.0,
          0.0,
          0.0,
          0.0,
          0.0,
          0.0,
          0.0,
          0.0,
          0.0,
          0.0,
          0.0,
          0.0,
          0.0,
          0.0,
          0.0,
          0.0,
          0.0,
          0.0,
          0.0
        ],
        "metrics": {
          "mae": 0.4285714285714285,
          "mape": 1.0,
          "rmse": 0.9636241116594316,
          "smape": 0.5,
          "rmsse": 2.1615227158482093
        }
      },
      "rounded": {
        "forecast": [
          0.0,
          0.0,
          0.0,
          0.0,
          0.0,
          0.0,
          0.0,
          0.0,
          0.0,
          0.0,
          0.0,
          0.0,
          0.0,
          0.0,
          0.0,
          0.0,
          0.0,
          0.0,
          0.0,
          0.0,
          0.0,
          0.0,
          0.0,
          0.0,
          0.0,
          0.0,
          0.0,
          0.0
        ],
        "metrics": {
          "mae": 0.4285714285714285,
          "mape": 1.0,
          "rmse": 0.9636241116594316,
          "smape": 0.5,
          "rmsse": 2.1615227158482093
        }
      }
    },
    "p75": {
      "raw": {
        "forecast": [
          1.0,
          0.0,
          1.0,
          1.0,
          0.0,
          0.0,
          1.0,
          0.0,
          0.0,
          0.0,
          0.0,
          0.0,
          1.0,
          1.0,
          1.0,
          0.0,
          0.0,
          0.0,
          0.25,
          1.0,
          1.0,
          0.0,
          1.0,
          0.0,
          0.0,
          1.0,
          1.0,
          1.0
        ],
        "metrics": {
          "mae": 0.6160714285714286,
          "mape": 0.5952380952380951,
          "rmse": 0.946091584210686,
          "smape": 0.988095238095238,
          "rmsse": 2.1221951856544763
        }
      },
      "rounded": {
        "forecast": [
          1.0,
          0.0,
          1.0,
          1.0,
          0.0,
          0.0,
          1.0,
          0.0,
          0.0,
          0.0,
          0.0,
          0.0,
          1.0,
          1.0,
          1.0,
          0.0,
          0.0,
          0.0,
          0.0,
          1.0,
          1.0,
          0.0,
          1.0,
          0.0,
          0.0,
          1.0,
          1.0,
          1.0
        ],
        "metrics": {
          "mae": 0.6071428571428571,
          "mape": 0.5952380952380951,
          "rmse": 0.944911182523068,
          "smape": 0.9166666666666669,
          "rmsse": 2.1195474052277103
        }
      }
    }
  }
}