{
  "series_id": "HOBBIES_1_055_WI_1_validation",
  "run": "run_20260526_021333_335192_001_subset34590_ctx84_h64_emb8_ep20_steps100",
  "horizon": [
    1,
    2,
    3,
    4,
    5,
    6,
    7,
    8,
    9,
    10,
    11,
    12,
    13,
    14,
    15,
    16,
    17,
    18,
    19,
    20,
    21,
    22,
    23,
    24,
    25,
    26,
    27,
    28
  ],
  "actuals": [
    0.0,
    0.0,
    2.0,
    0.0,
    0.0,
    0.0,
    0.0,
    2.0,
    0.0,
    0.0,
    0.0,
    0.0,
    0.0,
    0.0,
    0.0,
    1.0,
    1.0,
    0.0,
    0.0,
    0.0,
    0.0,
    0.0,
    1.0,
    1.0,
    0.0,
    0.0,
    0.0,
    1.0
  ],
  "modes": {
    "mean": {
      "raw": {
        "forecast": [
          0.29499054,
          0.2588174,
          0.26409313,
          0.28389668,
          0.34027168,
          0.37678486,
          0.34150565,
          0.30711007,
          0.28394955,
          0.26423955,
          0.26238963,
          0.33667716,
          0.39668125,
          0.367525,
          0.3071656,
          0.26583347,
          0.27567852,
          0.29525143,
          0.33143997,
          0.41245654,
          0.40817505,
          0.30075482,
          0.26908776,
          0.27196866,
          0.29281616,
          0.34275562,
          0.41682807,
          0.39750502
        ],
        "metrics": {
          "mae": 0.4951462713735444,
          "mape": 0.747760710971696,
          "rmse": 0.618169549660638,
          "smape": 1.8019775093254589,
          "rmsse": 0.8616958535660283
        }
      },
      "rounded": {
        "forecast": [
          0.0,
          0.0,
          0.0,
          0.0,
          0.0,
          0.0,
          0.0,
          0.0,
          0.0,
          0.0,
          0.0,
          0.0,
          0.0,
          0.0,
          0.0,
          0.0,
          0.0,
          0.0,
          0.0,
          0.0,
          0.0,
          0.0,
          0.0,
          0.0,
          0.0,
          0.0,
          0.0,
          0.0
        ],
        "metrics": {
          "mae": 0.3214285714285714,
          "mape": 1.0,
          "rmse": 0.6813851438692469,
          "smape": 0.5,
          "rmsse": 0.9498150684969082
        }
      }
    },
    "sample-mean": {
      "raw": {
        "forecast": [
          0.32,
          0.16,
          0.18,
          0.3,
          0.39,
          0.36,
          0.28,
          0.2,
          0.18,
          0.15,
          0.24,
          0.25,
          0.38,
          0.42,
          0.32,
          0.25,
          0.26,
          0.29,
          0.46,
          0.37,
          0.44,
          0.28,
          0.18,
          0.18,
          0.23,
          0.44,
          0.43,
          0.4
        ],
        "metrics": {
          "mae": 0.5014285705983639,
          "mape": 0.7914285691721099,
          "rmse": 0.6458549135353278,
          "smape": 1.8327676931965613,
          "rmsse": 0.9002877953211399
        }
      },
      "rounded": {
        "forecast": [
          0.0,
          0.0,
          0.0,
          0.0,
          0.0,
          0.0,
          0.0,
          0.0,
          0.0,
          0.0,
          0.0,
          0.0,
          0.0,
          0.0,
          0.0,
          0.0,
          0.0,
          0.0,
          0.0,
          0.0,
          0.0,
          0.0,
          0.0,
          0.0,
          0.0,
          0.0,
          0.0,
          0.0
        ],
        "metrics": {
          "mae": 0.3214285714285714,
          "mape": 1.0,
          "rmse": 0.6813851438692469,
          "smape": 0.5,
          "rmsse": 0.9498150684969082
        }
      }
    },
    "p25": {
      "raw": {
        "forecast": [
          0.0,
          0.0,
          0.0,
          0.0,
          0.0,
          0.0,
          0.0,
          0.0,
          0.0,
          0.0,
          0.0,
          0.0,
          0.0,
          0.0,
          0.0,
          0.0,
          0.0,
          0.0,
          0.0,
          0.0,
          0.0,
          0.0,
          0.0,
          0.0,
          0.0,
          0.0,
          0.0,
          0.0
        ],
        "metrics": {
          "mae": 0.3214285714285714,
          "mape": 1.0,
          "rmse": 0.6813851438692469,
          "smape": 0.5,
          "rmsse": 0.9498150684969082
        }
      },
      "rounded": {
        "forecast": [
          0.0,
          0.0,
          0.0,
          0.0,
          0.0,
          0.0,
          0.0,
          0.0,
          0.0,
          0.0,
          0.0,
          0.0,
          0.0,
          0.0,
          0.0,
          0.0,
          0.0,
          0.0,
          0.0,
          0.0,
          0.0,
          0.0,
          0.0,
          0.0,
          0.0,
          0.0,
          0.0,
          0.0
        ],
        "metrics": {
          "mae": 0.3214285714285714,
          "mape": 1.0,
          "rmse": 0.6813851438692469,
          "smape": 0.5,
          "rmsse": 0.9498150684969082
        }
      }
    },
    "p50": {
      "raw": {
        "forecast": [
          0.0,
          0.0,
          0.0,
          0.0,
          0.0,
          0.0,
          0.0,
          0.0,
          0.0,
          0.0,
          0.0,
          0.0,
          0.0,
          0.0,
          0.0,
          0.0,
          0.0,
          0.0,
          0.0,
          0.0,
          0.0,
          0.0,
          0.0,
          0.0,
          0.0,
          0.0,
          0.0,
          0.0
        ],
        "metrics": {
          "mae": 0.3214285714285714,
          "mape": 1.0,
          "rmse": 0.6813851438692469,
          "smape": 0.5,
          "rmsse": 0.9498150684969082
        }
      },
      "rounded": {
        "forecast": [
          0.0,
          0.0,
          0.0,
          0.0,
          0.0,
          0.0,
          0.0,
          0.0,
          0.0,
          0.0,
          0.0,
          0.0,
          0.0,
          0.0,
          0.0,
          0.0,
          0.0,
          0.0,
          0.0,
          0.0,
          0.0,
          0.0,
          0.0,
          0.0,
          0.0,
          0.0,
          0.0,
          0.0
        ],
        "metrics": {
          "mae": 0.3214285714285714,
          "mape": 1.0,
          "rmse": 0.6813851438692469,
          "smape": 0.5,
          "rmsse": 0.9498150684969082
        }
      }
    },
    "p75": {
      "raw": {
        "forecast": [
          1.0,
          0.0,
          0.0,
          0.0,
          1.0,
          1.0,
          0.0,
          0.0,
          0.0,
          0.0,
          0.0,
          0.0,
          1.0,
          1.0,
          0.0,
          0.0,
          0.0,
          0.0,
          1.0,
          1.0,
          1.0,
          0.0,
          0.0,
          0.0,
          0.0,
          1.0,
          1.0,
          1.0
        ],
        "metrics": {
          "mae": 0.6428571428571429,
          "mape": 0.8571428571428571,
          "rmse": 0.8864052604279183,
          "smape": 1.1428571428571428,
          "rmsse": 1.235602332578771
        }
      },
      "rounded": {
        "forecast": [
          1.0,
          0.0,
          0.0,
          0.0,
          1.0,
          1.0,
          0.0,
          0.0,
          0.0,
          0.0,
          0.0,
          0.0,
          1.0,
          1.0,
          0.0,
          0.0,
          0.0,
          0.0,
          1.0,
          1.0,
          1.0,
          0.0,
          0.0,
          0.0,
          0.0,
          1.0,
          1.0,
          1.0
        ],
        "metrics": {
          "mae": 0.6428571428571429,
          "mape": 0.8571428571428571,
          "rmse": 0.8864052604279183,
          "smape": 1.1428571428571428,
          "rmsse": 1.235602332578771
        }
      }
    }
  }
}