{
  "series_id": "HOBBIES_1_217_CA_2_validation",
  "run": "run_20260526_021333_335192_001_subset34590_ctx84_h64_emb8_ep20_steps100",
  "horizon": [
    1,
    2,
    3,
    4,
    5,
    6,
    7,
    8,
    9,
    10,
    11,
    12,
    13,
    14,
    15,
    16,
    17,
    18,
    19,
    20,
    21,
    22,
    23,
    24,
    25,
    26,
    27,
    28
  ],
  "actuals": [
    0.0,
    0.0,
    0.0,
    0.0,
    0.0,
    0.0,
    0.0,
    0.0,
    0.0,
    0.0,
    0.0,
    0.0,
    0.0,
    1.0,
    0.0,
    0.0,
    0.0,
    0.0,
    0.0,
    0.0,
    0.0,
    0.0,
    0.0,
    0.0,
    0.0,
    0.0,
    0.0,
    2.0
  ],
  "modes": {
    "mean": {
      "raw": {
        "forecast": [
          0.12384834,
          0.11167445,
          0.11222777,
          0.11915051,
          0.13944341,
          0.15397464,
          0.15172246,
          0.12906781,
          0.11516249,
          0.112605646,
          0.107188806,
          0.12701476,
          0.16149767,
          0.15131386,
          0.12638298,
          0.113841824,
          0.110726185,
          0.11645347,
          0.14942563,
          0.17680115,
          0.17247823,
          0.13738328,
          0.121581934,
          0.120230906,
          0.126406,
          0.14736015,
          0.18248646,
          0.18198444
        ],
        "metrics": {
          "mae": 0.2190299515745469,
          "mape": 0.8788469620049,
          "rmse": 0.4008795487698496,
          "smape": 1.9693099582440627,
          "rmsse": 0.8899015886357677
        }
      },
      "rounded": {
        "forecast": [
          0.0,
          0.0,
          0.0,
          0.0,
          0.0,
          0.0,
          0.0,
          0.0,
          0.0,
          0.0,
          0.0,
          0.0,
          0.0,
          0.0,
          0.0,
          0.0,
          0.0,
          0.0,
          0.0,
          0.0,
          0.0,
          0.0,
          0.0,
          0.0,
          0.0,
          0.0,
          0.0,
          0.0
        ],
        "metrics": {
          "mae": 0.1071428571428571,
          "mape": 1.0,
          "rmse": 0.4225771273642583,
          "smape": 0.1428571428571428,
          "rmsse": 0.938067452222386
        }
      }
    },
    "sample-mean": {
      "raw": {
        "forecast": [
          0.16,
          0.05,
          0.2,
          0.15,
          0.18,
          0.11,
          0.12,
          0.18,
          0.17,
          0.04,
          0.19,
          0.12,
          0.14,
          0.15,
          0.09,
          0.07,
          0.13,
          0.14,
          0.11,
          0.22,
          0.15,
          0.06,
          0.15,
          0.11,
          0.16,
          0.05,
          0.16,
          0.22
        ],
        "metrics": {
          "mae": 0.2157142860814929,
          "mape": 0.869999997317791,
          "rmse": 0.3963133680550931,
          "smape": 1.967209444895572,
          "rmsse": 0.8797652484694283
        }
      },
      "rounded": {
        "forecast": [
          0.0,
          0.0,
          0.0,
          0.0,
          0.0,
          0.0,
          0.0,
          0.0,
          0.0,
          0.0,
          0.0,
          0.0,
          0.0,
          0.0,
          0.0,
          0.0,
          0.0,
          0.0,
          0.0,
          0.0,
          0.0,
          0.0,
          0.0,
          0.0,
          0.0,
          0.0,
          0.0,
          0.0
        ],
        "metrics": {
          "mae": 0.1071428571428571,
          "mape": 1.0,
          "rmse": 0.4225771273642583,
          "smape": 0.1428571428571428,
          "rmsse": 0.938067452222386
        }
      }
    },
    "p25": {
      "raw": {
        "forecast": [
          0.0,
          0.0,
          0.0,
          0.0,
          0.0,
          0.0,
          0.0,
          0.0,
          0.0,
          0.0,
          0.0,
          0.0,
          0.0,
          0.0,
          0.0,
          0.0,
          0.0,
          0.0,
          0.0,
          0.0,
          0.0,
          0.0,
          0.0,
          0.0,
          0.0,
          0.0,
          0.0,
          0.0
        ],
        "metrics": {
          "mae": 0.1071428571428571,
          "mape": 1.0,
          "rmse": 0.4225771273642583,
          "smape": 0.1428571428571428,
          "rmsse": 0.938067452222386
        }
      },
      "rounded": {
        "forecast": [
          0.0,
          0.0,
          0.0,
          0.0,
          0.0,
          0.0,
          0.0,
          0.0,
          0.0,
          0.0,
          0.0,
          0.0,
          0.0,
          0.0,
          0.0,
          0.0,
          0.0,
          0.0,
          0.0,
          0.0,
          0.0,
          0.0,
          0.0,
          0.0,
          0.0,
          0.0,
          0.0,
          0.0
        ],
        "metrics": {
          "mae": 0.1071428571428571,
          "mape": 1.0,
          "rmse": 0.4225771273642583,
          "smape": 0.1428571428571428,
          "rmsse": 0.938067452222386
        }
      }
    },
    "p50": {
      "raw": {
        "forecast": [
          0.0,
          0.0,
          0.0,
          0.0,
          0.0,
          0.0,
          0.0,
          0.0,
          0.0,
          0.0,
          0.0,
          0.0,
          0.0,
          0.0,
          0.0,
          0.0,
          0.0,
          0.0,
          0.0,
          0.0,
          0.0,
          0.0,
          0.0,
          0.0,
          0.0,
          0.0,
          0.0,
          0.0
        ],
        "metrics": {
          "mae": 0.1071428571428571,
          "mape": 1.0,
          "rmse": 0.4225771273642583,
          "smape": 0.1428571428571428,
          "rmsse": 0.938067452222386
        }
      },
      "rounded": {
        "forecast": [
          0.0,
          0.0,
          0.0,
          0.0,
          0.0,
          0.0,
          0.0,
          0.0,
          0.0,
          0.0,
          0.0,
          0.0,
          0.0,
          0.0,
          0.0,
          0.0,
          0.0,
          0.0,
          0.0,
          0.0,
          0.0,
          0.0,
          0.0,
          0.0,
          0.0,
          0.0,
          0.0,
          0.0
        ],
        "metrics": {
          "mae": 0.1071428571428571,
          "mape": 1.0,
          "rmse": 0.4225771273642583,
          "smape": 0.1428571428571428,
          "rmsse": 0.938067452222386
        }
      }
    },
    "p75": {
      "raw": {
        "forecast": [
          0.0,
          0.0,
          0.0,
          0.0,
          0.0,
          0.0,
          0.0,
          0.0,
          0.0,
          0.0,
          0.0,
          0.0,
          0.0,
          0.0,
          0.0,
          0.0,
          0.0,
          0.0,
          0.0,
          0.0,
          0.0,
          0.0,
          0.0,
          0.0,
          0.0,
          0.0,
          0.0,
          0.0
        ],
        "metrics": {
          "mae": 0.1071428571428571,
          "mape": 1.0,
          "rmse": 0.4225771273642583,
          "smape": 0.1428571428571428,
          "rmsse": 0.938067452222386
        }
      },
      "rounded": {
        "forecast": [
          0.0,
          0.0,
          0.0,
          0.0,
          0.0,
          0.0,
          0.0,
          0.0,
          0.0,
          0.0,
          0.0,
          0.0,
          0.0,
          0.0,
          0.0,
          0.0,
          0.0,
          0.0,
          0.0,
          0.0,
          0.0,
          0.0,
          0.0,
          0.0,
          0.0,
          0.0,
          0.0,
          0.0
        ],
        "metrics": {
          "mae": 0.1071428571428571,
          "mape": 1.0,
          "rmse": 0.4225771273642583,
          "smape": 0.1428571428571428,
          "rmsse": 0.938067452222386
        }
      }
    }
  }
}