{
  "series_id": "HOBBIES_1_397_CA_3_validation",
  "run": "run_20260526_021333_335192_001_subset34590_ctx84_h64_emb8_ep20_steps100",
  "horizon": [
    1,
    2,
    3,
    4,
    5,
    6,
    7,
    8,
    9,
    10,
    11,
    12,
    13,
    14,
    15,
    16,
    17,
    18,
    19,
    20,
    21,
    22,
    23,
    24,
    25,
    26,
    27,
    28
  ],
  "actuals": [
    4.0,
    1.0,
    0.0,
    1.0,
    3.0,
    1.0,
    0.0,
    1.0,
    2.0,
    3.0,
    0.0,
    0.0,
    5.0,
    3.0,
    1.0,
    2.0,
    4.0,
    2.0,
    0.0,
    3.0,
    5.0,
    0.0,
    3.0,
    2.0,
    0.0,
    0.0,
    1.0,
    2.0
  ],
  "modes": {
    "mean": {
      "raw": {
        "forecast": [
          1.4055402,
          1.2403842,
          1.2573605,
          1.2467507,
          1.3923476,
          1.5588038,
          1.644579,
          1.526152,
          1.3782029,
          1.3202047,
          1.2878238,
          1.394269,
          1.6828041,
          1.748961,
          1.4783676,
          1.3953937,
          1.2923055,
          1.2749503,
          1.3699058,
          1.6345769,
          1.6476548,
          1.3791361,
          1.2561046,
          1.2885966,
          1.2644476,
          1.3710123,
          1.6299435,
          1.633585
        ],
        "metrics": {
          "mae": 1.2963467155184063,
          "mape": 0.4701876374085744,
          "rmse": 1.5420144983289272,
          "smape": 0.9779931648683764,
          "rmsse": 1.4142711531290308
        }
      },
      "rounded": {
        "forecast": [
          1.0,
          1.0,
          1.0,
          1.0,
          1.0,
          2.0,
          2.0,
          2.0,
          1.0,
          1.0,
          1.0,
          1.0,
          2.0,
          2.0,
          1.0,
          1.0,
          1.0,
          1.0,
          1.0,
          2.0,
          2.0,
          1.0,
          1.0,
          1.0,
          1.0,
          1.0,
          2.0,
          2.0
        ],
        "metrics": {
          "mae": 1.2857142857142858,
          "mape": 0.5183333333333333,
          "rmse": 1.558387444947959,
          "smape": 1.020748299319728,
          "rmsse": 1.4292877344388124
        }
      }
    },
    "sample-mean": {
      "raw": {
        "forecast": [
          1.5,
          1.23,
          1.25,
          1.22,
          1.43,
          1.59,
          1.67,
          1.48,
          1.58,
          1.13,
          1.27,
          1.5,
          2.02,
          1.83,
          1.7,
          1.38,
          1.34,
          1.35,
          1.21,
          1.6,
          1.82,
          1.25,
          0.99,
          1.35,
          1.06,
          1.17,
          1.29,
          1.57
        ],
        "metrics": {
          "mae": 1.2499999914850508,
          "mape": 0.4545166676243146,
          "rmse": 1.490771603240432,
          "smape": 0.9656943012453348,
          "rmsse": 1.3672733146489044
        }
      },
      "rounded": {
        "forecast": [
          2.0,
          1.0,
          1.0,
          1.0,
          1.0,
          2.0,
          2.0,
          1.0,
          2.0,
          1.0,
          1.0,
          2.0,
          2.0,
          2.0,
          2.0,
          1.0,
          1.0,
          1.0,
          1.0,
          2.0,
          2.0,
          1.0,
          1.0,
          1.0,
          1.0,
          1.0,
          1.0,
          2.0
        ],
        "metrics": {
          "mae": 1.2142857142857142,
          "mape": 0.4308333333333333,
          "rmse": 1.5118578920369088,
          "smape": 0.9540816326530612,
          "rmsse": 1.3866127761155267
        }
      }
    },
    "p25": {
      "raw": {
        "forecast": [
          0.0,
          0.0,
          0.0,
          0.0,
          0.0,
          1.0,
          1.0,
          0.0,
          1.0,
          0.0,
          0.0,
          0.75,
          1.0,
          1.0,
          1.0,
          0.0,
          0.0,
          0.0,
          0.0,
          0.75,
          1.0,
          0.0,
          0.0,
          1.0,
          0.0,
          0.0,
          0.75,
          0.0
        ],
        "metrics": {
          "mae": 1.5089285714285714,
          "mape": 0.7633333333333333,
          "rmse": 2.058844162561676,
          "smape": 1.160204081632653,
          "rmsse": 1.888285688010416
        }
      },
      "rounded": {
        "forecast": [
          0.0,
          0.0,
          0.0,
          0.0,
          0.0,
          1.0,
          1.0,
          0.0,
          1.0,
          0.0,
          0.0,
          1.0,
          1.0,
          1.0,
          1.0,
          0.0,
          0.0,
          0.0,
          0.0,
          1.0,
          1.0,
          0.0,
          0.0,
          1.0,
          0.0,
          0.0,
          1.0,
          0.0
        ],
        "metrics": {
          "mae": 1.5,
          "mape": 0.7466666666666667,
          "rmse": 2.052872551885702,
          "smape": 1.1428571428571428,
          "rmsse": 1.8828087766545896
        }
      }
    },
    "p50": {
      "raw": {
        "forecast": [
          1.0,
          1.0,
          1.0,
          1.0,
          1.0,
          1.0,
          2.0,
          1.0,
          1.0,
          1.0,
          1.0,
          1.0,
          2.0,
          1.0,
          1.0,
          1.0,
          1.0,
          1.0,
          1.0,
          1.0,
          1.0,
          1.0,
          1.0,
          1.0,
          1.0,
          1.0,
          1.0,
          1.0
        ],
        "metrics": {
          "mae": 1.3214285714285714,
          "mape": 0.4366666666666667,
          "rmse": 1.679710859472121,
          "smape": 1.0329931972789117,
          "rmsse": 1.5405604919560618
        }
      },
      "rounded": {
        "forecast": [
          1.0,
          1.0,
          1.0,
          1.0,
          1.0,
          1.0,
          2.0,
          1.0,
          1.0,
          1.0,
          1.0,
          1.0,
          2.0,
          1.0,
          1.0,
          1.0,
          1.0,
          1.0,
          1.0,
          1.0,
          1.0,
          1.0,
          1.0,
          1.0,
          1.0,
          1.0,
          1.0,
          1.0
        ],
        "metrics": {
          "mae": 1.3214285714285714,
          "mape": 0.4366666666666667,
          "rmse": 1.679710859472121,
          "smape": 1.0329931972789117,
          "rmsse": 1.5405604919560618
        }
      }
    },
    "p75": {
      "raw": {
        "forecast": [
          2.0,
          2.0,
          2.0,
          2.0,
          2.0,
          2.0,
          2.0,
          2.0,
          2.25,
          2.0,
          2.0,
          2.0,
          3.0,
          3.0,
          3.0,
          2.0,
          2.0,
          2.0,
          2.0,
          2.0,
          3.0,
          2.0,
          1.0,
          2.0,
          2.0,
          2.0,
          2.0,
          2.25
        ],
        "metrics": {
          "mae": 1.3035714285714286,
          "mape": 0.5358333333333334,
          "rmse": 1.5133335955527358,
          "smape": 0.8964985994397761,
          "rmsse": 1.3879662296111113
        }
      },
      "rounded": {
        "forecast": [
          2.0,
          2.0,
          2.0,
          2.0,
          2.0,
          2.0,
          2.0,
          2.0,
          2.0,
          2.0,
          2.0,
          2.0,
          3.0,
          3.0,
          3.0,
          2.0,
          2.0,
          2.0,
          2.0,
          2.0,
          3.0,
          2.0,
          1.0,
          2.0,
          2.0,
          2.0,
          2.0,
          2.0
        ],
        "metrics": {
          "mae": 1.2857142857142858,
          "mape": 0.5233333333333333,
          "rmse": 1.5118578920369088,
          "smape": 0.8880952380952383,
          "rmsse": 1.3866127761155267
        }
      }
    }
  }
}