{
  "series_id": "HOBBIES_1_004_TX_1_validation",
  "run": "run_20260526_021333_335192_001_subset34590_ctx84_h64_emb8_ep20_steps100",
  "horizon": [
    1,
    2,
    3,
    4,
    5,
    6,
    7,
    8,
    9,
    10,
    11,
    12,
    13,
    14,
    15,
    16,
    17,
    18,
    19,
    20,
    21,
    22,
    23,
    24,
    25,
    26,
    27,
    28
  ],
  "actuals": [
    1.0,
    3.0,
    6.0,
    0.0,
    0.0,
    1.0,
    2.0,
    2.0,
    2.0,
    2.0,
    4.0,
    0.0,
    0.0,
    1.0,
    1.0,
    0.0,
    1.0,
    0.0,
    0.0,
    0.0,
    0.0,
    0.0,
    4.0,
    0.0,
    0.0,
    2.0,
    4.0,
    2.0
  ],
  "modes": {
    "mean": {
      "raw": {
        "forecast": [
          1.0046718,
          0.92741156,
          0.92807066,
          0.9465702,
          1.0650383,
          1.2634712,
          1.376077,
          1.1045716,
          1.0446616,
          0.9992179,
          0.95644397,
          1.1164309,
          1.3928251,
          1.3661625,
          1.1959261,
          1.0395219,
          1.0460582,
          1.0713465,
          1.217662,
          1.4594108,
          1.4685111,
          1.1515886,
          1.0463018,
          1.029329,
          1.0488826,
          1.1856761,
          1.4732429,
          1.4636064
        ],
        "metrics": {
          "mae": 1.263504473226411,
          "mape": 0.4347857320681214,
          "rmse": 1.6409093166535649,
          "smape": 1.2026592872200577,
          "rmsse": 0.759919958668395
        }
      },
      "rounded": {
        "forecast": [
          1.0,
          1.0,
          1.0,
          1.0,
          1.0,
          1.0,
          1.0,
          1.0,
          1.0,
          1.0,
          1.0,
          1.0,
          1.0,
          1.0,
          1.0,
          1.0,
          1.0,
          1.0,
          1.0,
          1.0,
          1.0,
          1.0,
          1.0,
          1.0,
          1.0,
          1.0,
          1.0,
          1.0
        ],
        "metrics": {
          "mae": 1.2142857142857142,
          "mape": 0.421875,
          "rmse": 1.625686668105863,
          "smape": 1.2153061224489794,
          "rmsse": 0.7528702123248344
        }
      }
    },
    "sample-mean": {
      "raw": {
        "forecast": [
          0.96,
          0.73,
          0.76,
          0.84,
          1.11,
          1.42,
          1.38,
          1.05,
          1.07,
          1.04,
          0.85,
          0.91,
          1.01,
          1.49,
          1.0,
          0.95,
          1.11,
          0.97,
          0.91,
          1.29,
          1.51,
          1.2,
          0.93,
          1.0,
          0.96,
          1.17,
          1.39,
          1.09
        ],
        "metrics": {
          "mae": 1.2592857160738535,
          "mape": 0.4685937510803342,
          "rmse": 1.6642651745860744,
          "smape": 1.232356991048461,
          "rmsse": 0.7707362679029197
        }
      },
      "rounded": {
        "forecast": [
          1.0,
          1.0,
          1.0,
          1.0,
          1.0,
          1.0,
          1.0,
          1.0,
          1.0,
          1.0,
          1.0,
          1.0,
          1.0,
          1.0,
          1.0,
          1.0,
          1.0,
          1.0,
          1.0,
          1.0,
          2.0,
          1.0,
          1.0,
          1.0,
          1.0,
          1.0,
          1.0,
          1.0
        ],
        "metrics": {
          "mae": 1.25,
          "mape": 0.421875,
          "rmse": 1.6583123951777,
          "smape": 1.2153061224489794,
          "rmsse": 0.7679794818721112
        }
      }
    },
    "p25": {
      "raw": {
        "forecast": [
          0.0,
          0.0,
          0.0,
          0.0,
          0.0,
          0.0,
          0.0,
          0.0,
          0.0,
          0.0,
          0.0,
          0.0,
          0.0,
          0.0,
          0.0,
          0.0,
          0.0,
          0.0,
          0.0,
          0.0,
          0.0,
          0.0,
          0.0,
          0.0,
          0.0,
          0.0,
          0.0,
          0.0
        ],
        "metrics": {
          "mae": 1.3571428571428572,
          "mape": 1.0,
          "rmse": 2.0873770280289223,
          "smape": 1.1428571428571428,
          "rmsse": 0.9666831973993776
        }
      },
      "rounded": {
        "forecast": [
          0.0,
          0.0,
          0.0,
          0.0,
          0.0,
          0.0,
          0.0,
          0.0,
          0.0,
          0.0,
          0.0,
          0.0,
          0.0,
          0.0,
          0.0,
          0.0,
          0.0,
          0.0,
          0.0,
          0.0,
          0.0,
          0.0,
          0.0,
          0.0,
          0.0,
          0.0,
          0.0,
          0.0
        ],
        "metrics": {
          "mae": 1.3571428571428572,
          "mape": 1.0,
          "rmse": 2.0873770280289223,
          "smape": 1.1428571428571428,
          "rmsse": 0.9666831973993776
        }
      }
    },
    "p50": {
      "raw": {
        "forecast": [
          1.0,
          0.0,
          1.0,
          0.0,
          1.0,
          1.0,
          1.0,
          1.0,
          1.0,
          1.0,
          0.0,
          1.0,
          1.0,
          1.0,
          1.0,
          0.5,
          1.0,
          1.0,
          1.0,
          1.0,
          1.0,
          1.0,
          1.0,
          1.0,
          1.0,
          1.0,
          1.0,
          1.0
        ],
        "metrics": {
          "mae": 1.2321428571428572,
          "mape": 0.4583333333333333,
          "rmse": 1.7346263492258416,
          "smape": 1.2081632653061225,
          "rmsse": 0.8033211648143194
        }
      },
      "rounded": {
        "forecast": [
          1.0,
          0.0,
          1.0,
          0.0,
          1.0,
          1.0,
          1.0,
          1.0,
          1.0,
          1.0,
          0.0,
          1.0,
          1.0,
          1.0,
          1.0,
          0.0,
          1.0,
          1.0,
          1.0,
          1.0,
          1.0,
          1.0,
          1.0,
          1.0,
          1.0,
          1.0,
          1.0,
          1.0
        ],
        "metrics": {
          "mae": 1.2142857142857142,
          "mape": 0.4583333333333333,
          "rmse": 1.7320508075688772,
          "smape": 1.136734693877551,
          "rmsse": 0.8021284081582108
        }
      }
    },
    "p75": {
      "raw": {
        "forecast": [
          1.0,
          1.0,
          1.0,
          1.0,
          2.0,
          2.0,
          2.0,
          2.0,
          2.0,
          2.0,
          1.0,
          2.0,
          2.0,
          2.0,
          2.0,
          2.0,
          2.0,
          1.0,
          1.0,
          2.0,
          2.0,
          2.0,
          1.0,
          2.0,
          1.0,
          2.0,
          2.0,
          2.0
        ],
        "metrics": {
          "mae": 1.3928571428571428,
          "mape": 0.46875,
          "rmse": 1.8027756377319943,
          "smape": 1.1486394557823127,
          "rmsse": 0.83488171723442
        }
      },
      "rounded": {
        "forecast": [
          1.0,
          1.0,
          1.0,
          1.0,
          2.0,
          2.0,
          2.0,
          2.0,
          2.0,
          2.0,
          1.0,
          2.0,
          2.0,
          2.0,
          2.0,
          2.0,
          2.0,
          1.0,
          1.0,
          2.0,
          2.0,
          2.0,
          1.0,
          2.0,
          1.0,
          2.0,
          2.0,
          2.0
        ],
        "metrics": {
          "mae": 1.3928571428571428,
          "mape": 0.46875,
          "rmse": 1.8027756377319943,
          "smape": 1.1486394557823127,
          "rmsse": 0.83488171723442
        }
      }
    }
  }
}