{
  "series_id": "HOBBIES_1_079_WI_1_validation",
  "run": "run_20260526_021333_335192_001_subset34590_ctx84_h64_emb8_ep20_steps100",
  "horizon": [
    1,
    2,
    3,
    4,
    5,
    6,
    7,
    8,
    9,
    10,
    11,
    12,
    13,
    14,
    15,
    16,
    17,
    18,
    19,
    20,
    21,
    22,
    23,
    24,
    25,
    26,
    27,
    28
  ],
  "actuals": [
    3.0,
    1.0,
    1.0,
    1.0,
    1.0,
    1.0,
    3.0,
    1.0,
    2.0,
    0.0,
    3.0,
    0.0,
    2.0,
    2.0,
    0.0,
    3.0,
    1.0,
    0.0,
    2.0,
    0.0,
    2.0,
    1.0,
    0.0,
    2.0,
    1.0,
    0.0,
    2.0,
    2.0
  ],
  "modes": {
    "mean": {
      "raw": {
        "forecast": [
          1.1804991,
          1.0601757,
          1.061187,
          1.1204077,
          1.290521,
          1.5517834,
          1.4236307,
          1.2452482,
          1.1519287,
          1.1138725,
          1.0912181,
          1.352243,
          1.5559707,
          1.5205182,
          1.2682844,
          1.1508329,
          1.1513758,
          1.238362,
          1.3585624,
          1.7119888,
          1.6659194,
          1.2511685,
          1.1586881,
          1.1412083,
          1.1804053,
          1.3515437,
          1.7529048,
          1.5771701
        ],
        "metrics": {
          "mae": 0.8048889892441886,
          "mape": 0.3064184633512345,
          "rmse": 1.007224145619063,
          "smape": 0.7718553999032222,
          "rmsse": 0.7034399653899288
        }
      },
      "rounded": {
        "forecast": [
          1.0,
          1.0,
          1.0,
          1.0,
          1.0,
          2.0,
          1.0,
          1.0,
          1.0,
          1.0,
          1.0,
          1.0,
          2.0,
          2.0,
          1.0,
          1.0,
          1.0,
          1.0,
          1.0,
          2.0,
          2.0,
          1.0,
          1.0,
          1.0,
          1.0,
          1.0,
          2.0,
          2.0
        ],
        "metrics": {
          "mae": 0.7142857142857143,
          "mape": 0.246031746031746,
          "rmse": 1.035098339013531,
          "smape": 0.738095238095238,
          "rmsse": 0.722907153226878
        }
      }
    },
    "sample-mean": {
      "raw": {
        "forecast": [
          1.18,
          1.12,
          1.23,
          1.0,
          1.23,
          1.55,
          1.25,
          1.1,
          1.13,
          1.16,
          0.95,
          1.27,
          1.65,
          1.58,
          1.0,
          1.13,
          1.03,
          1.18,
          1.35,
          1.62,
          1.58,
          1.09,
          0.96,
          1.02,
          1.05,
          1.37,
          1.49,
          1.51
        ],
        "metrics": {
          "mae": 0.7907142809459141,
          "mape": 0.2972222207084535,
          "rmse": 1.007252272356892,
          "smape": 0.774293557284763,
          "rmsse": 0.7034596089534505
        }
      },
      "rounded": {
        "forecast": [
          1.0,
          1.0,
          1.0,
          1.0,
          1.0,
          2.0,
          1.0,
          1.0,
          1.0,
          1.0,
          1.0,
          1.0,
          2.0,
          2.0,
          1.0,
          1.0,
          1.0,
          1.0,
          1.0,
          2.0,
          2.0,
          1.0,
          1.0,
          1.0,
          1.0,
          1.0,
          1.0,
          2.0
        ],
        "metrics": {
          "mae": 0.75,
          "mape": 0.2698412698412698,
          "rmse": 1.0522085616183026,
          "smape": 0.7619047619047619,
          "rmsse": 0.734856841336784
        }
      }
    },
    "p25": {
      "raw": {
        "forecast": [
          0.0,
          0.0,
          0.0,
          0.0,
          0.0,
          1.0,
          0.0,
          0.0,
          0.0,
          0.0,
          0.0,
          0.0,
          0.0,
          1.0,
          0.0,
          0.0,
          0.0,
          0.0,
          0.0,
          0.0,
          0.0,
          0.0,
          0.0,
          0.0,
          0.0,
          0.0,
          0.0,
          0.0
        ],
        "metrics": {
          "mae": 1.25,
          "mape": 0.9285714285714286,
          "rmse": 1.6146649364939023,
          "smape": 1.380952380952381,
          "rmsse": 1.1276733704050566
        }
      },
      "rounded": {
        "forecast": [
          0.0,
          0.0,
          0.0,
          0.0,
          0.0,
          1.0,
          0.0,
          0.0,
          0.0,
          0.0,
          0.0,
          0.0,
          0.0,
          1.0,
          0.0,
          0.0,
          0.0,
          0.0,
          0.0,
          0.0,
          0.0,
          0.0,
          0.0,
          0.0,
          0.0,
          0.0,
          0.0,
          0.0
        ],
        "metrics": {
          "mae": 1.25,
          "mape": 0.9285714285714286,
          "rmse": 1.6146649364939023,
          "smape": 1.380952380952381,
          "rmsse": 1.1276733704050566
        }
      }
    },
    "p50": {
      "raw": {
        "forecast": [
          1.0,
          1.0,
          1.0,
          1.0,
          1.0,
          1.0,
          1.0,
          1.0,
          1.0,
          1.0,
          1.0,
          1.0,
          1.5,
          1.0,
          1.0,
          1.0,
          1.0,
          1.0,
          1.0,
          1.0,
          1.0,
          1.0,
          1.0,
          1.0,
          1.0,
          1.0,
          1.0,
          1.0
        ],
        "metrics": {
          "mae": 0.8035714285714286,
          "mape": 0.3055555555555555,
          "rmse": 1.0394023007753748,
          "smape": 0.8197278911564626,
          "rmsse": 0.7259130171410418
        }
      },
      "rounded": {
        "forecast": [
          1.0,
          1.0,
          1.0,
          1.0,
          1.0,
          1.0,
          1.0,
          1.0,
          1.0,
          1.0,
          1.0,
          1.0,
          2.0,
          1.0,
          1.0,
          1.0,
          1.0,
          1.0,
          1.0,
          1.0,
          1.0,
          1.0,
          1.0,
          1.0,
          1.0,
          1.0,
          1.0,
          1.0
        ],
        "metrics": {
          "mae": 0.7857142857142857,
          "mape": 0.2936507936507936,
          "rmse": 1.035098339013531,
          "smape": 0.8095238095238095,
          "rmsse": 0.722907153226878
        }
      }
    },
    "p75": {
      "raw": {
        "forecast": [
          2.0,
          2.0,
          2.0,
          2.0,
          2.0,
          2.0,
          2.0,
          2.0,
          2.0,
          2.0,
          1.25,
          2.0,
          2.0,
          2.0,
          2.0,
          2.0,
          2.0,
          2.0,
          2.0,
          3.0,
          2.0,
          2.0,
          2.0,
          1.0,
          2.0,
          2.0,
          2.0,
          2.0
        ],
        "metrics": {
          "mae": 1.0625,
          "mape": 0.5277777777777777,
          "rmse": 1.3237190573747677,
          "smape": 0.8103641456582633,
          "rmsse": 0.924478321886719
        }
      },
      "rounded": {
        "forecast": [
          2.0,
          2.0,
          2.0,
          2.0,
          2.0,
          2.0,
          2.0,
          2.0,
          2.0,
          2.0,
          1.0,
          2.0,
          2.0,
          2.0,
          2.0,
          2.0,
          2.0,
          2.0,
          2.0,
          3.0,
          2.0,
          2.0,
          2.0,
          1.0,
          2.0,
          2.0,
          2.0,
          2.0
        ],
        "metrics": {
          "mae": 1.0714285714285714,
          "mape": 0.5317460317460317,
          "rmse": 1.336306209562122,
          "smape": 0.8166666666666665,
          "rmsse": 0.933269121767304
        }
      }
    }
  }
}