{
  "series_id": "HOBBIES_1_213_TX_3_validation",
  "run": "run_20260526_021333_335192_001_subset34590_ctx84_h64_emb8_ep20_steps100",
  "horizon": [
    1,
    2,
    3,
    4,
    5,
    6,
    7,
    8,
    9,
    10,
    11,
    12,
    13,
    14,
    15,
    16,
    17,
    18,
    19,
    20,
    21,
    22,
    23,
    24,
    25,
    26,
    27,
    28
  ],
  "actuals": [
    0.0,
    2.0,
    1.0,
    1.0,
    0.0,
    0.0,
    1.0,
    0.0,
    2.0,
    0.0,
    1.0,
    2.0,
    1.0,
    1.0,
    1.0,
    1.0,
    0.0,
    0.0,
    0.0,
    1.0,
    2.0,
    0.0,
    0.0,
    0.0,
    1.0,
    1.0,
    0.0,
    1.0
  ],
  "modes": {
    "mean": {
      "raw": {
        "forecast": [
          0.434048,
          0.4200468,
          0.42160618,
          0.42654467,
          0.4693826,
          0.50623566,
          0.5418024,
          0.4518459,
          0.42657796,
          0.40645579,
          0.39410868,
          0.4533679,
          0.58133703,
          0.52421635,
          0.48621812,
          0.42042792,
          0.42004317,
          0.43125466,
          0.533936,
          0.57213396,
          0.60678095,
          0.47692096,
          0.43256196,
          0.42515412,
          0.43637446,
          0.48644677,
          0.5732651,
          0.57890683
        ],
        "metrics": {
          "mae": 0.6351502484508923,
          "mape": 0.5735306134447455,
          "rmse": 0.7342299895693445,
          "smape": 1.3295821688791931,
          "rmsse": 0.7786667004032468
        }
      },
      "rounded": {
        "forecast": [
          0.0,
          0.0,
          0.0,
          0.0,
          0.0,
          1.0,
          1.0,
          0.0,
          0.0,
          0.0,
          0.0,
          0.0,
          1.0,
          1.0,
          0.0,
          0.0,
          0.0,
          0.0,
          1.0,
          1.0,
          1.0,
          0.0,
          0.0,
          0.0,
          0.0,
          0.0,
          1.0,
          1.0
        ],
        "metrics": {
          "mae": 0.6071428571428571,
          "mape": 0.65625,
          "rmse": 0.9063269671749656,
          "smape": 0.9523809523809524,
          "rmsse": 0.9611792477048636
        }
      }
    },
    "sample-mean": {
      "raw": {
        "forecast": [
          0.44,
          0.5,
          0.33,
          0.41,
          0.43,
          0.45,
          0.59,
          0.34,
          0.57,
          0.35,
          0.47,
          0.42,
          0.47,
          0.39,
          0.39,
          0.3,
          0.4,
          0.35,
          0.5,
          0.44,
          0.49,
          0.3,
          0.45,
          0.4,
          0.36,
          0.45,
          0.38,
          0.56
        ],
        "metrics": {
          "mae": 0.6303571441343853,
          "mape": 0.6156250024214387,
          "rmse": 0.7319323750747428,
          "smape": 1.3752775603922305,
          "rmsse": 0.7762300308000896
        }
      },
      "rounded": {
        "forecast": [
          0.0,
          0.0,
          0.0,
          0.0,
          0.0,
          0.0,
          1.0,
          0.0,
          1.0,
          0.0,
          0.0,
          0.0,
          0.0,
          0.0,
          0.0,
          0.0,
          0.0,
          0.0,
          0.0,
          0.0,
          0.0,
          0.0,
          0.0,
          0.0,
          0.0,
          0.0,
          0.0,
          1.0
        ],
        "metrics": {
          "mae": 0.6071428571428571,
          "mape": 0.84375,
          "rmse": 0.9063269671749656,
          "smape": 0.9523809523809524,
          "rmsse": 0.9611792477048636
        }
      }
    },
    "p25": {
      "raw": {
        "forecast": [
          0.0,
          0.0,
          0.0,
          0.0,
          0.0,
          0.0,
          0.0,
          0.0,
          0.0,
          0.0,
          0.0,
          0.0,
          0.0,
          0.0,
          0.0,
          0.0,
          0.0,
          0.0,
          0.0,
          0.0,
          0.0,
          0.0,
          0.0,
          0.0,
          0.0,
          0.0,
          0.0,
          0.0
        ],
        "metrics": {
          "mae": 0.7142857142857143,
          "mape": 1.0,
          "rmse": 1.0,
          "smape": 1.1428571428571428,
          "rmsse": 1.0605215143281823
        }
      },
      "rounded": {
        "forecast": [
          0.0,
          0.0,
          0.0,
          0.0,
          0.0,
          0.0,
          0.0,
          0.0,
          0.0,
          0.0,
          0.0,
          0.0,
          0.0,
          0.0,
          0.0,
          0.0,
          0.0,
          0.0,
          0.0,
          0.0,
          0.0,
          0.0,
          0.0,
          0.0,
          0.0,
          0.0,
          0.0,
          0.0
        ],
        "metrics": {
          "mae": 0.7142857142857143,
          "mape": 1.0,
          "rmse": 1.0,
          "smape": 1.1428571428571428,
          "rmsse": 1.0605215143281823
        }
      }
    },
    "p50": {
      "raw": {
        "forecast": [
          0.0,
          0.0,
          0.0,
          0.0,
          0.0,
          0.0,
          0.0,
          0.0,
          0.0,
          0.0,
          0.0,
          0.0,
          0.0,
          0.0,
          0.0,
          0.0,
          0.0,
          0.0,
          0.0,
          0.0,
          0.0,
          0.0,
          0.0,
          0.0,
          0.0,
          0.0,
          0.0,
          0.0
        ],
        "metrics": {
          "mae": 0.7142857142857143,
          "mape": 1.0,
          "rmse": 1.0,
          "smape": 1.1428571428571428,
          "rmsse": 1.0605215143281823
        }
      },
      "rounded": {
        "forecast": [
          0.0,
          0.0,
          0.0,
          0.0,
          0.0,
          0.0,
          0.0,
          0.0,
          0.0,
          0.0,
          0.0,
          0.0,
          0.0,
          0.0,
          0.0,
          0.0,
          0.0,
          0.0,
          0.0,
          0.0,
          0.0,
          0.0,
          0.0,
          0.0,
          0.0,
          0.0,
          0.0,
          0.0
        ],
        "metrics": {
          "mae": 0.7142857142857143,
          "mape": 1.0,
          "rmse": 1.0,
          "smape": 1.1428571428571428,
          "rmsse": 1.0605215143281823
        }
      }
    },
    "p75": {
      "raw": {
        "forecast": [
          1.0,
          1.0,
          1.0,
          1.0,
          1.0,
          1.0,
          1.0,
          1.0,
          1.0,
          1.0,
          1.0,
          1.0,
          1.0,
          1.0,
          1.0,
          0.0,
          1.0,
          1.0,
          1.0,
          1.0,
          1.0,
          0.0,
          1.0,
          1.0,
          1.0,
          1.0,
          1.0,
          1.0
        ],
        "metrics": {
          "mae": 0.5714285714285714,
          "mape": 0.1875,
          "rmse": 0.7559289460184544,
          "smape": 0.9523809523809524,
          "rmsse": 0.8016789105559982
        }
      },
      "rounded": {
        "forecast": [
          1.0,
          1.0,
          1.0,
          1.0,
          1.0,
          1.0,
          1.0,
          1.0,
          1.0,
          1.0,
          1.0,
          1.0,
          1.0,
          1.0,
          1.0,
          0.0,
          1.0,
          1.0,
          1.0,
          1.0,
          1.0,
          0.0,
          1.0,
          1.0,
          1.0,
          1.0,
          1.0,
          1.0
        ],
        "metrics": {
          "mae": 0.5714285714285714,
          "mape": 0.1875,
          "rmse": 0.7559289460184544,
          "smape": 0.9523809523809524,
          "rmsse": 0.8016789105559982
        }
      }
    }
  }
}