{
  "series_id": "HOBBIES_2_141_TX_3_validation",
  "run": "run_20260526_021333_335192_001_subset34590_ctx84_h64_emb8_ep20_steps100",
  "horizon": [
    1,
    2,
    3,
    4,
    5,
    6,
    7,
    8,
    9,
    10,
    11,
    12,
    13,
    14,
    15,
    16,
    17,
    18,
    19,
    20,
    21,
    22,
    23,
    24,
    25,
    26,
    27,
    28
  ],
  "actuals": [
    0.0,
    0.0,
    2.0,
    0.0,
    2.0,
    1.0,
    0.0,
    0.0,
    0.0,
    0.0,
    1.0,
    0.0,
    0.0,
    0.0,
    1.0,
    0.0,
    0.0,
    0.0,
    0.0,
    0.0,
    0.0,
    0.0,
    0.0,
    0.0,
    0.0,
    0.0,
    1.0,
    0.0
  ],
  "modes": {
    "mean": {
      "raw": {
        "forecast": [
          0.4311672,
          0.42170185,
          0.4319666,
          0.44810832,
          0.4657579,
          0.4779896,
          0.5400807,
          0.5095474,
          0.49681872,
          0.46450195,
          0.45594394,
          0.5283197,
          0.59835905,
          0.5806937,
          0.5439777,
          0.48804864,
          0.50373703,
          0.51693785,
          0.57715523,
          0.6015997,
          0.6245019,
          0.53559977,
          0.4901837,
          0.47524622,
          0.46867034,
          0.50069666,
          0.55998737,
          0.5733875
        ],
        "metrics": {
          "mae": 0.5871228596993855,
          "mape": 0.5855398575464884,
          "rmse": 0.647297437130944,
          "smape": 1.7550903304410803,
          "rmsse": 0.8573034718415106
        }
      },
      "rounded": {
        "forecast": [
          0.0,
          0.0,
          0.0,
          0.0,
          0.0,
          0.0,
          1.0,
          1.0,
          0.0,
          0.0,
          0.0,
          1.0,
          1.0,
          1.0,
          1.0,
          0.0,
          1.0,
          1.0,
          1.0,
          1.0,
          1.0,
          1.0,
          0.0,
          0.0,
          0.0,
          1.0,
          1.0,
          1.0
        ],
        "metrics": {
          "mae": 0.6785714285714286,
          "mape": 0.6666666666666666,
          "rmse": 0.9063269671749656,
          "smape": 1.2142857142857142,
          "rmsse": 1.2003712837588505
        }
      }
    },
    "sample-mean": {
      "raw": {
        "forecast": [
          0.48,
          0.45,
          0.3,
          0.25,
          0.27,
          0.36,
          0.46,
          0.39,
          0.39,
          0.27,
          0.36,
          0.31,
          0.53,
          0.38,
          0.44,
          0.22,
          0.51,
          0.4,
          0.3,
          0.35,
          0.41,
          0.57,
          0.46,
          0.31,
          0.42,
          0.49,
          0.48,
          0.31
        ],
        "metrics": {
          "mae": 0.5160714249525752,
          "mape": 0.6791666621963183,
          "rmse": 0.6235239665625897,
          "smape": 1.798761546205202,
          "rmsse": 0.8258170520183326
        }
      },
      "rounded": {
        "forecast": [
          0.0,
          0.0,
          0.0,
          0.0,
          0.0,
          0.0,
          0.0,
          0.0,
          0.0,
          0.0,
          0.0,
          0.0,
          1.0,
          0.0,
          0.0,
          0.0,
          1.0,
          0.0,
          0.0,
          0.0,
          0.0,
          1.0,
          0.0,
          0.0,
          0.0,
          0.0,
          0.0,
          0.0
        ],
        "metrics": {
          "mae": 0.3928571428571428,
          "mape": 1.0,
          "rmse": 0.7319250547113999,
          "smape": 0.6428571428571429,
          "rmsse": 0.9693872623891376
        }
      }
    },
    "p25": {
      "raw": {
        "forecast": [
          0.0,
          0.0,
          0.0,
          0.0,
          0.0,
          0.0,
          0.0,
          0.0,
          0.0,
          0.0,
          0.0,
          0.0,
          0.0,
          0.0,
          0.0,
          0.0,
          0.0,
          0.0,
          0.0,
          0.0,
          0.0,
          0.0,
          0.0,
          0.0,
          0.0,
          0.0,
          0.0,
          0.0
        ],
        "metrics": {
          "mae": 0.2857142857142857,
          "mape": 1.0,
          "rmse": 0.6546536707079771,
          "smape": 0.4285714285714285,
          "rmsse": 0.8670463260898147
        }
      },
      "rounded": {
        "forecast": [
          0.0,
          0.0,
          0.0,
          0.0,
          0.0,
          0.0,
          0.0,
          0.0,
          0.0,
          0.0,
          0.0,
          0.0,
          0.0,
          0.0,
          0.0,
          0.0,
          0.0,
          0.0,
          0.0,
          0.0,
          0.0,
          0.0,
          0.0,
          0.0,
          0.0,
          0.0,
          0.0,
          0.0
        ],
        "metrics": {
          "mae": 0.2857142857142857,
          "mape": 1.0,
          "rmse": 0.6546536707079771,
          "smape": 0.4285714285714285,
          "rmsse": 0.8670463260898147
        }
      }
    },
    "p50": {
      "raw": {
        "forecast": [
          0.0,
          0.0,
          0.0,
          0.0,
          0.0,
          0.0,
          0.0,
          0.0,
          0.0,
          0.0,
          0.0,
          0.0,
          0.0,
          0.0,
          0.0,
          0.0,
          0.0,
          0.0,
          0.0,
          0.0,
          0.0,
          0.0,
          0.0,
          0.0,
          0.0,
          0.0,
          0.0,
          0.0
        ],
        "metrics": {
          "mae": 0.2857142857142857,
          "mape": 1.0,
          "rmse": 0.6546536707079771,
          "smape": 0.4285714285714285,
          "rmsse": 0.8670463260898147
        }
      },
      "rounded": {
        "forecast": [
          0.0,
          0.0,
          0.0,
          0.0,
          0.0,
          0.0,
          0.0,
          0.0,
          0.0,
          0.0,
          0.0,
          0.0,
          0.0,
          0.0,
          0.0,
          0.0,
          0.0,
          0.0,
          0.0,
          0.0,
          0.0,
          0.0,
          0.0,
          0.0,
          0.0,
          0.0,
          0.0,
          0.0
        ],
        "metrics": {
          "mae": 0.2857142857142857,
          "mape": 1.0,
          "rmse": 0.6546536707079771,
          "smape": 0.4285714285714285,
          "rmsse": 0.8670463260898147
        }
      }
    },
    "p75": {
      "raw": {
        "forecast": [
          1.0,
          1.0,
          0.0,
          0.0,
          0.0,
          0.0,
          1.0,
          0.25,
          0.0,
          0.0,
          0.25,
          0.0,
          1.0,
          0.0,
          1.0,
          0.0,
          1.0,
          1.0,
          0.0,
          0.0,
          1.0,
          1.0,
          1.0,
          0.0,
          1.0,
          1.0,
          1.0,
          0.25
        ],
        "metrics": {
          "mae": 0.6160714285714286,
          "mape": 0.625,
          "rmse": 0.8595576104684814,
          "smape": 1.1857142857142855,
          "rmsse": 1.1384283042562882
        }
      },
      "rounded": {
        "forecast": [
          1.0,
          1.0,
          0.0,
          0.0,
          0.0,
          0.0,
          1.0,
          0.0,
          0.0,
          0.0,
          0.0,
          0.0,
          1.0,
          0.0,
          1.0,
          0.0,
          1.0,
          1.0,
          0.0,
          0.0,
          1.0,
          1.0,
          1.0,
          0.0,
          1.0,
          1.0,
          1.0,
          0.0
        ],
        "metrics": {
          "mae": 0.6071428571428571,
          "mape": 0.6666666666666666,
          "rmse": 0.8660254037844386,
          "smape": 1.0714285714285714,
          "rmsse": 1.146994477002932
        }
      }
    }
  }
}