{
  "series_id": "HOBBIES_1_385_TX_2_validation",
  "run": "run_20260526_021333_335192_001_subset34590_ctx84_h64_emb8_ep20_steps100",
  "horizon": [
    1,
    2,
    3,
    4,
    5,
    6,
    7,
    8,
    9,
    10,
    11,
    12,
    13,
    14,
    15,
    16,
    17,
    18,
    19,
    20,
    21,
    22,
    23,
    24,
    25,
    26,
    27,
    28
  ],
  "actuals": [
    1.0,
    1.0,
    0.0,
    0.0,
    1.0,
    0.0,
    1.0,
    1.0,
    0.0,
    0.0,
    0.0,
    1.0,
    0.0,
    1.0,
    0.0,
    0.0,
    1.0,
    1.0,
    0.0,
    0.0,
    0.0,
    0.0,
    2.0,
    0.0,
    0.0,
    0.0,
    0.0,
    1.0
  ],
  "modes": {
    "mean": {
      "raw": {
        "forecast": [
          0.18253775,
          0.17617893,
          0.18012325,
          0.1900178,
          0.22326003,
          0.25794747,
          0.27398336,
          0.24070264,
          0.2265997,
          0.21303137,
          0.20660378,
          0.24400091,
          0.2958403,
          0.29586142,
          0.26284975,
          0.22840124,
          0.22928345,
          0.24376807,
          0.2745574,
          0.31490263,
          0.3236854,
          0.26633447,
          0.23780978,
          0.23411183,
          0.2409974,
          0.27772334,
          0.34209284,
          0.340893
        ],
        "metrics": {
          "mae": 0.4874121663825853,
          "mape": 0.7664205039089377,
          "rmse": 0.5966404567154714,
          "smape": 1.7052586335290802,
          "rmsse": 1.6633708596733876
        }
      },
      "rounded": {
        "forecast": [
          0.0,
          0.0,
          0.0,
          0.0,
          0.0,
          0.0,
          0.0,
          0.0,
          0.0,
          0.0,
          0.0,
          0.0,
          0.0,
          0.0,
          0.0,
          0.0,
          0.0,
          0.0,
          0.0,
          0.0,
          0.0,
          0.0,
          0.0,
          0.0,
          0.0,
          0.0,
          0.0,
          0.0
        ],
        "metrics": {
          "mae": 0.4285714285714285,
          "mape": 1.0,
          "rmse": 0.7071067811865476,
          "smape": 0.7857142857142857,
          "rmsse": 1.9713393573377005
        }
      }
    },
    "sample-mean": {
      "raw": {
        "forecast": [
          0.15,
          0.19,
          0.12,
          0.2,
          0.15,
          0.24,
          0.28,
          0.25,
          0.24,
          0.26,
          0.22,
          0.22,
          0.23,
          0.3,
          0.27,
          0.13,
          0.2,
          0.2,
          0.2,
          0.31,
          0.33,
          0.19,
          0.15,
          0.16,
          0.21,
          0.23,
          0.19,
          0.18
        ],
        "metrics": {
          "mae": 0.4807142841496638,
          "mape": 0.8004545420408249,
          "rmse": 0.6130544116975694,
          "smape": 1.741996613624829,
          "rmsse": 1.709131240321247
        }
      },
      "rounded": {
        "forecast": [
          0.0,
          0.0,
          0.0,
          0.0,
          0.0,
          0.0,
          0.0,
          0.0,
          0.0,
          0.0,
          0.0,
          0.0,
          0.0,
          0.0,
          0.0,
          0.0,
          0.0,
          0.0,
          0.0,
          0.0,
          0.0,
          0.0,
          0.0,
          0.0,
          0.0,
          0.0,
          0.0,
          0.0
        ],
        "metrics": {
          "mae": 0.4285714285714285,
          "mape": 1.0,
          "rmse": 0.7071067811865476,
          "smape": 0.7857142857142857,
          "rmsse": 1.9713393573377005
        }
      }
    },
    "p25": {
      "raw": {
        "forecast": [
          0.0,
          0.0,
          0.0,
          0.0,
          0.0,
          0.0,
          0.0,
          0.0,
          0.0,
          0.0,
          0.0,
          0.0,
          0.0,
          0.0,
          0.0,
          0.0,
          0.0,
          0.0,
          0.0,
          0.0,
          0.0,
          0.0,
          0.0,
          0.0,
          0.0,
          0.0,
          0.0,
          0.0
        ],
        "metrics": {
          "mae": 0.4285714285714285,
          "mape": 1.0,
          "rmse": 0.7071067811865476,
          "smape": 0.7857142857142857,
          "rmsse": 1.9713393573377005
        }
      },
      "rounded": {
        "forecast": [
          0.0,
          0.0,
          0.0,
          0.0,
          0.0,
          0.0,
          0.0,
          0.0,
          0.0,
          0.0,
          0.0,
          0.0,
          0.0,
          0.0,
          0.0,
          0.0,
          0.0,
          0.0,
          0.0,
          0.0,
          0.0,
          0.0,
          0.0,
          0.0,
          0.0,
          0.0,
          0.0,
          0.0
        ],
        "metrics": {
          "mae": 0.4285714285714285,
          "mape": 1.0,
          "rmse": 0.7071067811865476,
          "smape": 0.7857142857142857,
          "rmsse": 1.9713393573377005
        }
      }
    },
    "p50": {
      "raw": {
        "forecast": [
          0.0,
          0.0,
          0.0,
          0.0,
          0.0,
          0.0,
          0.0,
          0.0,
          0.0,
          0.0,
          0.0,
          0.0,
          0.0,
          0.0,
          0.0,
          0.0,
          0.0,
          0.0,
          0.0,
          0.0,
          0.0,
          0.0,
          0.0,
          0.0,
          0.0,
          0.0,
          0.0,
          0.0
        ],
        "metrics": {
          "mae": 0.4285714285714285,
          "mape": 1.0,
          "rmse": 0.7071067811865476,
          "smape": 0.7857142857142857,
          "rmsse": 1.9713393573377005
        }
      },
      "rounded": {
        "forecast": [
          0.0,
          0.0,
          0.0,
          0.0,
          0.0,
          0.0,
          0.0,
          0.0,
          0.0,
          0.0,
          0.0,
          0.0,
          0.0,
          0.0,
          0.0,
          0.0,
          0.0,
          0.0,
          0.0,
          0.0,
          0.0,
          0.0,
          0.0,
          0.0,
          0.0,
          0.0,
          0.0,
          0.0
        ],
        "metrics": {
          "mae": 0.4285714285714285,
          "mape": 1.0,
          "rmse": 0.7071067811865476,
          "smape": 0.7857142857142857,
          "rmsse": 1.9713393573377005
        }
      }
    },
    "p75": {
      "raw": {
        "forecast": [
          0.0,
          0.0,
          0.0,
          0.0,
          0.0,
          0.0,
          0.0,
          0.25,
          0.0,
          0.0,
          0.0,
          0.0,
          0.0,
          0.0,
          0.0,
          0.0,
          0.0,
          0.0,
          0.0,
          0.25,
          1.0,
          0.0,
          0.0,
          0.0,
          0.0,
          0.0,
          0.0,
          0.0
        ],
        "metrics": {
          "mae": 0.4642857142857143,
          "mape": 0.9772727272727272,
          "rmse": 0.7227180837445737,
          "smape": 0.9,
          "rmsse": 2.014862027421987
        }
      },
      "rounded": {
        "forecast": [
          0.0,
          0.0,
          0.0,
          0.0,
          0.0,
          0.0,
          0.0,
          0.0,
          0.0,
          0.0,
          0.0,
          0.0,
          0.0,
          0.0,
          0.0,
          0.0,
          0.0,
          0.0,
          0.0,
          0.0,
          1.0,
          0.0,
          0.0,
          0.0,
          0.0,
          0.0,
          0.0,
          0.0
        ],
        "metrics": {
          "mae": 0.4642857142857143,
          "mape": 1.0,
          "rmse": 0.7319250547113999,
          "smape": 0.8571428571428571,
          "rmsse": 2.040530094412256
        }
      }
    }
  }
}