{
  "series_id": "HOBBIES_1_090_CA_2_validation",
  "run": "run_20260526_021333_335192_001_subset34590_ctx84_h64_emb8_ep20_steps100",
  "horizon": [
    1,
    2,
    3,
    4,
    5,
    6,
    7,
    8,
    9,
    10,
    11,
    12,
    13,
    14,
    15,
    16,
    17,
    18,
    19,
    20,
    21,
    22,
    23,
    24,
    25,
    26,
    27,
    28
  ],
  "actuals": [
    3.0,
    7.0,
    0.0,
    0.0,
    0.0,
    0.0,
    0.0,
    7.0,
    5.0,
    0.0,
    0.0,
    0.0,
    0.0,
    1.0,
    11.0,
    2.0,
    0.0,
    5.0,
    5.0,
    5.0,
    0.0,
    0.0,
    1.0,
    0.0,
    0.0,
    12.0,
    1.0,
    2.0
  ],
  "modes": {
    "mean": {
      "raw": {
        "forecast": [
          4.0758853,
          4.3922176,
          4.702943,
          4.848606,
          5.733271,
          6.570023,
          6.0684137,
          5.23145,
          4.8691363,
          5.3730283,
          5.171882,
          6.2154536,
          7.205352,
          6.764206,
          5.601161,
          5.2154007,
          5.3214493,
          5.5470457,
          6.618546,
          7.988684,
          7.3450165,
          6.6480317,
          5.5428023,
          5.791638,
          6.0160923,
          7.1040816,
          8.413292,
          7.7968493
        ],
        "metrics": {
          "mae": 4.670566609927586,
          "mape": 1.797576327410906,
          "rmse": 5.104929006051068,
          "smape": 1.3430832347268822,
          "rmsse": 0.923929436647314
        }
      },
      "rounded": {
        "forecast": [
          4.0,
          4.0,
          5.0,
          5.0,
          6.0,
          7.0,
          6.0,
          5.0,
          5.0,
          5.0,
          5.0,
          6.0,
          7.0,
          7.0,
          6.0,
          5.0,
          5.0,
          6.0,
          7.0,
          8.0,
          7.0,
          7.0,
          6.0,
          6.0,
          6.0,
          7.0,
          8.0,
          8.0
        ],
        "metrics": {
          "mae": 4.714285714285714,
          "mape": 1.8299165120593688,
          "rmse": 5.11998883927355,
          "smape": 1.3498933237876185,
          "rmsse": 0.9266550814523166
        }
      }
    },
    "sample-mean": {
      "raw": {
        "forecast": [
          4.47,
          3.39,
          4.63,
          4.85,
          4.71,
          5.55,
          4.53,
          5.21,
          4.3,
          2.86,
          3.35,
          5.48,
          4.77,
          4.86,
          3.85,
          4.59,
          3.61,
          3.59,
          4.46,
          5.86,
          5.74,
          4.07,
          4.23,
          3.69,
          4.68,
          4.16,
          6.26,
          5.19
        ],
        "metrics": {
          "mae": 3.786428587777274,
          "mape": 1.321911594302992,
          "rmse": 4.196487507658805,
          "smape": 1.3479040273419904,
          "rmsse": 0.7595126855344762
        }
      },
      "rounded": {
        "forecast": [
          4.0,
          3.0,
          5.0,
          5.0,
          5.0,
          6.0,
          5.0,
          5.0,
          4.0,
          3.0,
          3.0,
          5.0,
          5.0,
          5.0,
          4.0,
          5.0,
          4.0,
          4.0,
          4.0,
          6.0,
          6.0,
          4.0,
          4.0,
          4.0,
          5.0,
          4.0,
          6.0,
          5.0
        ],
        "metrics": {
          "mae": 3.892857142857143,
          "mape": 1.3066790352504636,
          "rmse": 4.305312333119896,
          "smape": 1.352752009894867,
          "rmsse": 0.779208642042848
        }
      }
    },
    "p25": {
      "raw": {
        "forecast": [
          0.0,
          0.0,
          0.0,
          0.0,
          0.0,
          1.0,
          0.0,
          0.0,
          0.0,
          0.0,
          0.0,
          0.0,
          0.0,
          0.0,
          0.0,
          0.0,
          0.0,
          0.0,
          0.0,
          0.0,
          1.0,
          0.0,
          0.0,
          0.0,
          0.0,
          0.0,
          1.0,
          0.0
        ],
        "metrics": {
          "mae": 2.4285714285714284,
          "mape": 0.9285714285714286,
          "rmse": 4.157609203101499,
          "smape": 1.0714285714285714,
          "rmsse": 0.7524761900249683
        }
      },
      "rounded": {
        "forecast": [
          0.0,
          0.0,
          0.0,
          0.0,
          0.0,
          1.0,
          0.0,
          0.0,
          0.0,
          0.0,
          0.0,
          0.0,
          0.0,
          0.0,
          0.0,
          0.0,
          0.0,
          0.0,
          0.0,
          0.0,
          1.0,
          0.0,
          0.0,
          0.0,
          0.0,
          0.0,
          1.0,
          0.0
        ],
        "metrics": {
          "mae": 2.4285714285714284,
          "mape": 0.9285714285714286,
          "rmse": 4.157609203101499,
          "smape": 1.0714285714285714,
          "rmsse": 0.7524761900249683
        }
      }
    },
    "p50": {
      "raw": {
        "forecast": [
          1.5,
          1.0,
          2.0,
          1.0,
          2.0,
          3.0,
          3.0,
          2.0,
          1.5,
          1.0,
          1.0,
          2.0,
          2.0,
          3.0,
          2.0,
          2.0,
          1.0,
          2.0,
          2.0,
          3.0,
          2.0,
          1.5,
          1.0,
          1.5,
          2.5,
          2.5,
          3.5,
          3.0
        ],
        "metrics": {
          "mae": 2.625,
          "mape": 0.7843769325912184,
          "rmse": 3.447307437904048,
          "smape": 1.420537781867831,
          "rmsse": 0.6239202964972477
        }
      },
      "rounded": {
        "forecast": [
          2.0,
          1.0,
          2.0,
          1.0,
          2.0,
          3.0,
          3.0,
          2.0,
          2.0,
          1.0,
          1.0,
          2.0,
          2.0,
          3.0,
          2.0,
          2.0,
          1.0,
          2.0,
          2.0,
          3.0,
          2.0,
          2.0,
          1.0,
          2.0,
          2.0,
          2.0,
          4.0,
          3.0
        ],
        "metrics": {
          "mae": 2.642857142857143,
          "mape": 0.8040197897340755,
          "rmse": 3.494894235064305,
          "smape": 1.4105616605616604,
          "rmsse": 0.6325329221850899
        }
      }
    },
    "p75": {
      "raw": {
        "forecast": [
          5.25,
          4.0,
          5.0,
          7.25,
          6.25,
          7.0,
          6.0,
          8.0,
          4.0,
          4.0,
          4.0,
          7.0,
          7.25,
          7.25,
          6.0,
          5.25,
          6.0,
          5.25,
          7.25,
          8.0,
          7.0,
          5.0,
          6.0,
          5.0,
          7.0,
          6.25,
          8.0,
          6.25
        ],
        "metrics": {
          "mae": 4.75,
          "mape": 1.825367192331478,
          "rmse": 5.172471777179097,
          "smape": 1.356022716740071,
          "rmsse": 0.9361538484665474
        }
      },
      "rounded": {
        "forecast": [
          5.0,
          4.0,
          5.0,
          7.0,
          6.0,
          7.0,
          6.0,
          8.0,
          4.0,
          4.0,
          4.0,
          7.0,
          7.0,
          7.0,
          6.0,
          5.0,
          6.0,
          5.0,
          7.0,
          8.0,
          7.0,
          5.0,
          6.0,
          5.0,
          7.0,
          6.0,
          8.0,
          6.0
        ],
        "metrics": {
          "mae": 4.678571428571429,
          "mape": 1.7780457637600493,
          "rmse": 5.116499919727492,
          "smape": 1.349716203497716,
          "rmsse": 0.9260236298754432
        }
      }
    }
  }
}