{
  "series_id": "HOBBIES_1_038_CA_1_validation",
  "run": "run_20260526_021333_335192_001_subset34590_ctx84_h64_emb8_ep20_steps100",
  "horizon": [
    1,
    2,
    3,
    4,
    5,
    6,
    7,
    8,
    9,
    10,
    11,
    12,
    13,
    14,
    15,
    16,
    17,
    18,
    19,
    20,
    21,
    22,
    23,
    24,
    25,
    26,
    27,
    28
  ],
  "actuals": [
    2.0,
    0.0,
    0.0,
    0.0,
    0.0,
    1.0,
    2.0,
    0.0,
    0.0,
    2.0,
    0.0,
    0.0,
    1.0,
    3.0,
    1.0,
    0.0,
    0.0,
    1.0,
    0.0,
    0.0,
    0.0,
    0.0,
    1.0,
    2.0,
    0.0,
    0.0,
    1.0,
    1.0
  ],
  "modes": {
    "mean": {
      "raw": {
        "forecast": [
          0.4355676,
          0.37878972,
          0.38631642,
          0.41951543,
          0.51919335,
          0.67116374,
          0.67953867,
          0.53294784,
          0.48162204,
          0.47798285,
          0.4650912,
          0.5366101,
          0.6319625,
          0.65153676,
          0.53476256,
          0.48021302,
          0.4514467,
          0.46226534,
          0.5318843,
          0.6377835,
          0.63525444,
          0.52974534,
          0.4611123,
          0.4498893,
          0.46816447,
          0.55298775,
          0.71784484,
          0.6930856
        ],
        "metrics": {
          "mae": 0.6836019169007029,
          "mape": 0.5490945842530993,
          "rmse": 0.8394488568824346,
          "smape": 1.4880511994034546,
          "rmsse": 0.9125337323498006
        }
      },
      "rounded": {
        "forecast": [
          0.0,
          0.0,
          0.0,
          0.0,
          1.0,
          1.0,
          1.0,
          1.0,
          0.0,
          0.0,
          0.0,
          1.0,
          1.0,
          1.0,
          1.0,
          0.0,
          0.0,
          0.0,
          1.0,
          1.0,
          1.0,
          1.0,
          0.0,
          0.0,
          0.0,
          1.0,
          1.0,
          1.0
        ],
        "metrics": {
          "mae": 0.6785714285714286,
          "mape": 0.5138888888888888,
          "rmse": 0.9819805060619656,
          "smape": 0.988095238095238,
          "rmsse": 1.0674746042533114
        }
      }
    },
    "sample-mean": {
      "raw": {
        "forecast": [
          0.43,
          0.43,
          0.41,
          0.37,
          0.64,
          0.52,
          0.59,
          0.54,
          0.46,
          0.52,
          0.49,
          0.62,
          0.5,
          0.69,
          0.45,
          0.4,
          0.45,
          0.51,
          0.58,
          0.64,
          0.62,
          0.6,
          0.56,
          0.37,
          0.4,
          0.53,
          0.68,
          0.73
        ],
        "metrics": {
          "mae": 0.7010714305298669,
          "mape": 0.5720833357837466,
          "rmse": 0.8525026210077209,
          "smape": 1.50522192690161,
          "rmsse": 0.9267239954025142
        }
      },
      "rounded": {
        "forecast": [
          0.0,
          0.0,
          0.0,
          0.0,
          1.0,
          1.0,
          1.0,
          1.0,
          0.0,
          1.0,
          0.0,
          1.0,
          0.0,
          1.0,
          0.0,
          0.0,
          0.0,
          1.0,
          1.0,
          1.0,
          1.0,
          1.0,
          1.0,
          0.0,
          0.0,
          1.0,
          1.0,
          1.0
        ],
        "metrics": {
          "mae": 0.6428571428571429,
          "mape": 0.4722222222222221,
          "rmse": 0.9258200997725514,
          "smape": 0.9404761904761904,
          "rmsse": 1.0064247085492568
        }
      }
    },
    "p25": {
      "raw": {
        "forecast": [
          0.0,
          0.0,
          0.0,
          0.0,
          0.0,
          0.0,
          0.0,
          0.0,
          0.0,
          0.0,
          0.0,
          0.0,
          0.0,
          0.0,
          0.0,
          0.0,
          0.0,
          0.0,
          0.0,
          0.0,
          0.0,
          0.0,
          0.0,
          0.0,
          0.0,
          0.0,
          0.0,
          0.0
        ],
        "metrics": {
          "mae": 0.6428571428571429,
          "mape": 1.0,
          "rmse": 1.0690449676496976,
          "smape": 0.8571428571428571,
          "rmsse": 1.1621191528000083
        }
      },
      "rounded": {
        "forecast": [
          0.0,
          0.0,
          0.0,
          0.0,
          0.0,
          0.0,
          0.0,
          0.0,
          0.0,
          0.0,
          0.0,
          0.0,
          0.0,
          0.0,
          0.0,
          0.0,
          0.0,
          0.0,
          0.0,
          0.0,
          0.0,
          0.0,
          0.0,
          0.0,
          0.0,
          0.0,
          0.0,
          0.0
        ],
        "metrics": {
          "mae": 0.6428571428571429,
          "mape": 1.0,
          "rmse": 1.0690449676496976,
          "smape": 0.8571428571428571,
          "rmsse": 1.1621191528000083
        }
      }
    },
    "p50": {
      "raw": {
        "forecast": [
          0.0,
          0.0,
          0.0,
          0.0,
          0.0,
          0.0,
          0.0,
          0.0,
          0.0,
          0.0,
          0.0,
          0.0,
          0.0,
          0.0,
          0.0,
          0.0,
          0.0,
          0.0,
          0.0,
          0.0,
          0.0,
          0.0,
          0.0,
          0.0,
          0.0,
          0.0,
          0.0,
          0.0
        ],
        "metrics": {
          "mae": 0.6428571428571429,
          "mape": 1.0,
          "rmse": 1.0690449676496976,
          "smape": 0.8571428571428571,
          "rmsse": 1.1621191528000083
        }
      },
      "rounded": {
        "forecast": [
          0.0,
          0.0,
          0.0,
          0.0,
          0.0,
          0.0,
          0.0,
          0.0,
          0.0,
          0.0,
          0.0,
          0.0,
          0.0,
          0.0,
          0.0,
          0.0,
          0.0,
          0.0,
          0.0,
          0.0,
          0.0,
          0.0,
          0.0,
          0.0,
          0.0,
          0.0,
          0.0,
          0.0
        ],
        "metrics": {
          "mae": 0.6428571428571429,
          "mape": 1.0,
          "rmse": 1.0690449676496976,
          "smape": 0.8571428571428571,
          "rmsse": 1.1621191528000083
        }
      }
    },
    "p75": {
      "raw": {
        "forecast": [
          1.0,
          1.0,
          1.0,
          1.0,
          1.0,
          1.0,
          1.0,
          1.0,
          1.0,
          1.0,
          1.0,
          1.0,
          1.0,
          1.0,
          1.0,
          1.0,
          1.0,
          1.0,
          1.0,
          1.0,
          1.0,
          1.0,
          1.0,
          1.0,
          1.0,
          1.0,
          1.0,
          1.0
        ],
        "metrics": {
          "mae": 0.7857142857142857,
          "mape": 0.2222222222222222,
          "rmse": 0.9258200997725514,
          "smape": 1.2738095238095235,
          "rmsse": 1.0064247085492568
        }
      },
      "rounded": {
        "forecast": [
          1.0,
          1.0,
          1.0,
          1.0,
          1.0,
          1.0,
          1.0,
          1.0,
          1.0,
          1.0,
          1.0,
          1.0,
          1.0,
          1.0,
          1.0,
          1.0,
          1.0,
          1.0,
          1.0,
          1.0,
          1.0,
          1.0,
          1.0,
          1.0,
          1.0,
          1.0,
          1.0,
          1.0
        ],
        "metrics": {
          "mae": 0.7857142857142857,
          "mape": 0.2222222222222222,
          "rmse": 0.9258200997725514,
          "smape": 1.2738095238095235,
          "rmsse": 1.0064247085492568
        }
      }
    }
  }
}