{
  "series_id": "HOBBIES_1_015_WI_1_validation",
  "run": "run_20260526_021333_335192_001_subset34590_ctx84_h64_emb8_ep20_steps100",
  "horizon": [
    1,
    2,
    3,
    4,
    5,
    6,
    7,
    8,
    9,
    10,
    11,
    12,
    13,
    14,
    15,
    16,
    17,
    18,
    19,
    20,
    21,
    22,
    23,
    24,
    25,
    26,
    27,
    28
  ],
  "actuals": [
    2.0,
    4.0,
    2.0,
    1.0,
    0.0,
    0.0,
    4.0,
    2.0,
    1.0,
    1.0,
    1.0,
    1.0,
    2.0,
    1.0,
    2.0,
    0.0,
    1.0,
    0.0,
    4.0,
    1.0,
    1.0,
    4.0,
    5.0,
    1.0,
    0.0,
    4.0,
    7.0,
    1.0
  ],
  "modes": {
    "mean": {
      "raw": {
        "forecast": [
          1.5441486,
          1.4779801,
          1.5146451,
          1.6209655,
          1.9953086,
          2.2223482,
          1.9280174,
          1.6917757,
          1.5723766,
          1.5570585,
          1.5864528,
          2.071462,
          2.2908742,
          2.118392,
          1.7324134,
          1.5701953,
          1.6457247,
          1.8011726,
          2.046076,
          2.5143905,
          2.1798606,
          1.7019573,
          1.5931523,
          1.6268568,
          1.7563133,
          2.0873392,
          2.5271516,
          2.1782174
        ],
        "metrics": {
          "mae": 1.4094040308679854,
          "mape": 0.634161231865794,
          "rmse": 1.722567177578901,
          "smape": 0.8280780157135872,
          "rmsse": 0.333197061689274
        }
      },
      "rounded": {
        "forecast": [
          2.0,
          1.0,
          2.0,
          2.0,
          2.0,
          2.0,
          2.0,
          2.0,
          2.0,
          2.0,
          2.0,
          2.0,
          2.0,
          2.0,
          2.0,
          2.0,
          2.0,
          2.0,
          2.0,
          3.0,
          2.0,
          2.0,
          2.0,
          2.0,
          2.0,
          2.0,
          3.0,
          2.0
        ],
        "metrics": {
          "mae": 1.4285714285714286,
          "mape": 0.6922360248447205,
          "rmse": 1.7320508075688772,
          "smape": 0.8282312925170069,
          "rmsse": 0.335031485152079
        }
      }
    },
    "sample-mean": {
      "raw": {
        "forecast": [
          1.38,
          1.08,
          1.52,
          1.6,
          1.84,
          1.9,
          1.67,
          2.0,
          1.32,
          1.46,
          1.4,
          1.74,
          2.17,
          2.1,
          1.69,
          1.16,
          1.32,
          1.76,
          1.65,
          3.02,
          2.05,
          1.49,
          1.45,
          1.87,
          2.04,
          1.98,
          2.12,
          1.92
        ],
        "metrics": {
          "mae": 1.4157142852033888,
          "mape": 0.6099844711537686,
          "rmse": 1.8135954833597865,
          "smape": 0.8340613980623724,
          "rmsse": 0.3508047140418363
        }
      },
      "rounded": {
        "forecast": [
          1.0,
          1.0,
          2.0,
          2.0,
          2.0,
          2.0,
          2.0,
          2.0,
          1.0,
          1.0,
          1.0,
          2.0,
          2.0,
          2.0,
          2.0,
          1.0,
          1.0,
          2.0,
          2.0,
          3.0,
          2.0,
          1.0,
          1.0,
          2.0,
          2.0,
          2.0,
          2.0,
          2.0
        ],
        "metrics": {
          "mae": 1.3928571428571428,
          "mape": 0.5658385093167702,
          "rmse": 1.880349511584026,
          "smape": 0.803968253968254,
          "rmsse": 0.3637169803091534
        }
      }
    },
    "p25": {
      "raw": {
        "forecast": [
          0.0,
          0.0,
          0.0,
          0.0,
          0.0,
          0.0,
          0.0,
          0.0,
          0.0,
          0.0,
          0.0,
          0.0,
          0.0,
          0.0,
          0.0,
          0.0,
          0.0,
          0.0,
          0.0,
          0.0,
          0.0,
          0.0,
          0.0,
          0.0,
          0.0,
          0.0,
          0.0,
          0.0
        ],
        "metrics": {
          "mae": 1.8928571428571428,
          "mape": 1.0,
          "rmse": 2.5704363164923687,
          "smape": 1.6428571428571428,
          "rmsse": 0.4972008285438427
        }
      },
      "rounded": {
        "forecast": [
          0.0,
          0.0,
          0.0,
          0.0,
          0.0,
          0.0,
          0.0,
          0.0,
          0.0,
          0.0,
          0.0,
          0.0,
          0.0,
          0.0,
          0.0,
          0.0,
          0.0,
          0.0,
          0.0,
          0.0,
          0.0,
          0.0,
          0.0,
          0.0,
          0.0,
          0.0,
          0.0,
          0.0
        ],
        "metrics": {
          "mae": 1.8928571428571428,
          "mape": 1.0,
          "rmse": 2.5704363164923687,
          "smape": 1.6428571428571428,
          "rmsse": 0.4972008285438427
        }
      }
    },
    "p50": {
      "raw": {
        "forecast": [
          1.0,
          0.5,
          1.0,
          1.0,
          1.0,
          1.0,
          1.0,
          1.0,
          1.0,
          1.0,
          1.0,
          1.0,
          1.0,
          1.0,
          1.0,
          0.0,
          1.0,
          1.0,
          1.0,
          1.5,
          1.0,
          1.0,
          1.0,
          1.0,
          1.0,
          1.0,
          1.0,
          1.0
        ],
        "metrics": {
          "mae": 1.25,
          "mape": 0.3709627329192546,
          "rmse": 1.9775525999867325,
          "smape": 0.7472222222222221,
          "rmsse": 0.3825190240636537
        }
      },
      "rounded": {
        "forecast": [
          1.0,
          0.0,
          1.0,
          1.0,
          1.0,
          1.0,
          1.0,
          1.0,
          1.0,
          1.0,
          1.0,
          1.0,
          1.0,
          1.0,
          1.0,
          0.0,
          1.0,
          1.0,
          1.0,
          2.0,
          1.0,
          1.0,
          1.0,
          1.0,
          1.0,
          1.0,
          1.0,
          1.0
        ],
        "metrics": {
          "mae": 1.2857142857142858,
          "mape": 0.3981366459627329,
          "rmse": 2.017778127403648,
          "smape": 0.7726190476190476,
          "rmsse": 0.3902998686743443
        }
      }
    },
    "p75": {
      "raw": {
        "forecast": [
          1.25,
          2.0,
          2.0,
          2.0,
          3.0,
          3.0,
          2.25,
          3.0,
          2.0,
          2.0,
          2.0,
          3.0,
          3.0,
          2.25,
          2.0,
          2.0,
          2.0,
          2.0,
          2.25,
          4.0,
          3.0,
          2.0,
          2.0,
          3.0,
          3.0,
          3.0,
          3.0,
          3.0
        ],
        "metrics": {
          "mae": 1.7321428571428572,
          "mape": 0.953105590062112,
          "rmse": 1.9752938298606904,
          "smape": 0.8914390371533228,
          "rmsse": 0.3820821089878152
        }
      },
      "rounded": {
        "forecast": [
          1.0,
          2.0,
          2.0,
          2.0,
          3.0,
          3.0,
          2.0,
          3.0,
          2.0,
          2.0,
          2.0,
          3.0,
          3.0,
          2.0,
          2.0,
          2.0,
          2.0,
          2.0,
          2.0,
          4.0,
          3.0,
          2.0,
          2.0,
          3.0,
          3.0,
          3.0,
          3.0,
          3.0
        ],
        "metrics": {
          "mae": 1.75,
          "mape": 0.953105590062112,
          "rmse": 1.9910514092523364,
          "smape": 0.902721088435374,
          "rmsse": 0.3851301057341664
        }
      }
    }
  }
}