{
  "series_id": "HOBBIES_1_194_TX_2_validation",
  "run": "run_20260526_021333_335192_001_subset34590_ctx84_h64_emb8_ep20_steps100",
  "horizon": [
    1,
    2,
    3,
    4,
    5,
    6,
    7,
    8,
    9,
    10,
    11,
    12,
    13,
    14,
    15,
    16,
    17,
    18,
    19,
    20,
    21,
    22,
    23,
    24,
    25,
    26,
    27,
    28
  ],
  "actuals": [
    0.0,
    2.0,
    1.0,
    1.0,
    1.0,
    0.0,
    0.0,
    0.0,
    0.0,
    0.0,
    2.0,
    0.0,
    0.0,
    4.0,
    1.0,
    2.0,
    0.0,
    1.0,
    4.0,
    1.0,
    0.0,
    1.0,
    0.0,
    0.0,
    1.0,
    2.0,
    1.0,
    0.0
  ],
  "modes": {
    "mean": {
      "raw": {
        "forecast": [
          0.85749704,
          0.8663717,
          0.8481642,
          0.88039464,
          1.022059,
          1.1723897,
          1.1798286,
          0.98173714,
          0.9146638,
          0.8657503,
          0.8699225,
          1.0651973,
          1.2990612,
          1.2343296,
          1.0704774,
          0.9196808,
          0.92465633,
          0.99102646,
          1.2087405,
          1.3742791,
          1.3669039,
          1.0746793,
          0.9525725,
          0.9415079,
          0.9813322,
          1.1587739,
          1.4071146,
          1.4213744
        ],
        "metrics": {
          "mae": 0.890464757169996,
          "mape": 0.3153033276398976,
          "rmse": 1.1282594333621363,
          "smape": 1.1469456853608515,
          "rmsse": 0.6838868819760671
        }
      },
      "rounded": {
        "forecast": [
          1.0,
          1.0,
          1.0,
          1.0,
          1.0,
          1.0,
          1.0,
          1.0,
          1.0,
          1.0,
          1.0,
          1.0,
          1.0,
          1.0,
          1.0,
          1.0,
          1.0,
          1.0,
          1.0,
          1.0,
          1.0,
          1.0,
          1.0,
          1.0,
          1.0,
          1.0,
          1.0,
          1.0
        ],
        "metrics": {
          "mae": 0.8214285714285714,
          "mape": 0.2333333333333333,
          "rmse": 1.118033988749895,
          "smape": 1.1095238095238096,
          "rmsse": 0.6776887973636957
        }
      }
    },
    "sample-mean": {
      "raw": {
        "forecast": [
          0.85,
          0.63,
          0.84,
          0.85,
          0.97,
          1.14,
          0.96,
          0.83,
          0.75,
          0.72,
          0.75,
          0.93,
          1.0,
          1.21,
          0.83,
          0.76,
          0.75,
          0.94,
          1.13,
          1.32,
          1.01,
          0.85,
          0.78,
          0.75,
          0.98,
          0.99,
          1.3,
          1.05
        ],
        "metrics": {
          "mae": 0.836071423121861,
          "mape": 0.3473333299160003,
          "rmse": 1.0814887170663816,
          "smape": 1.1802947679829912,
          "rmsse": 0.6555371262465935
        }
      },
      "rounded": {
        "forecast": [
          1.0,
          1.0,
          1.0,
          1.0,
          1.0,
          1.0,
          1.0,
          1.0,
          1.0,
          1.0,
          1.0,
          1.0,
          1.0,
          1.0,
          1.0,
          1.0,
          1.0,
          1.0,
          1.0,
          1.0,
          1.0,
          1.0,
          1.0,
          1.0,
          1.0,
          1.0,
          1.0,
          1.0
        ],
        "metrics": {
          "mae": 0.8214285714285714,
          "mape": 0.2333333333333333,
          "rmse": 1.118033988749895,
          "smape": 1.1095238095238096,
          "rmsse": 0.6776887973636957
        }
      }
    },
    "p25": {
      "raw": {
        "forecast": [
          0.0,
          0.0,
          0.0,
          0.0,
          0.0,
          0.0,
          0.0,
          0.0,
          0.0,
          0.0,
          0.0,
          0.0,
          0.0,
          0.0,
          0.0,
          0.0,
          0.0,
          0.0,
          0.0,
          0.0,
          0.0,
          0.0,
          0.0,
          0.0,
          0.0,
          0.0,
          0.0,
          0.0
        ],
        "metrics": {
          "mae": 0.8928571428571429,
          "mape": 1.0,
          "rmse": 1.4267845968170128,
          "smape": 1.0714285714285714,
          "rmsse": 0.8648359059236674
        }
      },
      "rounded": {
        "forecast": [
          0.0,
          0.0,
          0.0,
          0.0,
          0.0,
          0.0,
          0.0,
          0.0,
          0.0,
          0.0,
          0.0,
          0.0,
          0.0,
          0.0,
          0.0,
          0.0,
          0.0,
          0.0,
          0.0,
          0.0,
          0.0,
          0.0,
          0.0,
          0.0,
          0.0,
          0.0,
          0.0,
          0.0
        ],
        "metrics": {
          "mae": 0.8928571428571429,
          "mape": 1.0,
          "rmse": 1.4267845968170128,
          "smape": 1.0714285714285714,
          "rmsse": 0.8648359059236674
        }
      }
    },
    "p50": {
      "raw": {
        "forecast": [
          0.0,
          0.0,
          0.0,
          0.0,
          1.0,
          1.0,
          1.0,
          0.0,
          0.0,
          0.5,
          0.0,
          1.0,
          1.0,
          1.0,
          1.0,
          1.0,
          0.0,
          1.0,
          1.0,
          1.0,
          1.0,
          1.0,
          0.0,
          0.0,
          1.0,
          1.0,
          1.0,
          1.0
        ],
        "metrics": {
          "mae": 0.7321428571428571,
          "mape": 0.4333333333333333,
          "rmse": 1.1378237372909994,
          "smape": 0.9190476190476192,
          "rmsse": 0.689684220601183
        }
      },
      "rounded": {
        "forecast": [
          0.0,
          0.0,
          0.0,
          0.0,
          1.0,
          1.0,
          1.0,
          0.0,
          0.0,
          0.0,
          0.0,
          1.0,
          1.0,
          1.0,
          1.0,
          1.0,
          0.0,
          1.0,
          1.0,
          1.0,
          1.0,
          1.0,
          0.0,
          0.0,
          1.0,
          1.0,
          1.0,
          1.0
        ],
        "metrics": {
          "mae": 0.7142857142857143,
          "mape": 0.4333333333333333,
          "rmse": 1.1338934190276817,
          "smape": 0.8476190476190476,
          "rmsse": 0.6873018845685347
        }
      }
    },
    "p75": {
      "raw": {
        "forecast": [
          1.0,
          1.0,
          1.0,
          1.0,
          1.0,
          2.0,
          1.25,
          1.0,
          1.0,
          1.0,
          1.0,
          2.0,
          1.0,
          2.0,
          1.0,
          1.0,
          1.0,
          1.0,
          2.0,
          2.0,
          1.25,
          1.0,
          1.0,
          1.0,
          2.0,
          1.25,
          2.0,
          1.0
        ],
        "metrics": {
          "mae": 0.9375,
          "mape": 0.3916666666666666,
          "rmse": 1.1130315744462445,
          "smape": 1.1355311355311355,
          "rmsse": 0.6746566175127536
        }
      },
      "rounded": {
        "forecast": [
          1.0,
          1.0,
          1.0,
          1.0,
          1.0,
          2.0,
          1.0,
          1.0,
          1.0,
          1.0,
          1.0,
          2.0,
          1.0,
          2.0,
          1.0,
          1.0,
          1.0,
          1.0,
          2.0,
          2.0,
          1.0,
          1.0,
          1.0,
          1.0,
          2.0,
          1.0,
          2.0,
          1.0
        ],
        "metrics": {
          "mae": 0.9285714285714286,
          "mape": 0.4,
          "rmse": 1.1019463300386794,
          "smape": 1.1428571428571428,
          "rmsse": 0.6679373710259405
        }
      }
    }
  }
}