{
  "series_id": "HOBBIES_1_119_CA_1_validation",
  "run": "run_20260526_021333_335192_001_subset34590_ctx84_h64_emb8_ep20_steps100",
  "horizon": [
    1,
    2,
    3,
    4,
    5,
    6,
    7,
    8,
    9,
    10,
    11,
    12,
    13,
    14,
    15,
    16,
    17,
    18,
    19,
    20,
    21,
    22,
    23,
    24,
    25,
    26,
    27,
    28
  ],
  "actuals": [
    1.0,
    2.0,
    0.0,
    0.0,
    0.0,
    0.0,
    3.0,
    3.0,
    3.0,
    0.0,
    0.0,
    0.0,
    0.0,
    2.0,
    0.0,
    0.0,
    8.0,
    0.0,
    0.0,
    0.0,
    3.0,
    4.0,
    0.0,
    0.0,
    0.0,
    0.0,
    2.0,
    0.0
  ],
  "modes": {
    "mean": {
      "raw": {
        "forecast": [
          0.96035194,
          0.8850396,
          0.87499714,
          0.90569884,
          1.0611482,
          1.2909309,
          1.4879439,
          1.1493714,
          1.0065076,
          0.9833358,
          0.9272375,
          1.1142664,
          1.335136,
          1.3371689,
          1.0882208,
          0.974939,
          0.9308922,
          0.95507276,
          1.1049981,
          1.3406682,
          1.3105248,
          1.0801827,
          0.96747774,
          0.9526694,
          0.99290526,
          1.1615243,
          1.499925,
          1.3979304
        ],
        "metrics": {
          "mae": 1.3850445917674474,
          "mape": 0.5140724827845892,
          "rmse": 1.8361321655524463,
          "smape": 1.5562066946816475,
          "rmsse": 1.1729866923911303
        }
      },
      "rounded": {
        "forecast": [
          1.0,
          1.0,
          1.0,
          1.0,
          1.0,
          1.0,
          1.0,
          1.0,
          1.0,
          1.0,
          1.0,
          1.0,
          1.0,
          1.0,
          1.0,
          1.0,
          1.0,
          1.0,
          1.0,
          1.0,
          1.0,
          1.0,
          1.0,
          1.0,
          1.0,
          1.0,
          1.0,
          1.0
        ],
        "metrics": {
          "mae": 1.3928571428571428,
          "mape": 0.5791666666666666,
          "rmse": 1.8419709940325184,
          "smape": 1.5984126984126985,
          "rmsse": 1.1767167442004554
        }
      }
    },
    "sample-mean": {
      "raw": {
        "forecast": [
          1.0,
          0.76,
          0.76,
          1.11,
          1.16,
          1.43,
          1.68,
          1.02,
          1.02,
          0.98,
          0.86,
          1.05,
          1.39,
          1.31,
          0.86,
          0.95,
          0.86,
          0.89,
          0.88,
          1.03,
          1.34,
          1.0,
          0.74,
          0.88,
          0.83,
          1.3,
          1.09,
          1.06
        ],
        "metrics": {
          "mae": 1.3599999930177415,
          "mape": 0.5375833367307981,
          "rmse": 1.8340918283025969,
          "smape": 1.5719797463048557,
          "rmsse": 1.1716832522102087
        }
      },
      "rounded": {
        "forecast": [
          1.0,
          1.0,
          1.0,
          1.0,
          1.0,
          1.0,
          2.0,
          1.0,
          1.0,
          1.0,
          1.0,
          1.0,
          1.0,
          1.0,
          1.0,
          1.0,
          1.0,
          1.0,
          1.0,
          1.0,
          1.0,
          1.0,
          1.0,
          1.0,
          1.0,
          1.0,
          1.0,
          1.0
        ],
        "metrics": {
          "mae": 1.3571428571428572,
          "mape": 0.5458333333333333,
          "rmse": 1.8126539343499315,
          "smape": 1.576984126984127,
          "rmsse": 1.1579879612114792
        }
      }
    },
    "p25": {
      "raw": {
        "forecast": [
          0.0,
          0.0,
          0.0,
          0.0,
          0.0,
          0.0,
          0.0,
          0.0,
          0.0,
          0.0,
          0.0,
          0.0,
          0.0,
          0.0,
          0.0,
          0.0,
          0.0,
          0.0,
          0.0,
          0.0,
          0.0,
          0.0,
          0.0,
          0.0,
          0.0,
          0.0,
          0.0,
          0.0
        ],
        "metrics": {
          "mae": 1.1071428571428572,
          "mape": 1.0,
          "rmse": 2.1464256001881026,
          "smape": 0.7142857142857143,
          "rmsse": 1.371213201567529
        }
      },
      "rounded": {
        "forecast": [
          0.0,
          0.0,
          0.0,
          0.0,
          0.0,
          0.0,
          0.0,
          0.0,
          0.0,
          0.0,
          0.0,
          0.0,
          0.0,
          0.0,
          0.0,
          0.0,
          0.0,
          0.0,
          0.0,
          0.0,
          0.0,
          0.0,
          0.0,
          0.0,
          0.0,
          0.0,
          0.0,
          0.0
        ],
        "metrics": {
          "mae": 1.1071428571428572,
          "mape": 1.0,
          "rmse": 2.1464256001881026,
          "smape": 0.7142857142857143,
          "rmsse": 1.371213201567529
        }
      }
    },
    "p50": {
      "raw": {
        "forecast": [
          0.0,
          0.0,
          0.0,
          0.5,
          1.0,
          1.0,
          1.0,
          0.0,
          1.0,
          0.5,
          0.0,
          0.0,
          1.0,
          0.0,
          0.0,
          0.5,
          0.0,
          0.0,
          0.0,
          1.0,
          1.0,
          0.0,
          0.0,
          0.0,
          0.0,
          1.0,
          0.0,
          0.0
        ],
        "metrics": {
          "mae": 1.2321428571428572,
          "mape": 0.9,
          "rmse": 2.068039098829061,
          "smape": 1.1785714285714286,
          "rmsse": 1.3211371097249838
        }
      },
      "rounded": {
        "forecast": [
          0.0,
          0.0,
          0.0,
          0.0,
          1.0,
          1.0,
          1.0,
          0.0,
          1.0,
          0.0,
          0.0,
          0.0,
          1.0,
          0.0,
          0.0,
          0.0,
          0.0,
          0.0,
          0.0,
          1.0,
          1.0,
          0.0,
          0.0,
          0.0,
          0.0,
          1.0,
          0.0,
          0.0
        ],
        "metrics": {
          "mae": 1.1785714285714286,
          "mape": 0.9,
          "rmse": 2.0615528128088303,
          "smape": 0.9642857142857144,
          "rmsse": 1.3169934389547022
        }
      }
    },
    "p75": {
      "raw": {
        "forecast": [
          2.0,
          1.0,
          1.0,
          2.0,
          2.0,
          2.0,
          2.25,
          1.0,
          1.0,
          1.0,
          1.0,
          2.0,
          2.0,
          2.0,
          1.0,
          1.0,
          1.0,
          1.0,
          1.0,
          1.0,
          2.0,
          1.0,
          1.0,
          1.0,
          1.0,
          2.0,
          1.0,
          2.0
        ],
        "metrics": {
          "mae": 1.5625,
          "mape": 0.5541666666666666,
          "rmse": 1.9781168895116965,
          "smape": 1.551473922902494,
          "rmsse": 1.263691596347169
        }
      },
      "rounded": {
        "forecast": [
          2.0,
          1.0,
          1.0,
          2.0,
          2.0,
          2.0,
          2.0,
          1.0,
          1.0,
          1.0,
          1.0,
          2.0,
          2.0,
          2.0,
          1.0,
          1.0,
          1.0,
          1.0,
          1.0,
          1.0,
          2.0,
          1.0,
          1.0,
          1.0,
          1.0,
          2.0,
          1.0,
          2.0
        ],
        "metrics": {
          "mae": 1.5714285714285714,
          "mape": 0.5625,
          "rmse": 1.9820624179302295,
          "smape": 1.5555555555555554,
          "rmsse": 1.2662121405738962
        }
      }
    }
  }
}