{
  "series_id": "HOBBIES_1_165_CA_1_validation",
  "run": "run_20260526_021333_335192_001_subset34590_ctx84_h64_emb8_ep20_steps100",
  "horizon": [
    1,
    2,
    3,
    4,
    5,
    6,
    7,
    8,
    9,
    10,
    11,
    12,
    13,
    14,
    15,
    16,
    17,
    18,
    19,
    20,
    21,
    22,
    23,
    24,
    25,
    26,
    27,
    28
  ],
  "actuals": [
    0.0,
    0.0,
    0.0,
    0.0,
    0.0,
    0.0,
    0.0,
    0.0,
    0.0,
    1.0,
    0.0,
    0.0,
    0.0,
    0.0,
    0.0,
    0.0,
    0.0,
    0.0,
    0.0,
    0.0,
    3.0,
    0.0,
    0.0,
    1.0,
    0.0,
    0.0,
    0.0,
    0.0
  ],
  "modes": {
    "mean": {
      "raw": {
        "forecast": [
          0.24293926,
          0.21217789,
          0.21226142,
          0.22403559,
          0.273218,
          0.34231865,
          0.37809455,
          0.31335476,
          0.2764283,
          0.2655614,
          0.24877629,
          0.29927564,
          0.36715934,
          0.37076372,
          0.31384614,
          0.28141582,
          0.264373,
          0.27073017,
          0.31546882,
          0.38966423,
          0.3973979,
          0.33670178,
          0.2899708,
          0.27867064,
          0.28628126,
          0.33484718,
          0.44344574,
          0.4537914
        ],
        "metrics": {
          "mae": 0.4214182080967085,
          "mape": 0.7744339969423083,
          "rmse": 0.6074536650617492,
          "smape": 1.922179160918417,
          "rmsse": 0.7832640258595531
        }
      },
      "rounded": {
        "forecast": [
          0.0,
          0.0,
          0.0,
          0.0,
          0.0,
          0.0,
          0.0,
          0.0,
          0.0,
          0.0,
          0.0,
          0.0,
          0.0,
          0.0,
          0.0,
          0.0,
          0.0,
          0.0,
          0.0,
          0.0,
          0.0,
          0.0,
          0.0,
          0.0,
          0.0,
          0.0,
          0.0,
          0.0
        ],
        "metrics": {
          "mae": 0.1785714285714285,
          "mape": 1.0,
          "rmse": 0.6267831705280087,
          "smape": 0.2142857142857142,
          "rmsse": 0.8081879124704564
        }
      }
    },
    "sample-mean": {
      "raw": {
        "forecast": [
          0.32,
          0.22,
          0.27,
          0.21,
          0.22,
          0.38,
          0.33,
          0.29,
          0.25,
          0.19,
          0.31,
          0.31,
          0.32,
          0.38,
          0.32,
          0.28,
          0.31,
          0.2,
          0.33,
          0.28,
          0.41,
          0.3,
          0.35,
          0.26,
          0.22,
          0.2,
          0.3,
          0.32
        ],
        "metrics": {
          "mae": 0.405714286757367,
          "mape": 0.8044444488154517,
          "rmse": 0.5995355357979114,
          "smape": 1.930536047516045,
          "rmsse": 0.7730542170112692
        }
      },
      "rounded": {
        "forecast": [
          0.0,
          0.0,
          0.0,
          0.0,
          0.0,
          0.0,
          0.0,
          0.0,
          0.0,
          0.0,
          0.0,
          0.0,
          0.0,
          0.0,
          0.0,
          0.0,
          0.0,
          0.0,
          0.0,
          0.0,
          0.0,
          0.0,
          0.0,
          0.0,
          0.0,
          0.0,
          0.0,
          0.0
        ],
        "metrics": {
          "mae": 0.1785714285714285,
          "mape": 1.0,
          "rmse": 0.6267831705280087,
          "smape": 0.2142857142857142,
          "rmsse": 0.8081879124704564
        }
      }
    },
    "p25": {
      "raw": {
        "forecast": [
          0.0,
          0.0,
          0.0,
          0.0,
          0.0,
          0.0,
          0.0,
          0.0,
          0.0,
          0.0,
          0.0,
          0.0,
          0.0,
          0.0,
          0.0,
          0.0,
          0.0,
          0.0,
          0.0,
          0.0,
          0.0,
          0.0,
          0.0,
          0.0,
          0.0,
          0.0,
          0.0,
          0.0
        ],
        "metrics": {
          "mae": 0.1785714285714285,
          "mape": 1.0,
          "rmse": 0.6267831705280087,
          "smape": 0.2142857142857142,
          "rmsse": 0.8081879124704564
        }
      },
      "rounded": {
        "forecast": [
          0.0,
          0.0,
          0.0,
          0.0,
          0.0,
          0.0,
          0.0,
          0.0,
          0.0,
          0.0,
          0.0,
          0.0,
          0.0,
          0.0,
          0.0,
          0.0,
          0.0,
          0.0,
          0.0,
          0.0,
          0.0,
          0.0,
          0.0,
          0.0,
          0.0,
          0.0,
          0.0,
          0.0
        ],
        "metrics": {
          "mae": 0.1785714285714285,
          "mape": 1.0,
          "rmse": 0.6267831705280087,
          "smape": 0.2142857142857142,
          "rmsse": 0.8081879124704564
        }
      }
    },
    "p50": {
      "raw": {
        "forecast": [
          0.0,
          0.0,
          0.0,
          0.0,
          0.0,
          0.0,
          0.0,
          0.0,
          0.0,
          0.0,
          0.0,
          0.0,
          0.0,
          0.0,
          0.0,
          0.0,
          0.0,
          0.0,
          0.0,
          0.0,
          0.0,
          0.0,
          0.0,
          0.0,
          0.0,
          0.0,
          0.0,
          0.0
        ],
        "metrics": {
          "mae": 0.1785714285714285,
          "mape": 1.0,
          "rmse": 0.6267831705280087,
          "smape": 0.2142857142857142,
          "rmsse": 0.8081879124704564
        }
      },
      "rounded": {
        "forecast": [
          0.0,
          0.0,
          0.0,
          0.0,
          0.0,
          0.0,
          0.0,
          0.0,
          0.0,
          0.0,
          0.0,
          0.0,
          0.0,
          0.0,
          0.0,
          0.0,
          0.0,
          0.0,
          0.0,
          0.0,
          0.0,
          0.0,
          0.0,
          0.0,
          0.0,
          0.0,
          0.0,
          0.0
        ],
        "metrics": {
          "mae": 0.1785714285714285,
          "mape": 1.0,
          "rmse": 0.6267831705280087,
          "smape": 0.2142857142857142,
          "rmsse": 0.8081879124704564
        }
      }
    },
    "p75": {
      "raw": {
        "forecast": [
          1.0,
          0.0,
          0.0,
          0.0,
          0.0,
          1.0,
          1.0,
          0.0,
          0.0,
          0.0,
          0.25,
          1.0,
          0.0,
          1.0,
          1.0,
          0.0,
          0.0,
          0.0,
          1.0,
          0.25,
          1.0,
          0.0,
          1.0,
          0.0,
          0.0,
          0.0,
          0.0,
          1.0
        ],
        "metrics": {
          "mae": 0.4821428571428571,
          "mape": 0.8888888888888888,
          "rmse": 0.734968415259167,
          "smape": 0.9642857142857144,
          "rmsse": 0.9476843303875566
        }
      },
      "rounded": {
        "forecast": [
          1.0,
          0.0,
          0.0,
          0.0,
          0.0,
          1.0,
          1.0,
          0.0,
          0.0,
          0.0,
          0.0,
          1.0,
          0.0,
          1.0,
          1.0,
          0.0,
          0.0,
          0.0,
          1.0,
          0.0,
          1.0,
          0.0,
          1.0,
          0.0,
          0.0,
          0.0,
          0.0,
          1.0
        ],
        "metrics": {
          "mae": 0.4642857142857143,
          "mape": 0.8888888888888888,
          "rmse": 0.7319250547113999,
          "smape": 0.8214285714285714,
          "rmsse": 0.9437601548135334
        }
      }
    }
  }
}