{
  "series_id": "HOBBIES_1_083_TX_2_validation",
  "run": "run_20260526_021333_335192_001_subset34590_ctx84_h64_emb8_ep20_steps100",
  "horizon": [
    1,
    2,
    3,
    4,
    5,
    6,
    7,
    8,
    9,
    10,
    11,
    12,
    13,
    14,
    15,
    16,
    17,
    18,
    19,
    20,
    21,
    22,
    23,
    24,
    25,
    26,
    27,
    28
  ],
  "actuals": [
    0.0,
    0.0,
    0.0,
    0.0,
    0.0,
    0.0,
    0.0,
    0.0,
    0.0,
    0.0,
    0.0,
    0.0,
    0.0,
    1.0,
    0.0,
    0.0,
    0.0,
    0.0,
    0.0,
    0.0,
    0.0,
    0.0,
    0.0,
    0.0,
    0.0,
    0.0,
    0.0,
    1.0
  ],
  "modes": {
    "mean": {
      "raw": {
        "forecast": [
          0.29088366,
          0.25808093,
          0.24971113,
          0.24831769,
          0.2827036,
          0.31285185,
          0.3362975,
          0.2923365,
          0.27321732,
          0.2510402,
          0.23761392,
          0.28162524,
          0.3588028,
          0.34134248,
          0.31305525,
          0.2699872,
          0.26809868,
          0.26992705,
          0.31390035,
          0.36809903,
          0.38379896,
          0.31033283,
          0.2764671,
          0.26645508,
          0.2657754,
          0.3031872,
          0.36835316,
          0.38272178
        ],
        "metrics": {
          "mae": 0.3188162637608392,
          "mape": 0.6379678696393967,
          "rmse": 0.3331442386566571,
          "smape": 1.924104720462345,
          "rmsse": 0.7024930358510003
        }
      },
      "rounded": {
        "forecast": [
          0.0,
          0.0,
          0.0,
          0.0,
          0.0,
          0.0,
          0.0,
          0.0,
          0.0,
          0.0,
          0.0,
          0.0,
          0.0,
          0.0,
          0.0,
          0.0,
          0.0,
          0.0,
          0.0,
          0.0,
          0.0,
          0.0,
          0.0,
          0.0,
          0.0,
          0.0,
          0.0,
          0.0
        ],
        "metrics": {
          "mae": 0.0714285714285714,
          "mape": 1.0,
          "rmse": 0.2672612419124244,
          "smape": 0.1428571428571428,
          "rmsse": 0.5635671862537127
        }
      }
    },
    "sample-mean": {
      "raw": {
        "forecast": [
          0.34,
          0.28,
          0.28,
          0.33,
          0.25,
          0.26,
          0.28,
          0.28,
          0.27,
          0.16,
          0.25,
          0.33,
          0.39,
          0.26,
          0.2,
          0.25,
          0.32,
          0.25,
          0.21,
          0.27,
          0.29,
          0.32,
          0.2,
          0.24,
          0.23,
          0.3,
          0.38,
          0.33
        ],
        "metrics": {
          "mae": 0.3060714288481644,
          "mape": 0.7049999982118607,
          "rmse": 0.3296372466053805,
          "smape": 1.935075784498977,
          "rmsse": 0.6950979282461358
        }
      },
      "rounded": {
        "forecast": [
          0.0,
          0.0,
          0.0,
          0.0,
          0.0,
          0.0,
          0.0,
          0.0,
          0.0,
          0.0,
          0.0,
          0.0,
          0.0,
          0.0,
          0.0,
          0.0,
          0.0,
          0.0,
          0.0,
          0.0,
          0.0,
          0.0,
          0.0,
          0.0,
          0.0,
          0.0,
          0.0,
          0.0
        ],
        "metrics": {
          "mae": 0.0714285714285714,
          "mape": 1.0,
          "rmse": 0.2672612419124244,
          "smape": 0.1428571428571428,
          "rmsse": 0.5635671862537127
        }
      }
    },
    "p25": {
      "raw": {
        "forecast": [
          0.0,
          0.0,
          0.0,
          0.0,
          0.0,
          0.0,
          0.0,
          0.0,
          0.0,
          0.0,
          0.0,
          0.0,
          0.0,
          0.0,
          0.0,
          0.0,
          0.0,
          0.0,
          0.0,
          0.0,
          0.0,
          0.0,
          0.0,
          0.0,
          0.0,
          0.0,
          0.0,
          0.0
        ],
        "metrics": {
          "mae": 0.0714285714285714,
          "mape": 1.0,
          "rmse": 0.2672612419124244,
          "smape": 0.1428571428571428,
          "rmsse": 0.5635671862537127
        }
      },
      "rounded": {
        "forecast": [
          0.0,
          0.0,
          0.0,
          0.0,
          0.0,
          0.0,
          0.0,
          0.0,
          0.0,
          0.0,
          0.0,
          0.0,
          0.0,
          0.0,
          0.0,
          0.0,
          0.0,
          0.0,
          0.0,
          0.0,
          0.0,
          0.0,
          0.0,
          0.0,
          0.0,
          0.0,
          0.0,
          0.0
        ],
        "metrics": {
          "mae": 0.0714285714285714,
          "mape": 1.0,
          "rmse": 0.2672612419124244,
          "smape": 0.1428571428571428,
          "rmsse": 0.5635671862537127
        }
      }
    },
    "p50": {
      "raw": {
        "forecast": [
          0.0,
          0.0,
          0.0,
          0.0,
          0.0,
          0.0,
          0.0,
          0.0,
          0.0,
          0.0,
          0.0,
          0.0,
          0.0,
          0.0,
          0.0,
          0.0,
          0.0,
          0.0,
          0.0,
          0.0,
          0.0,
          0.0,
          0.0,
          0.0,
          0.0,
          0.0,
          0.0,
          0.0
        ],
        "metrics": {
          "mae": 0.0714285714285714,
          "mape": 1.0,
          "rmse": 0.2672612419124244,
          "smape": 0.1428571428571428,
          "rmsse": 0.5635671862537127
        }
      },
      "rounded": {
        "forecast": [
          0.0,
          0.0,
          0.0,
          0.0,
          0.0,
          0.0,
          0.0,
          0.0,
          0.0,
          0.0,
          0.0,
          0.0,
          0.0,
          0.0,
          0.0,
          0.0,
          0.0,
          0.0,
          0.0,
          0.0,
          0.0,
          0.0,
          0.0,
          0.0,
          0.0,
          0.0,
          0.0,
          0.0
        ],
        "metrics": {
          "mae": 0.0714285714285714,
          "mape": 1.0,
          "rmse": 0.2672612419124244,
          "smape": 0.1428571428571428,
          "rmsse": 0.5635671862537127
        }
      }
    },
    "p75": {
      "raw": {
        "forecast": [
          1.0,
          0.0,
          0.0,
          1.0,
          0.0,
          0.0,
          0.0,
          0.0,
          0.25,
          0.0,
          0.0,
          1.0,
          1.0,
          0.0,
          0.0,
          0.0,
          1.0,
          0.0,
          0.0,
          0.0,
          0.25,
          0.25,
          0.0,
          0.0,
          0.0,
          1.0,
          1.0,
          1.0
        ],
        "metrics": {
          "mae": 0.3125,
          "mape": 0.5,
          "rmse": 0.5407501403473829,
          "smape": 0.7857142857142857,
          "rmsse": 1.1402664781514948
        }
      },
      "rounded": {
        "forecast": [
          1.0,
          0.0,
          0.0,
          1.0,
          0.0,
          0.0,
          0.0,
          0.0,
          0.0,
          0.0,
          0.0,
          1.0,
          1.0,
          0.0,
          0.0,
          0.0,
          1.0,
          0.0,
          0.0,
          0.0,
          0.0,
          0.0,
          0.0,
          0.0,
          0.0,
          1.0,
          1.0,
          1.0
        ],
        "metrics": {
          "mae": 0.2857142857142857,
          "mape": 0.5,
          "rmse": 0.5345224838248488,
          "smape": 0.5714285714285714,
          "rmsse": 1.1271343725074254
        }
      }
    }
  }
}