{
  "series_id": "HOBBIES_2_085_WI_2_validation",
  "run": "run_20260526_021333_335192_001_subset34590_ctx84_h64_emb8_ep20_steps100",
  "horizon": [
    1,
    2,
    3,
    4,
    5,
    6,
    7,
    8,
    9,
    10,
    11,
    12,
    13,
    14,
    15,
    16,
    17,
    18,
    19,
    20,
    21,
    22,
    23,
    24,
    25,
    26,
    27,
    28
  ],
  "actuals": [
    0.0,
    0.0,
    0.0,
    0.0,
    0.0,
    0.0,
    0.0,
    0.0,
    0.0,
    0.0,
    0.0,
    0.0,
    0.0,
    0.0,
    0.0,
    0.0,
    0.0,
    0.0,
    1.0,
    0.0,
    0.0,
    0.0,
    0.0,
    0.0,
    0.0,
    0.0,
    1.0,
    0.0
  ],
  "modes": {
    "mean": {
      "raw": {
        "forecast": [
          0.2120591,
          0.21394014,
          0.21413615,
          0.21436758,
          0.23800883,
          0.23765954,
          0.2351129,
          0.24010989,
          0.24724902,
          0.2307205,
          0.23365185,
          0.2552955,
          0.25761512,
          0.26295114,
          0.24570091,
          0.2244711,
          0.23490822,
          0.24204305,
          0.23916359,
          0.27227458,
          0.2721591,
          0.23392086,
          0.22283679,
          0.21966054,
          0.21836743,
          0.22708699,
          0.24580958,
          0.2511516
        ],
        "metrics": {
          "mae": 0.2740173302590847,
          "mape": 0.7575134113430977,
          "rmse": 0.3055211139159409,
          "smape": 1.9442409765761368,
          "rmsse": 0.3675646727427126
        }
      },
      "rounded": {
        "forecast": [
          0.0,
          0.0,
          0.0,
          0.0,
          0.0,
          0.0,
          0.0,
          0.0,
          0.0,
          0.0,
          0.0,
          0.0,
          0.0,
          0.0,
          0.0,
          0.0,
          0.0,
          0.0,
          0.0,
          0.0,
          0.0,
          0.0,
          0.0,
          0.0,
          0.0,
          0.0,
          0.0,
          0.0
        ],
        "metrics": {
          "mae": 0.0714285714285714,
          "mape": 1.0,
          "rmse": 0.2672612419124244,
          "smape": 0.1428571428571428,
          "rmsse": 0.3215351949370647
        }
      }
    },
    "sample-mean": {
      "raw": {
        "forecast": [
          0.28,
          0.25,
          0.12,
          0.33,
          0.18,
          0.2,
          0.17,
          0.23,
          0.24,
          0.28,
          0.17,
          0.29,
          0.2,
          0.3,
          0.29,
          0.17,
          0.16,
          0.31,
          0.28,
          0.22,
          0.19,
          0.21,
          0.22,
          0.19,
          0.15,
          0.18,
          0.12,
          0.23
        ],
        "metrics": {
          "mae": 0.2628571439002241,
          "mape": 0.8000000007450581,
          "rmse": 0.3073969058859735,
          "smape": 1.9534438777525407,
          "rmsse": 0.3698213902990256
        }
      },
      "rounded": {
        "forecast": [
          0.0,
          0.0,
          0.0,
          0.0,
          0.0,
          0.0,
          0.0,
          0.0,
          0.0,
          0.0,
          0.0,
          0.0,
          0.0,
          0.0,
          0.0,
          0.0,
          0.0,
          0.0,
          0.0,
          0.0,
          0.0,
          0.0,
          0.0,
          0.0,
          0.0,
          0.0,
          0.0,
          0.0
        ],
        "metrics": {
          "mae": 0.0714285714285714,
          "mape": 1.0,
          "rmse": 0.2672612419124244,
          "smape": 0.1428571428571428,
          "rmsse": 0.3215351949370647
        }
      }
    },
    "p25": {
      "raw": {
        "forecast": [
          0.0,
          0.0,
          0.0,
          0.0,
          0.0,
          0.0,
          0.0,
          0.0,
          0.0,
          0.0,
          0.0,
          0.0,
          0.0,
          0.0,
          0.0,
          0.0,
          0.0,
          0.0,
          0.0,
          0.0,
          0.0,
          0.0,
          0.0,
          0.0,
          0.0,
          0.0,
          0.0,
          0.0
        ],
        "metrics": {
          "mae": 0.0714285714285714,
          "mape": 1.0,
          "rmse": 0.2672612419124244,
          "smape": 0.1428571428571428,
          "rmsse": 0.3215351949370647
        }
      },
      "rounded": {
        "forecast": [
          0.0,
          0.0,
          0.0,
          0.0,
          0.0,
          0.0,
          0.0,
          0.0,
          0.0,
          0.0,
          0.0,
          0.0,
          0.0,
          0.0,
          0.0,
          0.0,
          0.0,
          0.0,
          0.0,
          0.0,
          0.0,
          0.0,
          0.0,
          0.0,
          0.0,
          0.0,
          0.0,
          0.0
        ],
        "metrics": {
          "mae": 0.0714285714285714,
          "mape": 1.0,
          "rmse": 0.2672612419124244,
          "smape": 0.1428571428571428,
          "rmsse": 0.3215351949370647
        }
      }
    },
    "p50": {
      "raw": {
        "forecast": [
          0.0,
          0.0,
          0.0,
          0.0,
          0.0,
          0.0,
          0.0,
          0.0,
          0.0,
          0.0,
          0.0,
          0.0,
          0.0,
          0.0,
          0.0,
          0.0,
          0.0,
          0.0,
          0.0,
          0.0,
          0.0,
          0.0,
          0.0,
          0.0,
          0.0,
          0.0,
          0.0,
          0.0
        ],
        "metrics": {
          "mae": 0.0714285714285714,
          "mape": 1.0,
          "rmse": 0.2672612419124244,
          "smape": 0.1428571428571428,
          "rmsse": 0.3215351949370647
        }
      },
      "rounded": {
        "forecast": [
          0.0,
          0.0,
          0.0,
          0.0,
          0.0,
          0.0,
          0.0,
          0.0,
          0.0,
          0.0,
          0.0,
          0.0,
          0.0,
          0.0,
          0.0,
          0.0,
          0.0,
          0.0,
          0.0,
          0.0,
          0.0,
          0.0,
          0.0,
          0.0,
          0.0,
          0.0,
          0.0,
          0.0
        ],
        "metrics": {
          "mae": 0.0714285714285714,
          "mape": 1.0,
          "rmse": 0.2672612419124244,
          "smape": 0.1428571428571428,
          "rmsse": 0.3215351949370647
        }
      }
    },
    "p75": {
      "raw": {
        "forecast": [
          0.0,
          0.0,
          0.0,
          0.0,
          0.0,
          0.0,
          0.0,
          0.0,
          0.0,
          0.0,
          0.0,
          0.0,
          0.0,
          0.0,
          0.0,
          0.0,
          0.0,
          0.0,
          0.0,
          0.0,
          0.0,
          0.0,
          0.0,
          0.0,
          0.0,
          0.0,
          0.0,
          0.0
        ],
        "metrics": {
          "mae": 0.0714285714285714,
          "mape": 1.0,
          "rmse": 0.2672612419124244,
          "smape": 0.1428571428571428,
          "rmsse": 0.3215351949370647
        }
      },
      "rounded": {
        "forecast": [
          0.0,
          0.0,
          0.0,
          0.0,
          0.0,
          0.0,
          0.0,
          0.0,
          0.0,
          0.0,
          0.0,
          0.0,
          0.0,
          0.0,
          0.0,
          0.0,
          0.0,
          0.0,
          0.0,
          0.0,
          0.0,
          0.0,
          0.0,
          0.0,
          0.0,
          0.0,
          0.0,
          0.0
        ],
        "metrics": {
          "mae": 0.0714285714285714,
          "mape": 1.0,
          "rmse": 0.2672612419124244,
          "smape": 0.1428571428571428,
          "rmsse": 0.3215351949370647
        }
      }
    }
  }
}