{
  "series_id": "HOBBIES_1_198_TX_3_validation",
  "run": "run_20260526_021333_335192_001_subset34590_ctx84_h64_emb8_ep20_steps100",
  "horizon": [
    1,
    2,
    3,
    4,
    5,
    6,
    7,
    8,
    9,
    10,
    11,
    12,
    13,
    14,
    15,
    16,
    17,
    18,
    19,
    20,
    21,
    22,
    23,
    24,
    25,
    26,
    27,
    28
  ],
  "actuals": [
    0.0,
    0.0,
    0.0,
    0.0,
    0.0,
    0.0,
    1.0,
    1.0,
    0.0,
    0.0,
    2.0,
    0.0,
    1.0,
    0.0,
    2.0,
    1.0,
    0.0,
    1.0,
    0.0,
    0.0,
    1.0,
    0.0,
    0.0,
    1.0,
    0.0,
    3.0,
    0.0,
    1.0
  ],
  "modes": {
    "mean": {
      "raw": {
        "forecast": [
          0.3788897,
          0.35101438,
          0.34499875,
          0.3498898,
          0.38996655,
          0.42861062,
          0.4387784,
          0.3731089,
          0.35856235,
          0.33607063,
          0.3344716,
          0.3850352,
          0.44270658,
          0.4273785,
          0.38793164,
          0.34770426,
          0.34859723,
          0.36232197,
          0.41586,
          0.44993165,
          0.46910352,
          0.39310586,
          0.35865504,
          0.3506626,
          0.35854903,
          0.40693268,
          0.46472365,
          0.46468496
        ],
        "metrics": {
          "mae": 0.6129082792571613,
          "mape": 0.6594620875336907,
          "rmse": 0.790082756152465,
          "smape": 1.6101608613726246,
          "rmsse": 1.2138751416057754
        }
      },
      "rounded": {
        "forecast": [
          0.0,
          0.0,
          0.0,
          0.0,
          0.0,
          0.0,
          0.0,
          0.0,
          0.0,
          0.0,
          0.0,
          0.0,
          0.0,
          0.0,
          0.0,
          0.0,
          0.0,
          0.0,
          0.0,
          0.0,
          0.0,
          0.0,
          0.0,
          0.0,
          0.0,
          0.0,
          0.0,
          0.0
        ],
        "metrics": {
          "mae": 0.5357142857142857,
          "mape": 1.0,
          "rmse": 0.944911182523068,
          "smape": 0.7857142857142857,
          "rmsse": 1.451751967193584
        }
      }
    },
    "sample-mean": {
      "raw": {
        "forecast": [
          0.47,
          0.24,
          0.35,
          0.28,
          0.39,
          0.4,
          0.41,
          0.37,
          0.37,
          0.33,
          0.31,
          0.34,
          0.27,
          0.26,
          0.32,
          0.29,
          0.33,
          0.4,
          0.44,
          0.4,
          0.53,
          0.4,
          0.35,
          0.37,
          0.32,
          0.35,
          0.47,
          0.33
        ],
        "metrics": {
          "mae": 0.6139285718756062,
          "mape": 0.6907575762633121,
          "rmse": 0.8061925514507763,
          "smape": 1.639260235766629,
          "rmsse": 1.2386260678811538
        }
      },
      "rounded": {
        "forecast": [
          0.0,
          0.0,
          0.0,
          0.0,
          0.0,
          0.0,
          0.0,
          0.0,
          0.0,
          0.0,
          0.0,
          0.0,
          0.0,
          0.0,
          0.0,
          0.0,
          0.0,
          0.0,
          0.0,
          0.0,
          1.0,
          0.0,
          0.0,
          0.0,
          0.0,
          0.0,
          0.0,
          0.0
        ],
        "metrics": {
          "mae": 0.5,
          "mape": 0.9090909090909092,
          "rmse": 0.9258200997725514,
          "smape": 0.7142857142857143,
          "rmsse": 1.422420621082394
        }
      }
    },
    "p25": {
      "raw": {
        "forecast": [
          0.0,
          0.0,
          0.0,
          0.0,
          0.0,
          0.0,
          0.0,
          0.0,
          0.0,
          0.0,
          0.0,
          0.0,
          0.0,
          0.0,
          0.0,
          0.0,
          0.0,
          0.0,
          0.0,
          0.0,
          0.0,
          0.0,
          0.0,
          0.0,
          0.0,
          0.0,
          0.0,
          0.0
        ],
        "metrics": {
          "mae": 0.5357142857142857,
          "mape": 1.0,
          "rmse": 0.944911182523068,
          "smape": 0.7857142857142857,
          "rmsse": 1.451751967193584
        }
      },
      "rounded": {
        "forecast": [
          0.0,
          0.0,
          0.0,
          0.0,
          0.0,
          0.0,
          0.0,
          0.0,
          0.0,
          0.0,
          0.0,
          0.0,
          0.0,
          0.0,
          0.0,
          0.0,
          0.0,
          0.0,
          0.0,
          0.0,
          0.0,
          0.0,
          0.0,
          0.0,
          0.0,
          0.0,
          0.0,
          0.0
        ],
        "metrics": {
          "mae": 0.5357142857142857,
          "mape": 1.0,
          "rmse": 0.944911182523068,
          "smape": 0.7857142857142857,
          "rmsse": 1.451751967193584
        }
      }
    },
    "p50": {
      "raw": {
        "forecast": [
          0.0,
          0.0,
          0.0,
          0.0,
          0.0,
          0.0,
          0.0,
          0.0,
          0.0,
          0.0,
          0.0,
          0.0,
          0.0,
          0.0,
          0.0,
          0.0,
          0.0,
          0.0,
          0.0,
          0.0,
          0.0,
          0.0,
          0.0,
          0.0,
          0.0,
          0.0,
          0.0,
          0.0
        ],
        "metrics": {
          "mae": 0.5357142857142857,
          "mape": 1.0,
          "rmse": 0.944911182523068,
          "smape": 0.7857142857142857,
          "rmsse": 1.451751967193584
        }
      },
      "rounded": {
        "forecast": [
          0.0,
          0.0,
          0.0,
          0.0,
          0.0,
          0.0,
          0.0,
          0.0,
          0.0,
          0.0,
          0.0,
          0.0,
          0.0,
          0.0,
          0.0,
          0.0,
          0.0,
          0.0,
          0.0,
          0.0,
          0.0,
          0.0,
          0.0,
          0.0,
          0.0,
          0.0,
          0.0,
          0.0
        ],
        "metrics": {
          "mae": 0.5357142857142857,
          "mape": 1.0,
          "rmse": 0.944911182523068,
          "smape": 0.7857142857142857,
          "rmsse": 1.451751967193584
        }
      }
    },
    "p75": {
      "raw": {
        "forecast": [
          1.0,
          0.0,
          1.0,
          0.0,
          1.0,
          1.0,
          1.0,
          1.0,
          1.0,
          1.0,
          1.0,
          1.0,
          0.0,
          0.0,
          0.0,
          0.0,
          1.0,
          1.0,
          1.0,
          1.0,
          1.0,
          1.0,
          1.0,
          1.0,
          1.0,
          1.0,
          1.0,
          1.0
        ],
        "metrics": {
          "mae": 0.75,
          "mape": 0.3787878787878788,
          "rmse": 0.944911182523068,
          "smape": 1.2738095238095235,
          "rmsse": 1.451751967193584
        }
      },
      "rounded": {
        "forecast": [
          1.0,
          0.0,
          1.0,
          0.0,
          1.0,
          1.0,
          1.0,
          1.0,
          1.0,
          1.0,
          1.0,
          1.0,
          0.0,
          0.0,
          0.0,
          0.0,
          1.0,
          1.0,
          1.0,
          1.0,
          1.0,
          1.0,
          1.0,
          1.0,
          1.0,
          1.0,
          1.0,
          1.0
        ],
        "metrics": {
          "mae": 0.75,
          "mape": 0.3787878787878788,
          "rmse": 0.944911182523068,
          "smape": 1.2738095238095235,
          "rmsse": 1.451751967193584
        }
      }
    }
  }
}