{
  "series_id": "HOUSEHOLD_2_451_WI_3_validation",
  "run": "run_20260526_021333_335192_001_subset34590_ctx84_h64_emb8_ep20_steps100",
  "horizon": [
    1,
    2,
    3,
    4,
    5,
    6,
    7,
    8,
    9,
    10,
    11,
    12,
    13,
    14,
    15,
    16,
    17,
    18,
    19,
    20,
    21,
    22,
    23,
    24,
    25,
    26,
    27,
    28
  ],
  "actuals": [
    0.0,
    0.0,
    0.0,
    0.0,
    0.0,
    0.0,
    0.0,
    0.0,
    0.0,
    0.0,
    0.0,
    0.0,
    0.0,
    0.0,
    0.0,
    0.0,
    0.0,
    0.0,
    0.0,
    0.0,
    0.0,
    0.0,
    0.0,
    0.0,
    0.0,
    2.0,
    1.0,
    0.0
  ],
  "modes": {
    "mean": {
      "raw": {
        "forecast": [
          0.24547622,
          0.23817582,
          0.2506827,
          0.26562142,
          0.2987117,
          0.32374588,
          0.3301467,
          0.32423574,
          0.30402744,
          0.285572,
          0.28714815,
          0.34738895,
          0.4031404,
          0.4081737,
          0.34720448,
          0.3030019,
          0.3085,
          0.31721976,
          0.34320876,
          0.4373594,
          0.42803586,
          0.33925685,
          0.2999355,
          0.29422244,
          0.31133407,
          0.34698018,
          0.42788377,
          0.41461864
        ],
        "metrics": {
          "mae": 0.3814743038799081,
          "mape": 0.6993130668997765,
          "rmse": 0.458471762949542,
          "smape": 1.9360708558221087,
          "rmsse": 0.6117224174464262
        }
      },
      "rounded": {
        "forecast": [
          0.0,
          0.0,
          0.0,
          0.0,
          0.0,
          0.0,
          0.0,
          0.0,
          0.0,
          0.0,
          0.0,
          0.0,
          0.0,
          0.0,
          0.0,
          0.0,
          0.0,
          0.0,
          0.0,
          0.0,
          0.0,
          0.0,
          0.0,
          0.0,
          0.0,
          0.0,
          0.0,
          0.0
        ],
        "metrics": {
          "mae": 0.1071428571428571,
          "mape": 1.0,
          "rmse": 0.4225771273642583,
          "smape": 0.1428571428571428,
          "rmsse": 0.5638294935456694
        }
      }
    },
    "sample-mean": {
      "raw": {
        "forecast": [
          0.31,
          0.23,
          0.21,
          0.37,
          0.2,
          0.37,
          0.37,
          0.24,
          0.19,
          0.27,
          0.19,
          0.3,
          0.24,
          0.32,
          0.37,
          0.19,
          0.26,
          0.25,
          0.31,
          0.26,
          0.31,
          0.26,
          0.2,
          0.28,
          0.24,
          0.26,
          0.39,
          0.31
        ],
        "metrics": {
          "mae": 0.3357142864593437,
          "mape": 0.7400000095367432,
          "rmse": 0.4391062373866862,
          "smape": 1.9434828891117568,
          "rmsse": 0.5858836917717668
        }
      },
      "rounded": {
        "forecast": [
          0.0,
          0.0,
          0.0,
          0.0,
          0.0,
          0.0,
          0.0,
          0.0,
          0.0,
          0.0,
          0.0,
          0.0,
          0.0,
          0.0,
          0.0,
          0.0,
          0.0,
          0.0,
          0.0,
          0.0,
          0.0,
          0.0,
          0.0,
          0.0,
          0.0,
          0.0,
          0.0,
          0.0
        ],
        "metrics": {
          "mae": 0.1071428571428571,
          "mape": 1.0,
          "rmse": 0.4225771273642583,
          "smape": 0.1428571428571428,
          "rmsse": 0.5638294935456694
        }
      }
    },
    "p25": {
      "raw": {
        "forecast": [
          0.0,
          0.0,
          0.0,
          0.0,
          0.0,
          0.0,
          0.0,
          0.0,
          0.0,
          0.0,
          0.0,
          0.0,
          0.0,
          0.0,
          0.0,
          0.0,
          0.0,
          0.0,
          0.0,
          0.0,
          0.0,
          0.0,
          0.0,
          0.0,
          0.0,
          0.0,
          0.0,
          0.0
        ],
        "metrics": {
          "mae": 0.1071428571428571,
          "mape": 1.0,
          "rmse": 0.4225771273642583,
          "smape": 0.1428571428571428,
          "rmsse": 0.5638294935456694
        }
      },
      "rounded": {
        "forecast": [
          0.0,
          0.0,
          0.0,
          0.0,
          0.0,
          0.0,
          0.0,
          0.0,
          0.0,
          0.0,
          0.0,
          0.0,
          0.0,
          0.0,
          0.0,
          0.0,
          0.0,
          0.0,
          0.0,
          0.0,
          0.0,
          0.0,
          0.0,
          0.0,
          0.0,
          0.0,
          0.0,
          0.0
        ],
        "metrics": {
          "mae": 0.1071428571428571,
          "mape": 1.0,
          "rmse": 0.4225771273642583,
          "smape": 0.1428571428571428,
          "rmsse": 0.5638294935456694
        }
      }
    },
    "p50": {
      "raw": {
        "forecast": [
          0.0,
          0.0,
          0.0,
          0.0,
          0.0,
          0.0,
          0.0,
          0.0,
          0.0,
          0.0,
          0.0,
          0.0,
          0.0,
          0.0,
          0.0,
          0.0,
          0.0,
          0.0,
          0.0,
          0.0,
          0.0,
          0.0,
          0.0,
          0.0,
          0.0,
          0.0,
          0.0,
          0.0
        ],
        "metrics": {
          "mae": 0.1071428571428571,
          "mape": 1.0,
          "rmse": 0.4225771273642583,
          "smape": 0.1428571428571428,
          "rmsse": 0.5638294935456694
        }
      },
      "rounded": {
        "forecast": [
          0.0,
          0.0,
          0.0,
          0.0,
          0.0,
          0.0,
          0.0,
          0.0,
          0.0,
          0.0,
          0.0,
          0.0,
          0.0,
          0.0,
          0.0,
          0.0,
          0.0,
          0.0,
          0.0,
          0.0,
          0.0,
          0.0,
          0.0,
          0.0,
          0.0,
          0.0,
          0.0,
          0.0
        ],
        "metrics": {
          "mae": 0.1071428571428571,
          "mape": 1.0,
          "rmse": 0.4225771273642583,
          "smape": 0.1428571428571428,
          "rmsse": 0.5638294935456694
        }
      }
    },
    "p75": {
      "raw": {
        "forecast": [
          0.0,
          0.0,
          0.0,
          1.0,
          0.0,
          1.0,
          0.0,
          0.0,
          0.0,
          1.0,
          0.0,
          0.25,
          0.0,
          1.0,
          1.0,
          0.0,
          0.0,
          0.0,
          0.0,
          0.0,
          0.25,
          0.0,
          0.0,
          0.0,
          0.0,
          0.0,
          1.0,
          1.0
        ],
        "metrics": {
          "mae": 0.3035714285714285,
          "mape": 0.5,
          "rmse": 0.6013377943029549,
          "smape": 0.6428571428571429,
          "rmsse": 0.8023434352125847
        }
      },
      "rounded": {
        "forecast": [
          0.0,
          0.0,
          0.0,
          1.0,
          0.0,
          1.0,
          0.0,
          0.0,
          0.0,
          1.0,
          0.0,
          0.0,
          0.0,
          1.0,
          1.0,
          0.0,
          0.0,
          0.0,
          0.0,
          0.0,
          0.0,
          0.0,
          0.0,
          0.0,
          0.0,
          0.0,
          1.0,
          1.0
        ],
        "metrics": {
          "mae": 0.2857142857142857,
          "mape": 0.5,
          "rmse": 0.5976143046671968,
          "smape": 0.5,
          "rmsse": 0.797375316638239
        }
      }
    }
  }
}