{
  "series_id": "HOUSEHOLD_2_185_TX_1_validation",
  "run": "run_20260526_021333_335192_001_subset34590_ctx84_h64_emb8_ep20_steps100",
  "horizon": [
    1,
    2,
    3,
    4,
    5,
    6,
    7,
    8,
    9,
    10,
    11,
    12,
    13,
    14,
    15,
    16,
    17,
    18,
    19,
    20,
    21,
    22,
    23,
    24,
    25,
    26,
    27,
    28
  ],
  "actuals": [
    0.0,
    1.0,
    0.0,
    0.0,
    0.0,
    0.0,
    0.0,
    0.0,
    2.0,
    0.0,
    1.0,
    0.0,
    0.0,
    1.0,
    0.0,
    0.0,
    0.0,
    0.0,
    0.0,
    2.0,
    1.0,
    0.0,
    0.0,
    0.0,
    1.0,
    0.0,
    2.0,
    0.0
  ],
  "modes": {
    "mean": {
      "raw": {
        "forecast": [
          0.38975865,
          0.36851275,
          0.372957,
          0.38418674,
          0.42853943,
          0.4643264,
          0.5063006,
          0.42094567,
          0.4050638,
          0.3844802,
          0.37486926,
          0.44122064,
          0.5319299,
          0.49963537,
          0.46000177,
          0.38921773,
          0.3985952,
          0.41183418,
          0.46197844,
          0.51575077,
          0.5396912,
          0.41318047,
          0.38006502,
          0.3796505,
          0.39148122,
          0.43031567,
          0.52801466,
          0.51335007
        ],
        "metrics": {
          "mae": 0.5692791183079992,
          "mape": 0.6376744471490383,
          "rmse": 0.6613165776595726,
          "smape": 1.7015335953409485,
          "rmsse": 0.7466339333196916
        }
      },
      "rounded": {
        "forecast": [
          0.0,
          0.0,
          0.0,
          0.0,
          0.0,
          0.0,
          1.0,
          0.0,
          0.0,
          0.0,
          0.0,
          0.0,
          1.0,
          0.0,
          0.0,
          0.0,
          0.0,
          0.0,
          0.0,
          1.0,
          1.0,
          0.0,
          0.0,
          0.0,
          0.0,
          0.0,
          1.0,
          1.0
        ],
        "metrics": {
          "mae": 0.3928571428571428,
          "mape": 0.75,
          "rmse": 0.6813851438692469,
          "smape": 0.619047619047619,
          "rmsse": 0.7692915726884858
        }
      }
    },
    "sample-mean": {
      "raw": {
        "forecast": [
          0.47,
          0.33,
          0.32,
          0.38,
          0.34,
          0.43,
          0.33,
          0.29,
          0.34,
          0.47,
          0.43,
          0.34,
          0.45,
          0.39,
          0.43,
          0.4,
          0.43,
          0.37,
          0.35,
          0.36,
          0.44,
          0.46,
          0.28,
          0.32,
          0.33,
          0.41,
          0.46,
          0.45
        ],
        "metrics": {
          "mae": 0.5585714269961629,
          "mape": 0.6874999962747097,
          "rmse": 0.6755315339081648,
          "smape": 1.733156513657521,
          "rmsse": 0.7626827805048247
        }
      },
      "rounded": {
        "forecast": [
          0.0,
          0.0,
          0.0,
          0.0,
          0.0,
          0.0,
          0.0,
          0.0,
          0.0,
          0.0,
          0.0,
          0.0,
          0.0,
          0.0,
          0.0,
          0.0,
          0.0,
          0.0,
          0.0,
          0.0,
          0.0,
          0.0,
          0.0,
          0.0,
          0.0,
          0.0,
          0.0,
          0.0
        ],
        "metrics": {
          "mae": 0.3928571428571428,
          "mape": 1.0,
          "rmse": 0.7791937224739796,
          "smape": 0.5714285714285714,
          "rmsse": 0.8797185697169078
        }
      }
    },
    "p25": {
      "raw": {
        "forecast": [
          0.0,
          0.0,
          0.0,
          0.0,
          0.0,
          0.0,
          0.0,
          0.0,
          0.0,
          0.0,
          0.0,
          0.0,
          0.0,
          0.0,
          0.0,
          0.0,
          0.0,
          0.0,
          0.0,
          0.0,
          0.0,
          0.0,
          0.0,
          0.0,
          0.0,
          0.0,
          0.0,
          0.0
        ],
        "metrics": {
          "mae": 0.3928571428571428,
          "mape": 1.0,
          "rmse": 0.7791937224739796,
          "smape": 0.5714285714285714,
          "rmsse": 0.8797185697169078
        }
      },
      "rounded": {
        "forecast": [
          0.0,
          0.0,
          0.0,
          0.0,
          0.0,
          0.0,
          0.0,
          0.0,
          0.0,
          0.0,
          0.0,
          0.0,
          0.0,
          0.0,
          0.0,
          0.0,
          0.0,
          0.0,
          0.0,
          0.0,
          0.0,
          0.0,
          0.0,
          0.0,
          0.0,
          0.0,
          0.0,
          0.0
        ],
        "metrics": {
          "mae": 0.3928571428571428,
          "mape": 1.0,
          "rmse": 0.7791937224739796,
          "smape": 0.5714285714285714,
          "rmsse": 0.8797185697169078
        }
      }
    },
    "p50": {
      "raw": {
        "forecast": [
          0.0,
          0.0,
          0.0,
          0.0,
          0.0,
          0.0,
          0.0,
          0.0,
          0.0,
          0.0,
          0.0,
          0.0,
          0.0,
          0.0,
          0.0,
          0.0,
          0.0,
          0.0,
          0.0,
          0.0,
          0.0,
          0.0,
          0.0,
          0.0,
          0.0,
          0.0,
          0.0,
          0.0
        ],
        "metrics": {
          "mae": 0.3928571428571428,
          "mape": 1.0,
          "rmse": 0.7791937224739796,
          "smape": 0.5714285714285714,
          "rmsse": 0.8797185697169078
        }
      },
      "rounded": {
        "forecast": [
          0.0,
          0.0,
          0.0,
          0.0,
          0.0,
          0.0,
          0.0,
          0.0,
          0.0,
          0.0,
          0.0,
          0.0,
          0.0,
          0.0,
          0.0,
          0.0,
          0.0,
          0.0,
          0.0,
          0.0,
          0.0,
          0.0,
          0.0,
          0.0,
          0.0,
          0.0,
          0.0,
          0.0
        ],
        "metrics": {
          "mae": 0.3928571428571428,
          "mape": 1.0,
          "rmse": 0.7791937224739796,
          "smape": 0.5714285714285714,
          "rmsse": 0.8797185697169078
        }
      }
    },
    "p75": {
      "raw": {
        "forecast": [
          1.0,
          1.0,
          1.0,
          0.0,
          1.0,
          1.0,
          1.0,
          0.0,
          0.0,
          1.0,
          0.25,
          0.0,
          1.0,
          1.0,
          1.0,
          1.0,
          1.0,
          1.0,
          1.0,
          1.0,
          1.0,
          1.0,
          0.0,
          0.0,
          0.25,
          0.25,
          1.0,
          1.0
        ],
        "metrics": {
          "mae": 0.7053571428571429,
          "mape": 0.4375,
          "rmse": 0.8698829970584714,
          "smape": 1.276190476190476,
          "rmsse": 0.9821077915818174
        }
      },
      "rounded": {
        "forecast": [
          1.0,
          1.0,
          1.0,
          0.0,
          1.0,
          1.0,
          1.0,
          0.0,
          0.0,
          1.0,
          0.0,
          0.0,
          1.0,
          1.0,
          1.0,
          1.0,
          1.0,
          1.0,
          1.0,
          1.0,
          1.0,
          1.0,
          0.0,
          0.0,
          0.0,
          0.0,
          1.0,
          1.0
        ],
        "metrics": {
          "mae": 0.7142857142857143,
          "mape": 0.5,
          "rmse": 0.8864052604279183,
          "smape": 1.261904761904762,
          "rmsse": 1.0007616147334035
        }
      }
    }
  }
}