{
  "series_id": "HOUSEHOLD_2_476_CA_4_validation",
  "run": "run_20260526_021333_335192_001_subset34590_ctx84_h64_emb8_ep20_steps100",
  "horizon": [
    1,
    2,
    3,
    4,
    5,
    6,
    7,
    8,
    9,
    10,
    11,
    12,
    13,
    14,
    15,
    16,
    17,
    18,
    19,
    20,
    21,
    22,
    23,
    24,
    25,
    26,
    27,
    28
  ],
  "actuals": [
    0.0,
    1.0,
    0.0,
    0.0,
    0.0,
    0.0,
    0.0,
    0.0,
    0.0,
    1.0,
    0.0,
    0.0,
    0.0,
    0.0,
    0.0,
    0.0,
    0.0,
    0.0,
    0.0,
    0.0,
    0.0,
    1.0,
    0.0,
    0.0,
    0.0,
    1.0,
    0.0,
    0.0
  ],
  "modes": {
    "mean": {
      "raw": {
        "forecast": [
          0.36191848,
          0.3734374,
          0.3961519,
          0.43944108,
          0.47842902,
          0.5165891,
          0.51891434,
          0.46885964,
          0.4376345,
          0.4301507,
          0.41441917,
          0.45701557,
          0.52782995,
          0.52292466,
          0.46131462,
          0.42706928,
          0.4101836,
          0.40988263,
          0.4400721,
          0.5067897,
          0.5186763,
          0.43084958,
          0.3982174,
          0.39880386,
          0.4234631,
          0.4626551,
          0.5356178,
          0.5178546
        ],
        "metrics": {
          "mae": 0.4746778437069484,
          "mape": 0.5757268071174622,
          "rmse": 0.4789510896593872,
          "smape": 1.829985834725887,
          "rmsse": 1.156373652186675
        }
      },
      "rounded": {
        "forecast": [
          0.0,
          0.0,
          0.0,
          0.0,
          0.0,
          1.0,
          1.0,
          0.0,
          0.0,
          0.0,
          0.0,
          0.0,
          1.0,
          1.0,
          0.0,
          0.0,
          0.0,
          0.0,
          0.0,
          1.0,
          1.0,
          0.0,
          0.0,
          0.0,
          0.0,
          0.0,
          1.0,
          1.0
        ],
        "metrics": {
          "mae": 0.4285714285714285,
          "mape": 1.0,
          "rmse": 0.6546536707079771,
          "smape": 0.8571428571428571,
          "rmsse": 1.580587814618743
        }
      }
    },
    "sample-mean": {
      "raw": {
        "forecast": [
          0.17,
          0.31,
          0.42,
          0.32,
          0.48,
          0.38,
          0.52,
          0.37,
          0.48,
          0.38,
          0.38,
          0.52,
          0.52,
          0.48,
          0.36,
          0.34,
          0.39,
          0.27,
          0.35,
          0.33,
          0.34,
          0.3,
          0.29,
          0.2,
          0.29,
          0.44,
          0.44,
          0.32
        ],
        "metrics": {
          "mae": 0.4117857100708144,
          "mape": 0.6424999982118607,
          "rmse": 0.4318275068411155,
          "smape": 1.8502388098101616,
          "rmsse": 1.0425990502613738
        }
      },
      "rounded": {
        "forecast": [
          0.0,
          0.0,
          0.0,
          0.0,
          0.0,
          0.0,
          1.0,
          0.0,
          0.0,
          0.0,
          0.0,
          1.0,
          1.0,
          0.0,
          0.0,
          0.0,
          0.0,
          0.0,
          0.0,
          0.0,
          0.0,
          0.0,
          0.0,
          0.0,
          0.0,
          0.0,
          0.0,
          0.0
        ],
        "metrics": {
          "mae": 0.25,
          "mape": 1.0,
          "rmse": 0.5,
          "smape": 0.5,
          "rmsse": 1.2071938838358698
        }
      }
    },
    "p25": {
      "raw": {
        "forecast": [
          0.0,
          0.0,
          0.0,
          0.0,
          0.0,
          0.0,
          0.0,
          0.0,
          0.0,
          0.0,
          0.0,
          0.0,
          0.0,
          0.0,
          0.0,
          0.0,
          0.0,
          0.0,
          0.0,
          0.0,
          0.0,
          0.0,
          0.0,
          0.0,
          0.0,
          0.0,
          0.0,
          0.0
        ],
        "metrics": {
          "mae": 0.1428571428571428,
          "mape": 1.0,
          "rmse": 0.3779644730092272,
          "smape": 0.2857142857142857,
          "rmsse": 0.9125528002479736
        }
      },
      "rounded": {
        "forecast": [
          0.0,
          0.0,
          0.0,
          0.0,
          0.0,
          0.0,
          0.0,
          0.0,
          0.0,
          0.0,
          0.0,
          0.0,
          0.0,
          0.0,
          0.0,
          0.0,
          0.0,
          0.0,
          0.0,
          0.0,
          0.0,
          0.0,
          0.0,
          0.0,
          0.0,
          0.0,
          0.0,
          0.0
        ],
        "metrics": {
          "mae": 0.1428571428571428,
          "mape": 1.0,
          "rmse": 0.3779644730092272,
          "smape": 0.2857142857142857,
          "rmsse": 0.9125528002479736
        }
      }
    },
    "p50": {
      "raw": {
        "forecast": [
          0.0,
          0.0,
          0.0,
          0.0,
          0.0,
          0.0,
          0.0,
          0.0,
          0.0,
          0.0,
          0.0,
          0.0,
          0.0,
          0.0,
          0.0,
          0.0,
          0.0,
          0.0,
          0.0,
          0.0,
          0.0,
          0.0,
          0.0,
          0.0,
          0.0,
          0.0,
          0.0,
          0.0
        ],
        "metrics": {
          "mae": 0.1428571428571428,
          "mape": 1.0,
          "rmse": 0.3779644730092272,
          "smape": 0.2857142857142857,
          "rmsse": 0.9125528002479736
        }
      },
      "rounded": {
        "forecast": [
          0.0,
          0.0,
          0.0,
          0.0,
          0.0,
          0.0,
          0.0,
          0.0,
          0.0,
          0.0,
          0.0,
          0.0,
          0.0,
          0.0,
          0.0,
          0.0,
          0.0,
          0.0,
          0.0,
          0.0,
          0.0,
          0.0,
          0.0,
          0.0,
          0.0,
          0.0,
          0.0,
          0.0
        ],
        "metrics": {
          "mae": 0.1428571428571428,
          "mape": 1.0,
          "rmse": 0.3779644730092272,
          "smape": 0.2857142857142857,
          "rmsse": 0.9125528002479736
        }
      }
    },
    "p75": {
      "raw": {
        "forecast": [
          0.0,
          0.0,
          1.0,
          1.0,
          1.0,
          0.25,
          1.0,
          1.0,
          1.0,
          1.0,
          1.0,
          1.0,
          1.0,
          1.0,
          1.0,
          1.0,
          0.25,
          0.0,
          1.0,
          1.0,
          0.25,
          0.0,
          0.0,
          0.0,
          0.0,
          1.0,
          1.0,
          0.25
        ],
        "metrics": {
          "mae": 0.6428571428571429,
          "mape": 0.5,
          "rmse": 0.7849021777084254,
          "smape": 1.5,
          "rmsse": 1.895058216678132
        }
      },
      "rounded": {
        "forecast": [
          0.0,
          0.0,
          1.0,
          1.0,
          1.0,
          0.0,
          1.0,
          1.0,
          1.0,
          1.0,
          1.0,
          1.0,
          1.0,
          1.0,
          1.0,
          1.0,
          0.0,
          0.0,
          1.0,
          1.0,
          0.0,
          0.0,
          0.0,
          0.0,
          0.0,
          1.0,
          1.0,
          0.0
        ],
        "metrics": {
          "mae": 0.6071428571428571,
          "mape": 0.5,
          "rmse": 0.7791937224739796,
          "smape": 1.2142857142857142,
          "rmsse": 1.8812757921877847
        }
      }
    }
  }
}