{
  "series_id": "HOUSEHOLD_1_095_TX_2_validation",
  "run": "run_20260526_021333_335192_001_subset34590_ctx84_h64_emb8_ep20_steps100",
  "horizon": [
    1,
    2,
    3,
    4,
    5,
    6,
    7,
    8,
    9,
    10,
    11,
    12,
    13,
    14,
    15,
    16,
    17,
    18,
    19,
    20,
    21,
    22,
    23,
    24,
    25,
    26,
    27,
    28
  ],
  "actuals": [
    0.0,
    0.0,
    0.0,
    0.0,
    0.0,
    1.0,
    0.0,
    0.0,
    0.0,
    0.0,
    0.0,
    0.0,
    1.0,
    0.0,
    1.0,
    0.0,
    0.0,
    1.0,
    0.0,
    2.0,
    0.0,
    0.0,
    0.0,
    0.0,
    0.0,
    0.0,
    0.0,
    0.0
  ],
  "modes": {
    "mean": {
      "raw": {
        "forecast": [
          0.15271372,
          0.14308517,
          0.15055509,
          0.16455005,
          0.1963377,
          0.22176437,
          0.23896272,
          0.20768578,
          0.1947699,
          0.1844366,
          0.17814605,
          0.21084341,
          0.25443462,
          0.24117786,
          0.21122141,
          0.18227175,
          0.18306941,
          0.19101025,
          0.2215395,
          0.26212528,
          0.27137914,
          0.21909796,
          0.19302101,
          0.18922736,
          0.19514072,
          0.22416134,
          0.28049123,
          0.28987175
        ],
        "metrics": {
          "mae": 0.3418564035424164,
          "mape": 0.7981013417243957,
          "rmse": 0.4802736338534391,
          "smape": 1.8807172649659984,
          "rmsse": 0.8682699209805937
        }
      },
      "rounded": {
        "forecast": [
          0.0,
          0.0,
          0.0,
          0.0,
          0.0,
          0.0,
          0.0,
          0.0,
          0.0,
          0.0,
          0.0,
          0.0,
          0.0,
          0.0,
          0.0,
          0.0,
          0.0,
          0.0,
          0.0,
          0.0,
          0.0,
          0.0,
          0.0,
          0.0,
          0.0,
          0.0,
          0.0,
          0.0
        ],
        "metrics": {
          "mae": 0.2142857142857142,
          "mape": 1.0,
          "rmse": 0.5345224838248488,
          "smape": 0.3571428571428571,
          "rmsse": 0.966344521287172
        }
      }
    },
    "sample-mean": {
      "raw": {
        "forecast": [
          0.2,
          0.16,
          0.09,
          0.1,
          0.15,
          0.19,
          0.24,
          0.14,
          0.19,
          0.11,
          0.07,
          0.17,
          0.23,
          0.24,
          0.2,
          0.13,
          0.13,
          0.11,
          0.24,
          0.26,
          0.19,
          0.28,
          0.15,
          0.18,
          0.1,
          0.15,
          0.16,
          0.24
        ],
        "metrics": {
          "mae": 0.3150000000106437,
          "mape": 0.8280000001192093,
          "rmse": 0.4783976238355367,
          "smape": 1.896076321722285,
          "rmsse": 0.8648783480205426
        }
      },
      "rounded": {
        "forecast": [
          0.0,
          0.0,
          0.0,
          0.0,
          0.0,
          0.0,
          0.0,
          0.0,
          0.0,
          0.0,
          0.0,
          0.0,
          0.0,
          0.0,
          0.0,
          0.0,
          0.0,
          0.0,
          0.0,
          0.0,
          0.0,
          0.0,
          0.0,
          0.0,
          0.0,
          0.0,
          0.0,
          0.0
        ],
        "metrics": {
          "mae": 0.2142857142857142,
          "mape": 1.0,
          "rmse": 0.5345224838248488,
          "smape": 0.3571428571428571,
          "rmsse": 0.966344521287172
        }
      }
    },
    "p25": {
      "raw": {
        "forecast": [
          0.0,
          0.0,
          0.0,
          0.0,
          0.0,
          0.0,
          0.0,
          0.0,
          0.0,
          0.0,
          0.0,
          0.0,
          0.0,
          0.0,
          0.0,
          0.0,
          0.0,
          0.0,
          0.0,
          0.0,
          0.0,
          0.0,
          0.0,
          0.0,
          0.0,
          0.0,
          0.0,
          0.0
        ],
        "metrics": {
          "mae": 0.2142857142857142,
          "mape": 1.0,
          "rmse": 0.5345224838248488,
          "smape": 0.3571428571428571,
          "rmsse": 0.966344521287172
        }
      },
      "rounded": {
        "forecast": [
          0.0,
          0.0,
          0.0,
          0.0,
          0.0,
          0.0,
          0.0,
          0.0,
          0.0,
          0.0,
          0.0,
          0.0,
          0.0,
          0.0,
          0.0,
          0.0,
          0.0,
          0.0,
          0.0,
          0.0,
          0.0,
          0.0,
          0.0,
          0.0,
          0.0,
          0.0,
          0.0,
          0.0
        ],
        "metrics": {
          "mae": 0.2142857142857142,
          "mape": 1.0,
          "rmse": 0.5345224838248488,
          "smape": 0.3571428571428571,
          "rmsse": 0.966344521287172
        }
      }
    },
    "p50": {
      "raw": {
        "forecast": [
          0.0,
          0.0,
          0.0,
          0.0,
          0.0,
          0.0,
          0.0,
          0.0,
          0.0,
          0.0,
          0.0,
          0.0,
          0.0,
          0.0,
          0.0,
          0.0,
          0.0,
          0.0,
          0.0,
          0.0,
          0.0,
          0.0,
          0.0,
          0.0,
          0.0,
          0.0,
          0.0,
          0.0
        ],
        "metrics": {
          "mae": 0.2142857142857142,
          "mape": 1.0,
          "rmse": 0.5345224838248488,
          "smape": 0.3571428571428571,
          "rmsse": 0.966344521287172
        }
      },
      "rounded": {
        "forecast": [
          0.0,
          0.0,
          0.0,
          0.0,
          0.0,
          0.0,
          0.0,
          0.0,
          0.0,
          0.0,
          0.0,
          0.0,
          0.0,
          0.0,
          0.0,
          0.0,
          0.0,
          0.0,
          0.0,
          0.0,
          0.0,
          0.0,
          0.0,
          0.0,
          0.0,
          0.0,
          0.0,
          0.0
        ],
        "metrics": {
          "mae": 0.2142857142857142,
          "mape": 1.0,
          "rmse": 0.5345224838248488,
          "smape": 0.3571428571428571,
          "rmsse": 0.966344521287172
        }
      }
    },
    "p75": {
      "raw": {
        "forecast": [
          0.0,
          0.0,
          0.0,
          0.0,
          0.0,
          0.0,
          0.0,
          0.0,
          0.0,
          0.0,
          0.0,
          0.0,
          0.0,
          0.0,
          0.0,
          0.0,
          0.0,
          0.0,
          0.0,
          0.0,
          0.0,
          0.0,
          0.0,
          0.0,
          0.0,
          0.0,
          0.0,
          0.0
        ],
        "metrics": {
          "mae": 0.2142857142857142,
          "mape": 1.0,
          "rmse": 0.5345224838248488,
          "smape": 0.3571428571428571,
          "rmsse": 0.966344521287172
        }
      },
      "rounded": {
        "forecast": [
          0.0,
          0.0,
          0.0,
          0.0,
          0.0,
          0.0,
          0.0,
          0.0,
          0.0,
          0.0,
          0.0,
          0.0,
          0.0,
          0.0,
          0.0,
          0.0,
          0.0,
          0.0,
          0.0,
          0.0,
          0.0,
          0.0,
          0.0,
          0.0,
          0.0,
          0.0,
          0.0,
          0.0
        ],
        "metrics": {
          "mae": 0.2142857142857142,
          "mape": 1.0,
          "rmse": 0.5345224838248488,
          "smape": 0.3571428571428571,
          "rmsse": 0.966344521287172
        }
      }
    }
  }
}