{
  "series_id": "HOUSEHOLD_1_208_WI_3_validation",
  "run": "run_20260526_021333_335192_001_subset34590_ctx84_h64_emb8_ep20_steps100",
  "horizon": [
    1,
    2,
    3,
    4,
    5,
    6,
    7,
    8,
    9,
    10,
    11,
    12,
    13,
    14,
    15,
    16,
    17,
    18,
    19,
    20,
    21,
    22,
    23,
    24,
    25,
    26,
    27,
    28
  ],
  "actuals": [
    4.0,
    4.0,
    1.0,
    0.0,
    1.0,
    2.0,
    6.0,
    4.0,
    1.0,
    2.0,
    0.0,
    0.0,
    0.0,
    0.0,
    1.0,
    6.0,
    3.0,
    4.0,
    2.0,
    3.0,
    1.0,
    0.0,
    0.0,
    0.0,
    0.0,
    0.0,
    3.0,
    2.0
  ],
  "modes": {
    "mean": {
      "raw": {
        "forecast": [
          2.5279024,
          1.9778266,
          1.8665057,
          1.9041013,
          2.66704,
          3.2982454,
          2.8944423,
          2.3134263,
          2.1119747,
          2.0126371,
          2.0559242,
          2.520278,
          2.9213848,
          2.681682,
          2.2069438,
          1.8404937,
          1.8862087,
          2.0214846,
          2.228236,
          2.7414918,
          2.6024146,
          1.9777588,
          1.7383481,
          1.6910394,
          1.7627493,
          2.267054,
          3.026827,
          2.7170217
        ],
        "metrics": {
          "mae": 1.6448175013065338,
          "mape": 0.6138893685959004,
          "rmse": 1.892484416168527,
          "smape": 1.0504390420275722,
          "rmsse": 2.04278173181888
        }
      },
      "rounded": {
        "forecast": [
          3.0,
          2.0,
          2.0,
          2.0,
          3.0,
          3.0,
          3.0,
          2.0,
          2.0,
          2.0,
          2.0,
          3.0,
          3.0,
          3.0,
          2.0,
          2.0,
          2.0,
          2.0,
          2.0,
          3.0,
          3.0,
          2.0,
          2.0,
          2.0,
          2.0,
          2.0,
          3.0,
          3.0
        ],
        "metrics": {
          "mae": 1.6785714285714286,
          "mape": 0.625,
          "rmse": 1.9548474547720012,
          "smape": 1.041156462585034,
          "rmsse": 2.110097517836189
        }
      }
    },
    "sample-mean": {
      "raw": {
        "forecast": [
          2.35,
          2.03,
          1.58,
          1.99,
          2.81,
          2.73,
          2.19,
          2.07,
          1.93,
          1.7,
          1.82,
          2.16,
          2.39,
          2.28,
          2.1,
          1.72,
          1.71,
          1.7,
          1.76,
          2.32,
          2.06,
          1.5,
          1.73,
          1.61,
          1.36,
          1.81,
          2.45,
          2.27
        ],
        "metrics": {
          "mae": 1.5760714284011297,
          "mape": 0.5778240616674776,
          "rmse": 1.834739180050339,
          "smape": 1.0650882031668178,
          "rmsse": 1.980450484896053
        }
      },
      "rounded": {
        "forecast": [
          2.0,
          2.0,
          2.0,
          2.0,
          3.0,
          3.0,
          2.0,
          2.0,
          2.0,
          2.0,
          2.0,
          2.0,
          2.0,
          2.0,
          2.0,
          2.0,
          2.0,
          2.0,
          2.0,
          2.0,
          2.0,
          2.0,
          2.0,
          2.0,
          1.0,
          2.0,
          2.0,
          2.0
        ],
        "metrics": {
          "mae": 1.6071428571428572,
          "mape": 0.6018518518518519,
          "rmse": 1.8612591743993403,
          "smape": 1.069047619047619,
          "rmsse": 2.0090766439921266
        }
      }
    },
    "p25": {
      "raw": {
        "forecast": [
          0.0,
          0.0,
          0.0,
          0.0,
          1.0,
          1.0,
          1.0,
          0.0,
          0.0,
          0.0,
          0.0,
          1.0,
          1.0,
          1.0,
          0.0,
          0.0,
          0.0,
          0.0,
          0.0,
          0.0,
          0.0,
          0.0,
          0.0,
          0.0,
          0.0,
          0.0,
          1.0,
          0.0
        ],
        "metrics": {
          "mae": 1.75,
          "mape": 0.8888888888888888,
          "rmse": 2.4421887138969653,
          "smape": 1.3248299319727892,
          "rmsse": 2.636142442062099
        }
      },
      "rounded": {
        "forecast": [
          0.0,
          0.0,
          0.0,
          0.0,
          1.0,
          1.0,
          1.0,
          0.0,
          0.0,
          0.0,
          0.0,
          1.0,
          1.0,
          1.0,
          0.0,
          0.0,
          0.0,
          0.0,
          0.0,
          0.0,
          0.0,
          0.0,
          0.0,
          0.0,
          0.0,
          0.0,
          1.0,
          0.0
        ],
        "metrics": {
          "mae": 1.75,
          "mape": 0.8888888888888888,
          "rmse": 2.4421887138969653,
          "smape": 1.3248299319727892,
          "rmsse": 2.636142442062099
        }
      }
    },
    "p50": {
      "raw": {
        "forecast": [
          2.0,
          1.0,
          1.0,
          1.5,
          2.0,
          2.5,
          2.0,
          1.5,
          1.0,
          1.0,
          1.0,
          2.0,
          2.0,
          2.0,
          2.0,
          1.0,
          1.0,
          1.0,
          1.0,
          2.0,
          2.0,
          1.0,
          1.0,
          1.0,
          1.0,
          1.0,
          2.0,
          2.0
        ],
        "metrics": {
          "mae": 1.5178571428571428,
          "mape": 0.5393518518518519,
          "rmse": 1.8968959606985,
          "smape": 1.1342815914244484,
          "rmsse": 2.0475436323650307
        }
      },
      "rounded": {
        "forecast": [
          2.0,
          1.0,
          1.0,
          2.0,
          2.0,
          2.0,
          2.0,
          2.0,
          1.0,
          1.0,
          1.0,
          2.0,
          2.0,
          2.0,
          2.0,
          1.0,
          1.0,
          1.0,
          1.0,
          2.0,
          2.0,
          1.0,
          1.0,
          1.0,
          1.0,
          1.0,
          2.0,
          2.0
        ],
        "metrics": {
          "mae": 1.5,
          "mape": 0.5185185185185186,
          "rmse": 1.889822365046136,
          "smape": 1.117687074829932,
          "rmsse": 2.0399082659369268
        }
      }
    },
    "p75": {
      "raw": {
        "forecast": [
          4.0,
          3.0,
          2.25,
          3.0,
          4.0,
          4.0,
          3.0,
          3.0,
          3.0,
          3.0,
          3.0,
          3.0,
          4.0,
          3.0,
          3.0,
          2.0,
          2.25,
          3.0,
          3.0,
          4.0,
          3.0,
          3.0,
          2.0,
          2.0,
          2.0,
          3.0,
          4.0,
          3.0
        ],
        "metrics": {
          "mae": 2.0,
          "mape": 0.8657407407407408,
          "rmse": 2.252974224695626,
          "smape": 1.0791732077446363,
          "rmsse": 2.431900917728449
        }
      },
      "rounded": {
        "forecast": [
          4.0,
          3.0,
          2.0,
          3.0,
          4.0,
          4.0,
          3.0,
          3.0,
          3.0,
          3.0,
          3.0,
          3.0,
          4.0,
          3.0,
          3.0,
          2.0,
          2.0,
          3.0,
          3.0,
          4.0,
          3.0,
          3.0,
          2.0,
          2.0,
          2.0,
          3.0,
          4.0,
          3.0
        ],
        "metrics": {
          "mae": 2.0,
          "mape": 0.8564814814814814,
          "rmse": 2.2519832529192065,
          "smape": 1.079591836734694,
          "rmsse": 2.4308312449616234
        }
      }
    }
  }
}