{
  "series_id": "HOUSEHOLD_1_455_TX_2_validation",
  "run": "run_20260526_021333_335192_001_subset34590_ctx84_h64_emb8_ep20_steps100",
  "horizon": [
    1,
    2,
    3,
    4,
    5,
    6,
    7,
    8,
    9,
    10,
    11,
    12,
    13,
    14,
    15,
    16,
    17,
    18,
    19,
    20,
    21,
    22,
    23,
    24,
    25,
    26,
    27,
    28
  ],
  "actuals": [
    3.0,
    0.0,
    0.0,
    0.0,
    0.0,
    0.0,
    0.0,
    0.0,
    0.0,
    1.0,
    0.0,
    0.0,
    0.0,
    0.0,
    1.0,
    0.0,
    0.0,
    0.0,
    0.0,
    0.0,
    0.0,
    0.0,
    1.0,
    0.0,
    0.0,
    0.0,
    0.0,
    0.0
  ],
  "modes": {
    "mean": {
      "raw": {
        "forecast": [
          0.9944432,
          0.7984989,
          0.75422233,
          0.75343883,
          0.9104764,
          1.0044669,
          1.1054875,
          0.8541686,
          0.81708753,
          0.7484554,
          0.7229893,
          0.9071053,
          1.1229336,
          1.0559273,
          0.9227972,
          0.79428613,
          0.7686365,
          0.81869775,
          0.9874467,
          1.1353287,
          1.160547,
          0.89127594,
          0.7819658,
          0.76581895,
          0.77785486,
          0.90837437,
          1.1336046,
          1.163832
        ],
        "metrics": {
          "mae": 0.8808873019048146,
          "mape": 0.3038251350323359,
          "rmse": 0.9457687269691978,
          "smape": 1.7720329108076356,
          "rmsse": 1.4433023370025415
        }
      },
      "rounded": {
        "forecast": [
          1.0,
          1.0,
          1.0,
          1.0,
          1.0,
          1.0,
          1.0,
          1.0,
          1.0,
          1.0,
          1.0,
          1.0,
          1.0,
          1.0,
          1.0,
          1.0,
          1.0,
          1.0,
          1.0,
          1.0,
          1.0,
          1.0,
          1.0,
          1.0,
          1.0,
          1.0,
          1.0,
          1.0
        ],
        "metrics": {
          "mae": 0.9285714285714286,
          "mape": 0.1666666666666666,
          "rmse": 1.0,
          "smape": 1.75,
          "rmsse": 1.5260626576517662
        }
      }
    },
    "sample-mean": {
      "raw": {
        "forecast": [
          1.12,
          0.82,
          0.75,
          0.67,
          0.81,
          1.05,
          0.96,
          0.79,
          0.68,
          0.63,
          0.55,
          0.9,
          1.12,
          1.19,
          0.81,
          0.6,
          0.72,
          0.66,
          0.97,
          1.19,
          1.13,
          0.63,
          0.61,
          0.6,
          0.83,
          0.89,
          0.96,
          0.89
        ],
        "metrics": {
          "mae": 0.8282142898866108,
          "mape": 0.3941666632890701,
          "rmse": 0.8862541596820224,
          "smape": 1.7878937810420437,
          "rmsse": 1.35247937827928
        }
      },
      "rounded": {
        "forecast": [
          1.0,
          1.0,
          1.0,
          1.0,
          1.0,
          1.0,
          1.0,
          1.0,
          1.0,
          1.0,
          1.0,
          1.0,
          1.0,
          1.0,
          1.0,
          1.0,
          1.0,
          1.0,
          1.0,
          1.0,
          1.0,
          1.0,
          1.0,
          1.0,
          1.0,
          1.0,
          1.0,
          1.0
        ],
        "metrics": {
          "mae": 0.9285714285714286,
          "mape": 0.1666666666666666,
          "rmse": 1.0,
          "smape": 1.75,
          "rmsse": 1.5260626576517662
        }
      }
    },
    "p25": {
      "raw": {
        "forecast": [
          0.0,
          0.0,
          0.0,
          0.0,
          0.0,
          0.0,
          0.0,
          0.0,
          0.0,
          0.0,
          0.0,
          0.0,
          0.0,
          0.0,
          0.0,
          0.0,
          0.0,
          0.0,
          0.0,
          0.0,
          0.0,
          0.0,
          0.0,
          0.0,
          0.0,
          0.0,
          0.0,
          0.0
        ],
        "metrics": {
          "mae": 0.2142857142857142,
          "mape": 1.0,
          "rmse": 0.6546536707079771,
          "smape": 0.2857142857142857,
          "rmsse": 0.9990425205620996
        }
      },
      "rounded": {
        "forecast": [
          0.0,
          0.0,
          0.0,
          0.0,
          0.0,
          0.0,
          0.0,
          0.0,
          0.0,
          0.0,
          0.0,
          0.0,
          0.0,
          0.0,
          0.0,
          0.0,
          0.0,
          0.0,
          0.0,
          0.0,
          0.0,
          0.0,
          0.0,
          0.0,
          0.0,
          0.0,
          0.0,
          0.0
        ],
        "metrics": {
          "mae": 0.2142857142857142,
          "mape": 1.0,
          "rmse": 0.6546536707079771,
          "smape": 0.2857142857142857,
          "rmsse": 0.9990425205620996
        }
      }
    },
    "p50": {
      "raw": {
        "forecast": [
          1.0,
          1.0,
          1.0,
          0.0,
          1.0,
          1.0,
          1.0,
          1.0,
          0.0,
          0.0,
          0.0,
          1.0,
          1.0,
          1.0,
          1.0,
          0.0,
          0.0,
          0.0,
          1.0,
          1.0,
          1.0,
          0.0,
          0.0,
          0.0,
          0.0,
          0.0,
          1.0,
          0.5
        ],
        "metrics": {
          "mae": 0.625,
          "mape": 0.6666666666666666,
          "rmse": 0.82915619758885,
          "smape": 1.1785714285714286,
          "rmsse": 1.2653443105008737
        }
      },
      "rounded": {
        "forecast": [
          1.0,
          1.0,
          1.0,
          0.0,
          1.0,
          1.0,
          1.0,
          1.0,
          0.0,
          0.0,
          0.0,
          1.0,
          1.0,
          1.0,
          1.0,
          0.0,
          0.0,
          0.0,
          1.0,
          1.0,
          1.0,
          0.0,
          0.0,
          0.0,
          0.0,
          0.0,
          1.0,
          0.0
        ],
        "metrics": {
          "mae": 0.6071428571428571,
          "mape": 0.6666666666666666,
          "rmse": 0.823754471047914,
          "smape": 1.1071428571428572,
          "rmsse": 1.2571009373399045
        }
      }
    },
    "p75": {
      "raw": {
        "forecast": [
          2.0,
          1.0,
          1.0,
          1.0,
          1.0,
          2.0,
          2.0,
          1.0,
          1.0,
          1.0,
          1.0,
          1.0,
          2.0,
          2.0,
          1.0,
          1.0,
          1.0,
          1.0,
          2.0,
          2.0,
          2.0,
          1.0,
          1.0,
          1.0,
          1.0,
          2.0,
          1.0,
          1.0
        ],
        "metrics": {
          "mae": 1.1785714285714286,
          "mape": 0.0833333333333333,
          "rmse": 1.3228756555322954,
          "smape": 1.7285714285714284,
          "rmsse": 2.018791138624437
        }
      },
      "rounded": {
        "forecast": [
          2.0,
          1.0,
          1.0,
          1.0,
          1.0,
          2.0,
          2.0,
          1.0,
          1.0,
          1.0,
          1.0,
          1.0,
          2.0,
          2.0,
          1.0,
          1.0,
          1.0,
          1.0,
          2.0,
          2.0,
          2.0,
          1.0,
          1.0,
          1.0,
          1.0,
          2.0,
          1.0,
          1.0
        ],
        "metrics": {
          "mae": 1.1785714285714286,
          "mape": 0.0833333333333333,
          "rmse": 1.3228756555322954,
          "smape": 1.7285714285714284,
          "rmsse": 2.018791138624437
        }
      }
    }
  }
}