{
  "series_id": "HOUSEHOLD_1_444_CA_3_validation",
  "run": "run_20260526_021333_335192_001_subset34590_ctx84_h64_emb8_ep20_steps100",
  "horizon": [
    1,
    2,
    3,
    4,
    5,
    6,
    7,
    8,
    9,
    10,
    11,
    12,
    13,
    14,
    15,
    16,
    17,
    18,
    19,
    20,
    21,
    22,
    23,
    24,
    25,
    26,
    27,
    28
  ],
  "actuals": [
    0.0,
    1.0,
    4.0,
    1.0,
    1.0,
    0.0,
    1.0,
    2.0,
    0.0,
    0.0,
    1.0,
    0.0,
    0.0,
    0.0,
    0.0,
    2.0,
    2.0,
    1.0,
    0.0,
    2.0,
    0.0,
    0.0,
    0.0,
    0.0,
    0.0,
    0.0,
    1.0,
    0.0
  ],
  "modes": {
    "mean": {
      "raw": {
        "forecast": [
          0.9335534,
          1.0285234,
          1.0640494,
          1.0710351,
          1.2322919,
          1.4028943,
          1.5245138,
          1.289551,
          1.1301452,
          1.1195256,
          1.080719,
          1.2218872,
          1.5375893,
          1.5161256,
          1.2519395,
          1.136633,
          1.087058,
          1.1050584,
          1.2425959,
          1.5145566,
          1.5020849,
          1.2028935,
          1.0774442,
          1.0829008,
          1.1144967,
          1.2672898,
          1.5681274,
          1.5094345
        ],
        "metrics": {
          "mae": 0.9868293340717044,
          "mape": 0.3191964601476987,
          "rmse": 1.15596332319199,
          "smape": 1.2982111288141478,
          "rmsse": 1.218067695188965
        }
      },
      "rounded": {
        "forecast": [
          1.0,
          1.0,
          1.0,
          1.0,
          1.0,
          1.0,
          2.0,
          1.0,
          1.0,
          1.0,
          1.0,
          1.0,
          2.0,
          2.0,
          1.0,
          1.0,
          1.0,
          1.0,
          1.0,
          2.0,
          2.0,
          1.0,
          1.0,
          1.0,
          1.0,
          1.0,
          2.0,
          2.0
        ],
        "metrics": {
          "mae": 1.0,
          "mape": 0.3541666666666667,
          "rmse": 1.224744871391589,
          "smape": 1.3047619047619048,
          "rmsse": 1.2905445464922305
        }
      }
    },
    "sample-mean": {
      "raw": {
        "forecast": [
          0.79,
          0.94,
          0.95,
          0.78,
          1.09,
          1.43,
          1.33,
          1.22,
          1.15,
          0.92,
          0.94,
          1.03,
          1.16,
          1.4,
          1.2,
          1.33,
          1.19,
          0.95,
          1.02,
          1.34,
          1.36,
          1.01,
          0.72,
          1.06,
          0.96,
          1.02,
          1.3,
          1.21
        ],
        "metrics": {
          "mae": 0.8757142786468778,
          "mape": 0.2777083329856395,
          "rmse": 1.057949491398367,
          "smape": 1.288381585498731,
          "rmsse": 1.114788049724237
        }
      },
      "rounded": {
        "forecast": [
          1.0,
          1.0,
          1.0,
          1.0,
          1.0,
          1.0,
          1.0,
          1.0,
          1.0,
          1.0,
          1.0,
          1.0,
          1.0,
          1.0,
          1.0,
          1.0,
          1.0,
          1.0,
          1.0,
          1.0,
          1.0,
          1.0,
          1.0,
          1.0,
          1.0,
          1.0,
          1.0,
          1.0
        ],
        "metrics": {
          "mae": 0.8214285714285714,
          "mape": 0.2291666666666666,
          "rmse": 1.0177004891982149,
          "smape": 1.280952380952381,
          "rmsse": 1.0723766614388217
        }
      }
    },
    "p25": {
      "raw": {
        "forecast": [
          0.0,
          0.0,
          0.0,
          0.0,
          0.0,
          0.0,
          0.0,
          0.0,
          0.0,
          0.0,
          0.0,
          0.0,
          0.0,
          0.0,
          0.0,
          0.0,
          0.0,
          0.0,
          0.0,
          0.0,
          0.0,
          0.0,
          0.0,
          0.0,
          0.0,
          0.0,
          0.0,
          0.0
        ],
        "metrics": {
          "mae": 0.6785714285714286,
          "mape": 1.0,
          "rmse": 1.1801936887041646,
          "smape": 0.8571428571428571,
          "rmsse": 1.2435998421704992
        }
      },
      "rounded": {
        "forecast": [
          0.0,
          0.0,
          0.0,
          0.0,
          0.0,
          0.0,
          0.0,
          0.0,
          0.0,
          0.0,
          0.0,
          0.0,
          0.0,
          0.0,
          0.0,
          0.0,
          0.0,
          0.0,
          0.0,
          0.0,
          0.0,
          0.0,
          0.0,
          0.0,
          0.0,
          0.0,
          0.0,
          0.0
        ],
        "metrics": {
          "mae": 0.6785714285714286,
          "mape": 1.0,
          "rmse": 1.1801936887041646,
          "smape": 0.8571428571428571,
          "rmsse": 1.2435998421704992
        }
      }
    },
    "p50": {
      "raw": {
        "forecast": [
          0.0,
          0.5,
          0.5,
          0.0,
          1.0,
          1.0,
          1.0,
          1.0,
          1.0,
          1.0,
          1.0,
          1.0,
          1.0,
          1.0,
          1.0,
          1.0,
          1.0,
          1.0,
          1.0,
          1.0,
          1.0,
          0.0,
          0.0,
          1.0,
          1.0,
          1.0,
          1.0,
          1.0
        ],
        "metrics": {
          "mae": 0.7857142857142857,
          "mape": 0.3645833333333333,
          "rmse": 1.0436885140144612,
          "smape": 1.1746031746031744,
          "rmsse": 1.0997608983392004
        }
      },
      "rounded": {
        "forecast": [
          0.0,
          0.0,
          0.0,
          0.0,
          1.0,
          1.0,
          1.0,
          1.0,
          1.0,
          1.0,
          1.0,
          1.0,
          1.0,
          1.0,
          1.0,
          1.0,
          1.0,
          1.0,
          1.0,
          1.0,
          1.0,
          0.0,
          0.0,
          1.0,
          1.0,
          1.0,
          1.0,
          1.0
        ],
        "metrics": {
          "mae": 0.8214285714285714,
          "mape": 0.4166666666666667,
          "rmse": 1.118033988749895,
          "smape": 1.238095238095238,
          "rmsse": 1.1781005992984486
        }
      }
    },
    "p75": {
      "raw": {
        "forecast": [
          1.0,
          1.0,
          1.0,
          1.0,
          2.0,
          2.0,
          2.0,
          2.0,
          1.25,
          1.0,
          1.0,
          2.0,
          2.0,
          2.0,
          2.0,
          2.0,
          2.0,
          1.0,
          2.0,
          2.0,
          2.0,
          1.25,
          1.0,
          2.0,
          1.0,
          2.0,
          2.0,
          2.0
        ],
        "metrics": {
          "mae": 1.1607142857142858,
          "mape": 0.3125,
          "rmse": 1.4531370007184947,
          "smape": 1.257142857142857,
          "rmsse": 1.5312070908715203
        }
      },
      "rounded": {
        "forecast": [
          1.0,
          1.0,
          1.0,
          1.0,
          2.0,
          2.0,
          2.0,
          2.0,
          1.0,
          1.0,
          1.0,
          2.0,
          2.0,
          2.0,
          2.0,
          2.0,
          2.0,
          1.0,
          2.0,
          2.0,
          2.0,
          1.0,
          1.0,
          2.0,
          1.0,
          2.0,
          2.0,
          2.0
        ],
        "metrics": {
          "mae": 1.1428571428571428,
          "mape": 0.3125,
          "rmse": 1.439245834257849,
          "smape": 1.257142857142857,
          "rmsse": 1.5165696185791624
        }
      }
    }
  }
}