{
  "series_id": "HOUSEHOLD_1_500_WI_1_validation",
  "run": "run_20260526_021333_335192_001_subset34590_ctx84_h64_emb8_ep20_steps100",
  "horizon": [
    1,
    2,
    3,
    4,
    5,
    6,
    7,
    8,
    9,
    10,
    11,
    12,
    13,
    14,
    15,
    16,
    17,
    18,
    19,
    20,
    21,
    22,
    23,
    24,
    25,
    26,
    27,
    28
  ],
  "actuals": [
    0.0,
    2.0,
    3.0,
    0.0,
    1.0,
    1.0,
    0.0,
    2.0,
    0.0,
    1.0,
    3.0,
    0.0,
    1.0,
    1.0,
    0.0,
    0.0,
    3.0,
    1.0,
    0.0,
    0.0,
    0.0,
    1.0,
    0.0,
    1.0,
    1.0,
    2.0,
    2.0,
    0.0
  ],
  "modes": {
    "mean": {
      "raw": {
        "forecast": [
          0.9662576,
          0.7933291,
          0.79470813,
          0.8516573,
          1.1060535,
          1.2671511,
          1.291613,
          1.0061129,
          0.91231376,
          0.8625549,
          0.88691306,
          1.1412793,
          1.4191406,
          1.3127729,
          1.0412676,
          0.87860113,
          0.9060282,
          1.0216897,
          1.1805848,
          1.5923028,
          1.4135754,
          1.022526,
          0.91010845,
          0.91471916,
          0.9788955,
          1.2248163,
          1.5387566,
          1.5250367
        ],
        "metrics": {
          "mae": 0.8909677714109421,
          "mape": 0.3280691790084044,
          "rmse": 1.0979540590056271,
          "smape": 1.101554136105818,
          "rmsse": 0.8547289831342096
        }
      },
      "rounded": {
        "forecast": [
          1.0,
          1.0,
          1.0,
          1.0,
          1.0,
          1.0,
          1.0,
          1.0,
          1.0,
          1.0,
          1.0,
          1.0,
          1.0,
          1.0,
          1.0,
          1.0,
          1.0,
          1.0,
          1.0,
          2.0,
          1.0,
          1.0,
          1.0,
          1.0,
          1.0,
          1.0,
          2.0,
          2.0
        ],
        "metrics": {
          "mae": 0.8214285714285714,
          "mape": 0.21875,
          "rmse": 1.0856202966836188,
          "smape": 1.0357142857142858,
          "rmsse": 0.8451274665304488
        }
      }
    },
    "sample-mean": {
      "raw": {
        "forecast": [
          1.05,
          0.82,
          0.7,
          0.86,
          1.25,
          1.24,
          1.35,
          0.9,
          1.02,
          0.76,
          0.81,
          1.08,
          1.41,
          1.14,
          0.83,
          0.95,
          0.92,
          0.94,
          1.05,
          1.44,
          1.33,
          0.96,
          0.67,
          0.9,
          0.79,
          1.17,
          1.16,
          1.22
        ],
        "metrics": {
          "mae": 0.8950000064713615,
          "mape": 0.365937503054738,
          "rmse": 1.0885639362155366,
          "smape": 1.133134873026297,
          "rmsse": 0.847419014162331
        }
      },
      "rounded": {
        "forecast": [
          1.0,
          1.0,
          1.0,
          1.0,
          1.0,
          1.0,
          1.0,
          1.0,
          1.0,
          1.0,
          1.0,
          1.0,
          1.0,
          1.0,
          1.0,
          1.0,
          1.0,
          1.0,
          1.0,
          1.0,
          1.0,
          1.0,
          1.0,
          1.0,
          1.0,
          1.0,
          1.0,
          1.0
        ],
        "metrics": {
          "mae": 0.7857142857142857,
          "mape": 0.25,
          "rmse": 1.0,
          "smape": 1.0595238095238098,
          "rmsse": 0.7784742686850699
        }
      }
    },
    "p25": {
      "raw": {
        "forecast": [
          0.0,
          0.0,
          0.0,
          0.0,
          0.0,
          0.0,
          0.0,
          0.0,
          0.0,
          0.0,
          0.0,
          0.0,
          0.0,
          0.0,
          0.0,
          0.0,
          0.0,
          0.0,
          0.0,
          0.0,
          0.0,
          0.0,
          0.0,
          0.0,
          0.0,
          0.0,
          0.0,
          0.0
        ],
        "metrics": {
          "mae": 0.9285714285714286,
          "mape": 1.0,
          "rmse": 1.3627702877384935,
          "smape": 1.1428571428571428,
          "rmsse": 1.0608816031329662
        }
      },
      "rounded": {
        "forecast": [
          0.0,
          0.0,
          0.0,
          0.0,
          0.0,
          0.0,
          0.0,
          0.0,
          0.0,
          0.0,
          0.0,
          0.0,
          0.0,
          0.0,
          0.0,
          0.0,
          0.0,
          0.0,
          0.0,
          0.0,
          0.0,
          0.0,
          0.0,
          0.0,
          0.0,
          0.0,
          0.0,
          0.0
        ],
        "metrics": {
          "mae": 0.9285714285714286,
          "mape": 1.0,
          "rmse": 1.3627702877384935,
          "smape": 1.1428571428571428,
          "rmsse": 1.0608816031329662
        }
      }
    },
    "p50": {
      "raw": {
        "forecast": [
          1.0,
          1.0,
          0.0,
          1.0,
          1.0,
          1.0,
          1.0,
          1.0,
          1.0,
          0.0,
          1.0,
          1.0,
          1.0,
          1.0,
          1.0,
          1.0,
          1.0,
          1.0,
          1.0,
          1.0,
          1.0,
          1.0,
          0.0,
          1.0,
          1.0,
          1.0,
          1.0,
          1.0
        ],
        "metrics": {
          "mae": 0.8214285714285714,
          "mape": 0.3333333333333333,
          "rmse": 1.0856202966836188,
          "smape": 1.0952380952380951,
          "rmsse": 0.8451274665304488
        }
      },
      "rounded": {
        "forecast": [
          1.0,
          1.0,
          0.0,
          1.0,
          1.0,
          1.0,
          1.0,
          1.0,
          1.0,
          0.0,
          1.0,
          1.0,
          1.0,
          1.0,
          1.0,
          1.0,
          1.0,
          1.0,
          1.0,
          1.0,
          1.0,
          1.0,
          0.0,
          1.0,
          1.0,
          1.0,
          1.0,
          1.0
        ],
        "metrics": {
          "mae": 0.8214285714285714,
          "mape": 0.3333333333333333,
          "rmse": 1.0856202966836188,
          "smape": 1.0952380952380951,
          "rmsse": 0.8451274665304488
        }
      }
    },
    "p75": {
      "raw": {
        "forecast": [
          2.0,
          1.0,
          1.0,
          1.0,
          2.0,
          2.0,
          2.0,
          1.0,
          2.0,
          1.0,
          1.0,
          2.0,
          2.0,
          2.0,
          1.0,
          1.25,
          1.0,
          1.25,
          2.0,
          2.0,
          2.0,
          1.0,
          1.0,
          1.25,
          1.0,
          2.0,
          2.0,
          2.0
        ],
        "metrics": {
          "mae": 1.1696428571428572,
          "mape": 0.46875,
          "rmse": 1.3975424859373686,
          "smape": 1.123015873015873,
          "rmsse": 1.0879508646964076
        }
      },
      "rounded": {
        "forecast": [
          2.0,
          1.0,
          1.0,
          1.0,
          2.0,
          2.0,
          2.0,
          1.0,
          2.0,
          1.0,
          1.0,
          2.0,
          2.0,
          2.0,
          1.0,
          1.0,
          1.0,
          1.0,
          2.0,
          2.0,
          2.0,
          1.0,
          1.0,
          1.0,
          1.0,
          2.0,
          2.0,
          2.0
        ],
        "metrics": {
          "mae": 1.1428571428571428,
          "mape": 0.4375,
          "rmse": 1.3887301496588271,
          "smape": 1.1071428571428572,
          "rmsse": 1.0810906876565631
        }
      }
    }
  }
}