{
  "series_id": "HOUSEHOLD_2_210_CA_2_validation",
  "run": "run_20260526_021333_335192_001_subset34590_ctx84_h64_emb8_ep20_steps100",
  "horizon": [
    1,
    2,
    3,
    4,
    5,
    6,
    7,
    8,
    9,
    10,
    11,
    12,
    13,
    14,
    15,
    16,
    17,
    18,
    19,
    20,
    21,
    22,
    23,
    24,
    25,
    26,
    27,
    28
  ],
  "actuals": [
    0.0,
    0.0,
    0.0,
    0.0,
    0.0,
    0.0,
    0.0,
    0.0,
    0.0,
    0.0,
    0.0,
    0.0,
    0.0,
    0.0,
    0.0,
    0.0,
    0.0,
    0.0,
    2.0,
    1.0,
    2.0,
    2.0,
    0.0,
    0.0,
    0.0,
    0.0,
    1.0,
    0.0
  ],
  "modes": {
    "mean": {
      "raw": {
        "forecast": [
          0.0142805,
          0.01298053,
          0.015443764,
          0.019722665,
          0.026026752,
          0.028638229,
          0.025167841,
          0.018496126,
          0.01685844,
          0.018937584,
          0.019763825,
          0.025028056,
          0.032365333,
          0.028307503,
          0.020873303,
          0.018686233,
          0.019958064,
          0.023295026,
          0.028901804,
          0.03599937,
          0.031938154,
          0.022501107,
          0.01907377,
          0.020067511,
          0.023058185,
          0.028299043,
          0.034892984,
          0.03051169
        ],
        "metrics": {
          "mae": 0.2982716626554195,
          "mape": 0.9774874228984116,
          "rmse": 0.6954305880847108,
          "smape": 1.9843495043019563,
          "rmsse": 1.362646049677493
        }
      },
      "rounded": {
        "forecast": [
          0.0,
          0.0,
          0.0,
          0.0,
          0.0,
          0.0,
          0.0,
          0.0,
          0.0,
          0.0,
          0.0,
          0.0,
          0.0,
          0.0,
          0.0,
          0.0,
          0.0,
          0.0,
          0.0,
          0.0,
          0.0,
          0.0,
          0.0,
          0.0,
          0.0,
          0.0,
          0.0,
          0.0
        ],
        "metrics": {
          "mae": 0.2857142857142857,
          "mape": 1.0,
          "rmse": 0.7071067811865476,
          "smape": 0.3571428571428571,
          "rmsse": 1.3855247074157278
        }
      }
    },
    "sample-mean": {
      "raw": {
        "forecast": [
          0.01,
          0.02,
          0.02,
          0.03,
          0.02,
          0.02,
          0.04,
          0.04,
          0.01,
          0.01,
          0.04,
          0.05,
          0.09,
          0.08,
          0.05,
          0.05,
          0.07,
          0.02,
          0.06,
          0.06,
          0.07,
          0.03,
          0.01,
          0.05,
          0.07,
          0.06,
          0.06,
          0.1
        ],
        "metrics": {
          "mae": 0.3100000001224024,
          "mape": 0.9600000007078052,
          "rmse": 0.6864140777634501,
          "smape": 1.9727244988856545,
          "rmsse": 1.3449788484044227
        }
      },
      "rounded": {
        "forecast": [
          0.0,
          0.0,
          0.0,
          0.0,
          0.0,
          0.0,
          0.0,
          0.0,
          0.0,
          0.0,
          0.0,
          0.0,
          0.0,
          0.0,
          0.0,
          0.0,
          0.0,
          0.0,
          0.0,
          0.0,
          0.0,
          0.0,
          0.0,
          0.0,
          0.0,
          0.0,
          0.0,
          0.0
        ],
        "metrics": {
          "mae": 0.2857142857142857,
          "mape": 1.0,
          "rmse": 0.7071067811865476,
          "smape": 0.3571428571428571,
          "rmsse": 1.3855247074157278
        }
      }
    },
    "p25": {
      "raw": {
        "forecast": [
          0.0,
          0.0,
          0.0,
          0.0,
          0.0,
          0.0,
          0.0,
          0.0,
          0.0,
          0.0,
          0.0,
          0.0,
          0.0,
          0.0,
          0.0,
          0.0,
          0.0,
          0.0,
          0.0,
          0.0,
          0.0,
          0.0,
          0.0,
          0.0,
          0.0,
          0.0,
          0.0,
          0.0
        ],
        "metrics": {
          "mae": 0.2857142857142857,
          "mape": 1.0,
          "rmse": 0.7071067811865476,
          "smape": 0.3571428571428571,
          "rmsse": 1.3855247074157278
        }
      },
      "rounded": {
        "forecast": [
          0.0,
          0.0,
          0.0,
          0.0,
          0.0,
          0.0,
          0.0,
          0.0,
          0.0,
          0.0,
          0.0,
          0.0,
          0.0,
          0.0,
          0.0,
          0.0,
          0.0,
          0.0,
          0.0,
          0.0,
          0.0,
          0.0,
          0.0,
          0.0,
          0.0,
          0.0,
          0.0,
          0.0
        ],
        "metrics": {
          "mae": 0.2857142857142857,
          "mape": 1.0,
          "rmse": 0.7071067811865476,
          "smape": 0.3571428571428571,
          "rmsse": 1.3855247074157278
        }
      }
    },
    "p50": {
      "raw": {
        "forecast": [
          0.0,
          0.0,
          0.0,
          0.0,
          0.0,
          0.0,
          0.0,
          0.0,
          0.0,
          0.0,
          0.0,
          0.0,
          0.0,
          0.0,
          0.0,
          0.0,
          0.0,
          0.0,
          0.0,
          0.0,
          0.0,
          0.0,
          0.0,
          0.0,
          0.0,
          0.0,
          0.0,
          0.0
        ],
        "metrics": {
          "mae": 0.2857142857142857,
          "mape": 1.0,
          "rmse": 0.7071067811865476,
          "smape": 0.3571428571428571,
          "rmsse": 1.3855247074157278
        }
      },
      "rounded": {
        "forecast": [
          0.0,
          0.0,
          0.0,
          0.0,
          0.0,
          0.0,
          0.0,
          0.0,
          0.0,
          0.0,
          0.0,
          0.0,
          0.0,
          0.0,
          0.0,
          0.0,
          0.0,
          0.0,
          0.0,
          0.0,
          0.0,
          0.0,
          0.0,
          0.0,
          0.0,
          0.0,
          0.0,
          0.0
        ],
        "metrics": {
          "mae": 0.2857142857142857,
          "mape": 1.0,
          "rmse": 0.7071067811865476,
          "smape": 0.3571428571428571,
          "rmsse": 1.3855247074157278
        }
      }
    },
    "p75": {
      "raw": {
        "forecast": [
          0.0,
          0.0,
          0.0,
          0.0,
          0.0,
          0.0,
          0.0,
          0.0,
          0.0,
          0.0,
          0.0,
          0.0,
          0.0,
          0.0,
          0.0,
          0.0,
          0.0,
          0.0,
          0.0,
          0.0,
          0.0,
          0.0,
          0.0,
          0.0,
          0.0,
          0.0,
          0.0,
          0.0
        ],
        "metrics": {
          "mae": 0.2857142857142857,
          "mape": 1.0,
          "rmse": 0.7071067811865476,
          "smape": 0.3571428571428571,
          "rmsse": 1.3855247074157278
        }
      },
      "rounded": {
        "forecast": [
          0.0,
          0.0,
          0.0,
          0.0,
          0.0,
          0.0,
          0.0,
          0.0,
          0.0,
          0.0,
          0.0,
          0.0,
          0.0,
          0.0,
          0.0,
          0.0,
          0.0,
          0.0,
          0.0,
          0.0,
          0.0,
          0.0,
          0.0,
          0.0,
          0.0,
          0.0,
          0.0,
          0.0
        ],
        "metrics": {
          "mae": 0.2857142857142857,
          "mape": 1.0,
          "rmse": 0.7071067811865476,
          "smape": 0.3571428571428571,
          "rmsse": 1.3855247074157278
        }
      }
    }
  }
}