{
  "series_id": "HOUSEHOLD_1_530_WI_2_validation",
  "run": "run_20260526_021333_335192_001_subset34590_ctx84_h64_emb8_ep20_steps100",
  "horizon": [
    1,
    2,
    3,
    4,
    5,
    6,
    7,
    8,
    9,
    10,
    11,
    12,
    13,
    14,
    15,
    16,
    17,
    18,
    19,
    20,
    21,
    22,
    23,
    24,
    25,
    26,
    27,
    28
  ],
  "actuals": [
    2.0,
    0.0,
    0.0,
    1.0,
    1.0,
    3.0,
    0.0,
    0.0,
    0.0,
    1.0,
    2.0,
    0.0,
    1.0,
    0.0,
    1.0,
    0.0,
    0.0,
    0.0,
    1.0,
    1.0,
    0.0,
    2.0,
    0.0,
    0.0,
    2.0,
    1.0,
    1.0,
    2.0
  ],
  "modes": {
    "mean": {
      "raw": {
        "forecast": [
          0.8381678,
          0.8457403,
          0.8334614,
          0.8799955,
          0.9521285,
          1.024409,
          0.99845773,
          0.96143526,
          0.91528124,
          0.86202496,
          0.8387703,
          0.9969659,
          1.1328888,
          1.1605395,
          1.0058845,
          0.87493384,
          0.87750036,
          0.89565015,
          0.948697,
          1.1567173,
          1.1424812,
          0.9518772,
          0.84726226,
          0.83235145,
          0.8864965,
          0.95241916,
          1.1677127,
          1.1289153
        ],
        "metrics": {
          "mae": 0.727905809879303,
          "mape": 0.280290330780877,
          "rmse": 0.8736804267931383,
          "smape": 1.125498365171495,
          "rmsse": 0.7113755300242575
        }
      },
      "rounded": {
        "forecast": [
          1.0,
          1.0,
          1.0,
          1.0,
          1.0,
          1.0,
          1.0,
          1.0,
          1.0,
          1.0,
          1.0,
          1.0,
          1.0,
          1.0,
          1.0,
          1.0,
          1.0,
          1.0,
          1.0,
          1.0,
          1.0,
          1.0,
          1.0,
          1.0,
          1.0,
          1.0,
          1.0,
          1.0
        ],
        "metrics": {
          "mae": 0.7142857142857143,
          "mape": 0.2111111111111111,
          "rmse": 0.8864052604279183,
          "smape": 1.0833333333333337,
          "rmsse": 0.7217364526154139
        }
      }
    },
    "sample-mean": {
      "raw": {
        "forecast": [
          0.83,
          0.86,
          0.76,
          0.95,
          0.82,
          0.92,
          0.87,
          1.04,
          0.77,
          0.86,
          0.66,
          0.81,
          1.16,
          1.02,
          0.9,
          1.01,
          0.97,
          0.88,
          0.91,
          0.95,
          1.26,
          0.95,
          0.87,
          0.73,
          0.75,
          0.8,
          0.97,
          1.15
        ],
        "metrics": {
          "mae": 0.7353571397917611,
          "mape": 0.3015555520852407,
          "rmse": 0.8879732111334553,
          "smape": 1.146695405918873,
          "rmsse": 0.7230131228142614
        }
      },
      "rounded": {
        "forecast": [
          1.0,
          1.0,
          1.0,
          1.0,
          1.0,
          1.0,
          1.0,
          1.0,
          1.0,
          1.0,
          1.0,
          1.0,
          1.0,
          1.0,
          1.0,
          1.0,
          1.0,
          1.0,
          1.0,
          1.0,
          1.0,
          1.0,
          1.0,
          1.0,
          1.0,
          1.0,
          1.0,
          1.0
        ],
        "metrics": {
          "mae": 0.7142857142857143,
          "mape": 0.2111111111111111,
          "rmse": 0.8864052604279183,
          "smape": 1.0833333333333337,
          "rmsse": 0.7217364526154139
        }
      }
    },
    "p25": {
      "raw": {
        "forecast": [
          0.0,
          0.0,
          0.0,
          0.0,
          0.0,
          0.0,
          0.0,
          0.0,
          0.0,
          0.0,
          0.0,
          0.0,
          0.0,
          0.0,
          0.0,
          0.0,
          0.0,
          0.0,
          0.0,
          0.0,
          0.0,
          0.0,
          0.0,
          0.0,
          0.0,
          0.0,
          0.0,
          0.0
        ],
        "metrics": {
          "mae": 0.7857142857142857,
          "mape": 1.0,
          "rmse": 1.164964745021435,
          "smape": 1.0714285714285714,
          "rmsse": 0.9485475324096
        }
      },
      "rounded": {
        "forecast": [
          0.0,
          0.0,
          0.0,
          0.0,
          0.0,
          0.0,
          0.0,
          0.0,
          0.0,
          0.0,
          0.0,
          0.0,
          0.0,
          0.0,
          0.0,
          0.0,
          0.0,
          0.0,
          0.0,
          0.0,
          0.0,
          0.0,
          0.0,
          0.0,
          0.0,
          0.0,
          0.0,
          0.0
        ],
        "metrics": {
          "mae": 0.7857142857142857,
          "mape": 1.0,
          "rmse": 1.164964745021435,
          "smape": 1.0714285714285714,
          "rmsse": 0.9485475324096
        }
      }
    },
    "p50": {
      "raw": {
        "forecast": [
          0.5,
          1.0,
          0.0,
          1.0,
          1.0,
          1.0,
          1.0,
          1.0,
          1.0,
          1.0,
          0.5,
          0.0,
          1.0,
          1.0,
          1.0,
          1.0,
          1.0,
          1.0,
          1.0,
          1.0,
          1.0,
          1.0,
          1.0,
          0.0,
          1.0,
          0.5,
          1.0,
          1.0
        ],
        "metrics": {
          "mae": 0.6607142857142857,
          "mape": 0.2777777777777777,
          "rmse": 0.8813544770895048,
          "smape": 0.930952380952381,
          "rmsse": 0.717623960719962
        }
      },
      "rounded": {
        "forecast": [
          0.0,
          1.0,
          0.0,
          1.0,
          1.0,
          1.0,
          1.0,
          1.0,
          1.0,
          1.0,
          0.0,
          0.0,
          1.0,
          1.0,
          1.0,
          1.0,
          1.0,
          1.0,
          1.0,
          1.0,
          1.0,
          1.0,
          1.0,
          0.0,
          1.0,
          0.0,
          1.0,
          1.0
        ],
        "metrics": {
          "mae": 0.7142857142857143,
          "mape": 0.3444444444444444,
          "rmse": 0.9636241116594316,
          "smape": 1.0357142857142858,
          "rmsse": 0.7846102443796514
        }
      }
    },
    "p75": {
      "raw": {
        "forecast": [
          1.0,
          1.0,
          1.0,
          1.0,
          1.0,
          1.0,
          1.0,
          2.0,
          1.0,
          1.25,
          1.0,
          1.0,
          2.0,
          2.0,
          1.0,
          2.0,
          1.25,
          1.0,
          1.0,
          1.0,
          2.0,
          1.0,
          1.0,
          1.0,
          1.0,
          1.0,
          2.0,
          2.0
        ],
        "metrics": {
          "mae": 0.9107142857142856,
          "mape": 0.3277777777777777,
          "rmse": 1.127972264096697,
          "smape": 1.1150793650793651,
          "rmsse": 0.91842719902713
        }
      },
      "rounded": {
        "forecast": [
          1.0,
          1.0,
          1.0,
          1.0,
          1.0,
          1.0,
          1.0,
          2.0,
          1.0,
          1.0,
          1.0,
          1.0,
          2.0,
          2.0,
          1.0,
          2.0,
          1.0,
          1.0,
          1.0,
          1.0,
          2.0,
          1.0,
          1.0,
          1.0,
          1.0,
          1.0,
          2.0,
          2.0
        ],
        "metrics": {
          "mae": 0.8928571428571429,
          "mape": 0.311111111111111,
          "rmse": 1.118033988749895,
          "smape": 1.1071428571428572,
          "rmsse": 0.9103351716959144
        }
      }
    }
  }
}