{
  "series_id": "HOUSEHOLD_1_099_CA_1_validation",
  "run": "run_20260526_021333_335192_001_subset34590_ctx84_h64_emb8_ep20_steps100",
  "horizon": [
    1,
    2,
    3,
    4,
    5,
    6,
    7,
    8,
    9,
    10,
    11,
    12,
    13,
    14,
    15,
    16,
    17,
    18,
    19,
    20,
    21,
    22,
    23,
    24,
    25,
    26,
    27,
    28
  ],
  "actuals": [
    2.0,
    0.0,
    0.0,
    0.0,
    1.0,
    0.0,
    1.0,
    2.0,
    0.0,
    1.0,
    2.0,
    5.0,
    2.0,
    1.0,
    2.0,
    2.0,
    0.0,
    1.0,
    0.0,
    1.0,
    1.0,
    0.0,
    1.0,
    0.0,
    1.0,
    2.0,
    1.0,
    2.0
  ],
  "modes": {
    "mean": {
      "raw": {
        "forecast": [
          0.8419609,
          0.73440176,
          0.6999147,
          0.7228547,
          0.8917871,
          1.009112,
          1.0560108,
          0.83848274,
          0.7350334,
          0.7293606,
          0.70598704,
          0.8734678,
          1.0993328,
          1.096498,
          0.85186803,
          0.7515887,
          0.7121758,
          0.7431294,
          0.8932066,
          1.1341804,
          1.1726124,
          0.85972273,
          0.77097416,
          0.74362123,
          0.77696574,
          0.93308586,
          1.1527714,
          1.1866976
        ],
        "metrics": {
          "mae": 0.7759795529501778,
          "mape": 0.3642452999165184,
          "rmse": 1.0843822754084953,
          "smape": 0.9761268339114552,
          "rmsse": 0.858571433683491
        }
      },
      "rounded": {
        "forecast": [
          1.0,
          1.0,
          1.0,
          1.0,
          1.0,
          1.0,
          1.0,
          1.0,
          1.0,
          1.0,
          1.0,
          1.0,
          1.0,
          1.0,
          1.0,
          1.0,
          1.0,
          1.0,
          1.0,
          1.0,
          1.0,
          1.0,
          1.0,
          1.0,
          1.0,
          1.0,
          1.0,
          1.0
        ],
        "metrics": {
          "mae": 0.75,
          "mape": 0.2526315789473684,
          "rmse": 1.0856202966836188,
          "smape": 0.8809523809523808,
          "rmsse": 0.8595516504624061
        }
      }
    },
    "sample-mean": {
      "raw": {
        "forecast": [
          0.74,
          0.77,
          0.67,
          0.69,
          0.8,
          1.02,
          1.04,
          0.81,
          0.59,
          0.61,
          0.48,
          0.89,
          0.88,
          1.08,
          0.64,
          0.55,
          0.55,
          0.66,
          0.81,
          0.88,
          1.03,
          0.55,
          0.55,
          0.69,
          0.72,
          0.89,
          1.01,
          0.81
        ],
        "metrics": {
          "mae": 0.8067857101559639,
          "mape": 0.413789467905697,
          "rmse": 1.1230777235980849,
          "smape": 1.0448005957784117,
          "rmsse": 0.8892089746896327
        }
      },
      "rounded": {
        "forecast": [
          1.0,
          1.0,
          1.0,
          1.0,
          1.0,
          1.0,
          1.0,
          1.0,
          1.0,
          1.0,
          0.0,
          1.0,
          1.0,
          1.0,
          1.0,
          1.0,
          1.0,
          1.0,
          1.0,
          1.0,
          1.0,
          1.0,
          1.0,
          1.0,
          1.0,
          1.0,
          1.0,
          1.0
        ],
        "metrics": {
          "mae": 0.7857142857142857,
          "mape": 0.2789473684210526,
          "rmse": 1.1338934190276817,
          "smape": 0.9285714285714286,
          "rmsse": 0.8977724189120818
        }
      }
    },
    "p25": {
      "raw": {
        "forecast": [
          0.0,
          0.0,
          0.0,
          0.0,
          0.0,
          0.0,
          0.0,
          0.0,
          0.0,
          0.0,
          0.0,
          0.0,
          0.0,
          0.0,
          0.0,
          0.0,
          0.0,
          0.0,
          0.0,
          0.0,
          0.0,
          0.0,
          0.0,
          0.0,
          0.0,
          0.0,
          0.0,
          0.0
        ],
        "metrics": {
          "mae": 1.1071428571428572,
          "mape": 1.0,
          "rmse": 1.546886273407694,
          "smape": 1.3571428571428572,
          "rmsse": 1.2247639929421072
        }
      },
      "rounded": {
        "forecast": [
          0.0,
          0.0,
          0.0,
          0.0,
          0.0,
          0.0,
          0.0,
          0.0,
          0.0,
          0.0,
          0.0,
          0.0,
          0.0,
          0.0,
          0.0,
          0.0,
          0.0,
          0.0,
          0.0,
          0.0,
          0.0,
          0.0,
          0.0,
          0.0,
          0.0,
          0.0,
          0.0,
          0.0
        ],
        "metrics": {
          "mae": 1.1071428571428572,
          "mape": 1.0,
          "rmse": 1.546886273407694,
          "smape": 1.3571428571428572,
          "rmsse": 1.2247639929421072
        }
      }
    },
    "p50": {
      "raw": {
        "forecast": [
          0.0,
          0.0,
          0.0,
          0.0,
          1.0,
          1.0,
          1.0,
          0.0,
          0.0,
          0.0,
          0.0,
          1.0,
          1.0,
          1.0,
          0.0,
          0.0,
          0.0,
          0.0,
          1.0,
          1.0,
          1.0,
          0.0,
          0.0,
          0.0,
          0.0,
          1.0,
          1.0,
          0.0
        ],
        "metrics": {
          "mae": 0.8571428571428571,
          "mape": 0.6210526315789474,
          "rmse": 1.3093073414159542,
          "smape": 0.9523809523809524,
          "rmsse": 1.0366582954598238
        }
      },
      "rounded": {
        "forecast": [
          0.0,
          0.0,
          0.0,
          0.0,
          1.0,
          1.0,
          1.0,
          0.0,
          0.0,
          0.0,
          0.0,
          1.0,
          1.0,
          1.0,
          0.0,
          0.0,
          0.0,
          0.0,
          1.0,
          1.0,
          1.0,
          0.0,
          0.0,
          0.0,
          0.0,
          1.0,
          1.0,
          0.0
        ],
        "metrics": {
          "mae": 0.8571428571428571,
          "mape": 0.6210526315789474,
          "rmse": 1.3093073414159542,
          "smape": 0.9523809523809524,
          "rmsse": 1.0366582954598238
        }
      }
    },
    "p75": {
      "raw": {
        "forecast": [
          1.0,
          1.0,
          1.0,
          1.0,
          1.0,
          1.0,
          2.0,
          1.0,
          1.0,
          1.0,
          1.0,
          1.0,
          1.0,
          2.0,
          1.0,
          1.0,
          1.0,
          1.0,
          1.0,
          1.0,
          2.0,
          1.0,
          1.0,
          1.0,
          1.0,
          1.0,
          2.0,
          1.0
        ],
        "metrics": {
          "mae": 0.8928571428571429,
          "mape": 0.4631578947368421,
          "rmse": 1.14953406710222,
          "smape": 0.9761904761904762,
          "rmsse": 0.9101560717489346
        }
      },
      "rounded": {
        "forecast": [
          1.0,
          1.0,
          1.0,
          1.0,
          1.0,
          1.0,
          2.0,
          1.0,
          1.0,
          1.0,
          1.0,
          1.0,
          1.0,
          2.0,
          1.0,
          1.0,
          1.0,
          1.0,
          1.0,
          1.0,
          2.0,
          1.0,
          1.0,
          1.0,
          1.0,
          1.0,
          2.0,
          1.0
        ],
        "metrics": {
          "mae": 0.8928571428571429,
          "mape": 0.4631578947368421,
          "rmse": 1.14953406710222,
          "smape": 0.9761904761904762,
          "rmsse": 0.9101560717489346
        }
      }
    }
  }
}