{
  "series_id": "HOUSEHOLD_2_075_TX_2_validation",
  "run": "run_20260526_021333_335192_001_subset34590_ctx84_h64_emb8_ep20_steps100",
  "horizon": [
    1,
    2,
    3,
    4,
    5,
    6,
    7,
    8,
    9,
    10,
    11,
    12,
    13,
    14,
    15,
    16,
    17,
    18,
    19,
    20,
    21,
    22,
    23,
    24,
    25,
    26,
    27,
    28
  ],
  "actuals": [
    0.0,
    2.0,
    0.0,
    2.0,
    2.0,
    2.0,
    0.0,
    0.0,
    0.0,
    0.0,
    1.0,
    0.0,
    1.0,
    1.0,
    0.0,
    0.0,
    2.0,
    2.0,
    1.0,
    0.0,
    0.0,
    0.0,
    1.0,
    2.0,
    0.0,
    1.0,
    0.0,
    1.0
  ],
  "modes": {
    "mean": {
      "raw": {
        "forecast": [
          0.9546428,
          0.86383176,
          0.86101884,
          0.8728617,
          0.9685087,
          1.0782887,
          1.253581,
          0.99439245,
          0.9013147,
          0.8687587,
          0.8395094,
          0.99883455,
          1.2511494,
          1.1573949,
          0.99056333,
          0.869036,
          0.86520714,
          0.8895063,
          0.99922097,
          1.1663681,
          1.1995283,
          0.944796,
          0.8362609,
          0.8416015,
          0.8484972,
          0.93898654,
          1.1542531,
          1.2121451
        ],
        "metrics": {
          "mae": 0.8083032497337886,
          "mape": 0.3440577621970858,
          "rmse": 0.9020848233807054,
          "smape": 1.2223357878913232,
          "rmsse": 0.5239800041567905
        }
      },
      "rounded": {
        "forecast": [
          1.0,
          1.0,
          1.0,
          1.0,
          1.0,
          1.0,
          1.0,
          1.0,
          1.0,
          1.0,
          1.0,
          1.0,
          1.0,
          1.0,
          1.0,
          1.0,
          1.0,
          1.0,
          1.0,
          1.0,
          1.0,
          1.0,
          1.0,
          1.0,
          1.0,
          1.0,
          1.0,
          1.0
        ],
        "metrics": {
          "mae": 0.75,
          "mape": 0.25,
          "rmse": 0.8660254037844386,
          "smape": 1.1666666666666663,
          "rmsse": 0.5030347290116732
        }
      }
    },
    "sample-mean": {
      "raw": {
        "forecast": [
          0.88,
          0.91,
          0.95,
          0.77,
          0.97,
          1.03,
          1.0,
          0.92,
          0.91,
          0.74,
          0.89,
          0.95,
          1.01,
          1.0,
          0.99,
          0.88,
          0.81,
          0.75,
          0.95,
          0.97,
          0.88,
          0.92,
          0.94,
          0.83,
          0.86,
          1.0,
          0.93,
          0.84
        ],
        "metrics": {
          "mae": 0.7535714336803981,
          "mape": 0.3110714320625578,
          "rmse": 0.8622313287048015,
          "smape": 1.2131220917433938,
          "rmsse": 0.5008309235329944
        }
      },
      "rounded": {
        "forecast": [
          1.0,
          1.0,
          1.0,
          1.0,
          1.0,
          1.0,
          1.0,
          1.0,
          1.0,
          1.0,
          1.0,
          1.0,
          1.0,
          1.0,
          1.0,
          1.0,
          1.0,
          1.0,
          1.0,
          1.0,
          1.0,
          1.0,
          1.0,
          1.0,
          1.0,
          1.0,
          1.0,
          1.0
        ],
        "metrics": {
          "mae": 0.75,
          "mape": 0.25,
          "rmse": 0.8660254037844386,
          "smape": 1.1666666666666663,
          "rmsse": 0.5030347290116732
        }
      }
    },
    "p25": {
      "raw": {
        "forecast": [
          0.0,
          0.0,
          0.0,
          0.0,
          0.0,
          0.0,
          0.0,
          0.0,
          0.0,
          0.0,
          0.0,
          0.0,
          0.0,
          0.0,
          0.0,
          0.0,
          0.0,
          0.0,
          0.0,
          0.0,
          0.0,
          0.0,
          0.0,
          0.0,
          0.0,
          0.0,
          0.0,
          0.0
        ],
        "metrics": {
          "mae": 0.75,
          "mape": 1.0,
          "rmse": 1.118033988749895,
          "smape": 1.0,
          "rmsse": 0.6494150426753905
        }
      },
      "rounded": {
        "forecast": [
          0.0,
          0.0,
          0.0,
          0.0,
          0.0,
          0.0,
          0.0,
          0.0,
          0.0,
          0.0,
          0.0,
          0.0,
          0.0,
          0.0,
          0.0,
          0.0,
          0.0,
          0.0,
          0.0,
          0.0,
          0.0,
          0.0,
          0.0,
          0.0,
          0.0,
          0.0,
          0.0,
          0.0
        ],
        "metrics": {
          "mae": 0.75,
          "mape": 1.0,
          "rmse": 1.118033988749895,
          "smape": 1.0,
          "rmsse": 0.6494150426753905
        }
      }
    },
    "p50": {
      "raw": {
        "forecast": [
          1.0,
          1.0,
          1.0,
          1.0,
          1.0,
          1.0,
          1.0,
          1.0,
          1.0,
          0.0,
          1.0,
          1.0,
          1.0,
          1.0,
          1.0,
          1.0,
          0.5,
          0.0,
          1.0,
          1.0,
          0.5,
          1.0,
          1.0,
          0.0,
          0.5,
          1.0,
          1.0,
          1.0
        ],
        "metrics": {
          "mae": 0.7678571428571429,
          "mape": 0.3392857142857143,
          "rmse": 0.958980113006968,
          "smape": 1.2095238095238094,
          "rmsse": 0.5570278875954516
        }
      },
      "rounded": {
        "forecast": [
          1.0,
          1.0,
          1.0,
          1.0,
          1.0,
          1.0,
          1.0,
          1.0,
          1.0,
          0.0,
          1.0,
          1.0,
          1.0,
          1.0,
          1.0,
          1.0,
          0.0,
          0.0,
          1.0,
          1.0,
          0.0,
          1.0,
          1.0,
          0.0,
          0.0,
          1.0,
          1.0,
          1.0
        ],
        "metrics": {
          "mae": 0.75,
          "mape": 0.3571428571428571,
          "rmse": 0.9819805060619656,
          "smape": 1.0952380952380951,
          "rmsse": 0.5703877687687096
        }
      }
    },
    "p75": {
      "raw": {
        "forecast": [
          1.0,
          1.0,
          2.0,
          1.0,
          2.0,
          2.0,
          2.0,
          1.0,
          2.0,
          1.0,
          1.0,
          2.0,
          2.0,
          2.0,
          2.0,
          1.0,
          1.0,
          1.0,
          1.25,
          1.0,
          1.0,
          1.0,
          2.0,
          1.0,
          1.0,
          2.0,
          1.25,
          1.0
        ],
        "metrics": {
          "mae": 1.0178571428571428,
          "mape": 0.4821428571428571,
          "rmse": 1.1745059751718103,
          "smape": 1.222222222222222,
          "rmsse": 0.68221704855462
        }
      },
      "rounded": {
        "forecast": [
          1.0,
          1.0,
          2.0,
          1.0,
          2.0,
          2.0,
          2.0,
          1.0,
          2.0,
          1.0,
          1.0,
          2.0,
          2.0,
          2.0,
          2.0,
          1.0,
          1.0,
          1.0,
          1.0,
          1.0,
          1.0,
          1.0,
          2.0,
          1.0,
          1.0,
          2.0,
          1.0,
          1.0
        ],
        "metrics": {
          "mae": 1.0,
          "mape": 0.4642857142857143,
          "rmse": 1.164964745021435,
          "smape": 1.2142857142857142,
          "rmsse": 0.6766749823494503
        }
      }
    }
  }
}