{
  "series_id": "HOUSEHOLD_1_525_TX_2_validation",
  "run": "run_20260526_021333_335192_001_subset34590_ctx84_h64_emb8_ep20_steps100",
  "horizon": [
    1,
    2,
    3,
    4,
    5,
    6,
    7,
    8,
    9,
    10,
    11,
    12,
    13,
    14,
    15,
    16,
    17,
    18,
    19,
    20,
    21,
    22,
    23,
    24,
    25,
    26,
    27,
    28
  ],
  "actuals": [
    0.0,
    3.0,
    1.0,
    0.0,
    0.0,
    2.0,
    0.0,
    0.0,
    0.0,
    0.0,
    0.0,
    1.0,
    1.0,
    0.0,
    1.0,
    0.0,
    0.0,
    1.0,
    0.0,
    0.0,
    0.0,
    0.0,
    1.0,
    1.0,
    0.0,
    0.0,
    0.0,
    0.0
  ],
  "modes": {
    "mean": {
      "raw": {
        "forecast": [
          0.43477738,
          0.3890986,
          0.3865172,
          0.39979324,
          0.47703764,
          0.5399902,
          0.636834,
          0.46663216,
          0.43826345,
          0.41257295,
          0.3965899,
          0.49830914,
          0.64401245,
          0.589483,
          0.51415247,
          0.43105593,
          0.4371706,
          0.45665872,
          0.5493051,
          0.6665559,
          0.6508652,
          0.4999996,
          0.44223946,
          0.43724328,
          0.45529884,
          0.5356532,
          0.6750492,
          0.6812228
        ],
        "metrics": {
          "mae": 0.6259263764534678,
          "mape": 0.5801302945172346,
          "rmse": 0.7592204151880206,
          "smape": 1.6293706958548466,
          "rmsse": 0.7020627356092296
        }
      },
      "rounded": {
        "forecast": [
          0.0,
          0.0,
          0.0,
          0.0,
          0.0,
          1.0,
          1.0,
          0.0,
          0.0,
          0.0,
          0.0,
          0.0,
          1.0,
          1.0,
          1.0,
          0.0,
          0.0,
          0.0,
          1.0,
          1.0,
          1.0,
          0.0,
          0.0,
          0.0,
          0.0,
          1.0,
          1.0,
          1.0
        ],
        "metrics": {
          "mae": 0.6071428571428571,
          "mape": 0.7222222222222222,
          "rmse": 0.9063269671749656,
          "smape": 1.0238095238095235,
          "rmsse": 0.8380944152742439
        }
      }
    },
    "sample-mean": {
      "raw": {
        "forecast": [
          0.45,
          0.47,
          0.22,
          0.34,
          0.42,
          0.5,
          0.6,
          0.46,
          0.44,
          0.42,
          0.39,
          0.42,
          0.64,
          0.58,
          0.33,
          0.35,
          0.45,
          0.43,
          0.35,
          0.4,
          0.52,
          0.39,
          0.32,
          0.36,
          0.35,
          0.5,
          0.48,
          0.38
        ],
        "metrics": {
          "mae": 0.5921428533537048,
          "mape": 0.6525925927691989,
          "rmse": 0.7337039084828263,
          "smape": 1.677465309584807,
          "rmsse": 0.678467231402189
        }
      },
      "rounded": {
        "forecast": [
          0.0,
          0.0,
          0.0,
          0.0,
          0.0,
          0.0,
          1.0,
          0.0,
          0.0,
          0.0,
          0.0,
          0.0,
          1.0,
          1.0,
          0.0,
          0.0,
          0.0,
          0.0,
          0.0,
          0.0,
          1.0,
          0.0,
          0.0,
          0.0,
          0.0,
          0.0,
          0.0,
          0.0
        ],
        "metrics": {
          "mae": 0.5,
          "mape": 0.8888888888888888,
          "rmse": 0.8864052604279183,
          "smape": 0.7857142857142857,
          "rmsse": 0.819672508200824
        }
      }
    },
    "p25": {
      "raw": {
        "forecast": [
          0.0,
          0.0,
          0.0,
          0.0,
          0.0,
          0.0,
          0.0,
          0.0,
          0.0,
          0.0,
          0.0,
          0.0,
          0.0,
          0.0,
          0.0,
          0.0,
          0.0,
          0.0,
          0.0,
          0.0,
          0.0,
          0.0,
          0.0,
          0.0,
          0.0,
          0.0,
          0.0,
          0.0
        ],
        "metrics": {
          "mae": 0.4285714285714285,
          "mape": 1.0,
          "rmse": 0.8451542547285166,
          "smape": 0.6428571428571429,
          "rmsse": 0.7815270720025868
        }
      },
      "rounded": {
        "forecast": [
          0.0,
          0.0,
          0.0,
          0.0,
          0.0,
          0.0,
          0.0,
          0.0,
          0.0,
          0.0,
          0.0,
          0.0,
          0.0,
          0.0,
          0.0,
          0.0,
          0.0,
          0.0,
          0.0,
          0.0,
          0.0,
          0.0,
          0.0,
          0.0,
          0.0,
          0.0,
          0.0,
          0.0
        ],
        "metrics": {
          "mae": 0.4285714285714285,
          "mape": 1.0,
          "rmse": 0.8451542547285166,
          "smape": 0.6428571428571429,
          "rmsse": 0.7815270720025868
        }
      }
    },
    "p50": {
      "raw": {
        "forecast": [
          0.0,
          0.0,
          0.0,
          0.0,
          0.0,
          0.0,
          0.0,
          0.0,
          0.0,
          0.0,
          0.0,
          0.0,
          0.0,
          0.0,
          0.0,
          0.0,
          0.0,
          0.0,
          0.0,
          0.0,
          0.0,
          0.0,
          0.0,
          0.0,
          0.0,
          0.0,
          0.0,
          0.0
        ],
        "metrics": {
          "mae": 0.4285714285714285,
          "mape": 1.0,
          "rmse": 0.8451542547285166,
          "smape": 0.6428571428571429,
          "rmsse": 0.7815270720025868
        }
      },
      "rounded": {
        "forecast": [
          0.0,
          0.0,
          0.0,
          0.0,
          0.0,
          0.0,
          0.0,
          0.0,
          0.0,
          0.0,
          0.0,
          0.0,
          0.0,
          0.0,
          0.0,
          0.0,
          0.0,
          0.0,
          0.0,
          0.0,
          0.0,
          0.0,
          0.0,
          0.0,
          0.0,
          0.0,
          0.0,
          0.0
        ],
        "metrics": {
          "mae": 0.4285714285714285,
          "mape": 1.0,
          "rmse": 0.8451542547285166,
          "smape": 0.6428571428571429,
          "rmsse": 0.7815270720025868
        }
      }
    },
    "p75": {
      "raw": {
        "forecast": [
          1.0,
          1.0,
          0.0,
          0.0,
          1.0,
          1.0,
          1.0,
          1.0,
          1.0,
          1.0,
          1.0,
          1.0,
          1.0,
          1.0,
          1.0,
          0.0,
          1.0,
          1.0,
          1.0,
          1.0,
          1.0,
          1.0,
          1.0,
          0.25,
          1.0,
          1.0,
          1.0,
          1.0
        ],
        "metrics": {
          "mae": 0.7767857142857143,
          "mape": 0.324074074074074,
          "rmse": 0.9173428242172372,
          "smape": 1.388095238095238,
          "rmsse": 0.8482809468472418
        }
      },
      "rounded": {
        "forecast": [
          1.0,
          1.0,
          0.0,
          0.0,
          1.0,
          1.0,
          1.0,
          1.0,
          1.0,
          1.0,
          1.0,
          1.0,
          1.0,
          1.0,
          1.0,
          0.0,
          1.0,
          1.0,
          1.0,
          1.0,
          1.0,
          1.0,
          1.0,
          0.0,
          1.0,
          1.0,
          1.0,
          1.0
        ],
        "metrics": {
          "mae": 0.7857142857142857,
          "mape": 0.3518518518518518,
          "rmse": 0.9258200997725514,
          "smape": 1.4166666666666663,
          "rmsse": 0.8561200132735618
        }
      }
    }
  }
}