{
  "series_id": "HOUSEHOLD_2_397_WI_3_validation",
  "run": "run_20260526_021333_335192_001_subset34590_ctx84_h64_emb8_ep20_steps100",
  "horizon": [
    1,
    2,
    3,
    4,
    5,
    6,
    7,
    8,
    9,
    10,
    11,
    12,
    13,
    14,
    15,
    16,
    17,
    18,
    19,
    20,
    21,
    22,
    23,
    24,
    25,
    26,
    27,
    28
  ],
  "actuals": [
    0.0,
    0.0,
    0.0,
    0.0,
    0.0,
    0.0,
    1.0,
    0.0,
    0.0,
    0.0,
    2.0,
    0.0,
    0.0,
    1.0,
    0.0,
    0.0,
    0.0,
    0.0,
    0.0,
    0.0,
    0.0,
    0.0,
    0.0,
    0.0,
    0.0,
    0.0,
    0.0,
    0.0
  ],
  "modes": {
    "mean": {
      "raw": {
        "forecast": [
          0.08962472,
          0.08441434,
          0.08719274,
          0.09290341,
          0.1055264,
          0.10855244,
          0.10532779,
          0.10769226,
          0.10235417,
          0.096454136,
          0.094119094,
          0.11069936,
          0.12182454,
          0.12632431,
          0.112064935,
          0.09652368,
          0.09939469,
          0.10295453,
          0.10645375,
          0.12903622,
          0.12667245,
          0.101048835,
          0.09285754,
          0.09186378,
          0.09377789,
          0.10249361,
          0.11799071,
          0.11386992
        ],
        "metrics": {
          "mae": 0.2238739228674343,
          "mape": 0.9070961164931456,
          "rmse": 0.441942009340493,
          "smape": 1.9639440383134728,
          "rmsse": 0.9887296283050024
        }
      },
      "rounded": {
        "forecast": [
          0.0,
          0.0,
          0.0,
          0.0,
          0.0,
          0.0,
          0.0,
          0.0,
          0.0,
          0.0,
          0.0,
          0.0,
          0.0,
          0.0,
          0.0,
          0.0,
          0.0,
          0.0,
          0.0,
          0.0,
          0.0,
          0.0,
          0.0,
          0.0,
          0.0,
          0.0,
          0.0,
          0.0
        ],
        "metrics": {
          "mae": 0.1428571428571428,
          "mape": 1.0,
          "rmse": 0.4629100498862757,
          "smape": 0.2142857142857142,
          "rmsse": 1.0356401335227654
        }
      }
    },
    "sample-mean": {
      "raw": {
        "forecast": [
          0.02,
          0.09,
          0.05,
          0.11,
          0.07,
          0.06,
          0.05,
          0.07,
          0.08,
          0.09,
          0.12,
          0.06,
          0.03,
          0.08,
          0.09,
          0.06,
          0.06,
          0.06,
          0.07,
          0.07,
          0.09,
          0.05,
          0.08,
          0.07,
          0.04,
          0.1,
          0.14,
          0.11
        ],
        "metrics": {
          "mae": 0.1989285717718303,
          "mape": 0.9366666674613952,
          "rmse": 0.4404826903356122,
          "smape": 1.9745290152532573,
          "rmsse": 0.9854647838078082
        }
      },
      "rounded": {
        "forecast": [
          0.0,
          0.0,
          0.0,
          0.0,
          0.0,
          0.0,
          0.0,
          0.0,
          0.0,
          0.0,
          0.0,
          0.0,
          0.0,
          0.0,
          0.0,
          0.0,
          0.0,
          0.0,
          0.0,
          0.0,
          0.0,
          0.0,
          0.0,
          0.0,
          0.0,
          0.0,
          0.0,
          0.0
        ],
        "metrics": {
          "mae": 0.1428571428571428,
          "mape": 1.0,
          "rmse": 0.4629100498862757,
          "smape": 0.2142857142857142,
          "rmsse": 1.0356401335227654
        }
      }
    },
    "p25": {
      "raw": {
        "forecast": [
          0.0,
          0.0,
          0.0,
          0.0,
          0.0,
          0.0,
          0.0,
          0.0,
          0.0,
          0.0,
          0.0,
          0.0,
          0.0,
          0.0,
          0.0,
          0.0,
          0.0,
          0.0,
          0.0,
          0.0,
          0.0,
          0.0,
          0.0,
          0.0,
          0.0,
          0.0,
          0.0,
          0.0
        ],
        "metrics": {
          "mae": 0.1428571428571428,
          "mape": 1.0,
          "rmse": 0.4629100498862757,
          "smape": 0.2142857142857142,
          "rmsse": 1.0356401335227654
        }
      },
      "rounded": {
        "forecast": [
          0.0,
          0.0,
          0.0,
          0.0,
          0.0,
          0.0,
          0.0,
          0.0,
          0.0,
          0.0,
          0.0,
          0.0,
          0.0,
          0.0,
          0.0,
          0.0,
          0.0,
          0.0,
          0.0,
          0.0,
          0.0,
          0.0,
          0.0,
          0.0,
          0.0,
          0.0,
          0.0,
          0.0
        ],
        "metrics": {
          "mae": 0.1428571428571428,
          "mape": 1.0,
          "rmse": 0.4629100498862757,
          "smape": 0.2142857142857142,
          "rmsse": 1.0356401335227654
        }
      }
    },
    "p50": {
      "raw": {
        "forecast": [
          0.0,
          0.0,
          0.0,
          0.0,
          0.0,
          0.0,
          0.0,
          0.0,
          0.0,
          0.0,
          0.0,
          0.0,
          0.0,
          0.0,
          0.0,
          0.0,
          0.0,
          0.0,
          0.0,
          0.0,
          0.0,
          0.0,
          0.0,
          0.0,
          0.0,
          0.0,
          0.0,
          0.0
        ],
        "metrics": {
          "mae": 0.1428571428571428,
          "mape": 1.0,
          "rmse": 0.4629100498862757,
          "smape": 0.2142857142857142,
          "rmsse": 1.0356401335227654
        }
      },
      "rounded": {
        "forecast": [
          0.0,
          0.0,
          0.0,
          0.0,
          0.0,
          0.0,
          0.0,
          0.0,
          0.0,
          0.0,
          0.0,
          0.0,
          0.0,
          0.0,
          0.0,
          0.0,
          0.0,
          0.0,
          0.0,
          0.0,
          0.0,
          0.0,
          0.0,
          0.0,
          0.0,
          0.0,
          0.0,
          0.0
        ],
        "metrics": {
          "mae": 0.1428571428571428,
          "mape": 1.0,
          "rmse": 0.4629100498862757,
          "smape": 0.2142857142857142,
          "rmsse": 1.0356401335227654
        }
      }
    },
    "p75": {
      "raw": {
        "forecast": [
          0.0,
          0.0,
          0.0,
          0.0,
          0.0,
          0.0,
          0.0,
          0.0,
          0.0,
          0.0,
          0.0,
          0.0,
          0.0,
          0.0,
          0.0,
          0.0,
          0.0,
          0.0,
          0.0,
          0.0,
          0.0,
          0.0,
          0.0,
          0.0,
          0.0,
          0.0,
          0.0,
          0.0
        ],
        "metrics": {
          "mae": 0.1428571428571428,
          "mape": 1.0,
          "rmse": 0.4629100498862757,
          "smape": 0.2142857142857142,
          "rmsse": 1.0356401335227654
        }
      },
      "rounded": {
        "forecast": [
          0.0,
          0.0,
          0.0,
          0.0,
          0.0,
          0.0,
          0.0,
          0.0,
          0.0,
          0.0,
          0.0,
          0.0,
          0.0,
          0.0,
          0.0,
          0.0,
          0.0,
          0.0,
          0.0,
          0.0,
          0.0,
          0.0,
          0.0,
          0.0,
          0.0,
          0.0,
          0.0,
          0.0
        ],
        "metrics": {
          "mae": 0.1428571428571428,
          "mape": 1.0,
          "rmse": 0.4629100498862757,
          "smape": 0.2142857142857142,
          "rmsse": 1.0356401335227654
        }
      }
    }
  }
}