{
  "series_id": "HOUSEHOLD_1_189_TX_1_validation",
  "run": "run_20260526_021333_335192_001_subset34590_ctx84_h64_emb8_ep20_steps100",
  "horizon": [
    1,
    2,
    3,
    4,
    5,
    6,
    7,
    8,
    9,
    10,
    11,
    12,
    13,
    14,
    15,
    16,
    17,
    18,
    19,
    20,
    21,
    22,
    23,
    24,
    25,
    26,
    27,
    28
  ],
  "actuals": [
    0.0,
    0.0,
    0.0,
    0.0,
    0.0,
    1.0,
    1.0,
    0.0,
    0.0,
    0.0,
    0.0,
    0.0,
    0.0,
    2.0,
    0.0,
    0.0,
    0.0,
    1.0,
    0.0,
    0.0,
    1.0,
    0.0,
    0.0,
    2.0,
    0.0,
    4.0,
    0.0,
    2.0
  ],
  "modes": {
    "mean": {
      "raw": {
        "forecast": [
          0.5089552,
          0.4512818,
          0.46385062,
          0.466806,
          0.527562,
          0.61880463,
          0.6734468,
          0.5485188,
          0.51926154,
          0.49386594,
          0.46891183,
          0.55830276,
          0.7535114,
          0.68135685,
          0.60378397,
          0.52379733,
          0.52173764,
          0.5357618,
          0.61355937,
          0.72557276,
          0.7360981,
          0.58118975,
          0.5190298,
          0.50884366,
          0.5202611,
          0.58711904,
          0.74141324,
          0.74658066
        ],
        "metrics": {
          "mae": 0.7151129043528012,
          "mape": 0.5400897953659296,
          "rmse": 0.9267399936868764,
          "smape": 1.655101710662947,
          "rmsse": 0.7196208343219999
        }
      },
      "rounded": {
        "forecast": [
          1.0,
          0.0,
          0.0,
          0.0,
          1.0,
          1.0,
          1.0,
          1.0,
          1.0,
          0.0,
          0.0,
          1.0,
          1.0,
          1.0,
          1.0,
          1.0,
          1.0,
          1.0,
          1.0,
          1.0,
          1.0,
          1.0,
          1.0,
          1.0,
          1.0,
          1.0,
          1.0,
          1.0
        ],
        "metrics": {
          "mae": 0.75,
          "mape": 0.28125,
          "rmse": 0.9819805060619656,
          "smape": 1.1857142857142855,
          "rmsse": 0.7625155230961285
        }
      }
    },
    "sample-mean": {
      "raw": {
        "forecast": [
          0.48,
          0.45,
          0.52,
          0.5,
          0.51,
          0.56,
          0.69,
          0.59,
          0.52,
          0.59,
          0.48,
          0.52,
          0.63,
          0.58,
          0.49,
          0.39,
          0.38,
          0.49,
          0.34,
          0.84,
          0.5,
          0.5,
          0.39,
          0.56,
          0.37,
          0.49,
          0.63,
          0.92
        ],
        "metrics": {
          "mae": 0.6903571348105159,
          "mape": 0.5759374983608723,
          "rmse": 0.920940894993869,
          "smape": 1.6718275885487557,
          "rmsse": 0.7151177889498286
        }
      },
      "rounded": {
        "forecast": [
          0.0,
          0.0,
          1.0,
          0.0,
          1.0,
          1.0,
          1.0,
          1.0,
          1.0,
          1.0,
          0.0,
          1.0,
          1.0,
          1.0,
          0.0,
          0.0,
          0.0,
          0.0,
          0.0,
          1.0,
          0.0,
          0.0,
          0.0,
          1.0,
          0.0,
          0.0,
          1.0,
          1.0
        ],
        "metrics": {
          "mae": 0.6428571428571429,
          "mape": 0.5625,
          "rmse": 1.035098339013531,
          "smape": 0.9285714285714288,
          "rmsse": 0.8037619347394976
        }
      }
    },
    "p25": {
      "raw": {
        "forecast": [
          0.0,
          0.0,
          0.0,
          0.0,
          0.0,
          0.0,
          0.0,
          0.0,
          0.0,
          0.0,
          0.0,
          0.0,
          0.0,
          0.0,
          0.0,
          0.0,
          0.0,
          0.0,
          0.0,
          0.0,
          0.0,
          0.0,
          0.0,
          0.0,
          0.0,
          0.0,
          0.0,
          0.0
        ],
        "metrics": {
          "mae": 0.5,
          "mape": 1.0,
          "rmse": 1.0690449676496976,
          "smape": 0.5714285714285714,
          "rmsse": 0.8301217566830739
        }
      },
      "rounded": {
        "forecast": [
          0.0,
          0.0,
          0.0,
          0.0,
          0.0,
          0.0,
          0.0,
          0.0,
          0.0,
          0.0,
          0.0,
          0.0,
          0.0,
          0.0,
          0.0,
          0.0,
          0.0,
          0.0,
          0.0,
          0.0,
          0.0,
          0.0,
          0.0,
          0.0,
          0.0,
          0.0,
          0.0,
          0.0
        ],
        "metrics": {
          "mae": 0.5,
          "mape": 1.0,
          "rmse": 1.0690449676496976,
          "smape": 0.5714285714285714,
          "rmsse": 0.8301217566830739
        }
      }
    },
    "p50": {
      "raw": {
        "forecast": [
          0.0,
          0.0,
          0.0,
          0.0,
          0.0,
          0.0,
          0.0,
          0.0,
          0.0,
          0.0,
          0.0,
          0.0,
          0.0,
          0.0,
          0.0,
          0.0,
          0.0,
          0.0,
          0.0,
          0.5,
          0.0,
          0.0,
          0.0,
          0.0,
          0.0,
          0.0,
          0.0,
          1.0
        ],
        "metrics": {
          "mae": 0.4821428571428571,
          "mape": 0.9375,
          "rmse": 1.0220777158038703,
          "smape": 0.5952380952380952,
          "rmsse": 0.7936513192471717
        }
      },
      "rounded": {
        "forecast": [
          0.0,
          0.0,
          0.0,
          0.0,
          0.0,
          0.0,
          0.0,
          0.0,
          0.0,
          0.0,
          0.0,
          0.0,
          0.0,
          0.0,
          0.0,
          0.0,
          0.0,
          0.0,
          0.0,
          0.0,
          0.0,
          0.0,
          0.0,
          0.0,
          0.0,
          0.0,
          0.0,
          1.0
        ],
        "metrics": {
          "mae": 0.4642857142857143,
          "mape": 0.9375,
          "rmse": 1.0177004891982149,
          "smape": 0.5238095238095238,
          "rmsse": 0.7902523686424322
        }
      }
    },
    "p75": {
      "raw": {
        "forecast": [
          1.0,
          1.0,
          1.0,
          1.0,
          1.0,
          1.0,
          1.0,
          1.0,
          1.0,
          1.0,
          1.0,
          1.0,
          1.0,
          1.0,
          1.0,
          1.0,
          0.0,
          1.0,
          0.25,
          1.0,
          1.0,
          1.0,
          1.0,
          1.0,
          1.0,
          1.0,
          1.0,
          1.0
        ],
        "metrics": {
          "mae": 0.8660714285714286,
          "mape": 0.28125,
          "rmse": 1.0361760054574292,
          "smape": 1.4714285714285715,
          "rmsse": 0.804598751139741
        }
      },
      "rounded": {
        "forecast": [
          1.0,
          1.0,
          1.0,
          1.0,
          1.0,
          1.0,
          1.0,
          1.0,
          1.0,
          1.0,
          1.0,
          1.0,
          1.0,
          1.0,
          1.0,
          1.0,
          0.0,
          1.0,
          0.0,
          1.0,
          1.0,
          1.0,
          1.0,
          1.0,
          1.0,
          1.0,
          1.0,
          1.0
        ],
        "metrics": {
          "mae": 0.8571428571428571,
          "mape": 0.28125,
          "rmse": 1.035098339013531,
          "smape": 1.4,
          "rmsse": 0.8037619347394976
        }
      }
    }
  }
}