{
  "series_id": "HOUSEHOLD_1_379_CA_1_validation",
  "run": "run_20260526_021333_335192_001_subset34590_ctx84_h64_emb8_ep20_steps100",
  "horizon": [
    1,
    2,
    3,
    4,
    5,
    6,
    7,
    8,
    9,
    10,
    11,
    12,
    13,
    14,
    15,
    16,
    17,
    18,
    19,
    20,
    21,
    22,
    23,
    24,
    25,
    26,
    27,
    28
  ],
  "actuals": [
    0.0,
    0.0,
    1.0,
    0.0,
    2.0,
    0.0,
    3.0,
    0.0,
    0.0,
    0.0,
    2.0,
    2.0,
    1.0,
    0.0,
    0.0,
    2.0,
    1.0,
    0.0,
    3.0,
    1.0,
    1.0,
    0.0,
    1.0,
    1.0,
    1.0,
    1.0,
    0.0,
    1.0
  ],
  "modes": {
    "mean": {
      "raw": {
        "forecast": [
          1.4169755,
          1.1344444,
          1.1510713,
          1.1563586,
          1.3534739,
          1.4696436,
          1.5693212,
          1.3510168,
          1.1939887,
          1.1487482,
          1.1062055,
          1.3316811,
          1.6645834,
          1.6184187,
          1.3450354,
          1.2213868,
          1.1289014,
          1.1619453,
          1.3393329,
          1.7493705,
          1.6263273,
          1.4069532,
          1.1862241,
          1.1536474,
          1.2052394,
          1.4045174,
          1.70907,
          1.6761186
        ],
        "metrics": {
          "mae": 0.9334713476044793,
          "mape": 0.4043797378738721,
          "rmse": 1.0568108180960627,
          "smape": 1.0843105681221592,
          "rmsse": 0.442860695928393
        }
      },
      "rounded": {
        "forecast": [
          1.0,
          1.0,
          1.0,
          1.0,
          1.0,
          1.0,
          2.0,
          1.0,
          1.0,
          1.0,
          1.0,
          1.0,
          2.0,
          2.0,
          1.0,
          1.0,
          1.0,
          1.0,
          1.0,
          2.0,
          2.0,
          1.0,
          1.0,
          1.0,
          1.0,
          1.0,
          2.0,
          2.0
        ],
        "metrics": {
          "mae": 0.8928571428571429,
          "mape": 0.4375,
          "rmse": 1.0522085616183026,
          "smape": 1.0976190476190475,
          "rmsse": 0.440932102398045
        }
      }
    },
    "sample-mean": {
      "raw": {
        "forecast": [
          1.58,
          1.24,
          1.22,
          1.27,
          1.27,
          1.77,
          1.13,
          1.07,
          1.08,
          1.04,
          1.03,
          1.24,
          1.3,
          1.29,
          1.3,
          0.98,
          1.1,
          0.93,
          1.1,
          1.45,
          1.56,
          1.43,
          1.19,
          1.18,
          0.83,
          1.19,
          1.2,
          1.48
        ],
        "metrics": {
          "mae": 0.9032142886093684,
          "mape": 0.3647916726768017,
          "rmse": 1.0539669942239216,
          "smape": 1.089894879753814,
          "rmsse": 0.4416689804410524
        }
      },
      "rounded": {
        "forecast": [
          2.0,
          1.0,
          1.0,
          1.0,
          1.0,
          2.0,
          1.0,
          1.0,
          1.0,
          1.0,
          1.0,
          1.0,
          1.0,
          1.0,
          1.0,
          1.0,
          1.0,
          1.0,
          1.0,
          1.0,
          2.0,
          1.0,
          1.0,
          1.0,
          1.0,
          1.0,
          1.0,
          1.0
        ],
        "metrics": {
          "mae": 0.8214285714285714,
          "mape": 0.2708333333333333,
          "rmse": 1.0522085616183026,
          "smape": 1.0476190476190477,
          "rmsse": 0.440932102398045
        }
      }
    },
    "p25": {
      "raw": {
        "forecast": [
          0.0,
          0.0,
          0.0,
          0.0,
          0.0,
          0.0,
          0.0,
          0.0,
          0.0,
          0.0,
          0.0,
          0.0,
          0.0,
          0.0,
          0.0,
          0.0,
          0.0,
          0.0,
          0.0,
          0.0,
          0.0,
          0.0,
          0.0,
          0.0,
          0.0,
          0.0,
          0.0,
          0.0
        ],
        "metrics": {
          "mae": 0.8571428571428571,
          "mape": 1.0,
          "rmse": 1.2535663410560174,
          "smape": 1.1428571428571428,
          "rmsse": 0.5253118653654947
        }
      },
      "rounded": {
        "forecast": [
          0.0,
          0.0,
          0.0,
          0.0,
          0.0,
          0.0,
          0.0,
          0.0,
          0.0,
          0.0,
          0.0,
          0.0,
          0.0,
          0.0,
          0.0,
          0.0,
          0.0,
          0.0,
          0.0,
          0.0,
          0.0,
          0.0,
          0.0,
          0.0,
          0.0,
          0.0,
          0.0,
          0.0
        ],
        "metrics": {
          "mae": 0.8571428571428571,
          "mape": 1.0,
          "rmse": 1.2535663410560174,
          "smape": 1.1428571428571428,
          "rmsse": 0.5253118653654947
        }
      }
    },
    "p50": {
      "raw": {
        "forecast": [
          1.0,
          0.0,
          1.0,
          1.0,
          1.0,
          1.0,
          0.0,
          1.0,
          0.5,
          1.0,
          0.0,
          1.0,
          1.0,
          1.0,
          1.0,
          0.0,
          0.5,
          0.0,
          0.5,
          1.0,
          1.0,
          1.0,
          1.0,
          1.0,
          0.0,
          1.0,
          1.0,
          1.0
        ],
        "metrics": {
          "mae": 0.8035714285714286,
          "mape": 0.3958333333333333,
          "rmse": 1.1299494299683124,
          "smape": 1.1224489795918369,
          "rmsse": 0.4735097165462317
        }
      },
      "rounded": {
        "forecast": [
          1.0,
          0.0,
          1.0,
          1.0,
          1.0,
          1.0,
          0.0,
          1.0,
          0.0,
          1.0,
          0.0,
          1.0,
          1.0,
          1.0,
          1.0,
          0.0,
          0.0,
          0.0,
          0.0,
          1.0,
          1.0,
          1.0,
          1.0,
          1.0,
          0.0,
          1.0,
          1.0,
          1.0
        ],
        "metrics": {
          "mae": 0.8214285714285714,
          "mape": 0.4375,
          "rmse": 1.1801936887041646,
          "smape": 1.119047619047619,
          "rmsse": 0.4945647691716895
        }
      }
    },
    "p75": {
      "raw": {
        "forecast": [
          3.0,
          2.0,
          2.0,
          2.0,
          2.0,
          3.0,
          2.0,
          2.0,
          2.0,
          2.0,
          2.0,
          2.0,
          2.0,
          2.0,
          2.0,
          1.0,
          2.0,
          1.0,
          2.0,
          2.0,
          2.0,
          2.0,
          2.0,
          2.0,
          1.0,
          2.0,
          2.0,
          2.0
        ],
        "metrics": {
          "mae": 1.3214285714285714,
          "mape": 0.6354166666666666,
          "rmse": 1.546886273407694,
          "smape": 1.1238095238095238,
          "rmsse": 0.6482287272547007
        }
      },
      "rounded": {
        "forecast": [
          3.0,
          2.0,
          2.0,
          2.0,
          2.0,
          3.0,
          2.0,
          2.0,
          2.0,
          2.0,
          2.0,
          2.0,
          2.0,
          2.0,
          2.0,
          1.0,
          2.0,
          1.0,
          2.0,
          2.0,
          2.0,
          2.0,
          2.0,
          2.0,
          1.0,
          2.0,
          2.0,
          2.0
        ],
        "metrics": {
          "mae": 1.3214285714285714,
          "mape": 0.6354166666666666,
          "rmse": 1.546886273407694,
          "smape": 1.1238095238095238,
          "rmsse": 0.6482287272547007
        }
      }
    }
  }
}