{
  "series_id": "HOUSEHOLD_2_145_WI_2_validation",
  "run": "run_20260526_021333_335192_001_subset34590_ctx84_h64_emb8_ep20_steps100",
  "horizon": [
    1,
    2,
    3,
    4,
    5,
    6,
    7,
    8,
    9,
    10,
    11,
    12,
    13,
    14,
    15,
    16,
    17,
    18,
    19,
    20,
    21,
    22,
    23,
    24,
    25,
    26,
    27,
    28
  ],
  "actuals": [
    2.0,
    0.0,
    1.0,
    0.0,
    2.0,
    1.0,
    1.0,
    0.0,
    1.0,
    1.0,
    0.0,
    2.0,
    2.0,
    3.0,
    2.0,
    0.0,
    0.0,
    0.0,
    3.0,
    1.0,
    0.0,
    1.0,
    1.0,
    0.0,
    1.0,
    2.0,
    0.0,
    1.0
  ],
  "modes": {
    "mean": {
      "raw": {
        "forecast": [
          0.88612705,
          0.8354166,
          0.84472245,
          0.8535768,
          0.8970085,
          0.98062325,
          0.9968853,
          0.9357942,
          0.8772973,
          0.8331299,
          0.8122268,
          0.9261939,
          1.042193,
          1.0969789,
          0.95029515,
          0.84591943,
          0.86672884,
          0.8801058,
          0.95140874,
          1.1457326,
          1.1075351,
          0.92230207,
          0.85493106,
          0.8558197,
          0.8794145,
          0.93696713,
          1.0926427,
          1.0941752
        ],
        "metrics": {
          "mae": 0.7303284129926136,
          "mape": 0.3082452118396759,
          "rmse": 0.90776945376347,
          "smape": 0.9783391569528316,
          "rmsse": 0.6910800419484084
        }
      },
      "rounded": {
        "forecast": [
          1.0,
          1.0,
          1.0,
          1.0,
          1.0,
          1.0,
          1.0,
          1.0,
          1.0,
          1.0,
          1.0,
          1.0,
          1.0,
          1.0,
          1.0,
          1.0,
          1.0,
          1.0,
          1.0,
          1.0,
          1.0,
          1.0,
          1.0,
          1.0,
          1.0,
          1.0,
          1.0,
          1.0
        ],
        "metrics": {
          "mae": 0.7142857142857143,
          "mape": 0.2407407407407407,
          "rmse": 0.9258200997725514,
          "smape": 0.9285714285714286,
          "rmsse": 0.704821902449921
        }
      }
    },
    "sample-mean": {
      "raw": {
        "forecast": [
          0.84,
          0.83,
          0.74,
          0.93,
          1.01,
          0.91,
          0.82,
          1.05,
          0.76,
          0.91,
          0.78,
          0.8,
          1.13,
          1.01,
          0.84,
          0.79,
          0.79,
          0.8,
          0.97,
          0.99,
          1.17,
          0.91,
          0.75,
          0.79,
          1.0,
          0.91,
          0.94,
          1.0
        ],
        "metrics": {
          "mae": 0.734642852629934,
          "mape": 0.3213888848269427,
          "rmse": 0.9143948004288208,
          "smape": 0.9934592917333648,
          "rmsse": 0.6961238830166786
        }
      },
      "rounded": {
        "forecast": [
          1.0,
          1.0,
          1.0,
          1.0,
          1.0,
          1.0,
          1.0,
          1.0,
          1.0,
          1.0,
          1.0,
          1.0,
          1.0,
          1.0,
          1.0,
          1.0,
          1.0,
          1.0,
          1.0,
          1.0,
          1.0,
          1.0,
          1.0,
          1.0,
          1.0,
          1.0,
          1.0,
          1.0
        ],
        "metrics": {
          "mae": 0.7142857142857143,
          "mape": 0.2407407407407407,
          "rmse": 0.9258200997725514,
          "smape": 0.9285714285714286,
          "rmsse": 0.704821902449921
        }
      }
    },
    "p25": {
      "raw": {
        "forecast": [
          0.0,
          0.0,
          0.0,
          0.0,
          0.0,
          0.0,
          0.0,
          0.0,
          0.0,
          0.0,
          0.0,
          0.0,
          0.0,
          0.0,
          0.0,
          0.0,
          0.0,
          0.0,
          0.0,
          0.0,
          0.0,
          0.0,
          0.0,
          0.0,
          0.0,
          0.0,
          0.0,
          0.0
        ],
        "metrics": {
          "mae": 1.0,
          "mape": 1.0,
          "rmse": 1.3627702877384935,
          "smape": 1.2857142857142858,
          "rmsse": 1.0374697492979927
        }
      },
      "rounded": {
        "forecast": [
          0.0,
          0.0,
          0.0,
          0.0,
          0.0,
          0.0,
          0.0,
          0.0,
          0.0,
          0.0,
          0.0,
          0.0,
          0.0,
          0.0,
          0.0,
          0.0,
          0.0,
          0.0,
          0.0,
          0.0,
          0.0,
          0.0,
          0.0,
          0.0,
          0.0,
          0.0,
          0.0,
          0.0
        ],
        "metrics": {
          "mae": 1.0,
          "mape": 1.0,
          "rmse": 1.3627702877384935,
          "smape": 1.2857142857142858,
          "rmsse": 1.0374697492979927
        }
      }
    },
    "p50": {
      "raw": {
        "forecast": [
          1.0,
          1.0,
          1.0,
          1.0,
          1.0,
          1.0,
          1.0,
          1.0,
          0.0,
          1.0,
          1.0,
          0.0,
          1.0,
          1.0,
          1.0,
          1.0,
          0.0,
          0.0,
          1.0,
          1.0,
          1.0,
          1.0,
          0.0,
          0.0,
          1.0,
          1.0,
          1.0,
          1.0
        ],
        "metrics": {
          "mae": 0.7142857142857143,
          "mape": 0.3796296296296296,
          "rmse": 0.9636241116594316,
          "smape": 0.9047619047619048,
          "rmsse": 0.733601895004518
        }
      },
      "rounded": {
        "forecast": [
          1.0,
          1.0,
          1.0,
          1.0,
          1.0,
          1.0,
          1.0,
          1.0,
          0.0,
          1.0,
          1.0,
          0.0,
          1.0,
          1.0,
          1.0,
          1.0,
          0.0,
          0.0,
          1.0,
          1.0,
          1.0,
          1.0,
          0.0,
          0.0,
          1.0,
          1.0,
          1.0,
          1.0
        ],
        "metrics": {
          "mae": 0.7142857142857143,
          "mape": 0.3796296296296296,
          "rmse": 0.9636241116594316,
          "smape": 0.9047619047619048,
          "rmsse": 0.733601895004518
        }
      }
    },
    "p75": {
      "raw": {
        "forecast": [
          1.0,
          1.0,
          1.0,
          1.0,
          1.0,
          1.0,
          1.0,
          2.0,
          1.0,
          1.0,
          1.0,
          1.0,
          2.0,
          2.0,
          1.0,
          1.0,
          1.0,
          1.0,
          1.25,
          2.0,
          2.0,
          2.0,
          1.0,
          1.0,
          1.0,
          1.25,
          1.0,
          2.0
        ],
        "metrics": {
          "mae": 0.8035714285714286,
          "mape": 0.349537037037037,
          "rmse": 0.9932809989409558,
          "smape": 0.941133376427494,
          "rmsse": 0.7561795250642261
        }
      },
      "rounded": {
        "forecast": [
          1.0,
          1.0,
          1.0,
          1.0,
          1.0,
          1.0,
          1.0,
          2.0,
          1.0,
          1.0,
          1.0,
          1.0,
          2.0,
          2.0,
          1.0,
          1.0,
          1.0,
          1.0,
          1.0,
          2.0,
          2.0,
          2.0,
          1.0,
          1.0,
          1.0,
          1.0,
          1.0,
          2.0
        ],
        "metrics": {
          "mae": 0.8214285714285714,
          "mape": 0.3611111111111111,
          "rmse": 1.0177004891982149,
          "smape": 0.9547619047619048,
          "rmsse": 0.7747699527123265
        }
      }
    }
  }
}