{
  "series_id": "HOUSEHOLD_1_023_TX_3_validation",
  "run": "run_20260526_021333_335192_001_subset34590_ctx84_h64_emb8_ep20_steps100",
  "horizon": [
    1,
    2,
    3,
    4,
    5,
    6,
    7,
    8,
    9,
    10,
    11,
    12,
    13,
    14,
    15,
    16,
    17,
    18,
    19,
    20,
    21,
    22,
    23,
    24,
    25,
    26,
    27,
    28
  ],
  "actuals": [
    1.0,
    0.0,
    0.0,
    1.0,
    1.0,
    1.0,
    0.0,
    1.0,
    2.0,
    0.0,
    0.0,
    0.0,
    0.0,
    0.0,
    0.0,
    1.0,
    0.0,
    0.0,
    1.0,
    1.0,
    1.0,
    0.0,
    0.0,
    0.0,
    1.0,
    1.0,
    0.0,
    0.0
  ],
  "modes": {
    "mean": {
      "raw": {
        "forecast": [
          0.959582,
          0.8160419,
          0.77853936,
          0.7741667,
          0.925721,
          1.003294,
          1.1638701,
          0.9229022,
          0.84364885,
          0.7894057,
          0.76000243,
          0.8901091,
          1.1276436,
          1.1075128,
          0.9878042,
          0.8296679,
          0.81694996,
          0.8389078,
          0.9476051,
          1.1212656,
          1.1942616,
          0.9257678,
          0.82428885,
          0.8086782,
          0.8080642,
          0.92389137,
          1.1266171,
          1.1778548
        ],
        "metrics": {
          "mae": 0.6186987672533307,
          "mape": 0.1504496907194455,
          "rmse": 0.7521386209647021,
          "smape": 1.217591433287337,
          "rmsse": 0.9320885171956144
        }
      },
      "rounded": {
        "forecast": [
          1.0,
          1.0,
          1.0,
          1.0,
          1.0,
          1.0,
          1.0,
          1.0,
          1.0,
          1.0,
          1.0,
          1.0,
          1.0,
          1.0,
          1.0,
          1.0,
          1.0,
          1.0,
          1.0,
          1.0,
          1.0,
          1.0,
          1.0,
          1.0,
          1.0,
          1.0,
          1.0,
          1.0
        ],
        "metrics": {
          "mae": 0.6071428571428571,
          "mape": 0.0416666666666666,
          "rmse": 0.7791937224739796,
          "smape": 1.1666666666666663,
          "rmsse": 0.965616578041652
        }
      }
    },
    "sample-mean": {
      "raw": {
        "forecast": [
          0.99,
          0.74,
          0.79,
          0.71,
          0.84,
          0.93,
          0.95,
          0.83,
          0.76,
          0.79,
          0.77,
          0.83,
          1.3,
          1.04,
          1.08,
          0.91,
          0.76,
          0.73,
          0.84,
          0.93,
          1.15,
          0.71,
          0.57,
          0.73,
          0.56,
          0.92,
          0.99,
          0.96
        ],
        "metrics": {
          "mae": 0.5953571413244519,
          "mape": 0.1925000001986821,
          "rmse": 0.7130042053459112,
          "smape": 1.2431317879661197,
          "rmsse": 0.883591154596882
        }
      },
      "rounded": {
        "forecast": [
          1.0,
          1.0,
          1.0,
          1.0,
          1.0,
          1.0,
          1.0,
          1.0,
          1.0,
          1.0,
          1.0,
          1.0,
          1.0,
          1.0,
          1.0,
          1.0,
          1.0,
          1.0,
          1.0,
          1.0,
          1.0,
          1.0,
          1.0,
          1.0,
          1.0,
          1.0,
          1.0,
          1.0
        ],
        "metrics": {
          "mae": 0.6071428571428571,
          "mape": 0.0416666666666666,
          "rmse": 0.7791937224739796,
          "smape": 1.1666666666666663,
          "rmsse": 0.965616578041652
        }
      }
    },
    "p25": {
      "raw": {
        "forecast": [
          0.0,
          0.0,
          0.0,
          0.0,
          0.0,
          0.0,
          0.0,
          0.0,
          0.0,
          0.0,
          0.0,
          0.0,
          0.0,
          0.0,
          0.0,
          0.0,
          0.0,
          0.0,
          0.0,
          0.0,
          0.0,
          0.0,
          0.0,
          0.0,
          0.0,
          0.0,
          0.0,
          0.0
        ],
        "metrics": {
          "mae": 0.4642857142857143,
          "mape": 1.0,
          "rmse": 0.7319250547113999,
          "smape": 0.8571428571428571,
          "rmsse": 0.9070388355663022
        }
      },
      "rounded": {
        "forecast": [
          0.0,
          0.0,
          0.0,
          0.0,
          0.0,
          0.0,
          0.0,
          0.0,
          0.0,
          0.0,
          0.0,
          0.0,
          0.0,
          0.0,
          0.0,
          0.0,
          0.0,
          0.0,
          0.0,
          0.0,
          0.0,
          0.0,
          0.0,
          0.0,
          0.0,
          0.0,
          0.0,
          0.0
        ],
        "metrics": {
          "mae": 0.4642857142857143,
          "mape": 1.0,
          "rmse": 0.7319250547113999,
          "smape": 0.8571428571428571,
          "rmsse": 0.9070388355663022
        }
      }
    },
    "p50": {
      "raw": {
        "forecast": [
          1.0,
          0.0,
          1.0,
          1.0,
          1.0,
          1.0,
          1.0,
          1.0,
          1.0,
          1.0,
          0.0,
          1.0,
          1.0,
          1.0,
          1.0,
          1.0,
          1.0,
          0.0,
          1.0,
          1.0,
          1.0,
          0.0,
          0.0,
          1.0,
          0.0,
          1.0,
          1.0,
          1.0
        ],
        "metrics": {
          "mae": 0.4642857142857143,
          "mape": 0.125,
          "rmse": 0.6813851438692469,
          "smape": 0.8809523809523808,
          "rmsse": 0.8444072019245672
        }
      },
      "rounded": {
        "forecast": [
          1.0,
          0.0,
          1.0,
          1.0,
          1.0,
          1.0,
          1.0,
          1.0,
          1.0,
          1.0,
          0.0,
          1.0,
          1.0,
          1.0,
          1.0,
          1.0,
          1.0,
          0.0,
          1.0,
          1.0,
          1.0,
          0.0,
          0.0,
          1.0,
          0.0,
          1.0,
          1.0,
          1.0
        ],
        "metrics": {
          "mae": 0.4642857142857143,
          "mape": 0.125,
          "rmse": 0.6813851438692469,
          "smape": 0.8809523809523808,
          "rmsse": 0.8444072019245672
        }
      }
    },
    "p75": {
      "raw": {
        "forecast": [
          2.0,
          1.0,
          1.0,
          1.0,
          1.0,
          2.0,
          1.0,
          1.0,
          1.0,
          1.0,
          1.0,
          1.0,
          2.0,
          1.25,
          2.0,
          1.0,
          1.0,
          1.0,
          1.0,
          2.0,
          2.0,
          1.0,
          1.0,
          1.0,
          1.0,
          1.25,
          1.25,
          1.0
        ],
        "metrics": {
          "mae": 0.8482142857142857,
          "mape": 0.3958333333333333,
          "rmse": 1.003342627705725,
          "smape": 1.2698412698412695,
          "rmsse": 1.243393326748567
        }
      },
      "rounded": {
        "forecast": [
          2.0,
          1.0,
          1.0,
          1.0,
          1.0,
          2.0,
          1.0,
          1.0,
          1.0,
          1.0,
          1.0,
          1.0,
          2.0,
          1.0,
          2.0,
          1.0,
          1.0,
          1.0,
          1.0,
          2.0,
          2.0,
          1.0,
          1.0,
          1.0,
          1.0,
          1.0,
          1.0,
          1.0
        ],
        "metrics": {
          "mae": 0.8214285714285714,
          "mape": 0.375,
          "rmse": 0.9819805060619656,
          "smape": 1.2619047619047616,
          "rmsse": 1.2169202967351034
        }
      }
    }
  }
}