{
  "series_id": "HOUSEHOLD_2_266_CA_3_validation",
  "run": "run_20260526_021333_335192_001_subset34590_ctx84_h64_emb8_ep20_steps100",
  "horizon": [
    1,
    2,
    3,
    4,
    5,
    6,
    7,
    8,
    9,
    10,
    11,
    12,
    13,
    14,
    15,
    16,
    17,
    18,
    19,
    20,
    21,
    22,
    23,
    24,
    25,
    26,
    27,
    28
  ],
  "actuals": [
    1.0,
    1.0,
    0.0,
    2.0,
    2.0,
    2.0,
    0.0,
    1.0,
    0.0,
    0.0,
    1.0,
    3.0,
    0.0,
    3.0,
    2.0,
    0.0,
    0.0,
    1.0,
    0.0,
    0.0,
    0.0,
    0.0,
    0.0,
    1.0,
    0.0,
    2.0,
    5.0,
    1.0
  ],
  "modes": {
    "mean": {
      "raw": {
        "forecast": [
          0.90623313,
          0.83945006,
          0.82890886,
          0.8430756,
          0.97000074,
          1.0361893,
          1.1426216,
          0.99679154,
          0.898736,
          0.8883764,
          0.8546059,
          0.9558521,
          1.1116772,
          1.1498747,
          0.9685091,
          0.8981861,
          0.839408,
          0.8585126,
          0.9427089,
          1.163093,
          1.1624296,
          0.94490814,
          0.8660638,
          0.8543983,
          0.86568993,
          0.98557633,
          1.1476413,
          1.2099725
        ],
        "metrics": {
          "mae": 0.942716760294778,
          "mape": 0.3711245502365959,
          "rmse": 1.20009490277162,
          "smape": 1.200982895775301,
          "rmsse": 0.9343910945210588
        }
      },
      "rounded": {
        "forecast": [
          1.0,
          1.0,
          1.0,
          1.0,
          1.0,
          1.0,
          1.0,
          1.0,
          1.0,
          1.0,
          1.0,
          1.0,
          1.0,
          1.0,
          1.0,
          1.0,
          1.0,
          1.0,
          1.0,
          1.0,
          1.0,
          1.0,
          1.0,
          1.0,
          1.0,
          1.0,
          1.0,
          1.0
        ],
        "metrics": {
          "mae": 0.9285714285714286,
          "mape": 0.3088888888888889,
          "rmse": 1.224744871391589,
          "smape": 1.1666666666666663,
          "rmsse": 0.9535835026427236
        }
      }
    },
    "sample-mean": {
      "raw": {
        "forecast": [
          1.03,
          0.87,
          0.76,
          0.71,
          0.82,
          0.95,
          0.97,
          0.98,
          0.79,
          0.89,
          0.51,
          0.81,
          1.28,
          1.09,
          0.76,
          0.87,
          0.89,
          0.82,
          0.85,
          1.05,
          0.91,
          0.88,
          0.76,
          0.79,
          0.67,
          1.01,
          1.07,
          1.07
        ],
        "metrics": {
          "mae": 0.9457142842667444,
          "mape": 0.4105111112859513,
          "rmse": 1.2171629709926872,
          "smape": 1.241910378024316,
          "rmsse": 0.947680252661478
        }
      },
      "rounded": {
        "forecast": [
          1.0,
          1.0,
          1.0,
          1.0,
          1.0,
          1.0,
          1.0,
          1.0,
          1.0,
          1.0,
          1.0,
          1.0,
          1.0,
          1.0,
          1.0,
          1.0,
          1.0,
          1.0,
          1.0,
          1.0,
          1.0,
          1.0,
          1.0,
          1.0,
          1.0,
          1.0,
          1.0,
          1.0
        ],
        "metrics": {
          "mae": 0.9285714285714286,
          "mape": 0.3088888888888889,
          "rmse": 1.224744871391589,
          "smape": 1.1666666666666663,
          "rmsse": 0.9535835026427236
        }
      }
    },
    "p25": {
      "raw": {
        "forecast": [
          0.0,
          0.0,
          0.0,
          0.0,
          0.0,
          0.0,
          0.0,
          0.0,
          0.0,
          0.0,
          0.0,
          0.0,
          0.0,
          0.0,
          0.0,
          0.0,
          0.0,
          0.0,
          0.0,
          0.0,
          0.0,
          0.0,
          0.0,
          0.0,
          0.0,
          0.0,
          0.0,
          0.0
        ],
        "metrics": {
          "mae": 1.0,
          "mape": 1.0,
          "rmse": 1.5811388300841898,
          "smape": 1.0714285714285714,
          "rmsse": 1.2310710083178016
        }
      },
      "rounded": {
        "forecast": [
          0.0,
          0.0,
          0.0,
          0.0,
          0.0,
          0.0,
          0.0,
          0.0,
          0.0,
          0.0,
          0.0,
          0.0,
          0.0,
          0.0,
          0.0,
          0.0,
          0.0,
          0.0,
          0.0,
          0.0,
          0.0,
          0.0,
          0.0,
          0.0,
          0.0,
          0.0,
          0.0,
          0.0
        ],
        "metrics": {
          "mae": 1.0,
          "mape": 1.0,
          "rmse": 1.5811388300841898,
          "smape": 1.0714285714285714,
          "rmsse": 1.2310710083178016
        }
      }
    },
    "p50": {
      "raw": {
        "forecast": [
          1.0,
          1.0,
          0.0,
          0.0,
          1.0,
          1.0,
          1.0,
          1.0,
          1.0,
          1.0,
          0.0,
          1.0,
          1.0,
          1.0,
          1.0,
          1.0,
          1.0,
          0.0,
          1.0,
          1.0,
          1.0,
          0.5,
          0.0,
          0.0,
          0.0,
          1.0,
          1.0,
          1.0
        ],
        "metrics": {
          "mae": 0.9464285714285714,
          "mape": 0.5422222222222222,
          "rmse": 1.2571225647712887,
          "smape": 1.2142857142857142,
          "rmsse": 0.978792699253137
        }
      },
      "rounded": {
        "forecast": [
          1.0,
          1.0,
          0.0,
          0.0,
          1.0,
          1.0,
          1.0,
          1.0,
          1.0,
          1.0,
          0.0,
          1.0,
          1.0,
          1.0,
          1.0,
          1.0,
          1.0,
          0.0,
          1.0,
          1.0,
          1.0,
          0.0,
          0.0,
          0.0,
          0.0,
          1.0,
          1.0,
          1.0
        ],
        "metrics": {
          "mae": 0.9285714285714286,
          "mape": 0.5422222222222222,
          "rmse": 1.2535663410560174,
          "smape": 1.1428571428571428,
          "rmsse": 0.9760238317560752
        }
      }
    },
    "p75": {
      "raw": {
        "forecast": [
          1.0,
          1.0,
          1.0,
          1.0,
          1.0,
          2.0,
          2.0,
          2.0,
          1.0,
          1.0,
          1.0,
          1.0,
          2.0,
          2.0,
          1.0,
          1.0,
          1.0,
          1.0,
          1.0,
          2.0,
          1.25,
          1.0,
          1.0,
          1.0,
          1.0,
          1.0,
          2.0,
          2.0
        ],
        "metrics": {
          "mae": 1.0089285714285714,
          "mape": 0.3733333333333333,
          "rmse": 1.2329190102007048,
          "smape": 1.1520408163265303,
          "rmsse": 0.959947868069972
        }
      },
      "rounded": {
        "forecast": [
          1.0,
          1.0,
          1.0,
          1.0,
          1.0,
          2.0,
          2.0,
          2.0,
          1.0,
          1.0,
          1.0,
          1.0,
          2.0,
          2.0,
          1.0,
          1.0,
          1.0,
          1.0,
          1.0,
          2.0,
          1.0,
          1.0,
          1.0,
          1.0,
          1.0,
          1.0,
          2.0,
          2.0
        ],
        "metrics": {
          "mae": 1.0,
          "mape": 0.3733333333333333,
          "rmse": 1.224744871391589,
          "smape": 1.1520408163265303,
          "rmsse": 0.9535835026427236
        }
      }
    }
  }
}