{
  "series_id": "HOUSEHOLD_1_386_WI_1_validation",
  "run": "run_20260526_021333_335192_001_subset34590_ctx84_h64_emb8_ep20_steps100",
  "horizon": [
    1,
    2,
    3,
    4,
    5,
    6,
    7,
    8,
    9,
    10,
    11,
    12,
    13,
    14,
    15,
    16,
    17,
    18,
    19,
    20,
    21,
    22,
    23,
    24,
    25,
    26,
    27,
    28
  ],
  "actuals": [
    2.0,
    0.0,
    2.0,
    2.0,
    2.0,
    2.0,
    1.0,
    1.0,
    0.0,
    2.0,
    1.0,
    1.0,
    4.0,
    1.0,
    3.0,
    1.0,
    1.0,
    0.0,
    0.0,
    4.0,
    0.0,
    1.0,
    4.0,
    0.0,
    0.0,
    2.0,
    0.0,
    4.0
  ],
  "modes": {
    "mean": {
      "raw": {
        "forecast": [
          1.3968097,
          1.2261575,
          1.2355229,
          1.2800894,
          1.6101962,
          1.8721576,
          1.6127037,
          1.4869033,
          1.2869531,
          1.2379754,
          1.2589533,
          1.5416142,
          1.8449075,
          1.7546573,
          1.4796326,
          1.2606003,
          1.2809464,
          1.3391258,
          1.538765,
          2.0787768,
          1.9232767,
          1.4500184,
          1.2632481,
          1.2748433,
          1.3361647,
          1.7092826,
          1.9931407,
          1.8598578
        ],
        "metrics": {
          "mae": 1.0605845366205489,
          "mape": 0.4110235785444577,
          "rmse": 1.2721152821162958,
          "smape": 0.8893934499247488,
          "rmsse": 3.644118184237101
        }
      },
      "rounded": {
        "forecast": [
          1.0,
          1.0,
          1.0,
          1.0,
          2.0,
          2.0,
          2.0,
          1.0,
          1.0,
          1.0,
          1.0,
          2.0,
          2.0,
          2.0,
          1.0,
          1.0,
          1.0,
          1.0,
          2.0,
          2.0,
          2.0,
          1.0,
          1.0,
          1.0,
          1.0,
          2.0,
          2.0,
          2.0
        ],
        "metrics": {
          "mae": 1.0357142857142858,
          "mape": 0.3958333333333333,
          "rmse": 1.3228756555322954,
          "smape": 0.8880952380952379,
          "rmsse": 3.7895270181724823
        }
      }
    },
    "sample-mean": {
      "raw": {
        "forecast": [
          1.44,
          1.37,
          1.14,
          1.26,
          1.72,
          1.95,
          1.76,
          1.44,
          1.56,
          1.39,
          1.18,
          1.56,
          1.9,
          1.51,
          1.79,
          1.17,
          1.06,
          1.22,
          1.93,
          1.93,
          1.98,
          1.02,
          1.34,
          1.19,
          1.3,
          1.51,
          1.89,
          1.36
        ],
        "metrics": {
          "mae": 1.0503571331501007,
          "mape": 0.3632916559775671,
          "rmse": 1.3097259772511975,
          "smape": 0.8640701749349213,
          "rmsse": 3.7518582766561495
        }
      },
      "rounded": {
        "forecast": [
          1.0,
          1.0,
          1.0,
          1.0,
          2.0,
          2.0,
          2.0,
          1.0,
          2.0,
          1.0,
          1.0,
          2.0,
          2.0,
          2.0,
          2.0,
          1.0,
          1.0,
          1.0,
          2.0,
          2.0,
          2.0,
          1.0,
          1.0,
          1.0,
          1.0,
          2.0,
          2.0,
          1.0
        ],
        "metrics": {
          "mae": 1.0714285714285714,
          "mape": 0.3916666666666666,
          "rmse": 1.3887301496588271,
          "smape": 0.8857142857142856,
          "rmsse": 3.978174669005665
        }
      }
    },
    "p25": {
      "raw": {
        "forecast": [
          1.0,
          0.0,
          0.0,
          0.0,
          1.0,
          1.0,
          0.0,
          1.0,
          1.0,
          1.0,
          0.0,
          1.0,
          1.0,
          0.0,
          1.0,
          0.0,
          0.0,
          0.0,
          1.0,
          1.0,
          1.0,
          0.0,
          0.0,
          0.0,
          0.0,
          0.0,
          1.0,
          0.0
        ],
        "metrics": {
          "mae": 1.2857142857142858,
          "mape": 0.7583333333333333,
          "rmse": 1.6903085094570331,
          "smape": 1.288095238095238,
          "rmsse": 4.842080008689001
        }
      },
      "rounded": {
        "forecast": [
          1.0,
          0.0,
          0.0,
          0.0,
          1.0,
          1.0,
          0.0,
          1.0,
          1.0,
          1.0,
          0.0,
          1.0,
          1.0,
          0.0,
          1.0,
          0.0,
          0.0,
          0.0,
          1.0,
          1.0,
          1.0,
          0.0,
          0.0,
          0.0,
          0.0,
          0.0,
          1.0,
          0.0
        ],
        "metrics": {
          "mae": 1.2857142857142858,
          "mape": 0.7583333333333333,
          "rmse": 1.6903085094570331,
          "smape": 1.288095238095238,
          "rmsse": 4.842080008689001
        }
      }
    },
    "p50": {
      "raw": {
        "forecast": [
          1.0,
          1.0,
          1.0,
          1.0,
          1.0,
          2.0,
          1.5,
          1.0,
          1.0,
          1.0,
          1.0,
          1.0,
          2.0,
          1.0,
          1.0,
          1.0,
          1.0,
          1.0,
          2.0,
          2.0,
          2.0,
          1.0,
          1.0,
          1.0,
          1.0,
          1.0,
          2.0,
          1.0
        ],
        "metrics": {
          "mae": 1.0535714285714286,
          "mape": 0.3333333333333333,
          "rmse": 1.379052469736273,
          "smape": 0.8976190476190476,
          "rmsse": 3.9504518596952254
        }
      },
      "rounded": {
        "forecast": [
          1.0,
          1.0,
          1.0,
          1.0,
          1.0,
          2.0,
          2.0,
          1.0,
          1.0,
          1.0,
          1.0,
          1.0,
          2.0,
          1.0,
          1.0,
          1.0,
          1.0,
          1.0,
          2.0,
          2.0,
          2.0,
          1.0,
          1.0,
          1.0,
          1.0,
          1.0,
          2.0,
          1.0
        ],
        "metrics": {
          "mae": 1.0714285714285714,
          "mape": 0.3583333333333333,
          "rmse": 1.3887301496588271,
          "smape": 0.9071428571428573,
          "rmsse": 3.978174669005665
        }
      }
    },
    "p75": {
      "raw": {
        "forecast": [
          2.0,
          2.0,
          2.0,
          2.0,
          2.0,
          3.0,
          3.0,
          2.0,
          2.0,
          2.0,
          2.0,
          2.0,
          3.0,
          2.0,
          3.0,
          2.0,
          1.25,
          2.0,
          3.0,
          3.0,
          3.0,
          2.0,
          2.0,
          2.0,
          2.0,
          2.0,
          3.0,
          2.0
        ],
        "metrics": {
          "mae": 1.2232142857142858,
          "mape": 0.5125,
          "rmse": 1.5591034511630624,
          "smape": 0.8402494331065761,
          "rmsse": 4.4662282714175685
        }
      },
      "rounded": {
        "forecast": [
          2.0,
          2.0,
          2.0,
          2.0,
          2.0,
          3.0,
          3.0,
          2.0,
          2.0,
          2.0,
          2.0,
          2.0,
          3.0,
          2.0,
          3.0,
          2.0,
          1.0,
          2.0,
          3.0,
          3.0,
          3.0,
          2.0,
          2.0,
          2.0,
          2.0,
          2.0,
          3.0,
          2.0
        ],
        "metrics": {
          "mae": 1.2142857142857142,
          "mape": 0.5,
          "rmse": 1.558387444947959,
          "smape": 0.8323129251700682,
          "rmsse": 4.464177190587737
        }
      }
    }
  }
}