{
  "series_id": "HOUSEHOLD_2_454_TX_2_validation",
  "run": "run_20260526_021333_335192_001_subset34590_ctx84_h64_emb8_ep20_steps100",
  "horizon": [
    1,
    2,
    3,
    4,
    5,
    6,
    7,
    8,
    9,
    10,
    11,
    12,
    13,
    14,
    15,
    16,
    17,
    18,
    19,
    20,
    21,
    22,
    23,
    24,
    25,
    26,
    27,
    28
  ],
  "actuals": [
    0.0,
    0.0,
    0.0,
    0.0,
    0.0,
    1.0,
    1.0,
    0.0,
    1.0,
    0.0,
    1.0,
    0.0,
    1.0,
    0.0,
    2.0,
    0.0,
    0.0,
    0.0,
    0.0,
    0.0,
    0.0,
    1.0,
    0.0,
    0.0,
    0.0,
    0.0,
    0.0,
    0.0
  ],
  "modes": {
    "mean": {
      "raw": {
        "forecast": [
          0.5115758,
          0.4562502,
          0.45997494,
          0.47953767,
          0.53682876,
          0.5917751,
          0.6988107,
          0.545911,
          0.5371349,
          0.51230115,
          0.49658927,
          0.5891425,
          0.71777517,
          0.64012545,
          0.6138841,
          0.5304127,
          0.5352972,
          0.54929,
          0.6195688,
          0.7084498,
          0.737829,
          0.57139194,
          0.5275751,
          0.523302,
          0.5347879,
          0.5844887,
          0.71925336,
          0.7618855
        ],
        "metrics": {
          "mae": 0.5655866573963847,
          "mape": 0.4399401247501373,
          "rmse": 0.5977330502883087,
          "smape": 1.645613606794118,
          "rmsse": 0.86499943745502
        }
      },
      "rounded": {
        "forecast": [
          1.0,
          0.0,
          0.0,
          0.0,
          1.0,
          1.0,
          1.0,
          1.0,
          1.0,
          1.0,
          0.0,
          1.0,
          1.0,
          1.0,
          1.0,
          1.0,
          1.0,
          1.0,
          1.0,
          1.0,
          1.0,
          1.0,
          1.0,
          1.0,
          1.0,
          1.0,
          1.0,
          1.0
        ],
        "metrics": {
          "mae": 0.7142857142857143,
          "mape": 0.2142857142857142,
          "rmse": 0.8451542547285166,
          "smape": 1.380952380952381,
          "rmsse": 1.2230509163752403
        }
      }
    },
    "sample-mean": {
      "raw": {
        "forecast": [
          0.38,
          0.42,
          0.46,
          0.4,
          0.37,
          0.54,
          0.57,
          0.42,
          0.58,
          0.36,
          0.35,
          0.56,
          0.59,
          0.52,
          0.49,
          0.35,
          0.44,
          0.39,
          0.49,
          0.53,
          0.56,
          0.49,
          0.48,
          0.35,
          0.48,
          0.55,
          0.33,
          0.52
        ],
        "metrics": {
          "mae": 0.4910714264426912,
          "mape": 0.5192857171807971,
          "rmse": 0.5342183848533488,
          "smape": 1.6804614390114838,
          "rmsse": 0.773085246253974
        }
      },
      "rounded": {
        "forecast": [
          0.0,
          0.0,
          0.0,
          0.0,
          0.0,
          1.0,
          1.0,
          0.0,
          1.0,
          0.0,
          0.0,
          1.0,
          1.0,
          1.0,
          0.0,
          0.0,
          0.0,
          0.0,
          0.0,
          1.0,
          1.0,
          0.0,
          0.0,
          0.0,
          0.0,
          1.0,
          0.0,
          1.0
        ],
        "metrics": {
          "mae": 0.3571428571428571,
          "mape": 0.4285714285714285,
          "rmse": 0.6546536707079771,
          "smape": 0.6428571428571429,
          "rmsse": 0.9473711661370052
        }
      }
    },
    "p25": {
      "raw": {
        "forecast": [
          0.0,
          0.0,
          0.0,
          0.0,
          0.0,
          0.0,
          0.0,
          0.0,
          0.0,
          0.0,
          0.0,
          0.0,
          0.0,
          0.0,
          0.0,
          0.0,
          0.0,
          0.0,
          0.0,
          0.0,
          0.0,
          0.0,
          0.0,
          0.0,
          0.0,
          0.0,
          0.0,
          0.0
        ],
        "metrics": {
          "mae": 0.2857142857142857,
          "mape": 1.0,
          "rmse": 0.5976143046671968,
          "smape": 0.5,
          "rmsse": 0.8648275967053535
        }
      },
      "rounded": {
        "forecast": [
          0.0,
          0.0,
          0.0,
          0.0,
          0.0,
          0.0,
          0.0,
          0.0,
          0.0,
          0.0,
          0.0,
          0.0,
          0.0,
          0.0,
          0.0,
          0.0,
          0.0,
          0.0,
          0.0,
          0.0,
          0.0,
          0.0,
          0.0,
          0.0,
          0.0,
          0.0,
          0.0,
          0.0
        ],
        "metrics": {
          "mae": 0.2857142857142857,
          "mape": 1.0,
          "rmse": 0.5976143046671968,
          "smape": 0.5,
          "rmsse": 0.8648275967053535
        }
      }
    },
    "p50": {
      "raw": {
        "forecast": [
          0.0,
          0.0,
          0.0,
          0.0,
          0.0,
          0.0,
          0.0,
          0.0,
          0.0,
          0.0,
          0.0,
          0.0,
          0.0,
          0.0,
          0.0,
          0.0,
          0.0,
          0.0,
          0.0,
          0.0,
          0.0,
          0.0,
          0.0,
          0.0,
          0.0,
          0.0,
          0.0,
          0.0
        ],
        "metrics": {
          "mae": 0.2857142857142857,
          "mape": 1.0,
          "rmse": 0.5976143046671968,
          "smape": 0.5,
          "rmsse": 0.8648275967053535
        }
      },
      "rounded": {
        "forecast": [
          0.0,
          0.0,
          0.0,
          0.0,
          0.0,
          0.0,
          0.0,
          0.0,
          0.0,
          0.0,
          0.0,
          0.0,
          0.0,
          0.0,
          0.0,
          0.0,
          0.0,
          0.0,
          0.0,
          0.0,
          0.0,
          0.0,
          0.0,
          0.0,
          0.0,
          0.0,
          0.0,
          0.0
        ],
        "metrics": {
          "mae": 0.2857142857142857,
          "mape": 1.0,
          "rmse": 0.5976143046671968,
          "smape": 0.5,
          "rmsse": 0.8648275967053535
        }
      }
    },
    "p75": {
      "raw": {
        "forecast": [
          1.0,
          1.0,
          1.0,
          1.0,
          1.0,
          1.0,
          1.0,
          1.0,
          1.0,
          1.0,
          1.0,
          1.0,
          1.0,
          1.0,
          1.0,
          0.25,
          1.0,
          1.0,
          1.0,
          1.0,
          1.0,
          1.0,
          1.0,
          1.0,
          1.0,
          1.0,
          1.0,
          1.0
        ],
        "metrics": {
          "mae": 0.7589285714285714,
          "mape": 0.0714285714285714,
          "rmse": 0.8673131746129208,
          "smape": 1.5238095238095235,
          "rmsse": 1.255117828561835
        }
      },
      "rounded": {
        "forecast": [
          1.0,
          1.0,
          1.0,
          1.0,
          1.0,
          1.0,
          1.0,
          1.0,
          1.0,
          1.0,
          1.0,
          1.0,
          1.0,
          1.0,
          1.0,
          0.0,
          1.0,
          1.0,
          1.0,
          1.0,
          1.0,
          1.0,
          1.0,
          1.0,
          1.0,
          1.0,
          1.0,
          1.0
        ],
        "metrics": {
          "mae": 0.75,
          "mape": 0.0714285714285714,
          "rmse": 0.8660254037844386,
          "smape": 1.4523809523809523,
          "rmsse": 1.2532542524358856
        }
      }
    }
  }
}