{
  "series_id": "HOUSEHOLD_2_472_CA_1_validation",
  "run": "run_20260526_021333_335192_001_subset34590_ctx84_h64_emb8_ep20_steps100",
  "horizon": [
    1,
    2,
    3,
    4,
    5,
    6,
    7,
    8,
    9,
    10,
    11,
    12,
    13,
    14,
    15,
    16,
    17,
    18,
    19,
    20,
    21,
    22,
    23,
    24,
    25,
    26,
    27,
    28
  ],
  "actuals": [
    0.0,
    0.0,
    1.0,
    0.0,
    1.0,
    2.0,
    1.0,
    0.0,
    0.0,
    0.0,
    1.0,
    0.0,
    1.0,
    0.0,
    0.0,
    0.0,
    0.0,
    0.0,
    0.0,
    1.0,
    1.0,
    1.0,
    0.0,
    0.0,
    1.0,
    0.0,
    0.0,
    0.0
  ],
  "modes": {
    "mean": {
      "raw": {
        "forecast": [
          0.32692745,
          0.29405227,
          0.29258323,
          0.30809918,
          0.38969174,
          0.44598565,
          0.49517736,
          0.39530566,
          0.34764737,
          0.33645257,
          0.31945926,
          0.39609244,
          0.5078954,
          0.4978938,
          0.3996703,
          0.35014695,
          0.32464492,
          0.33365035,
          0.3916462,
          0.5090834,
          0.48794797,
          0.37724963,
          0.33077842,
          0.3257312,
          0.33708602,
          0.40761736,
          0.524125,
          0.5348046
        ],
        "metrics": {
          "mae": 0.4879687992589814,
          "mape": 0.6060833171010017,
          "rmse": 0.5430309294542078,
          "smape": 1.6013534731187384,
          "rmsse": 0.5755575199037083
        }
      },
      "rounded": {
        "forecast": [
          0.0,
          0.0,
          0.0,
          0.0,
          0.0,
          0.0,
          0.0,
          0.0,
          0.0,
          0.0,
          0.0,
          0.0,
          1.0,
          0.0,
          0.0,
          0.0,
          0.0,
          0.0,
          0.0,
          1.0,
          0.0,
          0.0,
          0.0,
          0.0,
          0.0,
          0.0,
          1.0,
          1.0
        ],
        "metrics": {
          "mae": 0.3928571428571428,
          "mape": 0.8,
          "rmse": 0.6813851438692469,
          "smape": 0.7142857142857143,
          "rmsse": 0.7221989066051648
        }
      }
    },
    "sample-mean": {
      "raw": {
        "forecast": [
          0.35,
          0.14,
          0.29,
          0.21,
          0.33,
          0.33,
          0.36,
          0.34,
          0.38,
          0.25,
          0.26,
          0.37,
          0.4,
          0.38,
          0.32,
          0.23,
          0.29,
          0.37,
          0.33,
          0.34,
          0.26,
          0.38,
          0.27,
          0.24,
          0.38,
          0.31,
          0.34,
          0.35
        ],
        "metrics": {
          "mae": 0.4692857137748173,
          "mape": 0.6834999993443489,
          "rmse": 0.5526236112512256,
          "smape": 1.6596954331007523,
          "rmsse": 0.5857247863425947
        }
      },
      "rounded": {
        "forecast": [
          0.0,
          0.0,
          0.0,
          0.0,
          0.0,
          0.0,
          0.0,
          0.0,
          0.0,
          0.0,
          0.0,
          0.0,
          0.0,
          0.0,
          0.0,
          0.0,
          0.0,
          0.0,
          0.0,
          0.0,
          0.0,
          0.0,
          0.0,
          0.0,
          0.0,
          0.0,
          0.0,
          0.0
        ],
        "metrics": {
          "mae": 0.3928571428571428,
          "mape": 1.0,
          "rmse": 0.6813851438692469,
          "smape": 0.7142857142857143,
          "rmsse": 0.7221989066051648
        }
      }
    },
    "p25": {
      "raw": {
        "forecast": [
          0.0,
          0.0,
          0.0,
          0.0,
          0.0,
          0.0,
          0.0,
          0.0,
          0.0,
          0.0,
          0.0,
          0.0,
          0.0,
          0.0,
          0.0,
          0.0,
          0.0,
          0.0,
          0.0,
          0.0,
          0.0,
          0.0,
          0.0,
          0.0,
          0.0,
          0.0,
          0.0,
          0.0
        ],
        "metrics": {
          "mae": 0.3928571428571428,
          "mape": 1.0,
          "rmse": 0.6813851438692469,
          "smape": 0.7142857142857143,
          "rmsse": 0.7221989066051648
        }
      },
      "rounded": {
        "forecast": [
          0.0,
          0.0,
          0.0,
          0.0,
          0.0,
          0.0,
          0.0,
          0.0,
          0.0,
          0.0,
          0.0,
          0.0,
          0.0,
          0.0,
          0.0,
          0.0,
          0.0,
          0.0,
          0.0,
          0.0,
          0.0,
          0.0,
          0.0,
          0.0,
          0.0,
          0.0,
          0.0,
          0.0
        ],
        "metrics": {
          "mae": 0.3928571428571428,
          "mape": 1.0,
          "rmse": 0.6813851438692469,
          "smape": 0.7142857142857143,
          "rmsse": 0.7221989066051648
        }
      }
    },
    "p50": {
      "raw": {
        "forecast": [
          0.0,
          0.0,
          0.0,
          0.0,
          0.0,
          0.0,
          0.0,
          0.0,
          0.0,
          0.0,
          0.0,
          0.0,
          0.0,
          0.0,
          0.0,
          0.0,
          0.0,
          0.0,
          0.0,
          0.0,
          0.0,
          0.0,
          0.0,
          0.0,
          0.0,
          0.0,
          0.0,
          0.0
        ],
        "metrics": {
          "mae": 0.3928571428571428,
          "mape": 1.0,
          "rmse": 0.6813851438692469,
          "smape": 0.7142857142857143,
          "rmsse": 0.7221989066051648
        }
      },
      "rounded": {
        "forecast": [
          0.0,
          0.0,
          0.0,
          0.0,
          0.0,
          0.0,
          0.0,
          0.0,
          0.0,
          0.0,
          0.0,
          0.0,
          0.0,
          0.0,
          0.0,
          0.0,
          0.0,
          0.0,
          0.0,
          0.0,
          0.0,
          0.0,
          0.0,
          0.0,
          0.0,
          0.0,
          0.0,
          0.0
        ],
        "metrics": {
          "mae": 0.3928571428571428,
          "mape": 1.0,
          "rmse": 0.6813851438692469,
          "smape": 0.7142857142857143,
          "rmsse": 0.7221989066051648
        }
      }
    },
    "p75": {
      "raw": {
        "forecast": [
          1.0,
          0.0,
          0.0,
          0.0,
          0.25,
          0.25,
          1.0,
          1.0,
          1.0,
          0.0,
          0.0,
          1.0,
          1.0,
          1.0,
          0.0,
          0.0,
          0.25,
          1.0,
          1.0,
          1.0,
          0.0,
          1.0,
          0.0,
          0.0,
          1.0,
          1.0,
          1.0,
          1.0
        ],
        "metrics": {
          "mae": 0.5625,
          "mape": 0.4625,
          "rmse": 0.7719987971863317,
          "smape": 1.0984126984126985,
          "rmsse": 0.8182401571928879
        }
      },
      "rounded": {
        "forecast": [
          1.0,
          0.0,
          0.0,
          0.0,
          0.0,
          0.0,
          1.0,
          1.0,
          1.0,
          0.0,
          0.0,
          1.0,
          1.0,
          1.0,
          0.0,
          0.0,
          0.0,
          1.0,
          1.0,
          1.0,
          0.0,
          1.0,
          0.0,
          0.0,
          1.0,
          1.0,
          1.0,
          1.0
        ],
        "metrics": {
          "mae": 0.5714285714285714,
          "mape": 0.5,
          "rmse": 0.8017837257372732,
          "smape": 1.0714285714285714,
          "rmsse": 0.8498091501865636
        }
      }
    }
  }
}