{
  "series_id": "HOUSEHOLD_1_202_TX_1_validation",
  "run": "run_20260526_021333_335192_001_subset34590_ctx84_h64_emb8_ep20_steps100",
  "horizon": [
    1,
    2,
    3,
    4,
    5,
    6,
    7,
    8,
    9,
    10,
    11,
    12,
    13,
    14,
    15,
    16,
    17,
    18,
    19,
    20,
    21,
    22,
    23,
    24,
    25,
    26,
    27,
    28
  ],
  "actuals": [
    3.0,
    6.0,
    3.0,
    2.0,
    3.0,
    5.0,
    3.0,
    3.0,
    3.0,
    1.0,
    0.0,
    6.0,
    2.0,
    3.0,
    2.0,
    1.0,
    5.0,
    0.0,
    3.0,
    6.0,
    5.0,
    2.0,
    1.0,
    4.0,
    3.0,
    3.0,
    8.0,
    9.0
  ],
  "modes": {
    "mean": {
      "raw": {
        "forecast": [
          2.7752306,
          2.633095,
          2.7613306,
          2.9648292,
          3.512899,
          4.5261097,
          4.155805,
          3.1942115,
          3.040738,
          2.9410388,
          2.842417,
          3.7297893,
          4.446472,
          4.252569,
          3.425863,
          2.9768858,
          3.0491168,
          3.2939777,
          3.9466932,
          4.500613,
          4.7185903,
          3.3287306,
          3.008484,
          3.0314887,
          3.1814435,
          3.7448912,
          4.909974,
          4.414322
        ],
        "metrics": {
          "mae": 1.5074388810566492,
          "mape": 0.5272618101702796,
          "rmse": 1.894685428102872,
          "smape": 0.5135910862142194,
          "rmsse": 0.8353988572293289
        }
      },
      "rounded": {
        "forecast": [
          3.0,
          3.0,
          3.0,
          3.0,
          4.0,
          5.0,
          4.0,
          3.0,
          3.0,
          3.0,
          3.0,
          4.0,
          4.0,
          4.0,
          3.0,
          3.0,
          3.0,
          3.0,
          4.0,
          5.0,
          5.0,
          3.0,
          3.0,
          3.0,
          3.0,
          4.0,
          5.0,
          4.0
        ],
        "metrics": {
          "mae": 1.3928571428571428,
          "mape": 0.4902777777777777,
          "rmse": 1.8419709940325184,
          "smape": 0.4842930878645164,
          "rmsse": 0.8121561714891642
        }
      }
    },
    "sample-mean": {
      "raw": {
        "forecast": [
          2.7,
          2.4,
          2.59,
          2.79,
          3.19,
          4.41,
          3.93,
          3.11,
          2.79,
          2.9,
          2.54,
          3.3,
          4.36,
          4.14,
          3.3,
          2.55,
          2.98,
          2.92,
          3.51,
          4.24,
          4.29,
          2.87,
          2.75,
          2.29,
          3.09,
          3.26,
          4.07,
          4.16
        ],
        "metrics": {
          "mae": 1.4996428659984045,
          "mape": 0.4887382492550418,
          "rmse": 1.94219225684319,
          "smape": 0.5170085105200942,
          "rmsse": 0.856345421683561
        }
      },
      "rounded": {
        "forecast": [
          3.0,
          2.0,
          3.0,
          3.0,
          3.0,
          4.0,
          4.0,
          3.0,
          3.0,
          3.0,
          3.0,
          3.0,
          4.0,
          4.0,
          3.0,
          3.0,
          3.0,
          3.0,
          4.0,
          4.0,
          4.0,
          3.0,
          3.0,
          2.0,
          3.0,
          3.0,
          4.0,
          4.0
        ],
        "metrics": {
          "mae": 1.5714285714285714,
          "mape": 0.5136752136752137,
          "rmse": 2.070196678027062,
          "smape": 0.5299101691958835,
          "rmsse": 0.9127847364063124
        }
      }
    },
    "p25": {
      "raw": {
        "forecast": [
          1.0,
          1.0,
          1.0,
          1.0,
          2.0,
          3.0,
          2.0,
          2.0,
          1.0,
          1.0,
          1.0,
          2.0,
          2.0,
          2.0,
          1.0,
          1.0,
          1.0,
          1.0,
          1.0,
          3.0,
          2.0,
          1.0,
          1.0,
          1.0,
          1.75,
          2.0,
          2.0,
          2.0
        ],
        "metrics": {
          "mae": 2.008928571428572,
          "mape": 0.4741452991452992,
          "rmse": 2.676368141450542,
          "smape": 0.7851699052826872,
          "rmsse": 1.1800559890997224
        }
      },
      "rounded": {
        "forecast": [
          1.0,
          1.0,
          1.0,
          1.0,
          2.0,
          3.0,
          2.0,
          2.0,
          1.0,
          1.0,
          1.0,
          2.0,
          2.0,
          2.0,
          1.0,
          1.0,
          1.0,
          1.0,
          1.0,
          3.0,
          2.0,
          1.0,
          1.0,
          1.0,
          2.0,
          2.0,
          2.0,
          2.0
        ],
        "metrics": {
          "mae": 2.0,
          "mape": 0.4709401709401709,
          "rmse": 2.672612419124244,
          "smape": 0.7806586270871984,
          "rmsse": 1.178400027591325
        }
      }
    },
    "p50": {
      "raw": {
        "forecast": [
          2.5,
          2.0,
          2.0,
          2.0,
          3.0,
          4.0,
          3.0,
          3.0,
          2.5,
          3.0,
          2.0,
          3.0,
          4.0,
          4.0,
          3.0,
          2.0,
          2.0,
          3.0,
          3.0,
          4.0,
          4.0,
          2.0,
          2.0,
          2.0,
          3.0,
          3.0,
          3.0,
          4.0
        ],
        "metrics": {
          "mae": 1.4642857142857142,
          "mape": 0.4107905982905983,
          "rmse": 2.074505104493944,
          "smape": 0.5058068915211772,
          "rmsse": 0.914684394520268
        }
      },
      "rounded": {
        "forecast": [
          2.0,
          2.0,
          2.0,
          2.0,
          3.0,
          4.0,
          3.0,
          3.0,
          2.0,
          3.0,
          2.0,
          3.0,
          4.0,
          4.0,
          3.0,
          2.0,
          2.0,
          3.0,
          3.0,
          4.0,
          4.0,
          2.0,
          2.0,
          2.0,
          3.0,
          3.0,
          3.0,
          4.0
        ],
        "metrics": {
          "mae": 1.5,
          "mape": 0.423611111111111,
          "rmse": 2.0873770280289223,
          "smape": 0.5213913071055928,
          "rmsse": 0.9203598433583536
        }
      }
    },
    "p75": {
      "raw": {
        "forecast": [
          4.0,
          3.0,
          4.0,
          4.0,
          4.0,
          6.0,
          5.25,
          4.0,
          4.0,
          4.0,
          4.0,
          4.0,
          6.0,
          6.0,
          5.0,
          4.0,
          4.0,
          4.0,
          5.0,
          5.0,
          6.0,
          4.0,
          4.0,
          3.0,
          4.0,
          4.0,
          5.25,
          6.0
        ],
        "metrics": {
          "mae": 2.071428571428572,
          "mape": 0.8375801282051282,
          "rmse": 2.3270536245279287,
          "smape": 0.6227767665099201,
          "rmsse": 1.0260373093113002
        }
      },
      "rounded": {
        "forecast": [
          4.0,
          3.0,
          4.0,
          4.0,
          4.0,
          6.0,
          5.0,
          4.0,
          4.0,
          4.0,
          4.0,
          4.0,
          6.0,
          6.0,
          5.0,
          4.0,
          4.0,
          4.0,
          5.0,
          5.0,
          6.0,
          4.0,
          4.0,
          3.0,
          4.0,
          4.0,
          5.0,
          6.0
        ],
        "metrics": {
          "mae": 2.071428571428572,
          "mape": 0.835576923076923,
          "rmse": 2.32992949004287,
          "smape": 0.6228121085263941,
          "rmsse": 1.0273053270672254
        }
      }
    }
  }
}