{
  "series_id": "HOUSEHOLD_1_236_WI_1_validation",
  "run": "run_20260526_021333_335192_001_subset34590_ctx84_h64_emb8_ep20_steps100",
  "horizon": [
    1,
    2,
    3,
    4,
    5,
    6,
    7,
    8,
    9,
    10,
    11,
    12,
    13,
    14,
    15,
    16,
    17,
    18,
    19,
    20,
    21,
    22,
    23,
    24,
    25,
    26,
    27,
    28
  ],
  "actuals": [
    1.0,
    4.0,
    4.0,
    2.0,
    8.0,
    6.0,
    1.0,
    5.0,
    2.0,
    2.0,
    3.0,
    4.0,
    1.0,
    8.0,
    6.0,
    4.0,
    2.0,
    2.0,
    1.0,
    5.0,
    3.0,
    1.0,
    0.0,
    4.0,
    2.0,
    2.0,
    3.0,
    1.0
  ],
  "modes": {
    "mean": {
      "raw": {
        "forecast": [
          1.4995043,
          1.7201134,
          1.7690653,
          1.9914973,
          2.596524,
          3.1377244,
          2.3390803,
          2.039813,
          1.9639285,
          1.8083419,
          1.8735169,
          2.3957696,
          2.914272,
          2.6988037,
          2.1914623,
          1.826333,
          1.8651478,
          2.0570834,
          2.4615529,
          3.184692,
          2.862681,
          1.9809422,
          1.7799293,
          1.8040836,
          1.9898771,
          2.5153291,
          3.3044357,
          2.6128955
        ],
        "metrics": {
          "mae": 1.5980589389801023,
          "mape": 0.5494054564723262,
          "rmse": 2.1599604239331915,
          "smape": 0.5736494580967685,
          "rmsse": 1.0855299195373218
        }
      },
      "rounded": {
        "forecast": [
          1.0,
          2.0,
          2.0,
          2.0,
          3.0,
          3.0,
          2.0,
          2.0,
          2.0,
          2.0,
          2.0,
          2.0,
          3.0,
          3.0,
          2.0,
          2.0,
          2.0,
          2.0,
          2.0,
          3.0,
          3.0,
          2.0,
          2.0,
          2.0,
          2.0,
          3.0,
          3.0,
          3.0
        ],
        "metrics": {
          "mae": 1.5357142857142858,
          "mape": 0.5092592592592593,
          "rmse": 2.112885636821292,
          "smape": 0.5348330241187383,
          "rmsse": 1.061871574088212
        }
      }
    },
    "sample-mean": {
      "raw": {
        "forecast": [
          1.31,
          1.59,
          1.72,
          1.8,
          2.27,
          2.97,
          2.25,
          2.07,
          1.93,
          1.73,
          1.84,
          2.14,
          2.5,
          2.83,
          2.03,
          1.61,
          1.62,
          1.78,
          2.4,
          2.96,
          2.52,
          1.74,
          1.64,
          1.49,
          1.82,
          2.35,
          3.14,
          2.45
        ],
        "metrics": {
          "mae": 1.6450000022138869,
          "mape": 0.5357037064469891,
          "rmse": 2.21196261226539,
          "smape": 0.5990438696271578,
          "rmsse": 1.1116646258451457
        }
      },
      "rounded": {
        "forecast": [
          1.0,
          2.0,
          2.0,
          2.0,
          2.0,
          3.0,
          2.0,
          2.0,
          2.0,
          2.0,
          2.0,
          2.0,
          2.0,
          3.0,
          2.0,
          2.0,
          2.0,
          2.0,
          2.0,
          3.0,
          3.0,
          2.0,
          2.0,
          1.0,
          2.0,
          2.0,
          3.0,
          2.0
        ],
        "metrics": {
          "mae": 1.5,
          "mape": 0.4305555555555556,
          "rmse": 2.187627547301936,
          "smape": 0.5261750154607298,
          "rmsse": 1.0994345679149125
        }
      }
    },
    "p25": {
      "raw": {
        "forecast": [
          0.0,
          0.0,
          0.0,
          0.75,
          1.0,
          1.0,
          1.0,
          1.0,
          0.75,
          1.0,
          1.0,
          1.0,
          1.0,
          1.0,
          1.0,
          0.0,
          0.0,
          1.0,
          1.0,
          1.0,
          1.0,
          0.0,
          1.0,
          0.0,
          1.0,
          1.0,
          2.0,
          1.0
        ],
        "metrics": {
          "mae": 2.4107142857142856,
          "mape": 0.6549382716049382,
          "rmse": 3.1403195924709864,
          "smape": 1.1685631828488972,
          "rmsse": 1.5782283956522825
        }
      },
      "rounded": {
        "forecast": [
          0.0,
          0.0,
          0.0,
          1.0,
          1.0,
          1.0,
          1.0,
          1.0,
          1.0,
          1.0,
          1.0,
          1.0,
          1.0,
          1.0,
          1.0,
          0.0,
          0.0,
          1.0,
          1.0,
          1.0,
          1.0,
          0.0,
          1.0,
          0.0,
          1.0,
          1.0,
          2.0,
          1.0
        ],
        "metrics": {
          "mae": 2.392857142857143,
          "mape": 0.645679012345679,
          "rmse": 3.1339158526400435,
          "smape": 1.15124716553288,
          "rmsse": 1.5750100722485774
        }
      }
    },
    "p50": {
      "raw": {
        "forecast": [
          1.0,
          1.0,
          1.0,
          2.0,
          2.0,
          3.0,
          2.0,
          2.0,
          2.0,
          2.0,
          2.0,
          2.0,
          2.0,
          2.0,
          2.0,
          1.0,
          1.0,
          1.0,
          2.0,
          3.0,
          3.0,
          1.0,
          1.0,
          1.0,
          2.0,
          2.0,
          3.0,
          2.0
        ],
        "metrics": {
          "mae": 1.6428571428571428,
          "mape": 0.4629629629629629,
          "rmse": 2.3754698783308417,
          "smape": 0.6175170068027213,
          "rmsse": 1.1938383672753663
        }
      },
      "rounded": {
        "forecast": [
          1.0,
          1.0,
          1.0,
          2.0,
          2.0,
          3.0,
          2.0,
          2.0,
          2.0,
          2.0,
          2.0,
          2.0,
          2.0,
          2.0,
          2.0,
          1.0,
          1.0,
          1.0,
          2.0,
          3.0,
          3.0,
          1.0,
          1.0,
          1.0,
          2.0,
          2.0,
          3.0,
          2.0
        ],
        "metrics": {
          "mae": 1.6428571428571428,
          "mape": 0.4629629629629629,
          "rmse": 2.3754698783308417,
          "smape": 0.6175170068027213,
          "rmsse": 1.1938383672753663
        }
      }
    },
    "p75": {
      "raw": {
        "forecast": [
          2.0,
          2.0,
          3.0,
          3.0,
          3.0,
          4.0,
          3.0,
          3.0,
          3.0,
          3.0,
          3.0,
          3.0,
          4.0,
          3.0,
          3.0,
          2.0,
          3.0,
          3.0,
          3.0,
          4.0,
          4.0,
          3.0,
          2.0,
          2.0,
          2.25,
          3.0,
          5.0,
          3.0
        ],
        "metrics": {
          "mae": 1.7589285714285714,
          "mape": 0.770679012345679,
          "rmse": 2.096446823965322,
          "smape": 0.6195902603465628,
          "rmsse": 1.053609930495532
        }
      },
      "rounded": {
        "forecast": [
          2.0,
          2.0,
          3.0,
          3.0,
          3.0,
          4.0,
          3.0,
          3.0,
          3.0,
          3.0,
          3.0,
          3.0,
          4.0,
          3.0,
          3.0,
          2.0,
          3.0,
          3.0,
          3.0,
          4.0,
          4.0,
          3.0,
          2.0,
          2.0,
          2.0,
          3.0,
          5.0,
          3.0
        ],
        "metrics": {
          "mae": 1.75,
          "mape": 0.7660493827160494,
          "rmse": 2.095914393017316,
          "smape": 0.615388579674294,
          "rmsse": 1.053342347016805
        }
      }
    }
  }
}