{
  "series_id": "HOUSEHOLD_2_037_CA_3_validation",
  "run": "run_20260526_021333_335192_001_subset34590_ctx84_h64_emb8_ep20_steps100",
  "horizon": [
    1,
    2,
    3,
    4,
    5,
    6,
    7,
    8,
    9,
    10,
    11,
    12,
    13,
    14,
    15,
    16,
    17,
    18,
    19,
    20,
    21,
    22,
    23,
    24,
    25,
    26,
    27,
    28
  ],
  "actuals": [
    1.0,
    4.0,
    1.0,
    1.0,
    2.0,
    3.0,
    0.0,
    2.0,
    1.0,
    0.0,
    0.0,
    3.0,
    2.0,
    5.0,
    0.0,
    0.0,
    0.0,
    3.0,
    2.0,
    2.0,
    5.0,
    1.0,
    0.0,
    1.0,
    0.0,
    1.0,
    1.0,
    2.0
  ],
  "modes": {
    "mean": {
      "raw": {
        "forecast": [
          0.89916193,
          0.8375642,
          0.8437195,
          0.8571739,
          0.94969237,
          1.0054601,
          1.0850624,
          0.97226804,
          0.9084567,
          0.89697397,
          0.8461653,
          0.9814666,
          1.1615381,
          1.1453184,
          0.97641355,
          0.90760607,
          0.8699553,
          0.86235785,
          0.9488191,
          1.1365701,
          1.1060561,
          0.93866915,
          0.8734907,
          0.8679801,
          0.8788942,
          0.9624023,
          1.1320057,
          1.1453866
        ],
        "metrics": {
          "mae": 1.104875215462276,
          "mape": 0.4043938747545083,
          "rmse": 1.5231372600026432,
          "smape": 0.9852657575050427,
          "rmsse": 0.8939173623493991
        }
      },
      "rounded": {
        "forecast": [
          1.0,
          1.0,
          1.0,
          1.0,
          1.0,
          1.0,
          1.0,
          1.0,
          1.0,
          1.0,
          1.0,
          1.0,
          1.0,
          1.0,
          1.0,
          1.0,
          1.0,
          1.0,
          1.0,
          1.0,
          1.0,
          1.0,
          1.0,
          1.0,
          1.0,
          1.0,
          1.0,
          1.0
        ],
        "metrics": {
          "mae": 1.1071428571428572,
          "mape": 0.3675,
          "rmse": 1.546886273407694,
          "smape": 0.9595238095238096,
          "rmsse": 0.9078554728394588
        }
      }
    },
    "sample-mean": {
      "raw": {
        "forecast": [
          0.93,
          0.77,
          0.73,
          0.79,
          0.85,
          0.94,
          1.03,
          0.87,
          0.87,
          0.68,
          0.81,
          0.87,
          1.21,
          1.12,
          0.85,
          0.78,
          0.77,
          0.74,
          0.75,
          1.05,
          1.08,
          0.9,
          0.85,
          0.72,
          0.78,
          0.74,
          0.9,
          0.8
        ],
        "metrics": {
          "mae": 1.1399999942098344,
          "mape": 0.4586249966422716,
          "rmse": 1.5539029147410917,
          "smape": 1.0477122262322882,
          "rmsse": 0.9119734848387788
        }
      },
      "rounded": {
        "forecast": [
          1.0,
          1.0,
          1.0,
          1.0,
          1.0,
          1.0,
          1.0,
          1.0,
          1.0,
          1.0,
          1.0,
          1.0,
          1.0,
          1.0,
          1.0,
          1.0,
          1.0,
          1.0,
          1.0,
          1.0,
          1.0,
          1.0,
          1.0,
          1.0,
          1.0,
          1.0,
          1.0,
          1.0
        ],
        "metrics": {
          "mae": 1.1071428571428572,
          "mape": 0.3675,
          "rmse": 1.546886273407694,
          "smape": 0.9595238095238096,
          "rmsse": 0.9078554728394588
        }
      }
    },
    "p25": {
      "raw": {
        "forecast": [
          0.0,
          0.0,
          0.0,
          0.0,
          0.0,
          0.0,
          0.0,
          0.0,
          0.0,
          0.0,
          0.0,
          0.0,
          0.0,
          0.0,
          0.0,
          0.0,
          0.0,
          0.0,
          0.0,
          0.0,
          0.0,
          0.0,
          0.0,
          0.0,
          0.0,
          0.0,
          0.0,
          0.0
        ],
        "metrics": {
          "mae": 1.5357142857142858,
          "mape": 1.0,
          "rmse": 2.112885636821292,
          "smape": 1.4285714285714286,
          "rmsse": 1.2400360788297844
        }
      },
      "rounded": {
        "forecast": [
          0.0,
          0.0,
          0.0,
          0.0,
          0.0,
          0.0,
          0.0,
          0.0,
          0.0,
          0.0,
          0.0,
          0.0,
          0.0,
          0.0,
          0.0,
          0.0,
          0.0,
          0.0,
          0.0,
          0.0,
          0.0,
          0.0,
          0.0,
          0.0,
          0.0,
          0.0,
          0.0,
          0.0
        ],
        "metrics": {
          "mae": 1.5357142857142858,
          "mape": 1.0,
          "rmse": 2.112885636821292,
          "smape": 1.4285714285714286,
          "rmsse": 1.2400360788297844
        }
      }
    },
    "p50": {
      "raw": {
        "forecast": [
          1.0,
          0.5,
          0.0,
          1.0,
          1.0,
          1.0,
          1.0,
          1.0,
          1.0,
          0.0,
          1.0,
          0.5,
          1.0,
          1.0,
          0.0,
          0.0,
          0.0,
          1.0,
          0.0,
          1.0,
          1.0,
          1.0,
          1.0,
          0.0,
          1.0,
          0.0,
          1.0,
          0.0
        ],
        "metrics": {
          "mae": 1.1785714285714286,
          "mape": 0.5820833333333334,
          "rmse": 1.6636878141217308,
          "smape": 1.0113378684807257,
          "rmsse": 0.9764053848764452
        }
      },
      "rounded": {
        "forecast": [
          1.0,
          0.0,
          0.0,
          1.0,
          1.0,
          1.0,
          1.0,
          1.0,
          1.0,
          0.0,
          1.0,
          0.0,
          1.0,
          1.0,
          0.0,
          0.0,
          0.0,
          1.0,
          0.0,
          1.0,
          1.0,
          1.0,
          1.0,
          0.0,
          1.0,
          0.0,
          1.0,
          0.0
        ],
        "metrics": {
          "mae": 1.2142857142857142,
          "mape": 0.5966666666666667,
          "rmse": 1.7320508075688772,
          "smape": 1.0476190476190477,
          "rmsse": 1.0165270918225917
        }
      }
    },
    "p75": {
      "raw": {
        "forecast": [
          1.0,
          1.0,
          1.0,
          1.0,
          1.0,
          1.0,
          2.0,
          1.25,
          1.0,
          1.0,
          1.0,
          1.0,
          2.0,
          2.0,
          1.0,
          1.0,
          1.0,
          1.0,
          1.0,
          2.0,
          2.0,
          1.0,
          2.0,
          1.0,
          1.0,
          1.0,
          1.0,
          1.0
        ],
        "metrics": {
          "mae": 1.0267857142857142,
          "mape": 0.2912499999999999,
          "rmse": 1.4212984506127788,
          "smape": 0.8705651491365778,
          "rmsse": 0.8341489604691689
        }
      },
      "rounded": {
        "forecast": [
          1.0,
          1.0,
          1.0,
          1.0,
          1.0,
          1.0,
          2.0,
          1.0,
          1.0,
          1.0,
          1.0,
          1.0,
          2.0,
          2.0,
          1.0,
          1.0,
          1.0,
          1.0,
          1.0,
          2.0,
          2.0,
          1.0,
          2.0,
          1.0,
          1.0,
          1.0,
          1.0,
          1.0
        ],
        "metrics": {
          "mae": 1.0357142857142858,
          "mape": 0.2975,
          "rmse": 1.4267845968170128,
          "smape": 0.8778911564625851,
          "rmsse": 0.8373687368301932
        }
      }
    }
  }
}