{
  "series_id": "HOUSEHOLD_1_060_WI_3_validation",
  "run": "run_20260526_021333_335192_001_subset34590_ctx84_h64_emb8_ep20_steps100",
  "horizon": [
    1,
    2,
    3,
    4,
    5,
    6,
    7,
    8,
    9,
    10,
    11,
    12,
    13,
    14,
    15,
    16,
    17,
    18,
    19,
    20,
    21,
    22,
    23,
    24,
    25,
    26,
    27,
    28
  ],
  "actuals": [
    0.0,
    0.0,
    0.0,
    0.0,
    0.0,
    0.0,
    0.0,
    0.0,
    0.0,
    0.0,
    0.0,
    0.0,
    0.0,
    0.0,
    0.0,
    0.0,
    0.0,
    0.0,
    0.0,
    0.0,
    0.0,
    1.0,
    0.0,
    0.0,
    0.0,
    0.0,
    0.0,
    0.0
  ],
  "modes": {
    "mean": {
      "raw": {
        "forecast": [
          0.12658502,
          0.11673902,
          0.11765858,
          0.1210155,
          0.13805506,
          0.1604167,
          0.15076227,
          0.14845487,
          0.1338608,
          0.12280113,
          0.11729187,
          0.1487418,
          0.1817079,
          0.18220234,
          0.16043763,
          0.13338912,
          0.13429934,
          0.13839105,
          0.15313846,
          0.20431094,
          0.203434,
          0.15442628,
          0.13732755,
          0.13337183,
          0.13556224,
          0.15723827,
          0.2099629,
          0.20100626
        ],
        "metrics": {
          "mae": 0.1754905781043427,
          "mape": 0.8455737233161926,
          "rmse": 0.2195228968768445,
          "smape": 1.980890164132016,
          "rmsse": 0.923659478640591
        }
      },
      "rounded": {
        "forecast": [
          0.0,
          0.0,
          0.0,
          0.0,
          0.0,
          0.0,
          0.0,
          0.0,
          0.0,
          0.0,
          0.0,
          0.0,
          0.0,
          0.0,
          0.0,
          0.0,
          0.0,
          0.0,
          0.0,
          0.0,
          0.0,
          0.0,
          0.0,
          0.0,
          0.0,
          0.0,
          0.0,
          0.0
        ],
        "metrics": {
          "mae": 0.0357142857142857,
          "mape": 1.0,
          "rmse": 0.1889822365046136,
          "smape": 0.0714285714285714,
          "rmsse": 0.7951573003344258
        }
      }
    },
    "sample-mean": {
      "raw": {
        "forecast": [
          0.13,
          0.05,
          0.15,
          0.13,
          0.14,
          0.16,
          0.2,
          0.13,
          0.13,
          0.09,
          0.1,
          0.16,
          0.19,
          0.2,
          0.15,
          0.13,
          0.09,
          0.03,
          0.16,
          0.14,
          0.24,
          0.13,
          0.07,
          0.12,
          0.13,
          0.16,
          0.15,
          0.11
        ],
        "metrics": {
          "mae": 0.1610714280312614,
          "mape": 0.8700000047683716,
          "rmse": 0.2156468675676549,
          "smape": 1.983565107992389,
          "rmsse": 0.9073507871015476
        }
      },
      "rounded": {
        "forecast": [
          0.0,
          0.0,
          0.0,
          0.0,
          0.0,
          0.0,
          0.0,
          0.0,
          0.0,
          0.0,
          0.0,
          0.0,
          0.0,
          0.0,
          0.0,
          0.0,
          0.0,
          0.0,
          0.0,
          0.0,
          0.0,
          0.0,
          0.0,
          0.0,
          0.0,
          0.0,
          0.0,
          0.0
        ],
        "metrics": {
          "mae": 0.0357142857142857,
          "mape": 1.0,
          "rmse": 0.1889822365046136,
          "smape": 0.0714285714285714,
          "rmsse": 0.7951573003344258
        }
      }
    },
    "p25": {
      "raw": {
        "forecast": [
          0.0,
          0.0,
          0.0,
          0.0,
          0.0,
          0.0,
          0.0,
          0.0,
          0.0,
          0.0,
          0.0,
          0.0,
          0.0,
          0.0,
          0.0,
          0.0,
          0.0,
          0.0,
          0.0,
          0.0,
          0.0,
          0.0,
          0.0,
          0.0,
          0.0,
          0.0,
          0.0,
          0.0
        ],
        "metrics": {
          "mae": 0.0357142857142857,
          "mape": 1.0,
          "rmse": 0.1889822365046136,
          "smape": 0.0714285714285714,
          "rmsse": 0.7951573003344258
        }
      },
      "rounded": {
        "forecast": [
          0.0,
          0.0,
          0.0,
          0.0,
          0.0,
          0.0,
          0.0,
          0.0,
          0.0,
          0.0,
          0.0,
          0.0,
          0.0,
          0.0,
          0.0,
          0.0,
          0.0,
          0.0,
          0.0,
          0.0,
          0.0,
          0.0,
          0.0,
          0.0,
          0.0,
          0.0,
          0.0,
          0.0
        ],
        "metrics": {
          "mae": 0.0357142857142857,
          "mape": 1.0,
          "rmse": 0.1889822365046136,
          "smape": 0.0714285714285714,
          "rmsse": 0.7951573003344258
        }
      }
    },
    "p50": {
      "raw": {
        "forecast": [
          0.0,
          0.0,
          0.0,
          0.0,
          0.0,
          0.0,
          0.0,
          0.0,
          0.0,
          0.0,
          0.0,
          0.0,
          0.0,
          0.0,
          0.0,
          0.0,
          0.0,
          0.0,
          0.0,
          0.0,
          0.0,
          0.0,
          0.0,
          0.0,
          0.0,
          0.0,
          0.0,
          0.0
        ],
        "metrics": {
          "mae": 0.0357142857142857,
          "mape": 1.0,
          "rmse": 0.1889822365046136,
          "smape": 0.0714285714285714,
          "rmsse": 0.7951573003344258
        }
      },
      "rounded": {
        "forecast": [
          0.0,
          0.0,
          0.0,
          0.0,
          0.0,
          0.0,
          0.0,
          0.0,
          0.0,
          0.0,
          0.0,
          0.0,
          0.0,
          0.0,
          0.0,
          0.0,
          0.0,
          0.0,
          0.0,
          0.0,
          0.0,
          0.0,
          0.0,
          0.0,
          0.0,
          0.0,
          0.0,
          0.0
        ],
        "metrics": {
          "mae": 0.0357142857142857,
          "mape": 1.0,
          "rmse": 0.1889822365046136,
          "smape": 0.0714285714285714,
          "rmsse": 0.7951573003344258
        }
      }
    },
    "p75": {
      "raw": {
        "forecast": [
          0.0,
          0.0,
          0.0,
          0.0,
          0.0,
          0.0,
          0.0,
          0.0,
          0.0,
          0.0,
          0.0,
          0.0,
          0.0,
          0.0,
          0.0,
          0.0,
          0.0,
          0.0,
          0.0,
          0.0,
          0.0,
          0.0,
          0.0,
          0.0,
          0.0,
          0.0,
          0.0,
          0.0
        ],
        "metrics": {
          "mae": 0.0357142857142857,
          "mape": 1.0,
          "rmse": 0.1889822365046136,
          "smape": 0.0714285714285714,
          "rmsse": 0.7951573003344258
        }
      },
      "rounded": {
        "forecast": [
          0.0,
          0.0,
          0.0,
          0.0,
          0.0,
          0.0,
          0.0,
          0.0,
          0.0,
          0.0,
          0.0,
          0.0,
          0.0,
          0.0,
          0.0,
          0.0,
          0.0,
          0.0,
          0.0,
          0.0,
          0.0,
          0.0,
          0.0,
          0.0,
          0.0,
          0.0,
          0.0,
          0.0
        ],
        "metrics": {
          "mae": 0.0357142857142857,
          "mape": 1.0,
          "rmse": 0.1889822365046136,
          "smape": 0.0714285714285714,
          "rmsse": 0.7951573003344258
        }
      }
    }
  }
}