{
  "series_id": "HOUSEHOLD_1_539_WI_3_validation",
  "run": "run_20260526_021333_335192_001_subset34590_ctx84_h64_emb8_ep20_steps100",
  "horizon": [
    1,
    2,
    3,
    4,
    5,
    6,
    7,
    8,
    9,
    10,
    11,
    12,
    13,
    14,
    15,
    16,
    17,
    18,
    19,
    20,
    21,
    22,
    23,
    24,
    25,
    26,
    27,
    28
  ],
  "actuals": [
    0.0,
    0.0,
    0.0,
    2.0,
    1.0,
    1.0,
    2.0,
    1.0,
    1.0,
    1.0,
    1.0,
    1.0,
    1.0,
    0.0,
    1.0,
    1.0,
    2.0,
    1.0,
    0.0,
    1.0,
    1.0,
    1.0,
    1.0,
    1.0,
    3.0,
    0.0,
    1.0,
    0.0
  ],
  "modes": {
    "mean": {
      "raw": {
        "forecast": [
          1.1247011,
          1.0677311,
          1.0792595,
          1.0807301,
          1.2784723,
          1.4399403,
          1.3074349,
          1.2514348,
          1.1731465,
          1.0694013,
          1.0902015,
          1.3398713,
          1.6324325,
          1.530792,
          1.2788179,
          1.0817626,
          1.1156228,
          1.1721221,
          1.3424362,
          1.6937212,
          1.5889659,
          1.2030915,
          1.0972854,
          1.1037358,
          1.1119785,
          1.3356587,
          1.6562321,
          1.5152683
        ],
        "metrics": {
          "mae": 0.6618112708841052,
          "mape": 0.3346705474550762,
          "rmse": 0.8407853252267323,
          "smape": 0.7405493815354758,
          "rmsse": 0.5264985974035256
        }
      },
      "rounded": {
        "forecast": [
          1.0,
          1.0,
          1.0,
          1.0,
          1.0,
          1.0,
          1.0,
          1.0,
          1.0,
          1.0,
          1.0,
          1.0,
          2.0,
          2.0,
          1.0,
          1.0,
          1.0,
          1.0,
          1.0,
          2.0,
          2.0,
          1.0,
          1.0,
          1.0,
          1.0,
          1.0,
          2.0,
          2.0
        ],
        "metrics": {
          "mae": 0.6428571428571429,
          "mape": 0.2936507936507936,
          "rmse": 0.9258200997725514,
          "smape": 0.7023809523809524,
          "rmsse": 0.5797472545644073
        }
      }
    },
    "sample-mean": {
      "raw": {
        "forecast": [
          1.18,
          1.0,
          1.06,
          1.17,
          1.28,
          1.47,
          1.23,
          1.25,
          1.33,
          1.18,
          1.2,
          1.27,
          1.67,
          1.39,
          1.06,
          1.14,
          1.17,
          1.28,
          1.09,
          1.42,
          1.27,
          1.19,
          1.04,
          0.9,
          0.9,
          1.37,
          1.65,
          1.15
        ],
        "metrics": {
          "mae": 0.6274999933583396,
          "mape": 0.3197618987825181,
          "rmse": 0.8040588964341614,
          "smape": 0.7374164982487497,
          "rmsse": 0.5035005589426204
        }
      },
      "rounded": {
        "forecast": [
          1.0,
          1.0,
          1.0,
          1.0,
          1.0,
          1.0,
          1.0,
          1.0,
          1.0,
          1.0,
          1.0,
          1.0,
          2.0,
          1.0,
          1.0,
          1.0,
          1.0,
          1.0,
          1.0,
          1.0,
          1.0,
          1.0,
          1.0,
          1.0,
          1.0,
          1.0,
          2.0,
          1.0
        ],
        "metrics": {
          "mae": 0.5,
          "mape": 0.1984126984126983,
          "rmse": 0.7559289460184544,
          "smape": 0.6547619047619048,
          "rmsse": 0.4733616511540746
        }
      }
    },
    "p25": {
      "raw": {
        "forecast": [
          0.0,
          0.0,
          0.0,
          0.0,
          0.0,
          0.0,
          1.0,
          0.0,
          0.0,
          0.0,
          0.0,
          0.0,
          0.75,
          0.0,
          0.0,
          0.0,
          0.0,
          0.0,
          0.0,
          0.0,
          0.0,
          0.0,
          0.0,
          0.0,
          0.0,
          0.0,
          0.0,
          0.0
        ],
        "metrics": {
          "mae": 0.8660714285714286,
          "mape": 0.9404761904761904,
          "rmse": 1.1029586833344471,
          "smape": 1.391156462585034,
          "rmsse": 0.6906711884071338
        }
      },
      "rounded": {
        "forecast": [
          0.0,
          0.0,
          0.0,
          0.0,
          0.0,
          0.0,
          1.0,
          0.0,
          0.0,
          0.0,
          0.0,
          0.0,
          1.0,
          0.0,
          0.0,
          0.0,
          0.0,
          0.0,
          0.0,
          0.0,
          0.0,
          0.0,
          0.0,
          0.0,
          0.0,
          0.0,
          0.0,
          0.0
        ],
        "metrics": {
          "mae": 0.8571428571428571,
          "mape": 0.9285714285714286,
          "rmse": 1.1019463300386794,
          "smape": 1.380952380952381,
          "rmsse": 0.6900372541859879
        }
      }
    },
    "p50": {
      "raw": {
        "forecast": [
          1.0,
          1.0,
          1.0,
          1.0,
          1.0,
          1.0,
          1.0,
          1.0,
          1.0,
          1.0,
          1.0,
          1.0,
          1.0,
          1.0,
          1.0,
          1.0,
          1.0,
          1.0,
          1.0,
          1.0,
          1.0,
          1.0,
          1.0,
          1.0,
          1.0,
          1.0,
          1.0,
          1.0
        ],
        "metrics": {
          "mae": 0.4285714285714285,
          "mape": 0.1031746031746031,
          "rmse": 0.7071067811865476,
          "smape": 0.6071428571428571,
          "rmsse": 0.4427892796640382
        }
      },
      "rounded": {
        "forecast": [
          1.0,
          1.0,
          1.0,
          1.0,
          1.0,
          1.0,
          1.0,
          1.0,
          1.0,
          1.0,
          1.0,
          1.0,
          1.0,
          1.0,
          1.0,
          1.0,
          1.0,
          1.0,
          1.0,
          1.0,
          1.0,
          1.0,
          1.0,
          1.0,
          1.0,
          1.0,
          1.0,
          1.0
        ],
        "metrics": {
          "mae": 0.4285714285714285,
          "mape": 0.1031746031746031,
          "rmse": 0.7071067811865476,
          "smape": 0.6071428571428571,
          "rmsse": 0.4427892796640382
        }
      }
    },
    "p75": {
      "raw": {
        "forecast": [
          2.0,
          1.25,
          2.0,
          2.0,
          2.0,
          2.0,
          2.0,
          2.0,
          2.0,
          2.0,
          2.0,
          2.0,
          2.0,
          2.0,
          2.0,
          2.0,
          2.0,
          2.0,
          2.0,
          2.0,
          2.0,
          2.0,
          2.0,
          1.0,
          1.0,
          2.0,
          2.0,
          2.0
        ],
        "metrics": {
          "mae": 1.1160714285714286,
          "mape": 0.7936507936507935,
          "rmse": 1.2756300964061418,
          "smape": 0.9166666666666669,
          "rmsse": 0.7987977863225009
        }
      },
      "rounded": {
        "forecast": [
          2.0,
          1.0,
          2.0,
          2.0,
          2.0,
          2.0,
          2.0,
          2.0,
          2.0,
          2.0,
          2.0,
          2.0,
          2.0,
          2.0,
          2.0,
          2.0,
          2.0,
          2.0,
          2.0,
          2.0,
          2.0,
          2.0,
          2.0,
          1.0,
          1.0,
          2.0,
          2.0,
          2.0
        ],
        "metrics": {
          "mae": 1.1071428571428572,
          "mape": 0.7936507936507935,
          "rmse": 1.267731382092775,
          "smape": 0.9166666666666669,
          "rmsse": 0.7938516224415395
        }
      }
    }
  }
}