{
  "series_id": "HOUSEHOLD_2_128_CA_1_validation",
  "run": "run_20260526_021333_335192_001_subset34590_ctx84_h64_emb8_ep20_steps100",
  "horizon": [
    1,
    2,
    3,
    4,
    5,
    6,
    7,
    8,
    9,
    10,
    11,
    12,
    13,
    14,
    15,
    16,
    17,
    18,
    19,
    20,
    21,
    22,
    23,
    24,
    25,
    26,
    27,
    28
  ],
  "actuals": [
    0.0,
    0.0,
    0.0,
    0.0,
    0.0,
    1.0,
    0.0,
    0.0,
    0.0,
    0.0,
    0.0,
    0.0,
    0.0,
    1.0,
    0.0,
    0.0,
    0.0,
    0.0,
    0.0,
    0.0,
    0.0,
    0.0,
    0.0,
    0.0,
    0.0,
    0.0,
    1.0,
    0.0
  ],
  "modes": {
    "mean": {
      "raw": {
        "forecast": [
          0.28221783,
          0.30015948,
          0.33375707,
          0.381682,
          0.45426518,
          0.503796,
          0.5349934,
          0.46576557,
          0.41310292,
          0.3995366,
          0.37026182,
          0.44164807,
          0.5553967,
          0.55598104,
          0.4606261,
          0.40919113,
          0.38245437,
          0.38855016,
          0.4577686,
          0.59279543,
          0.60279936,
          0.46262437,
          0.41110975,
          0.3969119,
          0.4074282,
          0.4738452,
          0.58906907,
          0.58871514
        ],
        "metrics": {
          "mae": 0.4399557230728013,
          "mape": 0.4503846367200215,
          "rmse": 0.4471467992466351,
          "smape": 1.848137777501596,
          "rmsse": 0.3751018888775258
        }
      },
      "rounded": {
        "forecast": [
          0.0,
          0.0,
          0.0,
          0.0,
          0.0,
          1.0,
          1.0,
          0.0,
          0.0,
          0.0,
          0.0,
          0.0,
          1.0,
          1.0,
          0.0,
          0.0,
          0.0,
          0.0,
          0.0,
          1.0,
          1.0,
          0.0,
          0.0,
          0.0,
          0.0,
          0.0,
          1.0,
          1.0
        ],
        "metrics": {
          "mae": 0.1785714285714285,
          "mape": 0.0,
          "rmse": 0.4225771273642583,
          "smape": 0.3571428571428571,
          "rmsse": 0.3544909164905868
        }
      }
    },
    "sample-mean": {
      "raw": {
        "forecast": [
          0.23,
          0.22,
          0.36,
          0.22,
          0.34,
          0.32,
          0.36,
          0.49,
          0.24,
          0.31,
          0.33,
          0.32,
          0.43,
          0.45,
          0.5,
          0.37,
          0.34,
          0.31,
          0.28,
          0.53,
          0.52,
          0.41,
          0.26,
          0.46,
          0.28,
          0.41,
          0.38,
          0.41
        ],
        "metrics": {
          "mae": 0.3850000011069434,
          "mape": 0.6166666746139526,
          "rmse": 0.4032900420143869,
          "smape": 1.8816955176325325,
          "rmsse": 0.3383113929921118
        }
      },
      "rounded": {
        "forecast": [
          0.0,
          0.0,
          0.0,
          0.0,
          0.0,
          0.0,
          0.0,
          0.0,
          0.0,
          0.0,
          0.0,
          0.0,
          0.0,
          0.0,
          0.0,
          0.0,
          0.0,
          0.0,
          0.0,
          1.0,
          1.0,
          0.0,
          0.0,
          0.0,
          0.0,
          0.0,
          0.0,
          0.0
        ],
        "metrics": {
          "mae": 0.1785714285714285,
          "mape": 1.0,
          "rmse": 0.4225771273642583,
          "smape": 0.3571428571428571,
          "rmsse": 0.3544909164905868
        }
      }
    },
    "p25": {
      "raw": {
        "forecast": [
          0.0,
          0.0,
          0.0,
          0.0,
          0.0,
          0.0,
          0.0,
          0.0,
          0.0,
          0.0,
          0.0,
          0.0,
          0.0,
          0.0,
          0.0,
          0.0,
          0.0,
          0.0,
          0.0,
          0.0,
          0.0,
          0.0,
          0.0,
          0.0,
          0.0,
          0.0,
          0.0,
          0.0
        ],
        "metrics": {
          "mae": 0.1071428571428571,
          "mape": 1.0,
          "rmse": 0.3273268353539885,
          "smape": 0.2142857142857142,
          "rmsse": 0.2745874831899694
        }
      },
      "rounded": {
        "forecast": [
          0.0,
          0.0,
          0.0,
          0.0,
          0.0,
          0.0,
          0.0,
          0.0,
          0.0,
          0.0,
          0.0,
          0.0,
          0.0,
          0.0,
          0.0,
          0.0,
          0.0,
          0.0,
          0.0,
          0.0,
          0.0,
          0.0,
          0.0,
          0.0,
          0.0,
          0.0,
          0.0,
          0.0
        ],
        "metrics": {
          "mae": 0.1071428571428571,
          "mape": 1.0,
          "rmse": 0.3273268353539885,
          "smape": 0.2142857142857142,
          "rmsse": 0.2745874831899694
        }
      }
    },
    "p50": {
      "raw": {
        "forecast": [
          0.0,
          0.0,
          0.0,
          0.0,
          0.0,
          0.0,
          0.0,
          0.0,
          0.0,
          0.0,
          0.0,
          0.0,
          0.0,
          0.0,
          0.0,
          0.0,
          0.0,
          0.0,
          0.0,
          0.0,
          0.0,
          0.0,
          0.0,
          0.0,
          0.0,
          0.0,
          0.0,
          0.0
        ],
        "metrics": {
          "mae": 0.1071428571428571,
          "mape": 1.0,
          "rmse": 0.3273268353539885,
          "smape": 0.2142857142857142,
          "rmsse": 0.2745874831899694
        }
      },
      "rounded": {
        "forecast": [
          0.0,
          0.0,
          0.0,
          0.0,
          0.0,
          0.0,
          0.0,
          0.0,
          0.0,
          0.0,
          0.0,
          0.0,
          0.0,
          0.0,
          0.0,
          0.0,
          0.0,
          0.0,
          0.0,
          0.0,
          0.0,
          0.0,
          0.0,
          0.0,
          0.0,
          0.0,
          0.0,
          0.0
        ],
        "metrics": {
          "mae": 0.1071428571428571,
          "mape": 1.0,
          "rmse": 0.3273268353539885,
          "smape": 0.2142857142857142,
          "rmsse": 0.2745874831899694
        }
      }
    },
    "p75": {
      "raw": {
        "forecast": [
          0.0,
          0.0,
          0.0,
          0.0,
          0.0,
          1.0,
          0.0,
          1.0,
          0.0,
          0.0,
          0.25,
          1.0,
          1.0,
          1.0,
          1.0,
          1.0,
          0.0,
          0.25,
          0.0,
          1.0,
          1.0,
          1.0,
          0.0,
          1.0,
          0.0,
          1.0,
          1.0,
          1.0
        ],
        "metrics": {
          "mae": 0.4107142857142857,
          "mape": 0.0,
          "rmse": 0.6303343783829568,
          "smape": 0.9285714285714286,
          "rmsse": 0.5287740320499845
        }
      },
      "rounded": {
        "forecast": [
          0.0,
          0.0,
          0.0,
          0.0,
          0.0,
          1.0,
          0.0,
          1.0,
          0.0,
          0.0,
          0.0,
          1.0,
          1.0,
          1.0,
          1.0,
          1.0,
          0.0,
          0.0,
          0.0,
          1.0,
          1.0,
          1.0,
          0.0,
          1.0,
          0.0,
          1.0,
          1.0,
          1.0
        ],
        "metrics": {
          "mae": 0.3928571428571428,
          "mape": 0.0,
          "rmse": 0.6267831705280087,
          "smape": 0.7857142857142857,
          "rmsse": 0.525794999713329
        }
      }
    }
  }
}