{
  "series_id": "HOUSEHOLD_1_415_CA_1_validation",
  "run": "run_20260526_021333_335192_001_subset34590_ctx84_h64_emb8_ep20_steps100",
  "horizon": [
    1,
    2,
    3,
    4,
    5,
    6,
    7,
    8,
    9,
    10,
    11,
    12,
    13,
    14,
    15,
    16,
    17,
    18,
    19,
    20,
    21,
    22,
    23,
    24,
    25,
    26,
    27,
    28
  ],
  "actuals": [
    2.0,
    0.0,
    4.0,
    1.0,
    2.0,
    2.0,
    0.0,
    1.0,
    0.0,
    2.0,
    0.0,
    0.0,
    3.0,
    1.0,
    0.0,
    1.0,
    0.0,
    1.0,
    0.0,
    2.0,
    1.0,
    0.0,
    1.0,
    0.0,
    0.0,
    0.0,
    1.0,
    3.0
  ],
  "modes": {
    "mean": {
      "raw": {
        "forecast": [
          0.6910005,
          0.58866954,
          0.5633982,
          0.5702765,
          0.6555565,
          0.75475824,
          0.82217443,
          0.6883452,
          0.6086067,
          0.5790619,
          0.53766,
          0.65891933,
          0.8368321,
          0.8724526,
          0.71287334,
          0.6204529,
          0.56939375,
          0.5843557,
          0.668727,
          0.8416952,
          0.92950106,
          0.6924761,
          0.6137302,
          0.5877409,
          0.5993591,
          0.69487804,
          0.898708,
          0.9126067
        ],
        "metrics": {
          "mae": 0.8617409531559262,
          "mape": 0.4835716160014272,
          "rmse": 1.1199684094453677,
          "smape": 1.257561927455059,
          "rmsse": 1.083997334924406
        }
      },
      "rounded": {
        "forecast": [
          1.0,
          1.0,
          1.0,
          1.0,
          1.0,
          1.0,
          1.0,
          1.0,
          1.0,
          1.0,
          1.0,
          1.0,
          1.0,
          1.0,
          1.0,
          1.0,
          1.0,
          1.0,
          1.0,
          1.0,
          1.0,
          1.0,
          1.0,
          1.0,
          1.0,
          1.0,
          1.0,
          1.0
        ],
        "metrics": {
          "mae": 0.8571428571428571,
          "mape": 0.2864583333333333,
          "rmse": 1.1019463300386794,
          "smape": 1.0904761904761904,
          "rmsse": 1.0665540875239543
        }
      }
    },
    "sample-mean": {
      "raw": {
        "forecast": [
          0.75,
          0.8,
          0.66,
          0.55,
          0.56,
          0.85,
          0.65,
          0.6,
          0.58,
          0.52,
          0.56,
          0.7,
          0.77,
          0.76,
          0.72,
          0.62,
          0.4,
          0.53,
          0.65,
          0.71,
          0.88,
          0.49,
          0.64,
          0.42,
          0.51,
          0.68,
          0.74,
          0.69
        ],
        "metrics": {
          "mae": 0.868928570832525,
          "mape": 0.520833334264656,
          "rmse": 1.1294293746265742,
          "smape": 1.290667708120669,
          "rmsse": 1.0931544334244605
        }
      },
      "rounded": {
        "forecast": [
          1.0,
          1.0,
          1.0,
          1.0,
          1.0,
          1.0,
          1.0,
          1.0,
          1.0,
          1.0,
          1.0,
          1.0,
          1.0,
          1.0,
          1.0,
          1.0,
          0.0,
          1.0,
          1.0,
          1.0,
          1.0,
          0.0,
          1.0,
          0.0,
          1.0,
          1.0,
          1.0,
          1.0
        ],
        "metrics": {
          "mae": 0.75,
          "mape": 0.2864583333333333,
          "rmse": 1.0522085616183026,
          "smape": 0.8761904761904761,
          "rmsse": 1.0184137936030964
        }
      }
    },
    "p25": {
      "raw": {
        "forecast": [
          0.0,
          0.0,
          0.0,
          0.0,
          0.0,
          0.0,
          0.0,
          0.0,
          0.0,
          0.0,
          0.0,
          0.0,
          0.0,
          0.0,
          0.0,
          0.0,
          0.0,
          0.0,
          0.0,
          0.0,
          0.0,
          0.0,
          0.0,
          0.0,
          0.0,
          0.0,
          0.0,
          0.0
        ],
        "metrics": {
          "mae": 1.0,
          "mape": 1.0,
          "rmse": 1.48804761828569,
          "smape": 1.1428571428571428,
          "rmsse": 1.440254599021333
        }
      },
      "rounded": {
        "forecast": [
          0.0,
          0.0,
          0.0,
          0.0,
          0.0,
          0.0,
          0.0,
          0.0,
          0.0,
          0.0,
          0.0,
          0.0,
          0.0,
          0.0,
          0.0,
          0.0,
          0.0,
          0.0,
          0.0,
          0.0,
          0.0,
          0.0,
          0.0,
          0.0,
          0.0,
          0.0,
          0.0,
          0.0
        ],
        "metrics": {
          "mae": 1.0,
          "mape": 1.0,
          "rmse": 1.48804761828569,
          "smape": 1.1428571428571428,
          "rmsse": 1.440254599021333
        }
      }
    },
    "p50": {
      "raw": {
        "forecast": [
          0.0,
          1.0,
          0.0,
          0.0,
          0.0,
          1.0,
          0.0,
          0.0,
          0.0,
          0.0,
          0.0,
          0.0,
          0.0,
          1.0,
          0.0,
          0.0,
          0.0,
          0.0,
          0.0,
          0.0,
          1.0,
          0.0,
          0.0,
          0.0,
          0.0,
          0.0,
          0.0,
          0.0
        ],
        "metrics": {
          "mae": 0.9285714285714286,
          "mape": 0.84375,
          "rmse": 1.439245834257849,
          "smape": 1.023809523809524,
          "rmsse": 1.3930202276055053
        }
      },
      "rounded": {
        "forecast": [
          0.0,
          1.0,
          0.0,
          0.0,
          0.0,
          1.0,
          0.0,
          0.0,
          0.0,
          0.0,
          0.0,
          0.0,
          0.0,
          1.0,
          0.0,
          0.0,
          0.0,
          0.0,
          0.0,
          0.0,
          1.0,
          0.0,
          0.0,
          0.0,
          0.0,
          0.0,
          0.0,
          0.0
        ],
        "metrics": {
          "mae": 0.9285714285714286,
          "mape": 0.84375,
          "rmse": 1.439245834257849,
          "smape": 1.023809523809524,
          "rmsse": 1.3930202276055053
        }
      }
    },
    "p75": {
      "raw": {
        "forecast": [
          1.0,
          1.0,
          1.0,
          1.0,
          1.0,
          1.0,
          1.0,
          1.0,
          1.0,
          1.0,
          1.0,
          1.0,
          1.25,
          1.0,
          1.0,
          1.0,
          1.0,
          1.0,
          1.0,
          1.0,
          1.0,
          1.0,
          1.0,
          1.0,
          1.0,
          1.0,
          1.0,
          1.0
        ],
        "metrics": {
          "mae": 0.8482142857142857,
          "mape": 0.28125,
          "rmse": 1.0866478599015283,
          "smape": 1.084173669467787,
          "rmsse": 1.0517469726828268
        }
      },
      "rounded": {
        "forecast": [
          1.0,
          1.0,
          1.0,
          1.0,
          1.0,
          1.0,
          1.0,
          1.0,
          1.0,
          1.0,
          1.0,
          1.0,
          1.0,
          1.0,
          1.0,
          1.0,
          1.0,
          1.0,
          1.0,
          1.0,
          1.0,
          1.0,
          1.0,
          1.0,
          1.0,
          1.0,
          1.0,
          1.0
        ],
        "metrics": {
          "mae": 0.8571428571428571,
          "mape": 0.2864583333333333,
          "rmse": 1.1019463300386794,
          "smape": 1.0904761904761904,
          "rmsse": 1.0665540875239543
        }
      }
    }
  }
}