{
  "series_id": "HOUSEHOLD_2_417_CA_2_validation",
  "run": "run_20260526_021333_335192_001_subset34590_ctx84_h64_emb8_ep20_steps100",
  "horizon": [
    1,
    2,
    3,
    4,
    5,
    6,
    7,
    8,
    9,
    10,
    11,
    12,
    13,
    14,
    15,
    16,
    17,
    18,
    19,
    20,
    21,
    22,
    23,
    24,
    25,
    26,
    27,
    28
  ],
  "actuals": [
    2.0,
    2.0,
    0.0,
    0.0,
    0.0,
    0.0,
    0.0,
    0.0,
    1.0,
    0.0,
    0.0,
    1.0,
    0.0,
    0.0,
    0.0,
    2.0,
    0.0,
    0.0,
    0.0,
    0.0,
    0.0,
    0.0,
    0.0,
    0.0,
    0.0,
    0.0,
    0.0,
    0.0
  ],
  "modes": {
    "mean": {
      "raw": {
        "forecast": [
          0.27592987,
          0.24981934,
          0.25514105,
          0.27955225,
          0.32502204,
          0.36314067,
          0.3659804,
          0.3040715,
          0.26900843,
          0.2698298,
          0.25796244,
          0.31719157,
          0.40394136,
          0.38359073,
          0.31158358,
          0.26966318,
          0.25914648,
          0.27099857,
          0.3152699,
          0.39717853,
          0.3895176,
          0.29934862,
          0.26569656,
          0.26633832,
          0.2815812,
          0.3385267,
          0.43238497,
          0.40750363
        ],
        "metrics": {
          "mae": 0.5022033740367208,
          "mape": 0.803218761086464,
          "rmse": 0.6684632919133022,
          "smape": 1.885159689339167,
          "rmsse": 0.6762901644649567
        }
      },
      "rounded": {
        "forecast": [
          0.0,
          0.0,
          0.0,
          0.0,
          0.0,
          0.0,
          0.0,
          0.0,
          0.0,
          0.0,
          0.0,
          0.0,
          0.0,
          0.0,
          0.0,
          0.0,
          0.0,
          0.0,
          0.0,
          0.0,
          0.0,
          0.0,
          0.0,
          0.0,
          0.0,
          0.0,
          0.0,
          0.0
        ],
        "metrics": {
          "mae": 0.2857142857142857,
          "mape": 1.0,
          "rmse": 0.7071067811865476,
          "smape": 0.3571428571428571,
          "rmsse": 0.7153861208656447
        }
      }
    },
    "sample-mean": {
      "raw": {
        "forecast": [
          0.23,
          0.23,
          0.31,
          0.34,
          0.35,
          0.39,
          0.47,
          0.26,
          0.39,
          0.24,
          0.26,
          0.31,
          0.33,
          0.55,
          0.27,
          0.24,
          0.27,
          0.3,
          0.31,
          0.29,
          0.35,
          0.24,
          0.19,
          0.25,
          0.33,
          0.24,
          0.38,
          0.25
        ],
        "metrics": {
          "mae": 0.491785714668887,
          "mape": 0.7900000020861626,
          "rmse": 0.6705834349499293,
          "smape": 1.881337479972247,
          "rmsse": 0.6784351317358233
        }
      },
      "rounded": {
        "forecast": [
          0.0,
          0.0,
          0.0,
          0.0,
          0.0,
          0.0,
          0.0,
          0.0,
          0.0,
          0.0,
          0.0,
          0.0,
          0.0,
          1.0,
          0.0,
          0.0,
          0.0,
          0.0,
          0.0,
          0.0,
          0.0,
          0.0,
          0.0,
          0.0,
          0.0,
          0.0,
          0.0,
          0.0
        ],
        "metrics": {
          "mae": 0.3214285714285714,
          "mape": 1.0,
          "rmse": 0.7319250547113999,
          "smape": 0.4285714285714285,
          "rmsse": 0.7404949854613623
        }
      }
    },
    "p25": {
      "raw": {
        "forecast": [
          0.0,
          0.0,
          0.0,
          0.0,
          0.0,
          0.0,
          0.0,
          0.0,
          0.0,
          0.0,
          0.0,
          0.0,
          0.0,
          0.0,
          0.0,
          0.0,
          0.0,
          0.0,
          0.0,
          0.0,
          0.0,
          0.0,
          0.0,
          0.0,
          0.0,
          0.0,
          0.0,
          0.0
        ],
        "metrics": {
          "mae": 0.2857142857142857,
          "mape": 1.0,
          "rmse": 0.7071067811865476,
          "smape": 0.3571428571428571,
          "rmsse": 0.7153861208656447
        }
      },
      "rounded": {
        "forecast": [
          0.0,
          0.0,
          0.0,
          0.0,
          0.0,
          0.0,
          0.0,
          0.0,
          0.0,
          0.0,
          0.0,
          0.0,
          0.0,
          0.0,
          0.0,
          0.0,
          0.0,
          0.0,
          0.0,
          0.0,
          0.0,
          0.0,
          0.0,
          0.0,
          0.0,
          0.0,
          0.0,
          0.0
        ],
        "metrics": {
          "mae": 0.2857142857142857,
          "mape": 1.0,
          "rmse": 0.7071067811865476,
          "smape": 0.3571428571428571,
          "rmsse": 0.7153861208656447
        }
      }
    },
    "p50": {
      "raw": {
        "forecast": [
          0.0,
          0.0,
          0.0,
          0.0,
          0.0,
          0.0,
          0.0,
          0.0,
          0.0,
          0.0,
          0.0,
          0.0,
          0.0,
          0.0,
          0.0,
          0.0,
          0.0,
          0.0,
          0.0,
          0.0,
          0.0,
          0.0,
          0.0,
          0.0,
          0.0,
          0.0,
          0.0,
          0.0
        ],
        "metrics": {
          "mae": 0.2857142857142857,
          "mape": 1.0,
          "rmse": 0.7071067811865476,
          "smape": 0.3571428571428571,
          "rmsse": 0.7153861208656447
        }
      },
      "rounded": {
        "forecast": [
          0.0,
          0.0,
          0.0,
          0.0,
          0.0,
          0.0,
          0.0,
          0.0,
          0.0,
          0.0,
          0.0,
          0.0,
          0.0,
          0.0,
          0.0,
          0.0,
          0.0,
          0.0,
          0.0,
          0.0,
          0.0,
          0.0,
          0.0,
          0.0,
          0.0,
          0.0,
          0.0,
          0.0
        ],
        "metrics": {
          "mae": 0.2857142857142857,
          "mape": 1.0,
          "rmse": 0.7071067811865476,
          "smape": 0.3571428571428571,
          "rmsse": 0.7153861208656447
        }
      }
    },
    "p75": {
      "raw": {
        "forecast": [
          0.0,
          0.0,
          0.0,
          1.0,
          1.0,
          1.0,
          1.0,
          0.0,
          1.0,
          0.0,
          0.0,
          1.0,
          1.0,
          1.0,
          0.0,
          0.0,
          0.0,
          0.0,
          1.0,
          0.0,
          1.0,
          0.0,
          0.0,
          0.0,
          1.0,
          0.0,
          1.0,
          0.0
        ],
        "metrics": {
          "mae": 0.5714285714285714,
          "mape": 0.6,
          "rmse": 0.8864052604279183,
          "smape": 0.9285714285714286,
          "rmsse": 0.8967839619758041
        }
      },
      "rounded": {
        "forecast": [
          0.0,
          0.0,
          0.0,
          1.0,
          1.0,
          1.0,
          1.0,
          0.0,
          1.0,
          0.0,
          0.0,
          1.0,
          1.0,
          1.0,
          0.0,
          0.0,
          0.0,
          0.0,
          1.0,
          0.0,
          1.0,
          0.0,
          0.0,
          0.0,
          1.0,
          0.0,
          1.0,
          0.0
        ],
        "metrics": {
          "mae": 0.5714285714285714,
          "mape": 0.6,
          "rmse": 0.8864052604279183,
          "smape": 0.9285714285714286,
          "rmsse": 0.8967839619758041
        }
      }
    }
  }
}