{
  "series_id": "HOUSEHOLD_1_021_WI_2_validation",
  "run": "run_20260526_021333_335192_001_subset34590_ctx84_h64_emb8_ep20_steps100",
  "horizon": [
    1,
    2,
    3,
    4,
    5,
    6,
    7,
    8,
    9,
    10,
    11,
    12,
    13,
    14,
    15,
    16,
    17,
    18,
    19,
    20,
    21,
    22,
    23,
    24,
    25,
    26,
    27,
    28
  ],
  "actuals": [
    0.0,
    0.0,
    0.0,
    0.0,
    0.0,
    2.0,
    0.0,
    5.0,
    1.0,
    5.0,
    3.0,
    1.0,
    4.0,
    1.0,
    0.0,
    2.0,
    0.0,
    0.0,
    0.0,
    1.0,
    1.0,
    1.0,
    0.0,
    0.0,
    3.0,
    4.0,
    0.0,
    0.0
  ],
  "modes": {
    "mean": {
      "raw": {
        "forecast": [
          0.81810194,
          1.2068323,
          1.6809382,
          1.7370417,
          1.9243836,
          1.9802965,
          1.8944696,
          2.0287461,
          2.024421,
          2.064818,
          2.3526702,
          2.4923344,
          2.4301274,
          2.417706,
          2.1000698,
          1.8625156,
          1.9732361,
          2.080847,
          2.1890721,
          2.5282989,
          2.37106,
          1.9475307,
          1.8152473,
          1.7867335,
          1.7984279,
          2.0087824,
          2.2857215,
          2.1431088
        ],
        "metrics": {
          "mae": 1.6032418033906393,
          "mape": 0.753414656718572,
          "rmse": 1.743832629552387,
          "smape": 1.297699470149006,
          "rmsse": 0.7577566948819576
        }
      },
      "rounded": {
        "forecast": [
          1.0,
          1.0,
          2.0,
          2.0,
          2.0,
          2.0,
          2.0,
          2.0,
          2.0,
          2.0,
          2.0,
          2.0,
          2.0,
          2.0,
          2.0,
          2.0,
          2.0,
          2.0,
          2.0,
          3.0,
          2.0,
          2.0,
          2.0,
          2.0,
          2.0,
          2.0,
          2.0,
          2.0
        ],
        "metrics": {
          "mae": 1.6071428571428572,
          "mape": 0.7047619047619048,
          "rmse": 1.7627089541790095,
          "smape": 1.2921768707482992,
          "rmsse": 0.7659591227515749
        }
      }
    },
    "sample-mean": {
      "raw": {
        "forecast": [
          0.92,
          0.54,
          1.26,
          1.21,
          1.39,
          1.59,
          1.16,
          1.43,
          1.38,
          1.88,
          2.09,
          1.9,
          2.01,
          1.87,
          1.71,
          1.42,
          1.52,
          1.85,
          1.78,
          2.3,
          1.95,
          1.31,
          1.73,
          1.67,
          1.41,
          1.69,
          2.05,
          1.82
        ],
        "metrics": {
          "mae": 1.421428573983056,
          "mape": 0.6036666640213557,
          "rmse": 1.610518997286833,
          "smape": 1.2994448901967828,
          "rmsse": 0.6998272263903714
        }
      },
      "rounded": {
        "forecast": [
          1.0,
          1.0,
          1.0,
          1.0,
          1.0,
          2.0,
          1.0,
          1.0,
          1.0,
          2.0,
          2.0,
          2.0,
          2.0,
          2.0,
          2.0,
          1.0,
          2.0,
          2.0,
          2.0,
          2.0,
          2.0,
          1.0,
          2.0,
          2.0,
          1.0,
          2.0,
          2.0,
          2.0
        ],
        "metrics": {
          "mae": 1.4642857142857142,
          "mape": 0.5642857142857143,
          "rmse": 1.7008401285415224,
          "smape": 1.2948979591836736,
          "rmsse": 0.7390749390077921
        }
      }
    },
    "p25": {
      "raw": {
        "forecast": [
          0.0,
          0.0,
          0.0,
          0.0,
          0.0,
          0.0,
          0.0,
          0.0,
          0.0,
          0.0,
          0.0,
          0.0,
          0.0,
          0.0,
          0.0,
          0.0,
          0.0,
          0.0,
          0.0,
          0.0,
          0.0,
          0.0,
          0.0,
          1.0,
          0.0,
          0.0,
          0.0,
          0.0
        ],
        "metrics": {
          "mae": 1.25,
          "mape": 1.0,
          "rmse": 2.026608708444444,
          "smape": 1.0714285714285714,
          "rmsse": 0.8806328604620945
        }
      },
      "rounded": {
        "forecast": [
          0.0,
          0.0,
          0.0,
          0.0,
          0.0,
          0.0,
          0.0,
          0.0,
          0.0,
          0.0,
          0.0,
          0.0,
          0.0,
          0.0,
          0.0,
          0.0,
          0.0,
          0.0,
          0.0,
          0.0,
          0.0,
          0.0,
          0.0,
          1.0,
          0.0,
          0.0,
          0.0,
          0.0
        ],
        "metrics": {
          "mae": 1.25,
          "mape": 1.0,
          "rmse": 2.026608708444444,
          "smape": 1.0714285714285714,
          "rmsse": 0.8806328604620945
        }
      }
    },
    "p50": {
      "raw": {
        "forecast": [
          0.0,
          0.0,
          0.0,
          1.0,
          1.0,
          1.0,
          0.0,
          1.0,
          1.0,
          2.0,
          1.0,
          1.0,
          1.0,
          1.0,
          1.0,
          1.0,
          1.0,
          1.0,
          1.0,
          1.0,
          2.0,
          1.0,
          1.0,
          1.0,
          1.0,
          1.0,
          2.0,
          1.0
        ],
        "metrics": {
          "mae": 1.1071428571428572,
          "mape": 0.4452380952380952,
          "rmse": 1.546886273407694,
          "smape": 1.0210884353741496,
          "rmsse": 0.6721765667365436
        }
      },
      "rounded": {
        "forecast": [
          0.0,
          0.0,
          0.0,
          1.0,
          1.0,
          1.0,
          0.0,
          1.0,
          1.0,
          2.0,
          1.0,
          1.0,
          1.0,
          1.0,
          1.0,
          1.0,
          1.0,
          1.0,
          1.0,
          1.0,
          2.0,
          1.0,
          1.0,
          1.0,
          1.0,
          1.0,
          2.0,
          1.0
        ],
        "metrics": {
          "mae": 1.1071428571428572,
          "mape": 0.4452380952380952,
          "rmse": 1.546886273407694,
          "smape": 1.0210884353741496,
          "rmsse": 0.6721765667365436
        }
      }
    },
    "p75": {
      "raw": {
        "forecast": [
          0.25,
          1.0,
          1.0,
          2.0,
          2.0,
          2.0,
          2.0,
          2.0,
          2.0,
          3.0,
          3.0,
          3.0,
          3.0,
          3.0,
          3.0,
          2.0,
          2.0,
          3.0,
          3.0,
          4.0,
          3.0,
          2.0,
          3.0,
          2.0,
          2.0,
          2.0,
          3.0,
          2.25
        ],
        "metrics": {
          "mae": 1.7678571428571428,
          "mape": 0.9345238095238096,
          "rmse": 2.0188840623331634,
          "smape": 1.2943877551020406,
          "rmsse": 0.877276229666673
        }
      },
      "rounded": {
        "forecast": [
          0.0,
          1.0,
          1.0,
          2.0,
          2.0,
          2.0,
          2.0,
          2.0,
          2.0,
          3.0,
          3.0,
          3.0,
          3.0,
          3.0,
          3.0,
          2.0,
          2.0,
          3.0,
          3.0,
          4.0,
          3.0,
          2.0,
          3.0,
          2.0,
          2.0,
          2.0,
          3.0,
          2.0
        ],
        "metrics": {
          "mae": 1.75,
          "mape": 0.9345238095238096,
          "rmse": 2.008908730060748,
          "smape": 1.2229591836734697,
          "rmsse": 0.8729415964656442
        }
      }
    }
  }
}