{
  "series_id": "HOUSEHOLD_1_098_CA_2_validation",
  "run": "run_20260526_021333_335192_001_subset34590_ctx84_h64_emb8_ep20_steps100",
  "horizon": [
    1,
    2,
    3,
    4,
    5,
    6,
    7,
    8,
    9,
    10,
    11,
    12,
    13,
    14,
    15,
    16,
    17,
    18,
    19,
    20,
    21,
    22,
    23,
    24,
    25,
    26,
    27,
    28
  ],
  "actuals": [
    0.0,
    0.0,
    0.0,
    1.0,
    0.0,
    1.0,
    0.0,
    1.0,
    0.0,
    0.0,
    0.0,
    0.0,
    1.0,
    1.0,
    0.0,
    0.0,
    2.0,
    0.0,
    1.0,
    1.0,
    0.0,
    0.0,
    1.0,
    1.0,
    0.0,
    0.0,
    0.0,
    0.0
  ],
  "modes": {
    "mean": {
      "raw": {
        "forecast": [
          0.27037123,
          0.24023189,
          0.24126253,
          0.25736028,
          0.3214908,
          0.37320083,
          0.38092935,
          0.2929041,
          0.25418335,
          0.2529893,
          0.24430281,
          0.31391606,
          0.4059613,
          0.3825298,
          0.29640156,
          0.25874913,
          0.25355157,
          0.27869478,
          0.354021,
          0.46657002,
          0.42430687,
          0.31252617,
          0.27103055,
          0.2717813,
          0.29435253,
          0.35804173,
          0.45167756,
          0.4477567
        ],
        "metrics": {
          "mae": 0.4754740558564663,
          "mape": 0.6797865018248558,
          "rmse": 0.5620748580727769,
          "smape": 1.6589311392187671,
          "rmsse": 1.5638303118083283
        }
      },
      "rounded": {
        "forecast": [
          0.0,
          0.0,
          0.0,
          0.0,
          0.0,
          0.0,
          0.0,
          0.0,
          0.0,
          0.0,
          0.0,
          0.0,
          0.0,
          0.0,
          0.0,
          0.0,
          0.0,
          0.0,
          0.0,
          0.0,
          0.0,
          0.0,
          0.0,
          0.0,
          0.0,
          0.0,
          0.0,
          0.0
        ],
        "metrics": {
          "mae": 0.3928571428571428,
          "mape": 1.0,
          "rmse": 0.6813851438692469,
          "smape": 0.7142857142857143,
          "rmsse": 1.895780831848981
        }
      }
    },
    "sample-mean": {
      "raw": {
        "forecast": [
          0.26,
          0.16,
          0.35,
          0.33,
          0.25,
          0.2,
          0.42,
          0.31,
          0.23,
          0.27,
          0.22,
          0.4,
          0.44,
          0.29,
          0.3,
          0.39,
          0.28,
          0.37,
          0.25,
          0.46,
          0.39,
          0.33,
          0.13,
          0.23,
          0.29,
          0.38,
          0.3,
          0.38
        ],
        "metrics": {
          "mae": 0.491785713072334,
          "mape": 0.7219999983906746,
          "rmse": 0.5805385418606304,
          "smape": 1.6968997739422895,
          "rmsse": 1.615200815150342
        }
      },
      "rounded": {
        "forecast": [
          0.0,
          0.0,
          0.0,
          0.0,
          0.0,
          0.0,
          0.0,
          0.0,
          0.0,
          0.0,
          0.0,
          0.0,
          0.0,
          0.0,
          0.0,
          0.0,
          0.0,
          0.0,
          0.0,
          0.0,
          0.0,
          0.0,
          0.0,
          0.0,
          0.0,
          0.0,
          0.0,
          0.0
        ],
        "metrics": {
          "mae": 0.3928571428571428,
          "mape": 1.0,
          "rmse": 0.6813851438692469,
          "smape": 0.7142857142857143,
          "rmsse": 1.895780831848981
        }
      }
    },
    "p25": {
      "raw": {
        "forecast": [
          0.0,
          0.0,
          0.0,
          0.0,
          0.0,
          0.0,
          0.0,
          0.0,
          0.0,
          0.0,
          0.0,
          0.0,
          0.0,
          0.0,
          0.0,
          0.0,
          0.0,
          0.0,
          0.0,
          0.0,
          0.0,
          0.0,
          0.0,
          0.0,
          0.0,
          0.0,
          0.0,
          0.0
        ],
        "metrics": {
          "mae": 0.3928571428571428,
          "mape": 1.0,
          "rmse": 0.6813851438692469,
          "smape": 0.7142857142857143,
          "rmsse": 1.895780831848981
        }
      },
      "rounded": {
        "forecast": [
          0.0,
          0.0,
          0.0,
          0.0,
          0.0,
          0.0,
          0.0,
          0.0,
          0.0,
          0.0,
          0.0,
          0.0,
          0.0,
          0.0,
          0.0,
          0.0,
          0.0,
          0.0,
          0.0,
          0.0,
          0.0,
          0.0,
          0.0,
          0.0,
          0.0,
          0.0,
          0.0,
          0.0
        ],
        "metrics": {
          "mae": 0.3928571428571428,
          "mape": 1.0,
          "rmse": 0.6813851438692469,
          "smape": 0.7142857142857143,
          "rmsse": 1.895780831848981
        }
      }
    },
    "p50": {
      "raw": {
        "forecast": [
          0.0,
          0.0,
          0.0,
          0.0,
          0.0,
          0.0,
          0.0,
          0.0,
          0.0,
          0.0,
          0.0,
          0.0,
          0.0,
          0.0,
          0.0,
          0.0,
          0.0,
          0.0,
          0.0,
          0.0,
          0.0,
          0.0,
          0.0,
          0.0,
          0.0,
          0.0,
          0.0,
          0.0
        ],
        "metrics": {
          "mae": 0.3928571428571428,
          "mape": 1.0,
          "rmse": 0.6813851438692469,
          "smape": 0.7142857142857143,
          "rmsse": 1.895780831848981
        }
      },
      "rounded": {
        "forecast": [
          0.0,
          0.0,
          0.0,
          0.0,
          0.0,
          0.0,
          0.0,
          0.0,
          0.0,
          0.0,
          0.0,
          0.0,
          0.0,
          0.0,
          0.0,
          0.0,
          0.0,
          0.0,
          0.0,
          0.0,
          0.0,
          0.0,
          0.0,
          0.0,
          0.0,
          0.0,
          0.0,
          0.0
        ],
        "metrics": {
          "mae": 0.3928571428571428,
          "mape": 1.0,
          "rmse": 0.6813851438692469,
          "smape": 0.7142857142857143,
          "rmsse": 1.895780831848981
        }
      }
    },
    "p75": {
      "raw": {
        "forecast": [
          0.0,
          0.0,
          1.0,
          1.0,
          0.0,
          0.0,
          1.0,
          0.25,
          0.0,
          0.0,
          0.0,
          1.0,
          1.0,
          0.0,
          0.0,
          1.0,
          0.0,
          1.0,
          0.0,
          1.0,
          1.0,
          0.0,
          0.0,
          0.0,
          0.0,
          1.0,
          0.0,
          1.0
        ],
        "metrics": {
          "mae": 0.5625,
          "mape": 0.675,
          "rmse": 0.7919798879120246,
          "smape": 1.042857142857143,
          "rmsse": 2.203482574022237
        }
      },
      "rounded": {
        "forecast": [
          0.0,
          0.0,
          1.0,
          1.0,
          0.0,
          0.0,
          1.0,
          0.0,
          0.0,
          0.0,
          0.0,
          1.0,
          1.0,
          0.0,
          0.0,
          1.0,
          0.0,
          1.0,
          0.0,
          1.0,
          1.0,
          0.0,
          0.0,
          0.0,
          0.0,
          1.0,
          0.0,
          1.0
        ],
        "metrics": {
          "mae": 0.5714285714285714,
          "mape": 0.7,
          "rmse": 0.8017837257372732,
          "smape": 1.0714285714285714,
          "rmsse": 2.2307592588676424
        }
      }
    }
  }
}