{
  "series_id": "HOUSEHOLD_1_106_TX_2_validation",
  "run": "run_20260526_021333_335192_001_subset34590_ctx84_h64_emb8_ep20_steps100",
  "horizon": [
    1,
    2,
    3,
    4,
    5,
    6,
    7,
    8,
    9,
    10,
    11,
    12,
    13,
    14,
    15,
    16,
    17,
    18,
    19,
    20,
    21,
    22,
    23,
    24,
    25,
    26,
    27,
    28
  ],
  "actuals": [
    5.0,
    6.0,
    8.0,
    3.0,
    10.0,
    16.0,
    15.0,
    7.0,
    6.0,
    3.0,
    6.0,
    5.0,
    6.0,
    7.0,
    10.0,
    3.0,
    5.0,
    9.0,
    9.0,
    7.0,
    13.0,
    6.0,
    1.0,
    6.0,
    9.0,
    8.0,
    8.0,
    17.0
  ],
  "modes": {
    "mean": {
      "raw": {
        "forecast": [
          7.3657517,
          6.4127007,
          6.128043,
          6.31193,
          7.635034,
          8.475701,
          9.222082,
          7.086885,
          6.1742725,
          5.896245,
          5.636839,
          6.9182057,
          8.972411,
          8.36772,
          7.2070637,
          5.7905235,
          5.7853184,
          5.9318023,
          7.0550804,
          8.529266,
          8.74951,
          6.262231,
          5.639888,
          5.4870086,
          5.604586,
          6.495538,
          8.109433,
          8.026131
        ],
        "metrics": {
          "mae": 2.498870083263942,
          "mape": 0.4806656917525796,
          "rmse": 3.2992274970593463,
          "smape": 0.3470070542437335,
          "rmsse": 1.4314410943404892
        }
      },
      "rounded": {
        "forecast": [
          7.0,
          6.0,
          6.0,
          6.0,
          8.0,
          8.0,
          9.0,
          7.0,
          6.0,
          6.0,
          6.0,
          7.0,
          9.0,
          8.0,
          7.0,
          6.0,
          6.0,
          6.0,
          7.0,
          9.0,
          9.0,
          6.0,
          6.0,
          5.0,
          6.0,
          6.0,
          8.0,
          8.0
        ],
        "metrics": {
          "mae": 2.5,
          "mape": 0.4900439663044705,
          "rmse": 3.359421718944242,
          "smape": 0.3460393854511502,
          "rmsse": 1.457557657361587
        }
      }
    },
    "sample-mean": {
      "raw": {
        "forecast": [
          8.01,
          7.3,
          6.72,
          6.61,
          7.32,
          8.85,
          10.11,
          7.21,
          6.15,
          6.32,
          5.74,
          7.3,
          8.69,
          8.5,
          7.44,
          6.2,
          5.82,
          5.35,
          7.37,
          8.86,
          8.59,
          6.15,
          5.19,
          5.49,
          5.52,
          6.95,
          8.11,
          7.53
        ],
        "metrics": {
          "mae": 2.551428590502058,
          "mape": 0.486339219668534,
          "rmse": 3.330958649657892,
          "smape": 0.3559699197677607,
          "rmsse": 1.4452083401096367
        }
      },
      "rounded": {
        "forecast": [
          8.0,
          7.0,
          7.0,
          7.0,
          7.0,
          9.0,
          10.0,
          7.0,
          6.0,
          6.0,
          6.0,
          7.0,
          9.0,
          8.0,
          7.0,
          6.0,
          6.0,
          5.0,
          7.0,
          9.0,
          9.0,
          6.0,
          5.0,
          5.0,
          6.0,
          7.0,
          8.0,
          8.0
        ],
        "metrics": {
          "mae": 2.5,
          "mape": 0.4733276964632006,
          "rmse": 3.2732683535398857,
          "smape": 0.3499988666795389,
          "rmsse": 1.4201781593532052
        }
      }
    },
    "p25": {
      "raw": {
        "forecast": [
          5.0,
          4.0,
          4.0,
          4.0,
          4.0,
          6.0,
          7.0,
          4.75,
          3.0,
          4.0,
          4.0,
          4.0,
          5.0,
          5.0,
          5.0,
          3.0,
          3.0,
          4.0,
          4.75,
          5.0,
          5.0,
          3.75,
          3.0,
          3.0,
          3.75,
          4.0,
          6.0,
          5.0
        ],
        "metrics": {
          "mae": 3.571428571428572,
          "mape": 0.457448876986692,
          "rmse": 4.612676632312926,
          "smape": 0.5389266756645623,
          "rmsse": 2.001309364777656
        }
      },
      "rounded": {
        "forecast": [
          5.0,
          4.0,
          4.0,
          4.0,
          4.0,
          6.0,
          7.0,
          5.0,
          3.0,
          4.0,
          4.0,
          4.0,
          5.0,
          5.0,
          5.0,
          3.0,
          3.0,
          4.0,
          5.0,
          5.0,
          5.0,
          4.0,
          3.0,
          3.0,
          4.0,
          4.0,
          6.0,
          5.0
        ],
        "metrics": {
          "mae": 3.5357142857142856,
          "mape": 0.4527011445603882,
          "rmse": 4.586470787622471,
          "smape": 0.5313468277753992,
          "rmsse": 1.98993939315998
        }
      }
    },
    "p50": {
      "raw": {
        "forecast": [
          8.0,
          6.5,
          6.0,
          6.5,
          7.0,
          9.0,
          10.0,
          7.0,
          6.0,
          6.0,
          5.0,
          6.0,
          8.0,
          8.5,
          7.0,
          6.0,
          5.0,
          5.0,
          7.0,
          9.0,
          7.0,
          5.0,
          5.0,
          5.0,
          5.0,
          7.0,
          8.0,
          7.0
        ],
        "metrics": {
          "mae": 2.625,
          "mape": 0.4746446976226388,
          "rmse": 3.478248738332882,
          "smape": 0.368310824347548,
          "rmsse": 1.5091133257180434
        }
      },
      "rounded": {
        "forecast": [
          8.0,
          6.0,
          6.0,
          6.0,
          7.0,
          9.0,
          10.0,
          7.0,
          6.0,
          6.0,
          5.0,
          6.0,
          8.0,
          8.0,
          7.0,
          6.0,
          5.0,
          5.0,
          7.0,
          9.0,
          7.0,
          5.0,
          5.0,
          5.0,
          5.0,
          7.0,
          8.0,
          7.0
        ],
        "metrics": {
          "mae": 2.571428571428572,
          "mape": 0.4631651057859041,
          "rmse": 3.453776401067595,
          "smape": 0.3607968781918361,
          "rmsse": 1.498495473730778
        }
      }
    },
    "p75": {
      "raw": {
        "forecast": [
          10.0,
          9.0,
          8.25,
          8.0,
          9.0,
          11.0,
          13.0,
          10.0,
          8.0,
          8.25,
          7.0,
          10.0,
          11.0,
          11.25,
          10.0,
          8.0,
          8.0,
          7.0,
          10.0,
          12.0,
          11.0,
          8.0,
          7.0,
          7.0,
          7.0,
          9.0,
          10.0,
          10.0
        ],
        "metrics": {
          "mae": 3.0625,
          "mape": 0.7085684434030021,
          "rmse": 3.6138992594070554,
          "smape": 0.412083251294444,
          "rmsse": 1.5679682335736982
        }
      },
      "rounded": {
        "forecast": [
          10.0,
          9.0,
          8.0,
          8.0,
          9.0,
          11.0,
          13.0,
          10.0,
          8.0,
          8.0,
          7.0,
          10.0,
          11.0,
          11.0,
          10.0,
          8.0,
          8.0,
          7.0,
          10.0,
          12.0,
          11.0,
          8.0,
          7.0,
          7.0,
          7.0,
          9.0,
          10.0,
          10.0
        ],
        "metrics": {
          "mae": 3.0357142857142856,
          "mape": 0.7032006712941586,
          "rmse": 3.5906624935876588,
          "smape": 0.4093575143221317,
          "rmsse": 1.5578864609396204
        }
      }
    }
  }
}