{
  "series_id": "HOUSEHOLD_1_462_WI_3_validation",
  "run": "run_20260526_021333_335192_001_subset34590_ctx84_h64_emb8_ep20_steps100",
  "horizon": [
    1,
    2,
    3,
    4,
    5,
    6,
    7,
    8,
    9,
    10,
    11,
    12,
    13,
    14,
    15,
    16,
    17,
    18,
    19,
    20,
    21,
    22,
    23,
    24,
    25,
    26,
    27,
    28
  ],
  "actuals": [
    7.0,
    3.0,
    0.0,
    0.0,
    2.0,
    5.0,
    5.0,
    1.0,
    5.0,
    2.0,
    6.0,
    0.0,
    2.0,
    2.0,
    1.0,
    2.0,
    4.0,
    5.0,
    1.0,
    4.0,
    1.0,
    1.0,
    6.0,
    7.0,
    7.0,
    3.0,
    0.0,
    3.0
  ],
  "modes": {
    "mean": {
      "raw": {
        "forecast": [
          2.4986925,
          2.428162,
          2.4173179,
          2.5953507,
          2.8817081,
          3.5759325,
          3.3136418,
          2.99131,
          2.9241915,
          2.6904209,
          2.780946,
          3.2818482,
          3.6777506,
          3.7354486,
          3.2680514,
          2.8156374,
          2.8538299,
          2.9276593,
          3.1139176,
          3.8833103,
          3.6478844,
          2.972007,
          2.636788,
          2.6086478,
          2.7235951,
          3.1181867,
          3.9717462,
          3.6152222
        ],
        "metrics": {
          "mae": 2.0942289658955167,
          "mape": 0.7947710225033382,
          "rmse": 2.437634214591476,
          "smape": 0.79458997032104,
          "rmsse": 0.7084869011354729
        }
      },
      "rounded": {
        "forecast": [
          2.0,
          2.0,
          2.0,
          3.0,
          3.0,
          4.0,
          3.0,
          3.0,
          3.0,
          3.0,
          3.0,
          3.0,
          4.0,
          4.0,
          3.0,
          3.0,
          3.0,
          3.0,
          3.0,
          4.0,
          4.0,
          3.0,
          3.0,
          3.0,
          3.0,
          3.0,
          4.0,
          4.0
        ],
        "metrics": {
          "mae": 2.107142857142857,
          "mape": 0.8197420634920635,
          "rmse": 2.427520781138061,
          "smape": 0.8025510204081633,
          "rmsse": 0.7055474793451326
        }
      }
    },
    "sample-mean": {
      "raw": {
        "forecast": [
          2.24,
          2.19,
          2.08,
          2.48,
          2.83,
          3.47,
          2.62,
          2.95,
          2.94,
          2.34,
          2.56,
          2.74,
          3.23,
          3.64,
          2.42,
          2.5,
          2.97,
          3.25,
          2.71,
          3.74,
          3.36,
          2.84,
          2.47,
          2.47,
          2.78,
          2.47,
          3.73,
          2.86
        ],
        "metrics": {
          "mae": 1.9935714261872428,
          "mape": 0.7083958315943916,
          "rmse": 2.371937123104544,
          "smape": 0.7817065465458942,
          "rmsse": 0.6893923509841121
        }
      },
      "rounded": {
        "forecast": [
          2.0,
          2.0,
          2.0,
          2.0,
          3.0,
          3.0,
          3.0,
          3.0,
          3.0,
          2.0,
          3.0,
          3.0,
          3.0,
          4.0,
          2.0,
          2.0,
          3.0,
          3.0,
          3.0,
          4.0,
          3.0,
          3.0,
          2.0,
          2.0,
          3.0,
          2.0,
          4.0,
          3.0
        ],
        "metrics": {
          "mae": 2.0,
          "mape": 0.6951388888888889,
          "rmse": 2.434865792722759,
          "smape": 0.7824263038548752,
          "rmsse": 0.7076822723609578
        }
      }
    },
    "p25": {
      "raw": {
        "forecast": [
          0.0,
          0.0,
          1.0,
          1.0,
          1.0,
          1.0,
          0.0,
          1.0,
          1.0,
          0.0,
          0.0,
          0.0,
          1.0,
          1.0,
          0.0,
          0.0,
          1.0,
          1.0,
          1.0,
          1.75,
          1.0,
          1.0,
          1.0,
          1.0,
          1.0,
          1.0,
          1.0,
          1.0
        ],
        "metrics": {
          "mae": 2.508928571428572,
          "mape": 0.6705605158730158,
          "rmse": 3.279059643077134,
          "smape": 1.2289707187222716,
          "rmsse": 0.9530432380936408
        }
      },
      "rounded": {
        "forecast": [
          0.0,
          0.0,
          1.0,
          1.0,
          1.0,
          1.0,
          0.0,
          1.0,
          1.0,
          0.0,
          0.0,
          0.0,
          1.0,
          1.0,
          0.0,
          0.0,
          1.0,
          1.0,
          1.0,
          2.0,
          1.0,
          1.0,
          1.0,
          1.0,
          1.0,
          1.0,
          1.0,
          1.0
        ],
        "metrics": {
          "mae": 2.5,
          "mape": 0.667956349206349,
          "rmse": 3.2732683535398857,
          "smape": 1.2248299319727889,
          "rmsse": 0.951360027071551
        }
      }
    },
    "p50": {
      "raw": {
        "forecast": [
          1.0,
          1.0,
          1.0,
          2.0,
          2.0,
          3.0,
          2.0,
          2.0,
          2.0,
          1.0,
          2.0,
          2.0,
          3.0,
          3.0,
          2.0,
          1.0,
          2.0,
          2.0,
          2.0,
          3.0,
          3.0,
          2.0,
          2.0,
          2.0,
          2.5,
          2.0,
          3.0,
          2.0
        ],
        "metrics": {
          "mae": 2.125,
          "mape": 0.6596230158730158,
          "rmse": 2.572172511432977,
          "smape": 0.8993674662847594,
          "rmsse": 0.7475898233223665
        }
      },
      "rounded": {
        "forecast": [
          1.0,
          1.0,
          1.0,
          2.0,
          2.0,
          3.0,
          2.0,
          2.0,
          2.0,
          1.0,
          2.0,
          2.0,
          3.0,
          3.0,
          2.0,
          1.0,
          2.0,
          2.0,
          2.0,
          3.0,
          3.0,
          2.0,
          2.0,
          2.0,
          2.0,
          2.0,
          3.0,
          2.0
        ],
        "metrics": {
          "mae": 2.142857142857143,
          "mape": 0.6625992063492063,
          "rmse": 2.6049403612586386,
          "smape": 0.9052154195011336,
          "rmsse": 0.7571136445096835
        }
      }
    },
    "p75": {
      "raw": {
        "forecast": [
          3.0,
          4.0,
          3.0,
          3.0,
          4.0,
          5.0,
          4.0,
          5.0,
          4.0,
          4.0,
          4.0,
          4.0,
          5.0,
          6.0,
          3.0,
          4.0,
          4.0,
          5.0,
          4.0,
          5.0,
          5.0,
          5.0,
          4.0,
          3.0,
          4.0,
          4.0,
          5.25,
          4.0
        ],
        "metrics": {
          "mae": 2.3660714285714284,
          "mape": 1.1411706349206348,
          "rmse": 2.768202743400748,
          "smape": 0.8045145330859615,
          "rmsse": 0.8045650867742662
        }
      },
      "rounded": {
        "forecast": [
          3.0,
          4.0,
          3.0,
          3.0,
          4.0,
          5.0,
          4.0,
          5.0,
          4.0,
          4.0,
          4.0,
          4.0,
          5.0,
          6.0,
          3.0,
          4.0,
          4.0,
          5.0,
          4.0,
          5.0,
          5.0,
          5.0,
          4.0,
          3.0,
          4.0,
          4.0,
          5.0,
          4.0
        ],
        "metrics": {
          "mae": 2.357142857142857,
          "mape": 1.1411706349206348,
          "rmse": 2.7516228977511745,
          "smape": 0.8045145330859615,
          "rmsse": 0.799746232741427
        }
      }
    }
  }
}