{
  "series_id": "FOODS_3_025_TX_3_validation",
  "run": "run_20260524_085747_563601_001_subset34590_ctx56_h16_emb8_ep10_steps100",
  "horizon": [
    1,
    2,
    3,
    4,
    5,
    6,
    7,
    8,
    9,
    10,
    11,
    12,
    13,
    14,
    15,
    16,
    17,
    18,
    19,
    20,
    21,
    22,
    23,
    24,
    25,
    26,
    27,
    28
  ],
  "actuals": [
    1.0,
    4.0,
    3.0,
    1.0,
    1.0,
    0.0,
    1.0,
    1.0,
    3.0,
    0.0,
    0.0,
    0.0,
    4.0,
    1.0,
    1.0,
    1.0,
    4.0,
    1.0,
    2.0,
    2.0,
    7.0,
    1.0,
    0.0,
    1.0,
    4.0,
    2.0,
    1.0,
    2.0
  ],
  "modes": {
    "mean": {
      "raw": {
        "forecast": [
          1.3130761,
          1.0968165,
          1.0363874,
          1.1147512,
          1.29107,
          1.3423177,
          1.3865066,
          1.1816152,
          1.1155107,
          0.99274665,
          1.0823082,
          1.321492,
          1.4634542,
          1.2884309,
          1.2628932,
          1.021288,
          1.0508523,
          1.1392055,
          1.3191808,
          1.384572,
          1.4520669,
          1.1957533,
          1.034901,
          0.97811127,
          1.0575941,
          1.2378323,
          1.3829476,
          1.3633757
        ],
        "metrics": {
          "mae": 1.1355553162949426,
          "mape": 0.3850012681992651,
          "rmse": 1.687610654003794,
          "smape": 0.7680397283015916,
          "rmsse": 1.4982034891317324
        }
      },
      "rounded": {
        "forecast": [
          1.0,
          1.0,
          1.0,
          1.0,
          1.0,
          1.0,
          1.0,
          1.0,
          1.0,
          1.0,
          1.0,
          1.0,
          1.0,
          1.0,
          1.0,
          1.0,
          1.0,
          1.0,
          1.0,
          1.0,
          1.0,
          1.0,
          1.0,
          1.0,
          1.0,
          1.0,
          1.0,
          1.0
        ],
        "metrics": {
          "mae": 1.1071428571428572,
          "mape": 0.3126293995859213,
          "rmse": 1.7828548534783837,
          "smape": 0.7488095238095239,
          "rmsse": 1.5827580584181071
        }
      }
    },
    "sample-mean": {
      "raw": {
        "forecast": [
          1.44,
          1.05,
          1.0,
          1.08,
          1.34,
          1.34,
          1.25,
          0.89,
          0.87,
          0.73,
          0.96,
          1.23,
          1.09,
          1.14,
          0.88,
          0.69,
          0.89,
          0.79,
          0.93,
          1.18,
          1.05,
          1.04,
          0.71,
          0.68,
          0.81,
          0.98,
          1.0,
          1.2
        ],
        "metrics": {
          "mae": 1.1885714339358466,
          "mape": 0.4122463800707219,
          "rmse": 1.7967371301996484,
          "smape": 0.8309568508578107,
          "rmsse": 1.5950822727572074
        }
      },
      "rounded": {
        "forecast": [
          1.0,
          1.0,
          1.0,
          1.0,
          1.0,
          1.0,
          1.0,
          1.0,
          1.0,
          1.0,
          1.0,
          1.0,
          1.0,
          1.0,
          1.0,
          1.0,
          1.0,
          1.0,
          1.0,
          1.0,
          1.0,
          1.0,
          1.0,
          1.0,
          1.0,
          1.0,
          1.0,
          1.0
        ],
        "metrics": {
          "mae": 1.1071428571428572,
          "mape": 0.3126293995859213,
          "rmse": 1.7828548534783837,
          "smape": 0.7488095238095239,
          "rmsse": 1.5827580584181071
        }
      }
    },
    "p25": {
      "raw": {
        "forecast": [
          0.0,
          0.0,
          0.0,
          0.0,
          0.0,
          0.0,
          0.0,
          0.0,
          0.0,
          0.0,
          0.0,
          0.0,
          0.0,
          0.0,
          0.0,
          0.0,
          0.0,
          0.0,
          0.0,
          0.0,
          0.0,
          0.0,
          0.0,
          0.0,
          0.0,
          0.0,
          0.0,
          0.0
        ],
        "metrics": {
          "mae": 1.75,
          "mape": 1.0,
          "rmse": 2.382975331087468,
          "smape": 1.6428571428571428,
          "rmsse": 2.1155246603118822
        }
      },
      "rounded": {
        "forecast": [
          0.0,
          0.0,
          0.0,
          0.0,
          0.0,
          0.0,
          0.0,
          0.0,
          0.0,
          0.0,
          0.0,
          0.0,
          0.0,
          0.0,
          0.0,
          0.0,
          0.0,
          0.0,
          0.0,
          0.0,
          0.0,
          0.0,
          0.0,
          0.0,
          0.0,
          0.0,
          0.0,
          0.0
        ],
        "metrics": {
          "mae": 1.75,
          "mape": 1.0,
          "rmse": 2.382975331087468,
          "smape": 1.6428571428571428,
          "rmsse": 2.1155246603118822
        }
      }
    },
    "p50": {
      "raw": {
        "forecast": [
          1.0,
          0.0,
          1.0,
          1.0,
          1.0,
          1.0,
          1.0,
          1.0,
          1.0,
          0.0,
          1.0,
          1.0,
          1.0,
          1.0,
          1.0,
          0.0,
          1.0,
          0.0,
          1.0,
          1.0,
          1.0,
          1.0,
          0.0,
          0.0,
          0.0,
          1.0,
          1.0,
          1.0
        ],
        "metrics": {
          "mae": 1.2142857142857142,
          "mape": 0.4648033126293995,
          "rmse": 1.927248223318863,
          "smape": 0.8773809523809525,
          "rmsse": 1.710945593848308
        }
      },
      "rounded": {
        "forecast": [
          1.0,
          0.0,
          1.0,
          1.0,
          1.0,
          1.0,
          1.0,
          1.0,
          1.0,
          0.0,
          1.0,
          1.0,
          1.0,
          1.0,
          1.0,
          0.0,
          1.0,
          0.0,
          1.0,
          1.0,
          1.0,
          1.0,
          0.0,
          0.0,
          0.0,
          1.0,
          1.0,
          1.0
        ],
        "metrics": {
          "mae": 1.2142857142857142,
          "mape": 0.4648033126293995,
          "rmse": 1.927248223318863,
          "smape": 0.8773809523809525,
          "rmsse": 1.710945593848308
        }
      }
    },
    "p75": {
      "raw": {
        "forecast": [
          2.0,
          2.0,
          1.0,
          2.0,
          2.0,
          2.0,
          2.0,
          1.0,
          1.0,
          1.0,
          2.0,
          2.0,
          1.0,
          2.0,
          1.0,
          1.0,
          1.0,
          1.0,
          1.0,
          2.0,
          2.0,
          2.0,
          1.0,
          1.0,
          1.0,
          2.0,
          1.25,
          2.0
        ],
        "metrics": {
          "mae": 1.2589285714285714,
          "mape": 0.5020703933747411,
          "rmse": 1.7429705759339222,
          "smape": 0.7952380952380952,
          "rmsse": 1.5473501498244726
        }
      },
      "rounded": {
        "forecast": [
          2.0,
          2.0,
          1.0,
          2.0,
          2.0,
          2.0,
          2.0,
          1.0,
          1.0,
          1.0,
          2.0,
          2.0,
          1.0,
          2.0,
          1.0,
          1.0,
          1.0,
          1.0,
          1.0,
          2.0,
          2.0,
          2.0,
          1.0,
          1.0,
          1.0,
          2.0,
          1.0,
          2.0
        ],
        "metrics": {
          "mae": 1.25,
          "mape": 0.4912008281573498,
          "rmse": 1.742330131092924,
          "smape": 0.7873015873015873,
          "rmsse": 1.5467815846207016
        }
      }
    }
  }
}