{
  "series_id": "FOODS_3_195_TX_1_validation",
  "run": "run_20260524_085747_563601_001_subset34590_ctx56_h16_emb8_ep10_steps100",
  "horizon": [
    1,
    2,
    3,
    4,
    5,
    6,
    7,
    8,
    9,
    10,
    11,
    12,
    13,
    14,
    15,
    16,
    17,
    18,
    19,
    20,
    21,
    22,
    23,
    24,
    25,
    26,
    27,
    28
  ],
  "actuals": [
    0.0,
    1.0,
    0.0,
    0.0,
    0.0,
    0.0,
    0.0,
    1.0,
    0.0,
    0.0,
    0.0,
    2.0,
    0.0,
    0.0,
    2.0,
    0.0,
    0.0,
    0.0,
    2.0,
    1.0,
    1.0,
    2.0,
    1.0,
    4.0,
    0.0,
    4.0,
    1.0,
    5.0
  ],
  "modes": {
    "mean": {
      "raw": {
        "forecast": [
          0.7114966,
          0.6213121,
          0.57445014,
          0.5948526,
          0.7091222,
          0.78889114,
          0.8856446,
          0.8239956,
          0.7861729,
          0.7160267,
          0.7322807,
          0.93980783,
          1.2004974,
          1.1274668,
          1.1470197,
          0.97127116,
          0.9785577,
          1.0596515,
          1.288554,
          1.498374,
          1.671056,
          1.4376508,
          1.2502134,
          1.1704175,
          1.2351758,
          1.462186,
          1.738045,
          1.8025539
        ],
        "metrics": {
          "mae": 0.9834196056638446,
          "mape": 0.4836309909820556,
          "rmse": 1.207913508657859,
          "smape": 1.3325027946724977,
          "rmsse": 0.5889395875073594
        }
      },
      "rounded": {
        "forecast": [
          1.0,
          1.0,
          1.0,
          1.0,
          1.0,
          1.0,
          1.0,
          1.0,
          1.0,
          1.0,
          1.0,
          1.0,
          1.0,
          1.0,
          1.0,
          1.0,
          1.0,
          1.0,
          1.0,
          1.0,
          2.0,
          1.0,
          1.0,
          1.0,
          1.0,
          1.0,
          2.0,
          2.0
        ],
        "metrics": {
          "mae": 1.0714285714285714,
          "mape": 0.4692307692307692,
          "rmse": 1.3093073414159542,
          "smape": 1.3306122448979594,
          "rmsse": 0.638375943349338
        }
      }
    },
    "sample-mean": {
      "raw": {
        "forecast": [
          0.67,
          0.57,
          0.58,
          0.51,
          0.64,
          0.57,
          0.93,
          0.76,
          0.66,
          0.55,
          0.7,
          0.9,
          0.69,
          0.93,
          1.02,
          0.59,
          0.5,
          0.69,
          0.82,
          0.95,
          1.0,
          0.83,
          0.83,
          0.79,
          0.64,
          0.77,
          0.92,
          0.79
        ],
        "metrics": {
          "mae": 0.9250000012772424,
          "mape": 0.4336153890077884,
          "rmse": 1.3412520794032756,
          "smape": 1.3700388952281668,
          "rmsse": 0.6539511651499351
        }
      },
      "rounded": {
        "forecast": [
          1.0,
          1.0,
          1.0,
          1.0,
          1.0,
          1.0,
          1.0,
          1.0,
          1.0,
          1.0,
          1.0,
          1.0,
          1.0,
          1.0,
          1.0,
          1.0,
          0.0,
          1.0,
          1.0,
          1.0,
          1.0,
          1.0,
          1.0,
          1.0,
          1.0,
          1.0,
          1.0,
          1.0
        ],
        "metrics": {
          "mae": 1.0,
          "mape": 0.3307692307692307,
          "rmse": 1.3627702877384935,
          "smape": 1.2285714285714289,
          "rmsse": 0.6644427480737176
        }
      }
    },
    "p25": {
      "raw": {
        "forecast": [
          0.0,
          0.0,
          0.0,
          0.0,
          0.0,
          0.0,
          0.0,
          0.0,
          0.0,
          0.0,
          0.0,
          0.0,
          0.0,
          0.0,
          0.0,
          0.0,
          0.0,
          0.0,
          0.0,
          0.0,
          0.0,
          0.0,
          0.0,
          0.0,
          0.0,
          0.0,
          0.0,
          0.0
        ],
        "metrics": {
          "mae": 0.9642857142857144,
          "mape": 1.0,
          "rmse": 1.679710859472121,
          "smape": 0.9285714285714286,
          "rmsse": 0.8189727274499314
        }
      },
      "rounded": {
        "forecast": [
          0.0,
          0.0,
          0.0,
          0.0,
          0.0,
          0.0,
          0.0,
          0.0,
          0.0,
          0.0,
          0.0,
          0.0,
          0.0,
          0.0,
          0.0,
          0.0,
          0.0,
          0.0,
          0.0,
          0.0,
          0.0,
          0.0,
          0.0,
          0.0,
          0.0,
          0.0,
          0.0,
          0.0
        ],
        "metrics": {
          "mae": 0.9642857142857144,
          "mape": 1.0,
          "rmse": 1.679710859472121,
          "smape": 0.9285714285714286,
          "rmsse": 0.8189727274499314
        }
      }
    },
    "p50": {
      "raw": {
        "forecast": [
          0.0,
          0.0,
          0.0,
          0.0,
          0.0,
          0.0,
          0.0,
          0.0,
          0.0,
          0.0,
          0.0,
          0.0,
          0.0,
          0.0,
          0.0,
          0.0,
          0.0,
          0.0,
          0.0,
          0.0,
          0.0,
          0.0,
          0.0,
          0.0,
          0.0,
          0.0,
          0.0,
          0.0
        ],
        "metrics": {
          "mae": 0.9642857142857144,
          "mape": 1.0,
          "rmse": 1.679710859472121,
          "smape": 0.9285714285714286,
          "rmsse": 0.8189727274499314
        }
      },
      "rounded": {
        "forecast": [
          0.0,
          0.0,
          0.0,
          0.0,
          0.0,
          0.0,
          0.0,
          0.0,
          0.0,
          0.0,
          0.0,
          0.0,
          0.0,
          0.0,
          0.0,
          0.0,
          0.0,
          0.0,
          0.0,
          0.0,
          0.0,
          0.0,
          0.0,
          0.0,
          0.0,
          0.0,
          0.0,
          0.0
        ],
        "metrics": {
          "mae": 0.9642857142857144,
          "mape": 1.0,
          "rmse": 1.679710859472121,
          "smape": 0.9285714285714286,
          "rmsse": 0.8189727274499314
        }
      }
    },
    "p75": {
      "raw": {
        "forecast": [
          1.0,
          1.0,
          1.0,
          1.0,
          1.0,
          1.0,
          1.0,
          1.0,
          1.0,
          1.0,
          1.0,
          1.25,
          1.0,
          1.0,
          2.0,
          1.0,
          1.0,
          1.0,
          1.0,
          2.0,
          1.0,
          1.0,
          1.25,
          1.0,
          1.0,
          1.0,
          2.0,
          1.0
        ],
        "metrics": {
          "mae": 1.0714285714285714,
          "mape": 0.4557692307692307,
          "rmse": 1.38389976928554,
          "smape": 1.3244200244200246,
          "rmsse": 0.6747448003790922
        }
      },
      "rounded": {
        "forecast": [
          1.0,
          1.0,
          1.0,
          1.0,
          1.0,
          1.0,
          1.0,
          1.0,
          1.0,
          1.0,
          1.0,
          1.0,
          1.0,
          1.0,
          2.0,
          1.0,
          1.0,
          1.0,
          1.0,
          2.0,
          1.0,
          1.0,
          1.0,
          1.0,
          1.0,
          1.0,
          2.0,
          1.0
        ],
        "metrics": {
          "mae": 1.0714285714285714,
          "mape": 0.4461538461538461,
          "rmse": 1.3887301496588271,
          "smape": 1.323809523809524,
          "rmsse": 0.6770999377330144
        }
      }
    }
  }
}