{
  "series_id": "FOODS_2_197_CA_1_validation",
  "run": "run_20260524_085747_563601_001_subset34590_ctx56_h16_emb8_ep10_steps100",
  "horizon": [
    1,
    2,
    3,
    4,
    5,
    6,
    7,
    8,
    9,
    10,
    11,
    12,
    13,
    14,
    15,
    16,
    17,
    18,
    19,
    20,
    21,
    22,
    23,
    24,
    25,
    26,
    27,
    28
  ],
  "actuals": [
    17.0,
    24.0,
    18.0,
    7.0,
    21.0,
    19.0,
    48.0,
    36.0,
    21.0,
    18.0,
    13.0,
    20.0,
    33.0,
    10.0,
    25.0,
    31.0,
    12.0,
    17.0,
    15.0,
    27.0,
    32.0,
    18.0,
    28.0,
    12.0,
    21.0,
    16.0,
    29.0,
    26.0
  ],
  "modes": {
    "mean": {
      "raw": {
        "forecast": [
          25.880552,
          22.875174,
          21.804556,
          23.167305,
          26.5364,
          27.707619,
          29.045307,
          27.94492,
          25.624697,
          24.672081,
          24.17474,
          28.620121,
          31.443645,
          30.262913,
          28.988804,
          26.477257,
          23.87602,
          25.370699,
          28.552002,
          31.104994,
          31.083982,
          28.569038,
          25.58721,
          24.318676,
          25.597668,
          28.72363,
          31.22235,
          31.17819
        ],
        "metrics": {
          "mae": 7.910555703299386,
          "mape": 0.5088303548175095,
          "rmse": 9.444570085000086,
          "smape": 0.3569731549748892,
          "rmsse": 0.7762497310254927
        }
      },
      "rounded": {
        "forecast": [
          26.0,
          23.0,
          22.0,
          23.0,
          27.0,
          28.0,
          29.0,
          28.0,
          26.0,
          25.0,
          24.0,
          29.0,
          31.0,
          30.0,
          29.0,
          26.0,
          24.0,
          25.0,
          29.0,
          31.0,
          31.0,
          29.0,
          26.0,
          24.0,
          26.0,
          29.0,
          31.0,
          31.0
        ],
        "metrics": {
          "mae": 8.0,
          "mape": 0.5121153997996244,
          "rmse": 9.505637425083226,
          "smape": 0.3602078554554417,
          "rmsse": 0.7812688590416282
        }
      }
    },
    "sample-mean": {
      "raw": {
        "forecast": [
          25.41,
          21.64,
          20.56,
          25.07,
          24.45,
          26.31,
          26.34,
          24.46,
          23.0,
          21.47,
          21.74,
          24.38,
          28.69,
          26.86,
          27.08,
          24.49,
          21.27,
          22.33,
          27.7,
          28.02,
          24.38,
          24.08,
          21.8,
          21.93,
          22.77,
          23.1,
          26.98,
          27.19
        ],
        "metrics": {
          "mae": 6.926428726741245,
          "mape": 0.4344790447620603,
          "rmse": 8.672585021156273,
          "smape": 0.3196356545143691,
          "rmsse": 0.7128002364724061
        }
      },
      "rounded": {
        "forecast": [
          25.0,
          22.0,
          21.0,
          25.0,
          24.0,
          26.0,
          26.0,
          24.0,
          23.0,
          21.0,
          22.0,
          24.0,
          29.0,
          27.0,
          27.0,
          24.0,
          21.0,
          22.0,
          28.0,
          28.0,
          24.0,
          24.0,
          22.0,
          22.0,
          23.0,
          23.0,
          27.0,
          27.0
        ],
        "metrics": {
          "mae": 6.892857142857143,
          "mape": 0.4319689849489814,
          "rmse": 8.71165065546462,
          "smape": 0.3181308672079211,
          "rmsse": 0.7160110430894648
        }
      }
    },
    "p25": {
      "raw": {
        "forecast": [
          15.0,
          12.0,
          10.0,
          12.0,
          13.0,
          15.0,
          15.0,
          13.0,
          12.0,
          9.0,
          11.0,
          13.0,
          17.0,
          14.75,
          15.0,
          11.75,
          11.0,
          10.0,
          16.0,
          15.0,
          14.0,
          12.0,
          11.0,
          11.75,
          12.0,
          13.0,
          16.75,
          14.0
        ],
        "metrics": {
          "mae": 9.660714285714286,
          "mape": 0.3977686060619873,
          "rmse": 12.140913710025524,
          "smape": 0.5004959851117774,
          "rmsse": 0.9978623608054832
        }
      },
      "rounded": {
        "forecast": [
          15.0,
          12.0,
          10.0,
          12.0,
          13.0,
          15.0,
          15.0,
          13.0,
          12.0,
          9.0,
          11.0,
          13.0,
          17.0,
          15.0,
          15.0,
          12.0,
          11.0,
          10.0,
          16.0,
          15.0,
          14.0,
          12.0,
          11.0,
          12.0,
          12.0,
          13.0,
          17.0,
          14.0
        ],
        "metrics": {
          "mae": 9.642857142857142,
          "mape": 0.3973215153792179,
          "rmse": 12.121409630425472,
          "smape": 0.4992268824062528,
          "rmsse": 0.9962593194380964
        }
      }
    },
    "p50": {
      "raw": {
        "forecast": [
          24.0,
          19.5,
          20.0,
          18.0,
          22.0,
          25.5,
          23.0,
          21.0,
          20.0,
          16.5,
          19.0,
          22.0,
          26.0,
          24.0,
          27.0,
          18.5,
          17.5,
          19.0,
          21.0,
          24.5,
          22.0,
          21.0,
          19.5,
          20.0,
          18.5,
          21.5,
          24.0,
          21.0
        ],
        "metrics": {
          "mae": 6.482142857142857,
          "mape": 0.3479415504062721,
          "rmse": 8.332916656249479,
          "smape": 0.3024807933550311,
          "rmsse": 0.6848828750124571
        }
      },
      "rounded": {
        "forecast": [
          24.0,
          20.0,
          20.0,
          18.0,
          22.0,
          26.0,
          23.0,
          21.0,
          20.0,
          16.0,
          19.0,
          22.0,
          26.0,
          24.0,
          27.0,
          18.0,
          18.0,
          19.0,
          21.0,
          24.0,
          22.0,
          21.0,
          20.0,
          20.0,
          18.0,
          22.0,
          24.0,
          21.0
        ],
        "metrics": {
          "mae": 6.571428571428571,
          "mape": 0.3531835801317636,
          "rmse": 8.387916478908386,
          "smape": 0.3068731906098215,
          "rmsse": 0.6894033134401663
        }
      }
    },
    "p75": {
      "raw": {
        "forecast": [
          33.5,
          30.0,
          27.0,
          34.5,
          33.25,
          36.0,
          35.0,
          33.0,
          31.25,
          27.5,
          29.25,
          33.0,
          39.25,
          37.0,
          37.25,
          32.0,
          29.5,
          31.0,
          39.25,
          36.25,
          32.0,
          32.25,
          27.0,
          27.0,
          29.0,
          30.25,
          35.25,
          37.5
        ],
        "metrics": {
          "mae": 11.964285714285714,
          "mape": 0.7877438141832689,
          "rmse": 13.827218241053195,
          "smape": 0.4773900659886351,
          "rmsse": 1.1364598222946252
        }
      },
      "rounded": {
        "forecast": [
          34.0,
          30.0,
          27.0,
          34.0,
          33.0,
          36.0,
          35.0,
          33.0,
          31.0,
          28.0,
          29.0,
          33.0,
          39.0,
          37.0,
          37.0,
          32.0,
          30.0,
          31.0,
          39.0,
          36.0,
          32.0,
          32.0,
          27.0,
          27.0,
          29.0,
          30.0,
          35.0,
          38.0
        ],