{
  "series_id": "FOODS_3_580_TX_3_validation",
  "run": "run_20260524_085747_563601_001_subset34590_ctx56_h16_emb8_ep10_steps100",
  "horizon": [
    1,
    2,
    3,
    4,
    5,
    6,
    7,
    8,
    9,
    10,
    11,
    12,
    13,
    14,
    15,
    16,
    17,
    18,
    19,
    20,
    21,
    22,
    23,
    24,
    25,
    26,
    27,
    28
  ],
  "actuals": [
    0.0,
    0.0,
    10.0,
    0.0,
    0.0,
    15.0,
    6.0,
    16.0,
    5.0,
    8.0,
    13.0,
    4.0,
    2.0,
    0.0,
    9.0,
    0.0,
    1.0,
    2.0,
    10.0,
    22.0,
    8.0,
    0.0,
    16.0,
    0.0,
    2.0,
    4.0,
    3.0,
    0.0
  ],
  "modes": {
    "mean": {
      "raw": {
        "forecast": [
          0.46105802,
          0.4133254,
          0.38727948,
          0.39684132,
          0.46010202,
          0.54647124,
          0.63907367,
          0.61958855,
          0.54723185,
          0.49013233,
          0.50592166,
          0.6341473,
          0.8145861,
          0.8316603,
          0.8065695,
          0.66836417,
          0.5943303,
          0.606858,
          0.73101234,
          0.8849292,
          0.9763735,
          0.84905213,
          0.6882392,
          0.5889214,
          0.57258475,
          0.64863145,
          0.77950466,
          0.8203509
        ],
        "metrics": {
          "mae": 5.322007518793855,
          "mape": 0.8436891597133458,
          "rmse": 7.833713190534479,
          "smape": 1.6658512877358362,
          "rmsse": 0.6403583596764987
        }
      },
      "rounded": {
        "forecast": [
          0.0,
          0.0,
          0.0,
          0.0,
          0.0,
          1.0,
          1.0,
          1.0,
          1.0,
          0.0,
          1.0,
          1.0,
          1.0,
          1.0,
          1.0,
          1.0,
          1.0,
          1.0,
          1.0,
          1.0,
          1.0,
          1.0,
          1.0,
          1.0,
          1.0,
          1.0,
          1.0,
          1.0
        ],
        "metrics": {
          "mae": 5.142857142857143,
          "mape": 0.7710444526233999,
          "rmse": 7.699721701835352,
          "smape": 1.2776288710477604,
          "rmsse": 0.629405371249802
        }
      }
    },
    "sample-mean": {
      "raw": {
        "forecast": [
          0.65,
          1.01,
          0.29,
          0.84,
          0.5,
          0.36,
          0.47,
          1.39,
          1.58,
          0.53,
          0.58,
          1.09,
          0.65,
          1.31,
          0.94,
          0.88,
          0.71,
          1.29,
          1.1,
          1.06,
          2.18,
          1.22,
          1.03,
          0.96,
          1.03,
          0.82,
          1.44,
          2.11
        ],
        "metrics": {
          "mae": 5.2478571363857816,
          "mape": 0.7685750027225217,
          "rmse": 7.679163370551347,
          "smape": 1.547923882553108,
          "rmsse": 0.6277248528317142
        }
      },
      "rounded": {
        "forecast": [
          1.0,
          1.0,
          0.0,
          1.0,
          0.0,
          0.0,
          0.0,
          1.0,
          2.0,
          1.0,
          1.0,
          1.0,
          1.0,
          1.0,
          1.0,
          1.0,
          1.0,
          1.0,
          1.0,
          1.0,
          2.0,
          1.0,
          1.0,
          1.0,
          1.0,
          1.0,
          1.0,
          2.0
        ],
        "metrics": {
          "mae": 5.25,
          "mape": 0.7596409438514702,
          "rmse": 7.72519070499696,
          "smape": 1.475673088734835,
          "rmsse": 0.6314873071964575
        }
      }
    },
    "p25": {
      "raw": {
        "forecast": [
          0.0,
          0.0,
          0.0,
          0.0,
          0.0,
          0.0,
          0.0,
          0.0,
          0.0,
          0.0,
          0.0,
          0.0,
          0.0,
          0.0,
          0.0,
          0.0,
          0.0,
          0.0,
          0.0,
          0.0,
          0.0,
          0.0,
          0.0,
          0.0,
          0.0,
          0.0,
          0.0,
          0.0
        ],
        "metrics": {
          "mae": 5.571428571428571,
          "mape": 1.0,
          "rmse": 8.267837858663102,
          "smape": 1.3571428571428572,
          "rmsse": 0.675845408233989
        }
      },
      "rounded": {
        "forecast": [
          0.0,
          0.0,
          0.0,
          0.0,
          0.0,
          0.0,
          0.0,
          0.0,
          0.0,
          0.0,
          0.0,
          0.0,
          0.0,
          0.0,
          0.0,
          0.0,
          0.0,
          0.0,
          0.0,
          0.0,
          0.0,
          0.0,
          0.0,
          0.0,
          0.0,
          0.0,
          0.0,
          0.0
        ],
        "metrics": {
          "mae": 5.571428571428571,
          "mape": 1.0,
          "rmse": 8.267837858663102,
          "smape": 1.3571428571428572,
          "rmsse": 0.675845408233989
        }
      }
    },
    "p50": {
      "raw": {
        "forecast": [
          0.0,
          0.0,
          0.0,
          0.0,
          0.0,
          0.0,
          0.0,
          0.0,
          0.0,
          0.0,
          0.0,
          0.0,
          0.0,
          0.0,
          0.0,
          0.0,
          0.0,
          0.0,
          0.0,
          0.0,
          0.0,
          0.0,
          0.0,
          0.0,
          0.0,
          0.0,
          0.0,
          0.0
        ],
        "metrics": {
          "mae": 5.571428571428571,
          "mape": 1.0,
          "rmse": 8.267837858663102,
          "smape": 1.3571428571428572,
          "rmsse": 0.675845408233989
        }
      },
      "rounded": {
        "forecast": [
          0.0,
          0.0,
          0.0,
          0.0,
          0.0,
          0.0,
          0.0,
          0.0,
          0.0,
          0.0,
          0.0,
          0.0,
          0.0,
          0.0,
          0.0,
          0.0,
          0.0,
          0.0,
          0.0,
          0.0,
          0.0,
          0.0,
          0.0,
          0.0,
          0.0,
          0.0,
          0.0,
          0.0
        ],
        "metrics": {
          "mae": 5.571428571428571,
          "mape": 1.0,
          "rmse": 8.267837858663102,
          "smape": 1.3571428571428572,
          "rmsse": 0.675845408233989
        }
      }
    },
    "p75": {
      "raw": {
        "forecast": [
          0.0,
          0.0,
          0.0,
          0.0,
          0.0,
          0.0,
          0.0,
          0.0,
          0.0,
          0.0,
          0.0,
          0.0,
          0.0,
          0.0,
          0.0,
          0.0,
          0.0,
          0.0,
          0.0,
          0.0,
          0.0,
          0.0,
          0.0,
          0.0,
          0.0,
          0.0,
          0.0,
          1.0
        ],
        "metrics": {
          "mae": 5.607142857142857,
          "mape": 1.0,
          "rmse": 8.269997408878503,
          "smape": 1.4285714285714286,
          "rmsse": 0.6760219383162039
        }
      },
      "rounded": {
        "forecast": [
          0.0,
          0.0,
          0.0,
          0.0,
          0.0,
          0.0,
          0.0,
          0.0,
          0.0,
          0.0,
          0.0,
          0.0,
          0.0,
          0.0,
          0.0,
          0.0,
          0.0,
          0.0,
          0.0,
          0.0,
          0.0,
          0.0,
          0.0,
          0.0,
          0.0,
          0.0,
          0.0,
          1.0
        ],
        "metrics": {
          "mae": 5.607142857142857,
          "mape": 1.0,
          "rmse": 8.269997408878503,
          "smape": 1.4285714285714286,
          "rmsse": 0.6760219383162039
        }
      }
    }
  }
}