{
  "series_id": "FOODS_2_158_WI_2_validation",
  "run": "run_20260524_085747_563601_001_subset34590_ctx56_h16_emb8_ep10_steps100",
  "horizon": [
    1,
    2,
    3,
    4,
    5,
    6,
    7,
    8,
    9,
    10,
    11,
    12,
    13,
    14,
    15,
    16,
    17,
    18,
    19,
    20,
    21,
    22,
    23,
    24,
    25,
    26,
    27,
    28
  ],
  "actuals": [
    0.0,
    0.0,
    0.0,
    0.0,
    0.0,
    0.0,
    0.0,
    0.0,
    0.0,
    0.0,
    0.0,
    0.0,
    0.0,
    0.0,
    0.0,
    9.0,
    10.0,
    5.0,
    3.0,
    7.0,
    6.0,
    0.0,
    11.0,
    4.0,
    1.0,
    15.0,
    11.0,
    8.0
  ],
  "modes": {
    "mean": {
      "raw": {
        "forecast": [
          0.36645862,
          0.29086798,
          0.253542,
          0.24169399,
          0.25248763,
          0.2731601,
          0.2686755,
          0.23396188,
          0.20531449,
          0.19375743,
          0.18729718,
          0.20858388,
          0.2266514,
          0.21997307,
          0.1991476,
          0.17638876,
          0.15857218,
          0.16078874,
          0.1789021,
          0.19271743,
          0.19117862,
          0.1695514,
          0.14914602,
          0.14006662,
          0.1418411,
          0.15630615,
          0.17376138,
          0.1713722
        ],
        "metrics": {
          "mae": 3.2785743874098574,
          "mape": 0.964608597811428,
          "rmse": 5.40934334422295,
          "smape": 1.9431135861391104,
          "rmsse": 2.451397007061403
        }
      },
      "rounded": {
        "forecast": [
          0.0,
          0.0,
          0.0,
          0.0,
          0.0,
          0.0,
          0.0,
          0.0,
          0.0,
          0.0,
          0.0,
          0.0,
          0.0,
          0.0,
          0.0,
          0.0,
          0.0,
          0.0,
          0.0,
          0.0,
          0.0,
          0.0,
          0.0,
          0.0,
          0.0,
          0.0,
          0.0,
          0.0
        ],
        "metrics": {
          "mae": 3.2142857142857144,
          "mape": 1.0,
          "rmse": 5.503245795502349,
          "smape": 0.8571428571428571,
          "rmsse": 2.4939515600586515
        }
      }
    },
    "sample-mean": {
      "raw": {
        "forecast": [
          0.35,
          0.12,
          0.11,
          0.24,
          0.44,
          0.37,
          0.51,
          0.23,
          0.33,
          0.27,
          0.37,
          0.63,
          0.38,
          0.59,
          0.31,
          0.41,
          0.62,
          0.36,
          0.5,
          0.42,
          0.54,
          0.42,
          0.39,
          0.46,
          0.55,
          0.47,
          0.47,
          0.77
        ],
        "metrics": {
          "mae": 3.2039285698639497,
          "mape": 0.8860843842903786,
          "rmse": 5.2255269737700045,
          "smape": 1.842497080230049,
          "rmsse": 2.3680954172559643
        }
      },
      "rounded": {
        "forecast": [
          0.0,
          0.0,
          0.0,
          0.0,
          0.0,
          0.0,
          1.0,
          0.0,
          0.0,
          0.0,
          0.0,
          1.0,
          0.0,
          1.0,
          0.0,
          0.0,
          1.0,
          0.0,
          0.0,
          0.0,
          1.0,
          0.0,
          0.0,
          0.0,
          1.0,
          0.0,
          0.0,
          1.0
        ],
        "metrics": {
          "mae": 3.1785714285714284,
          "mape": 0.8840277777777779,
          "rmse": 5.361902647381804,
          "smape": 0.950731807874665,
          "rmsse": 2.429897912837056
        }
      }
    },
    "p25": {
      "raw": {
        "forecast": [
          0.0,
          0.0,
          0.0,
          0.0,
          0.0,
          0.0,
          0.0,
          0.0,
          0.0,
          0.0,
          0.0,
          0.0,
          0.0,
          0.0,
          0.0,
          0.0,
          0.0,
          0.0,
          0.0,
          0.0,
          0.0,
          0.0,
          0.0,
          0.0,
          0.0,
          0.0,
          0.0,
          0.0
        ],
        "metrics": {
          "mae": 3.2142857142857144,
          "mape": 1.0,
          "rmse": 5.503245795502349,
          "smape": 0.8571428571428571,
          "rmsse": 2.4939515600586515
        }
      },
      "rounded": {
        "forecast": [
          0.0,
          0.0,
          0.0,
          0.0,
          0.0,
          0.0,
          0.0,
          0.0,
          0.0,
          0.0,
          0.0,
          0.0,
          0.0,
          0.0,
          0.0,
          0.0,
          0.0,
          0.0,
          0.0,
          0.0,
          0.0,
          0.0,
          0.0,
          0.0,
          0.0,
          0.0,
          0.0,
          0.0
        ],
        "metrics": {
          "mae": 3.2142857142857144,
          "mape": 1.0,
          "rmse": 5.503245795502349,
          "smape": 0.8571428571428571,
          "rmsse": 2.4939515600586515
        }
      }
    },
    "p50": {
      "raw": {
        "forecast": [
          0.0,
          0.0,
          0.0,
          0.0,
          0.0,
          0.0,
          0.0,
          0.0,
          0.0,
          0.0,
          0.0,
          0.0,
          0.0,
          0.0,
          0.0,
          0.0,
          0.0,
          0.0,
          0.0,
          0.0,
          0.0,
          0.0,
          0.0,
          0.0,
          0.0,
          0.0,
          0.0,
          0.0
        ],
        "metrics": {
          "mae": 3.2142857142857144,
          "mape": 1.0,
          "rmse": 5.503245795502349,
          "smape": 0.8571428571428571,
          "rmsse": 2.4939515600586515
        }
      },
      "rounded": {
        "forecast": [
          0.0,
          0.0,
          0.0,
          0.0,
          0.0,
          0.0,
          0.0,
          0.0,
          0.0,
          0.0,
          0.0,
          0.0,
          0.0,
          0.0,
          0.0,
          0.0,
          0.0,
          0.0,
          0.0,
          0.0,
          0.0,
          0.0,
          0.0,
          0.0,
          0.0,
          0.0,
          0.0,
          0.0
        ],
        "metrics": {
          "mae": 3.2142857142857144,
          "mape": 1.0,
          "rmse": 5.503245795502349,
          "smape": 0.8571428571428571,
          "rmsse": 2.4939515600586515
        }
      }
    },
    "p75": {
      "raw": {
        "forecast": [
          0.0,
          0.0,
          0.0,
          0.0,
          0.0,
          0.0,
          0.0,
          0.0,
          0.0,
          0.0,
          0.0,
          0.0,
          0.0,
          0.0,
          0.0,
          0.0,
          0.0,
          0.0,
          0.0,
          0.0,
          0.0,
          0.0,
          0.0,
          0.0,
          0.0,
          0.0,
          0.0,
          0.0
        ],
        "metrics": {
          "mae": 3.2142857142857144,
          "mape": 1.0,
          "rmse": 5.503245795502349,
          "smape": 0.8571428571428571,
          "rmsse": 2.4939515600586515
        }
      },
      "rounded": {
        "forecast": [
          0.0,
          0.0,
          0.0,
          0.0,
          0.0,
          0.0,
          0.0,
          0.0,
          0.0,
          0.0,
          0.0,
          0.0,
          0.0,
          0.0,
          0.0,
          0.0,
          0.0,
          0.0,
          0.0,
          0.0,
          0.0,
          0.0,
          0.0,
          0.0,
          0.0,
          0.0,
          0.0,
          0.0
        ],
        "metrics": {
          "mae": 3.2142857142857144,
          "mape": 1.0,
          "rmse": 5.503245795502349,
          "smape": 0.8571428571428571,
          "rmsse": 2.4939515600586515
        }
      }
    }
  }
}