{
  "series_id": "FOODS_3_346_CA_4_validation",
  "run": "run_20260524_085747_563601_001_subset34590_ctx56_h16_emb8_ep10_steps100",
  "horizon": [
    1,
    2,
    3,
    4,
    5,
    6,
    7,
    8,
    9,
    10,
    11,
    12,
    13,
    14,
    15,
    16,
    17,
    18,
    19,
    20,
    21,
    22,
    23,
    24,
    25,
    26,
    27,
    28
  ],
  "actuals": [
    3.0,
    2.0,
    1.0,
    0.0,
    3.0,
    2.0,
    1.0,
    1.0,
    3.0,
    2.0,
    3.0,
    0.0,
    1.0,
    1.0,
    1.0,
    0.0,
    2.0,
    3.0,
    2.0,
    2.0,
    1.0,
    1.0,
    1.0,
    0.0,
    0.0,
    3.0,
    2.0,
    1.0
  ],
  "modes": {
    "mean": {
      "raw": {
        "forecast": [
          2.137761,
          1.9157404,
          1.8420713,
          1.9752438,
          2.301004,
          2.3679862,
          2.3977315,
          2.3583043,
          2.1923928,
          2.1511972,
          2.065031,
          2.5157592,
          2.8474245,
          2.7296226,
          2.6165664,
          2.4081302,
          2.2330263,
          2.3856072,
          2.7245133,
          2.9998536,
          2.990317,
          2.7249706,
          2.4375074,
          2.3359103,
          2.4872007,
          2.818875,
          3.0791614,
          3.056736
        ],
        "metrics": {
          "mae": 1.2665293685027532,
          "mape": 0.8342475398727085,
          "rmse": 1.470046824320799,
          "smape": 0.7812954341403754,
          "rmsse": 0.5850399170203118
        }
      },
      "rounded": {
        "forecast": [
          2.0,
          2.0,
          2.0,
          2.0,
          2.0,
          2.0,
          2.0,
          2.0,
          2.0,
          2.0,
          2.0,
          3.0,
          3.0,
          3.0,
          3.0,
          2.0,
          2.0,
          2.0,
          3.0,
          3.0,
          3.0,
          3.0,
          2.0,
          2.0,
          2.0,
          3.0,
          3.0,
          3.0
        ],
        "metrics": {
          "mae": 1.25,
          "mape": 0.8333333333333334,
          "rmse": 1.475998451412273,
          "smape": 0.7809523809523808,
          "rmsse": 0.5874085078448528
        }
      }
    },
    "sample-mean": {
      "raw": {
        "forecast": [
          2.02,
          1.66,
          1.67,
          1.45,
          1.86,
          1.89,
          2.0,
          1.9,
          1.43,
          1.74,
          1.18,
          2.03,
          2.14,
          1.86,
          1.73,
          1.64,
          1.73,
          1.9,
          1.84,
          2.07,
          2.13,
          1.46,
          1.82,
          1.39,
          1.18,
          1.74,
          1.99,
          2.12
        ],
        "metrics": {
          "mae": 0.9146428619112288,
          "mape": 0.5244927604993184,
          "rmse": 1.0626365543416636,
          "smape": 0.7184212726704101,
          "rmsse": 0.4229013602080545
        }
      },
      "rounded": {
        "forecast": [
          2.0,
          2.0,
          2.0,
          1.0,
          2.0,
          2.0,
          2.0,
          2.0,
          1.0,
          2.0,
          1.0,
          2.0,
          2.0,
          2.0,
          2.0,
          2.0,
          2.0,
          2.0,
          2.0,
          2.0,
          2.0,
          1.0,
          2.0,
          1.0,
          1.0,
          2.0,
          2.0,
          2.0
        ],
        "metrics": {
          "mae": 0.8571428571428571,
          "mape": 0.5072463768115941,
          "rmse": 1.0690449676496976,
          "smape": 0.7,
          "rmsse": 0.4254517399156508
        }
      }
    },
    "p25": {
      "raw": {
        "forecast": [
          1.0,
          0.0,
          0.0,
          0.0,
          0.0,
          0.0,
          0.0,
          0.0,
          0.0,
          0.0,
          0.0,
          0.0,
          0.0,
          0.0,
          0.0,
          0.0,
          0.0,
          0.0,
          0.0,
          0.0,
          0.0,
          0.0,
          0.0,
          0.0,
          0.0,
          0.0,
          0.0,
          0.0
        ],
        "metrics": {
          "mae": 1.4642857142857142,
          "mape": 0.9855072463768116,
          "rmse": 1.7627089541790095,
          "smape": 1.6071428571428572,
          "rmsse": 0.7015117363763673
        }
      },
      "rounded": {
        "forecast": [
          1.0,
          0.0,
          0.0,
          0.0,
          0.0,
          0.0,
          0.0,
          0.0,
          0.0,
          0.0,
          0.0,
          0.0,
          0.0,
          0.0,
          0.0,
          0.0,
          0.0,
          0.0,
          0.0,
          0.0,
          0.0,
          0.0,
          0.0,
          0.0,
          0.0,
          0.0,
          0.0,
          0.0
        ],
        "metrics": {
          "mae": 1.4642857142857142,
          "mape": 0.9855072463768116,
          "rmse": 1.7627089541790095,
          "smape": 1.6071428571428572,
          "rmsse": 0.7015117363763673
        }
      }
    },
    "p50": {
      "raw": {
        "forecast": [
          1.0,
          1.0,
          1.0,
          1.0,
          1.0,
          1.0,
          1.0,
          1.5,
          1.0,
          1.0,
          1.0,
          2.0,
          2.0,
          1.5,
          1.0,
          1.0,
          1.0,
          1.0,
          1.0,
          1.0,
          1.0,
          1.0,
          1.0,
          1.0,
          0.5,
          1.0,
          1.0,
          2.0
        ],
        "metrics": {
          "mae": 0.9821428571428572,
          "mape": 0.4565217391304347,
          "rmse": 1.206381839575324,
          "smape": 0.8142857142857144,
          "rmsse": 0.4801081976732603
        }
      },
      "rounded": {
        "forecast": [
          1.0,
          1.0,
          1.0,
          1.0,
          1.0,
          1.0,
          1.0,
          2.0,
          1.0,
          1.0,
          1.0,
          2.0,
          2.0,
          2.0,
          1.0,
          1.0,
          1.0,
          1.0,
          1.0,
          1.0,
          1.0,
          1.0,
          1.0,
          1.0,
          0.0,
          1.0,
          1.0,
          2.0
        ],
        "metrics": {
          "mae": 1.0,
          "mape": 0.4999999999999999,
          "rmse": 1.224744871391589,
          "smape": 0.761904761904762,
          "rmsse": 0.4874162006785336
        }
      }
    },
    "p75": {
      "raw": {
        "forecast": [
          3.0,
          3.0,
          3.0,
          2.0,
          3.0,
          3.0,
          3.0,
          3.0,
          2.0,
          3.0,
          2.0,
          3.0,
          3.0,
          3.0,
          3.0,
          3.0,
          3.0,
          3.0,
          3.0,
          3.0,
          3.0,
          2.0,
          2.25,
          2.0,
          2.0,
          3.0,
          3.0,
          3.0
        ],
        "metrics": {
          "mae": 1.4017857142857142,
          "mape": 0.9746376811594202,
          "rmse": 1.620873882464994,
          "smape": 0.8227106227106227,
          "rmsse": 0.6450651135795212
        }
      },
      "rounded": {
        "forecast": [
          3.0,
          3.0,
          3.0,
          2.0,
          3.0,
          3.0,
          3.0,
          3.0,
          2.0,
          3.0,
          2.0,
          3.0,
          3.0,
          3.0,
          3.0,
          3.0,
          3.0,
          3.0,
          3.0,
          3.0,
          3.0,
          2.0,
          2.0,
          2.0,
          2.0,
          3.0,
          3.0,
          3.0
        ],
        "metrics": {
          "mae": 1.3928571428571428,
          "mape": 0.9637681159420288,
          "rmse": 1.6146649364939023,
          "smape": 0.8190476190476189,
          "rmsse": 0.6425941166183261
        }
      }
    }
  }
}