{
  "series_id": "FOODS_3_027_TX_1_validation",
  "run": "run_20260524_085747_563601_001_subset34590_ctx56_h16_emb8_ep10_steps100",
  "horizon": [
    1,
    2,
    3,
    4,
    5,
    6,
    7,
    8,
    9,
    10,
    11,
    12,
    13,
    14,
    15,
    16,
    17,
    18,
    19,
    20,
    21,
    22,
    23,
    24,
    25,
    26,
    27,
    28
  ],
  "actuals": [
    0.0,
    1.0,
    1.0,
    0.0,
    0.0,
    0.0,
    0.0,
    0.0,
    0.0,
    0.0,
    0.0,
    2.0,
    0.0,
    1.0,
    0.0,
    1.0,
    3.0,
    1.0,
    0.0,
    1.0,
    0.0,
    1.0,
    0.0,
    3.0,
    0.0,
    0.0,
    0.0,
    0.0
  ],
  "modes": {
    "mean": {
      "raw": {
        "forecast": [
          0.49466434,
          0.46462205,
          0.46134365,
          0.49607703,
          0.5710358,
          0.6090646,
          0.6465041,
          0.61225456,
          0.59187865,
          0.5726746,
          0.59221274,
          0.7149115,
          0.8247568,
          0.7713488,
          0.7659196,
          0.6756711,
          0.68839425,
          0.74225557,
          0.84586847,
          0.9151604,
          0.9634158,
          0.83714414,
          0.7483739,
          0.7239209,
          0.76531416,
          0.8584776,
          0.9551094,
          0.9578522
        ],
        "metrics": {
          "mae": 0.74559578618833,
          "mape": 0.4304226835568746,
          "rmse": 0.8992564972439112,
          "smape": 1.5034953067816748,
          "rmsse": 0.9421139900772264
        }
      },
      "rounded": {
        "forecast": [
          0.0,
          0.0,
          0.0,
          0.0,
          1.0,
          1.0,
          1.0,
          1.0,
          1.0,
          1.0,
          1.0,
          1.0,
          1.0,
          1.0,
          1.0,
          1.0,
          1.0,
          1.0,
          1.0,
          1.0,
          1.0,
          1.0,
          1.0,
          1.0,
          1.0,
          1.0,
          1.0,
          1.0
        ],
        "metrics": {
          "mae": 0.8214285714285714,
          "mape": 0.3833333333333333,
          "rmse": 0.9819805060619656,
          "smape": 1.3809523809523812,
          "rmsse": 1.0287805265566643
        }
      }
    },
    "sample-mean": {
      "raw": {
        "forecast": [
          0.52,
          0.49,
          0.57,
          0.5,
          0.5,
          0.49,
          0.77,
          0.61,
          0.51,
          0.75,
          0.59,
          0.58,
          0.86,
          0.67,
          0.69,
          0.66,
          0.64,
          0.51,
          0.68,
          0.86,
          0.77,
          0.61,
          0.62,
          0.56,
          0.59,
          0.59,
          0.65,
          0.64
        ],
        "metrics": {
          "mae": 0.7207142795835223,
          "mape": 0.4939999947945276,
          "rmse": 0.8854135413615317,
          "smape": 1.5389094231907987,
          "rmsse": 0.9276112954169352
        }
      },
      "rounded": {
        "forecast": [
          1.0,
          0.0,
          1.0,
          0.0,
          0.0,
          0.0,
          1.0,
          1.0,
          1.0,
          1.0,
          1.0,
          1.0,
          1.0,
          1.0,
          1.0,
          1.0,
          1.0,
          1.0,
          1.0,
          1.0,
          1.0,
          1.0,
          1.0,
          1.0,
          1.0,
          1.0,
          1.0,
          1.0
        ],
        "metrics": {
          "mae": 0.75,
          "mape": 0.2833333333333333,
          "rmse": 0.944911182523068,
          "smape": 1.2380952380952384,
          "rmsse": 0.989944523240892
        }
      }
    },
    "p25": {
      "raw": {
        "forecast": [
          0.0,
          0.0,
          0.0,
          0.0,
          0.0,
          0.0,
          0.0,
          0.0,
          0.0,
          0.0,
          0.0,
          0.0,
          0.0,
          0.0,
          0.0,
          0.0,
          0.0,
          0.0,
          0.0,
          0.0,
          0.0,
          0.0,
          0.0,
          0.0,
          0.0,
          0.0,
          0.0,
          0.0
        ],
        "metrics": {
          "mae": 0.5357142857142857,
          "mape": 1.0,
          "rmse": 1.0177004891982149,
          "smape": 0.7142857142857143,
          "rmsse": 1.0662028815144793
        }
      },
      "rounded": {
        "forecast": [
          0.0,
          0.0,
          0.0,
          0.0,
          0.0,
          0.0,
          0.0,
          0.0,
          0.0,
          0.0,
          0.0,
          0.0,
          0.0,
          0.0,
          0.0,
          0.0,
          0.0,
          0.0,
          0.0,
          0.0,
          0.0,
          0.0,
          0.0,
          0.0,
          0.0,
          0.0,
          0.0,
          0.0
        ],
        "metrics": {
          "mae": 0.5357142857142857,
          "mape": 1.0,
          "rmse": 1.0177004891982149,
          "smape": 0.7142857142857143,
          "rmsse": 1.0662028815144793
        }
      }
    },
    "p50": {
      "raw": {
        "forecast": [
          0.0,
          0.0,
          0.0,
          0.0,
          0.0,
          0.0,
          0.0,
          0.0,
          0.0,
          0.0,
          0.0,
          0.0,
          0.0,
          0.0,
          0.0,
          0.0,
          0.0,
          0.0,
          0.0,
          1.0,
          0.0,
          0.0,
          0.0,
          0.0,
          0.0,
          0.0,
          0.0,
          0.0
        ],
        "metrics": {
          "mae": 0.5,
          "mape": 0.9,
          "rmse": 1.0,
          "smape": 0.6428571428571429,
          "rmsse": 1.0476588080983202
        }
      },
      "rounded": {
        "forecast": [
          0.0,
          0.0,
          0.0,
          0.0,
          0.0,
          0.0,
          0.0,
          0.0,
          0.0,
          0.0,
          0.0,
          0.0,
          0.0,
          0.0,
          0.0,
          0.0,
          0.0,
          0.0,
          0.0,
          1.0,
          0.0,
          0.0,
          0.0,
          0.0,
          0.0,
          0.0,
          0.0,
          0.0
        ],
        "metrics": {
          "mae": 0.5,
          "mape": 0.9,
          "rmse": 1.0,
          "smape": 0.6428571428571429,
          "rmsse": 1.0476588080983202
        }
      }
    },
    "p75": {
      "raw": {
        "forecast": [
          1.0,
          1.0,
          1.0,
          1.0,
          1.0,
          1.0,
          1.0,
          1.0,
          1.0,
          1.0,
          1.0,
          1.0,
          1.0,
          1.0,
          1.0,
          1.0,
          1.0,
          1.0,
          1.0,
          1.0,
          1.0,
          1.0,
          1.0,
          1.0,
          1.0,
          1.0,
          1.0,
          1.0
        ],
        "metrics": {
          "mae": 0.8214285714285714,
          "mape": 0.1833333333333333,
          "rmse": 0.9819805060619656,
          "smape": 1.380952380952381,
          "rmsse": 1.0287805265566643
        }
      },
      "rounded": {
        "forecast": [
          1.0,
          1.0,
          1.0,
          1.0,
          1.0,
          1.0,
          1.0,
          1.0,
          1.0,
          1.0,
          1.0,
          1.0,
          1.0,
          1.0,
          1.0,
          1.0,
          1.0,
          1.0,
          1.0,
          1.0,
          1.0,
          1.0,
          1.0,
          1.0,
          1.0,
          1.0,
          1.0,
          1.0
        ],
        "metrics": {
          "mae": 0.8214285714285714,
          "mape": 0.1833333333333333,
          "rmse": 0.9819805060619656,
          "smape": 1.380952380952381,
          "rmsse": 1.0287805265566643
        }
      }
    }
  }
}