{
  "series_id": "FOODS_3_756_WI_3_validation",
  "run": "run_20260524_085747_563601_001_subset34590_ctx56_h16_emb8_ep10_steps100",
  "horizon": [
    1,
    2,
    3,
    4,
    5,
    6,
    7,
    8,
    9,
    10,
    11,
    12,
    13,
    14,
    15,
    16,
    17,
    18,
    19,
    20,
    21,
    22,
    23,
    24,
    25,
    26,
    27,
    28
  ],
  "actuals": [
    5.0,
    4.0,
    2.0,
    6.0,
    7.0,
    9.0,
    10.0,
    7.0,
    9.0,
    5.0,
    5.0,
    8.0,
    11.0,
    16.0,
    4.0,
    5.0,
    8.0,
    12.0,
    5.0,
    9.0,
    9.0,
    4.0,
    6.0,
    9.0,
    6.0,
    8.0,
    16.0,
    9.0
  ],
  "modes": {
    "mean": {
      "raw": {
        "forecast": [
          8.367882,
          7.2694736,
          7.0141106,
          7.616223,
          8.826171,
          9.16408,
          9.086225,
          9.349701,
          8.463698,
          7.5085106,
          8.141537,
          9.77432,
          10.190269,
          10.347342,
          9.75938,
          8.006606,
          8.4932165,
          9.049874,
          9.572193,
          11.108542,
          10.976182,
          9.251578,
          8.182235,
          7.814174,
          8.387213,
          9.540848,
          10.429433,
          10.293477
        ],
        "metrics": {
          "mae": 2.6150879689625333,
          "mape": 0.4792677324393488,
          "rmse": 3.08595281999925,
          "smape": 0.3461088869650073,
          "rmsse": 0.6107778389501339
        }
      },
      "rounded": {
        "forecast": [
          8.0,
          7.0,
          7.0,
          8.0,
          9.0,
          9.0,
          9.0,
          9.0,
          8.0,
          8.0,
          8.0,
          10.0,
          10.0,
          10.0,
          10.0,
          8.0,
          8.0,
          9.0,
          10.0,
          11.0,
          11.0,
          9.0,
          8.0,
          8.0,
          8.0,
          10.0,
          10.0,
          10.0
        ],
        "metrics": {
          "mae": 2.642857142857143,
          "mape": 0.4800041228612657,
          "rmse": 3.150963571444682,
          "smape": 0.3481141726718905,
          "rmsse": 0.6236448944731589
        }
      }
    },
    "sample-mean": {
      "raw": {
        "forecast": [
          8.67,
          7.5,
          6.64,
          6.99,
          8.05,
          8.18,
          8.47,
          8.39,
          8.02,
          6.67,
          7.52,
          8.74,
          8.68,
          8.31,
          8.86,
          7.37,
          6.91,
          7.51,
          8.57,
          9.73,
          9.8,
          7.71,
          6.93,
          6.8,
          7.34,
          7.93,
          9.31,
          9.44
        ],
        "metrics": {
          "mae": 2.385714156287057,
          "mape": 0.411680835400063,
          "rmse": 3.0482077602348987,
          "smape": 0.3211057442960407,
          "rmsse": 0.6033072626391456
        }
      },
      "rounded": {
        "forecast": [
          9.0,
          8.0,
          7.0,
          7.0,
          8.0,
          8.0,
          8.0,
          8.0,
          8.0,
          7.0,
          8.0,
          9.0,
          9.0,
          8.0,
          9.0,
          7.0,
          7.0,
          8.0,
          9.0,
          10.0,
          10.0,
          8.0,
          7.0,
          7.0,
          7.0,
          8.0,
          9.0,
          9.0
        ],
        "metrics": {
          "mae": 2.4642857142857144,
          "mape": 0.4323225881261595,
          "rmse": 3.179173297752555,
          "smape": 0.3288797259794606,
          "rmsse": 0.6292282188713917
        }
      }
    },
    "p25": {
      "raw": {
        "forecast": [
          5.0,
          3.75,
          3.0,
          4.0,
          5.0,
          4.75,
          4.0,
          5.0,
          4.0,
          2.0,
          3.0,
          4.0,
          4.75,
          4.75,
          4.0,
          3.0,
          3.0,
          4.0,
          4.0,
          5.75,
          6.0,
          4.0,
          4.0,
          3.0,
          3.0,
          4.0,
          5.0,
          5.0
        ],
        "metrics": {
          "mae": 3.616071428571429,
          "mape": 0.4137286448670377,
          "rmse": 4.638012582376822,
          "smape": 0.5536395698895734,
          "rmsse": 0.917964553355788
        }
      },
      "rounded": {
        "forecast": [
          5.0,
          4.0,
          3.0,
          4.0,
          5.0,
          5.0,
          4.0,
          5.0,
          4.0,
          2.0,
          3.0,
          4.0,
          5.0,
          5.0,
          4.0,
          3.0,
          3.0,
          4.0,
          4.0,
          6.0,
          6.0,
          4.0,
          4.0,
          3.0,
          3.0,
          4.0,
          5.0,
          5.0
        ],
        "metrics": {
          "mae": 3.571428571428572,
          "mape": 0.4081426509997938,
          "rmse": 4.590362575159894,
          "smape": 0.5453425542711257,
          "rmsse": 0.908533570404493
        }
      }
    },
    "p50": {
      "raw": {
        "forecast": [
          8.0,
          7.0,
          5.0,
          6.0,
          8.0,
          7.0,
          7.0,
          7.0,
          7.0,
          6.0,
          6.5,
          7.0,
          7.0,
          7.5,
          9.0,
          6.0,
          6.0,
          6.0,
          7.5,
          10.0,
          8.0,
          6.0,
          6.0,
          5.0,
          6.0,
          6.5,
          8.0,
          9.0
        ],
        "metrics": {
          "mae": 2.392857142857143,
          "mape": 0.3504055220573078,
          "rmse": 3.262339213334068,
          "smape": 0.3202004308585654,
          "rmsse": 0.645688580113466
        }
      },
      "rounded": {
        "forecast": [
          8.0,
          7.0,
          5.0,
          6.0,
          8.0,
          7.0,
          7.0,
          7.0,
          7.0,
          6.0,
          6.0,
          7.0,
          7.0,
          8.0,
          9.0,
          6.0,
          6.0,
          6.0,
          8.0,
          10.0,
          8.0,
          6.0,
          6.0,
          5.0,
          6.0,
          6.0,
          8.0,
          9.0
        ],
        "metrics": {
          "mae": 2.392857142857143,
          "mape": 0.3515215934858792,
          "rmse": 3.234854821206929,
          "smape": 0.3203635459827411,
          "rmsse": 0.6402488152799013
        }
      }
    },
    "p75": {
      "raw": {
        "forecast": [
          11.0,
          10.25,
          10.0,
          9.25,
          10.0,
          11.0,
          11.0,
          10.0,
          11.0,
          10.0,
          11.0,
          12.0,
          12.0,
          11.0,
          12.0,
          10.0,
          9.0,
          9.0,
          11.0,
          13.0,
          12.25,
          11.0,
          9.0,
          11.0,
          11.0,
          10.0,
          12.0,
          13.0
        ],
        "metrics": {
          "mae": 4.026785714285714,
          "mape": 0.7657042362399504,
          "rmse": 4.488825411110191,
          "smape": 0.4765913592052681,
          "rmsse": 0.888437135608248
        }
      },
      "rounded": {
        "forecast": [
          11.0,
          10.0,
          10.0,
          9.0,
          10.0,
          11.0,
          11.0,
          10.0,
          11.0,
          10.0,
          11.0,
          12.0,
          12.0,
          11.0,
          12.0,
          10.0,
          9.0,
          9.0,
          11.0,
          13.0,
          12.0,
          11.0,
          9.0,
          11.0,
          11.0,
          10.0,
          12.0,
          13.0
        ],
        "metrics": {
          "mae": 4.0,
          "mape": 0.7609919346526489,
          "rmse": 4.464142854857069,
          "smape": 0.4742182270360932,
          "rmsse": 0.8835519156300469
        }
      }
    }
  }
}