{
  "series_id": "FOODS_3_140_CA_1_validation",
  "run": "run_20260524_085747_563601_001_subset34590_ctx56_h16_emb8_ep10_steps100",
  "horizon": [
    1,
    2,
    3,
    4,
    5,
    6,
    7,
    8,
    9,
    10,
    11,
    12,
    13,
    14,
    15,
    16,
    17,
    18,
    19,
    20,
    21,
    22,
    23,
    24,
    25,
    26,
    27,
    28
  ],
  "actuals": [
    2.0,
    1.0,
    0.0,
    5.0,
    5.0,
    0.0,
    4.0,
    4.0,
    1.0,
    4.0,
    1.0,
    1.0,
    2.0,
    1.0,
    0.0,
    1.0,
    2.0,
    1.0,
    5.0,
    4.0,
    1.0,
    0.0,
    3.0,
    1.0,
    3.0,
    0.0,
    5.0,
    3.0
  ],
  "modes": {
    "mean": {
      "raw": {
        "forecast": [
          1.6924176,
          1.4903381,
          1.3844516,
          1.4548688,
          1.7128415,
          1.7632444,
          1.8881279,
          1.8902894,
          1.6747739,
          1.582773,
          1.4862326,
          1.9191036,
          2.3286457,
          2.145643,
          2.096827,
          1.838804,
          1.6216725,
          1.6928765,
          1.9832808,
          2.3513715,
          2.4277234,
          2.1554956,
          1.8428066,
          1.6967076,
          1.7709639,
          2.072285,
          2.4520426,
          2.5244393
        ],
        "metrics": {
          "mae": 1.4787591653210777,
          "mape": 0.581941887261211,
          "rmse": 1.7425275065043206,
          "smape": 0.829997891308593,
          "rmsse": 0.6299863076978136
        }
      },
      "rounded": {
        "forecast": [
          2.0,
          1.0,
          1.0,
          1.0,
          2.0,
          2.0,
          2.0,
          2.0,
          2.0,
          2.0,
          1.0,
          2.0,
          2.0,
          2.0,
          2.0,
          2.0,
          2.0,
          2.0,
          2.0,
          2.0,
          2.0,
          2.0,
          2.0,
          2.0,
          2.0,
          2.0,
          2.0,
          3.0
        ],
        "metrics": {
          "mae": 1.3928571428571428,
          "mape": 0.5333333333333333,
          "rmse": 1.742330131092924,
          "smape": 0.7870748299319726,
          "rmsse": 0.6299149493943195
        }
      }
    },
    "sample-mean": {
      "raw": {
        "forecast": [
          1.73,
          1.38,
          1.48,
          1.4,
          1.74,
          1.65,
          1.6,
          1.55,
          1.5,
          0.84,
          1.01,
          1.37,
          1.85,
          1.12,
          1.1,
          0.87,
          0.84,
          1.19,
          1.03,
          1.65,
          1.36,
          1.42,
          1.07,
          0.85,
          0.81,
          0.93,
          1.29,
          1.32
        ],
        "metrics": {
          "mae": 1.4667857161590032,
          "mape": 0.453536233133164,
          "rmse": 1.917240396070824,
          "smape": 0.8684404623142579,
          "rmsse": 0.6931512952198883
        }
      },
      "rounded": {
        "forecast": [
          2.0,
          1.0,
          1.0,
          1.0,
          2.0,
          2.0,
          2.0,
          2.0,
          2.0,
          1.0,
          1.0,
          1.0,
          2.0,
          1.0,
          1.0,
          1.0,
          1.0,
          1.0,
          1.0,
          2.0,
          1.0,
          1.0,
          1.0,
          1.0,
          1.0,
          1.0,
          1.0,
          1.0
        ],
        "metrics": {
          "mae": 1.3571428571428572,
          "mape": 0.3804347826086957,
          "rmse": 1.889822365046136,
          "smape": 0.7996598639455782,
          "rmsse": 0.6832386917946268
        }
      }
    },
    "p25": {
      "raw": {
        "forecast": [
          0.0,
          0.0,
          0.0,
          0.0,
          0.0,
          0.0,
          0.0,
          0.0,
          0.0,
          0.0,
          0.0,
          0.0,
          0.0,
          0.0,
          0.0,
          0.0,
          0.0,
          0.0,
          0.0,
          0.0,
          0.0,
          0.0,
          0.0,
          0.0,
          0.0,
          0.0,
          0.0,
          0.0
        ],
        "metrics": {
          "mae": 2.142857142857143,
          "mape": 1.0,
          "rmse": 2.7516228977511745,
          "smape": 1.6428571428571428,
          "rmsse": 0.9948105513746291
        }
      },
      "rounded": {
        "forecast": [
          0.0,
          0.0,
          0.0,
          0.0,
          0.0,
          0.0,
          0.0,
          0.0,
          0.0,
          0.0,
          0.0,
          0.0,
          0.0,
          0.0,
          0.0,
          0.0,
          0.0,
          0.0,
          0.0,
          0.0,
          0.0,
          0.0,
          0.0,
          0.0,
          0.0,
          0.0,
          0.0,
          0.0
        ],
        "metrics": {
          "mae": 2.142857142857143,
          "mape": 1.0,
          "rmse": 2.7516228977511745,
          "smape": 1.6428571428571428,
          "rmsse": 0.9948105513746291
        }
      }
    },
    "p50": {
      "raw": {
        "forecast": [
          1.0,
          1.0,
          1.0,
          1.0,
          1.0,
          1.0,
          1.0,
          1.0,
          1.0,
          0.0,
          1.0,
          1.0,
          1.0,
          0.0,
          0.0,
          0.0,
          0.0,
          1.0,
          0.0,
          1.0,
          1.0,
          1.0,
          0.0,
          0.0,
          0.0,
          0.0,
          0.0,
          0.5
        ],
        "metrics": {
          "mae": 1.7678571428571428,
          "mape": 0.6384057971014493,
          "rmse": 2.399776775333192,
          "smape": 1.1795918367346938,
          "rmsse": 0.8676055352629662
        }
      },
      "rounded": {
        "forecast": [
          1.0,
          1.0,
          1.0,
          1.0,
          1.0,
          1.0,
          1.0,
          1.0,
          1.0,
          0.0,
          1.0,
          1.0,
          1.0,
          0.0,
          0.0,
          0.0,
          0.0,
          1.0,
          0.0,
          1.0,
          1.0,
          1.0,
          0.0,
          0.0,
          0.0,
          0.0,
          0.0,
          0.0
        ],
        "metrics": {
          "mae": 1.7857142857142858,
          "mape": 0.6456521739130434,
          "rmse": 2.4201534780139164,
          "smape": 1.1999999999999995,
          "rmsse": 0.8749724454764173
        }
      }
    },
    "p75": {
      "raw": {
        "forecast": [
          3.0,
          2.0,
          2.0,
          2.0,
          3.0,
          3.0,
          2.25,
          2.0,
          2.0,
          1.0,
          2.0,
          2.0,
          3.0,
          2.0,
          2.0,
          1.25,
          2.0,
          2.0,
          2.0,
          3.0,
          2.0,
          2.0,
          2.0,
          1.0,
          1.0,
          1.0,
          2.0,
          2.0
        ],
        "metrics": {
          "mae": 1.5,
          "mape": 0.5965579710144927,
          "rmse": 1.743610785533449,
          "smape": 0.8311678004535147,
          "rmsse": 0.6303779519922192
        }
      },
      "rounded": {
        "forecast": [
          3.0,
          2.0,
          2.0,
          2.0,
          3.0,
          3.0,
          2.0,
          2.0,
          2.0,
          1.0,
          2.0,
          2.0,
          3.0,
          2.0,
          2.0,
          1.0,
          2.0,
          2.0,
          2.0,
          3.0,
          2.0,
          2.0,
          2.0,
          1.0,
          1.0,
          1.0,
          2.0,
          2.0
        ],
        "metrics": {
          "mae": 1.5,
          "mape": 0.5884057971014492,
          "rmse": 1.7525491637693282,
          "smape": 0.8270408163265305,
          "rmsse": 0.633609496906494
        }
      }
    }
  }
}