{
  "series_id": "FOODS_2_155_CA_2_validation",
  "run": "run_20260524_085747_563601_001_subset34590_ctx56_h16_emb8_ep10_steps100",
  "horizon": [
    1,
    2,
    3,
    4,
    5,
    6,
    7,
    8,
    9,
    10,
    11,
    12,
    13,
    14,
    15,
    16,
    17,
    18,
    19,
    20,
    21,
    22,
    23,
    24,
    25,
    26,
    27,
    28
  ],
  "actuals": [
    0.0,
    0.0,
    0.0,
    0.0,
    0.0,
    0.0,
    0.0,
    0.0,
    1.0,
    0.0,
    0.0,
    0.0,
    2.0,
    1.0,
    1.0,
    0.0,
    0.0,
    0.0,
    0.0,
    0.0,
    3.0,
    0.0,
    0.0,
    0.0,
    0.0,
    1.0,
    1.0,
    2.0
  ],
  "modes": {
    "mean": {
      "raw": {
        "forecast": [
          0.17791104,
          0.16230929,
          0.15867509,
          0.16808258,
          0.1959464,
          0.22285429,
          0.25256455,
          0.26640132,
          0.2625304,
          0.26374057,
          0.27379012,
          0.33832425,
          0.42169148,
          0.43375894,
          0.42624658,
          0.38830024,
          0.3508367,
          0.35713795,
          0.4156936,
          0.50740623,
          0.5469984,
          0.49923936,
          0.42895758,
          0.38882294,
          0.39769426,
          0.4678982,
          0.57889104,
          0.6296576
        ],
        "metrics": {
          "mae": 0.5159648475902421,
          "mape": 0.6403334389130275,
          "rmse": 0.7123339485298635,
          "smape": 1.705354349631213,
          "rmsse": 1.23703776307038
        }
      },
      "rounded": {
        "forecast": [
          0.0,
          0.0,
          0.0,
          0.0,
          0.0,
          0.0,
          0.0,
          0.0,
          0.0,
          0.0,
          0.0,
          0.0,
          0.0,
          0.0,
          0.0,
          0.0,
          0.0,
          0.0,
          0.0,
          1.0,
          1.0,
          0.0,
          0.0,
          0.0,
          0.0,
          0.0,
          1.0,
          1.0
        ],
        "metrics": {
          "mae": 0.3571428571428571,
          "mape": 0.7708333333333333,
          "rmse": 0.7071067811865476,
          "smape": 0.4880952380952381,
          "rmsse": 1.2279602743294389
        }
      }
    },
    "sample-mean": {
      "raw": {
        "forecast": [
          0.25,
          0.16,
          0.1,
          0.12,
          0.1,
          0.21,
          0.15,
          0.33,
          0.32,
          0.51,
          0.37,
          0.51,
          0.46,
          0.6,
          0.55,
          0.51,
          0.32,
          0.35,
          0.53,
          0.73,
          0.64,
          0.47,
          0.58,
          0.46,
          0.48,
          0.63,
          0.62,
          0.79
        ],
        "metrics": {
          "mae": 0.5224999963705029,
          "mape": 0.5552083284904559,
          "rmse": 0.701139376714574,
          "smape": 1.6589353925999863,
          "rmsse": 1.2175972912165585
        }
      },
      "rounded": {
        "forecast": [
          0.0,
          0.0,
          0.0,
          0.0,
          0.0,
          0.0,
          0.0,
          0.0,
          0.0,
          1.0,
          0.0,
          1.0,
          0.0,
          1.0,
          1.0,
          1.0,
          0.0,
          0.0,
          1.0,
          1.0,
          1.0,
          0.0,
          1.0,
          0.0,
          0.0,
          1.0,
          1.0,
          1.0
        ],
        "metrics": {
          "mae": 0.4285714285714285,
          "mape": 0.3958333333333333,
          "rmse": 0.7559289460184544,
          "smape": 0.630952380952381,
          "rmsse": 1.3127447517456283
        }
      }
    },
    "p25": {
      "raw": {
        "forecast": [
          0.0,
          0.0,
          0.0,
          0.0,
          0.0,
          0.0,
          0.0,
          0.0,
          0.0,
          0.0,
          0.0,
          0.0,
          0.0,
          0.0,
          0.0,
          0.0,
          0.0,
          0.0,
          0.0,
          0.0,
          0.0,
          0.0,
          0.0,
          0.0,
          0.0,
          0.0,
          0.0,
          0.0
        ],
        "metrics": {
          "mae": 0.4285714285714285,
          "mape": 1.0,
          "rmse": 0.8864052604279183,
          "smape": 0.5714285714285714,
          "rmsse": 1.5393296680532975
        }
      },
      "rounded": {
        "forecast": [
          0.0,
          0.0,
          0.0,
          0.0,
          0.0,
          0.0,
          0.0,
          0.0,
          0.0,
          0.0,
          0.0,
          0.0,
          0.0,
          0.0,
          0.0,
          0.0,
          0.0,
          0.0,
          0.0,
          0.0,
          0.0,
          0.0,
          0.0,
          0.0,
          0.0,
          0.0,
          0.0,
          0.0
        ],
        "metrics": {
          "mae": 0.4285714285714285,
          "mape": 1.0,
          "rmse": 0.8864052604279183,
          "smape": 0.5714285714285714,
          "rmsse": 1.5393296680532975
        }
      }
    },
    "p50": {
      "raw": {
        "forecast": [
          0.0,
          0.0,
          0.0,
          0.0,
          0.0,
          0.0,
          0.0,
          0.0,
          0.0,
          0.0,
          0.0,
          0.0,
          0.0,
          0.0,
          0.0,
          0.0,
          0.0,
          0.0,
          0.0,
          0.0,
          0.0,
          0.0,
          0.0,
          0.0,
          0.0,
          0.0,
          0.0,
          0.0
        ],
        "metrics": {
          "mae": 0.4285714285714285,
          "mape": 1.0,
          "rmse": 0.8864052604279183,
          "smape": 0.5714285714285714,
          "rmsse": 1.5393296680532975
        }
      },
      "rounded": {
        "forecast": [
          0.0,
          0.0,
          0.0,
          0.0,
          0.0,
          0.0,
          0.0,
          0.0,
          0.0,
          0.0,
          0.0,
          0.0,
          0.0,
          0.0,
          0.0,
          0.0,
          0.0,
          0.0,
          0.0,
          0.0,
          0.0,
          0.0,
          0.0,
          0.0,
          0.0,
          0.0,
          0.0,
          0.0
        ],
        "metrics": {
          "mae": 0.4285714285714285,
          "mape": 1.0,
          "rmse": 0.8864052604279183,
          "smape": 0.5714285714285714,
          "rmsse": 1.5393296680532975
        }
      }
    },
    "p75": {
      "raw": {
        "forecast": [
          0.0,
          0.0,
          0.0,
          0.0,
          0.0,
          0.0,
          0.0,
          0.0,
          0.0,
          0.0,
          0.0,
          0.0,
          1.0,
          1.0,
          0.0,
          1.0,
          0.0,
          0.0,
          1.0,
          1.0,
          1.0,
          0.0,
          1.0,
          1.0,
          1.0,
          1.0,
          1.0,
          1.0
        ],
        "metrics": {
          "mae": 0.4285714285714285,
          "mape": 0.4583333333333333,
          "rmse": 0.7071067811865476,
          "smape": 0.6547619047619048,
          "rmsse": 1.2279602743294389
        }
      },
      "rounded": {
        "forecast": [
          0.0,
          0.0,
          0.0,
          0.0,
          0.0,
          0.0,
          0.0,
          0.0,
          0.0,
          0.0,
          0.0,
          0.0,
          1.0,
          1.0,
          0.0,
          1.0,
          0.0,
          0.0,
          1.0,
          1.0,
          1.0,
          0.0,
          1.0,
          1.0,
          1.0,
          1.0,
          1.0,
          1.0
        ],
        "metrics": {
          "mae": 0.4285714285714285,
          "mape": 0.4583333333333333,
          "rmse": 0.7071067811865476,
          "smape": 0.6547619047619048,
          "rmsse": 1.2279602743294389
        }
      }
    }
  }
}