{
  "series_id": "FOODS_2_230_CA_1_validation",
  "run": "run_20260524_085747_563601_001_subset34590_ctx56_h16_emb8_ep10_steps100",
  "horizon": [
    1,
    2,
    3,
    4,
    5,
    6,
    7,
    8,
    9,
    10,
    11,
    12,
    13,
    14,
    15,
    16,
    17,
    18,
    19,
    20,
    21,
    22,
    23,
    24,
    25,
    26,
    27,
    28
  ],
  "actuals": [
    0.0,
    0.0,
    0.0,
    0.0,
    0.0,
    0.0,
    0.0,
    0.0,
    0.0,
    0.0,
    0.0,
    0.0,
    0.0,
    0.0,
    0.0,
    3.0,
    0.0,
    1.0,
    0.0,
    1.0,
    0.0,
    0.0,
    2.0,
    0.0,
    3.0,
    5.0,
    0.0,
    0.0
  ],
  "modes": {
    "mean": {
      "raw": {
        "forecast": [
          0.108182035,
          0.10494551,
          0.10863332,
          0.11847904,
          0.1350398,
          0.15026027,
          0.14982978,
          0.1414628,
          0.13413732,
          0.13662525,
          0.14493644,
          0.16855435,
          0.18554433,
          0.17938125,
          0.1687988,
          0.1573297,
          0.1600233,
          0.16956446,
          0.18995437,
          0.20983216,
          0.2108374,
          0.19517426,
          0.18223283,
          0.18233652,
          0.19590387,
          0.22245163,
          0.24929056,
          0.25345466
        ],
        "metrics": {
          "mae": 0.6228059546223709,
          "mape": 0.894542020559311,
          "rmse": 1.2536209680419044,
          "smape": 1.920621272909588,
          "rmsse": 1.102072952368633
        }
      },
      "rounded": {
        "forecast": [
          0.0,
          0.0,
          0.0,
          0.0,
          0.0,
          0.0,
          0.0,
          0.0,
          0.0,
          0.0,
          0.0,
          0.0,
          0.0,
          0.0,
          0.0,
          0.0,
          0.0,
          0.0,
          0.0,
          0.0,
          0.0,
          0.0,
          0.0,
          0.0,
          0.0,
          0.0,
          0.0,
          0.0
        ],
        "metrics": {
          "mae": 0.5357142857142857,
          "mape": 1.0,
          "rmse": 1.3228756555322954,
          "smape": 0.4285714285714285,
          "rmsse": 1.1629555635035729
        }
      }
    },
    "sample-mean": {
      "raw": {
        "forecast": [
          0.09,
          0.09,
          0.11,
          0.04,
          0.15,
          0.2,
          0.14,
          0.3,
          0.19,
          0.29,
          0.16,
          0.28,
          0.32,
          0.28,
          0.49,
          0.41,
          0.52,
          0.42,
          0.53,
          0.51,
          0.5,
          0.32,
          0.42,
          0.36,
          0.29,
          0.26,
          0.4,
          0.27
        ],
        "metrics": {
          "mae": 0.668571430391499,
          "mape": 0.7624444502923224,
          "rmse": 1.220450739289063,
          "smape": 1.847873307185664,
          "rmsse": 1.0729126137461178
        }
      },
      "rounded": {
        "forecast": [
          0.0,
          0.0,
          0.0,
          0.0,
          0.0,
          0.0,
          0.0,
          0.0,
          0.0,
          0.0,
          0.0,
          0.0,
          0.0,
          0.0,
          0.0,
          0.0,
          1.0,
          0.0,
          1.0,
          1.0,
          0.0,
          0.0,
          0.0,
          0.0,
          0.0,
          0.0,
          0.0,
          0.0
        ],
        "metrics": {
          "mae": 0.5714285714285714,
          "mape": 0.8333333333333334,
          "rmse": 1.336306209562122,
          "smape": 0.5,
          "rmsse": 1.1747625216742843
        }
      }
    },
    "p25": {
      "raw": {
        "forecast": [
          0.0,
          0.0,
          0.0,
          0.0,
          0.0,
          0.0,
          0.0,
          0.0,
          0.0,
          0.0,
          0.0,
          0.0,
          0.0,
          0.0,
          0.0,
          0.0,
          0.0,
          0.0,
          0.0,
          0.0,
          0.0,
          0.0,
          0.0,
          0.0,
          0.0,
          0.0,
          0.0,
          0.0
        ],
        "metrics": {
          "mae": 0.5357142857142857,
          "mape": 1.0,
          "rmse": 1.3228756555322954,
          "smape": 0.4285714285714285,
          "rmsse": 1.1629555635035729
        }
      },
      "rounded": {
        "forecast": [
          0.0,
          0.0,
          0.0,
          0.0,
          0.0,
          0.0,
          0.0,
          0.0,
          0.0,
          0.0,
          0.0,
          0.0,
          0.0,
          0.0,
          0.0,
          0.0,
          0.0,
          0.0,
          0.0,
          0.0,
          0.0,
          0.0,
          0.0,
          0.0,
          0.0,
          0.0,
          0.0,
          0.0
        ],
        "metrics": {
          "mae": 0.5357142857142857,
          "mape": 1.0,
          "rmse": 1.3228756555322954,
          "smape": 0.4285714285714285,
          "rmsse": 1.1629555635035729
        }
      }
    },
    "p50": {
      "raw": {
        "forecast": [
          0.0,
          0.0,
          0.0,
          0.0,
          0.0,
          0.0,
          0.0,
          0.0,
          0.0,
          0.0,
          0.0,
          0.0,
          0.0,
          0.0,
          0.0,
          0.0,
          0.0,
          0.0,
          0.0,
          0.0,
          0.0,
          0.0,
          0.0,
          0.0,
          0.0,
          0.0,
          0.0,
          0.0
        ],
        "metrics": {
          "mae": 0.5357142857142857,
          "mape": 1.0,
          "rmse": 1.3228756555322954,
          "smape": 0.4285714285714285,
          "rmsse": 1.1629555635035729
        }
      },
      "rounded": {
        "forecast": [
          0.0,
          0.0,
          0.0,
          0.0,
          0.0,
          0.0,
          0.0,
          0.0,
          0.0,
          0.0,
          0.0,
          0.0,
          0.0,
          0.0,
          0.0,
          0.0,
          0.0,
          0.0,
          0.0,
          0.0,
          0.0,
          0.0,
          0.0,
          0.0,
          0.0,
          0.0,
          0.0,
          0.0
        ],
        "metrics": {
          "mae": 0.5357142857142857,
          "mape": 1.0,
          "rmse": 1.3228756555322954,
          "smape": 0.4285714285714285,
          "rmsse": 1.1629555635035729
        }
      }
    },
    "p75": {
      "raw": {
        "forecast": [
          0.0,
          0.0,
          0.0,
          0.0,
          0.0,
          0.0,
          0.0,
          0.0,
          0.0,
          0.0,
          0.0,
          0.0,
          0.0,
          0.0,
          0.0,
          0.0,
          0.0,
          0.0,
          0.0,
          0.25,
          0.0,
          0.0,
          0.0,
          0.0,
          0.0,
          0.0,
          0.0,
          0.0
        ],
        "metrics": {
          "mae": 0.5267857142857143,
          "mape": 0.9583333333333334,
          "rmse": 1.3169567191065925,
          "smape": 0.3999999999999999,
          "rmsse": 1.157752156805817
        }
      },
      "rounded": {
        "forecast": [
          0.0,
          0.0,
          0.0,
          0.0,
          0.0,
          0.0,
          0.0,
          0.0,
          0.0,
          0.0,
          0.0,
          0.0,
          0.0,
          0.0,
          0.0,
          0.0,
          0.0,
          0.0,
          0.0,
          0.0,
          0.0,
          0.0,
          0.0,
          0.0,
          0.0,
          0.0,
          0.0,
          0.0
        ],
        "metrics": {
          "mae": 0.5357142857142857,
          "mape": 1.0,
          "rmse": 1.3228756555322954,
          "smape": 0.4285714285714285,
          "rmsse": 1.1629555635035729
        }
      }
    }
  }
}