{
  "series_id": "FOODS_3_484_WI_3_validation",
  "run": "run_20260524_085747_563601_001_subset34590_ctx56_h16_emb8_ep10_steps100",
  "horizon": [
    1,
    2,
    3,
    4,
    5,
    6,
    7,
    8,
    9,
    10,
    11,
    12,
    13,
    14,
    15,
    16,
    17,
    18,
    19,
    20,
    21,
    22,
    23,
    24,
    25,
    26,
    27,
    28
  ],
  "actuals": [
    1.0,
    1.0,
    0.0,
    0.0,
    1.0,
    0.0,
    0.0,
    0.0,
    1.0,
    0.0,
    0.0,
    1.0,
    0.0,
    0.0,
    0.0,
    1.0,
    0.0,
    0.0,
    0.0,
    1.0,
    1.0,
    0.0,
    0.0,
    1.0,
    1.0,
    0.0,
    0.0,
    1.0
  ],
  "modes": {
    "mean": {
      "raw": {
        "forecast": [
          0.8038173,
          0.6946092,
          0.64819914,
          0.68221694,
          0.80089605,
          0.8589846,
          0.8275912,
          0.7991852,
          0.71416295,
          0.6450829,
          0.6547038,
          0.80026335,
          0.9083161,
          0.9077592,
          0.83866096,
          0.70431566,
          0.69955075,
          0.74956137,
          0.84504765,
          1.0254151,
          1.055258,
          0.8994602,
          0.7760413,
          0.71961474,
          0.75160486,
          0.8682423,
          0.99331087,
          1.0015781
        ],
        "metrics": {
          "mae": 0.560531484229224,
          "mape": 0.1902697357264432,
          "rmse": 0.6432552289358721,
          "smape": 1.2997003839136825,
          "rmsse": 0.6880801736205859
        }
      },
      "rounded": {
        "forecast": [
          1.0,
          1.0,
          1.0,
          1.0,
          1.0,
          1.0,
          1.0,
          1.0,
          1.0,
          1.0,
          1.0,
          1.0,
          1.0,
          1.0,
          1.0,
          1.0,
          1.0,
          1.0,
          1.0,
          1.0,
          1.0,
          1.0,
          1.0,
          1.0,
          1.0,
          1.0,
          1.0,
          1.0
        ],
        "metrics": {
          "mae": 0.6071428571428571,
          "mape": 0.0,
          "rmse": 0.7791937224739796,
          "smape": 1.2142857142857142,
          "rmsse": 0.8334914785394097
        }
      }
    },
    "sample-mean": {
      "raw": {
        "forecast": [
          0.72,
          0.55,
          0.77,
          0.64,
          0.64,
          0.7,
          0.67,
          0.72,
          0.71,
          0.5,
          0.61,
          0.85,
          0.63,
          0.84,
          0.79,
          0.72,
          0.65,
          0.6,
          0.78,
          0.8,
          0.87,
          0.66,
          0.78,
          0.52,
          0.63,
          0.88,
          0.66,
          0.64
        ],
        "metrics": {
          "mae": 0.54392856998103,
          "mape": 0.3045454512942921,
          "rmse": 0.5856223785922158,
          "smape": 1.3592152314588244,
          "rmsse": 0.6264312046159893
        }
      },
      "rounded": {
        "forecast": [
          1.0,
          1.0,
          1.0,
          1.0,
          1.0,
          1.0,
          1.0,
          1.0,
          1.0,
          0.0,
          1.0,
          1.0,
          1.0,
          1.0,
          1.0,
          1.0,
          1.0,
          1.0,
          1.0,
          1.0,
          1.0,
          1.0,
          1.0,
          1.0,
          1.0,
          1.0,
          1.0,
          1.0
        ],
        "metrics": {
          "mae": 0.5714285714285714,
          "mape": 0.0,
          "rmse": 0.7559289460184544,
          "smape": 1.1428571428571428,
          "rmsse": 0.8086055068400522
        }
      }
    },
    "p25": {
      "raw": {
        "forecast": [
          0.0,
          0.0,
          0.0,
          0.0,
          0.0,
          0.0,
          0.0,
          0.0,
          0.0,
          0.0,
          0.0,
          0.0,
          0.0,
          0.0,
          0.0,
          0.0,
          0.0,
          0.0,
          0.0,
          0.0,
          0.0,
          0.0,
          0.0,
          0.0,
          0.0,
          0.0,
          0.0,
          0.0
        ],
        "metrics": {
          "mae": 0.3928571428571428,
          "mape": 1.0,
          "rmse": 0.6267831705280087,
          "smape": 0.7857142857142857,
          "rmsse": 0.6704602674009026
        }
      },
      "rounded": {
        "forecast": [
          0.0,
          0.0,
          0.0,
          0.0,
          0.0,
          0.0,
          0.0,
          0.0,
          0.0,
          0.0,
          0.0,
          0.0,
          0.0,
          0.0,
          0.0,
          0.0,
          0.0,
          0.0,
          0.0,
          0.0,
          0.0,
          0.0,
          0.0,
          0.0,
          0.0,
          0.0,
          0.0,
          0.0
        ],
        "metrics": {
          "mae": 0.3928571428571428,
          "mape": 1.0,
          "rmse": 0.6267831705280087,
          "smape": 0.7857142857142857,
          "rmsse": 0.6704602674009026
        }
      }
    },
    "p50": {
      "raw": {
        "forecast": [
          0.0,
          0.0,
          0.0,
          0.0,
          0.0,
          0.0,
          0.0,
          0.0,
          0.0,
          0.0,
          0.0,
          0.0,
          0.0,
          0.0,
          0.0,
          0.0,
          0.0,
          0.0,
          0.0,
          0.0,
          1.0,
          0.0,
          0.0,
          0.0,
          0.0,
          0.0,
          0.0,
          0.0
        ],
        "metrics": {
          "mae": 0.3571428571428571,
          "mape": 0.9090909090909092,
          "rmse": 0.5976143046671968,
          "smape": 0.7142857142857143,
          "rmsse": 0.6392587825423567
        }
      },
      "rounded": {
        "forecast": [
          0.0,
          0.0,
          0.0,
          0.0,
          0.0,
          0.0,
          0.0,
          0.0,
          0.0,
          0.0,
          0.0,
          0.0,
          0.0,
          0.0,
          0.0,
          0.0,
          0.0,
          0.0,
          0.0,
          0.0,
          1.0,
          0.0,
          0.0,
          0.0,
          0.0,
          0.0,
          0.0,
          0.0
        ],
        "metrics": {
          "mae": 0.3571428571428571,
          "mape": 0.9090909090909092,
          "rmse": 0.5976143046671968,
          "smape": 0.7142857142857143,
          "rmsse": 0.6392587825423567
        }
      }
    },
    "p75": {
      "raw": {
        "forecast": [
          1.0,
          1.0,
          1.0,
          1.0,
          1.0,
          1.0,
          1.0,
          1.0,
          1.0,
          1.0,
          1.0,
          1.0,
          1.0,
          1.0,
          1.25,
          1.0,
          1.0,
          1.0,
          1.0,
          1.0,
          1.0,
          1.0,
          1.0,
          1.0,
          1.0,
          1.0,
          1.0,
          1.0
        ],
        "metrics": {
          "mae": 0.6160714285714286,
          "mape": 0.0,
          "rmse": 0.7919798879120246,
          "smape": 1.2142857142857142,
          "rmsse": 0.8471686420334489
        }
      },
      "rounded": {
        "forecast": [
          1.0,
          1.0,
          1.0,
          1.0,
          1.0,
          1.0,
          1.0,
          1.0,
          1.0,
          1.0,
          1.0,
          1.0,
          1.0,
          1.0,
          1.0,
          1.0,
          1.0,
          1.0,
          1.0,
          1.0,
          1.0,
          1.0,
          1.0,
          1.0,
          1.0,
          1.0,
          1.0,
          1.0
        ],
        "metrics": {
          "mae": 0.6071428571428571,
          "mape": 0.0,
          "rmse": 0.7791937224739796,
          "smape": 1.2142857142857142,
          "rmsse": 0.8334914785394097
        }
      }
    }
  }
}