{
  "series_id": "FOODS_2_136_WI_2_validation",
  "run": "run_20260524_085747_563601_001_subset34590_ctx56_h16_emb8_ep10_steps100",
  "horizon": [
    1,
    2,
    3,
    4,
    5,
    6,
    7,
    8,
    9,
    10,
    11,
    12,
    13,
    14,
    15,
    16,
    17,
    18,
    19,
    20,
    21,
    22,
    23,
    24,
    25,
    26,
    27,
    28
  ],
  "actuals": [
    1.0,
    1.0,
    3.0,
    1.0,
    0.0,
    1.0,
    2.0,
    2.0,
    5.0,
    2.0,
    2.0,
    3.0,
    10.0,
    0.0,
    6.0,
    3.0,
    1.0,
    1.0,
    3.0,
    5.0,
    1.0,
    0.0,
    1.0,
    0.0,
    1.0,
    1.0,
    1.0,
    2.0
  ],
  "modes": {
    "mean": {
      "raw": {
        "forecast": [
          1.6685772,
          1.564556,
          1.4931192,
          1.5700822,
          1.8057686,
          1.9177116,
          1.8962896,
          1.9019508,
          1.7270831,
          1.5571998,
          1.6002351,
          1.9016151,
          2.0647454,
          2.0855544,
          1.9636922,
          1.6628329,
          1.68435,
          1.7604434,
          1.9125618,
          2.2573042,
          2.278723,
          1.9741349,
          1.7581806,
          1.647698,
          1.7058967,
          1.9323416,
          2.164319,
          2.178947
        ],
        "metrics": {
          "mae": 1.455666252544948,
          "mape": 0.5817836195230484,
          "rmse": 2.125403281117196,
          "smape": 0.7554140873142984,
          "rmsse": 1.0832941141163084
        }
      },
      "rounded": {
        "forecast": [
          2.0,
          2.0,
          1.0,
          2.0,
          2.0,
          2.0,
          2.0,
          2.0,
          2.0,
          2.0,
          2.0,
          2.0,
          2.0,
          2.0,
          2.0,
          2.0,
          2.0,
          2.0,
          2.0,
          2.0,
          2.0,
          2.0,
          2.0,
          2.0,
          2.0,
          2.0,
          2.0,
          2.0
        ],
        "metrics": {
          "mae": 1.5,
          "mape": 0.6388888888888888,
          "rmse": 2.1712405933672376,
          "smape": 0.770748299319728,
          "rmsse": 1.1066568759076991
        }
      }
    },
    "sample-mean": {
      "raw": {
        "forecast": [
          1.59,
          1.58,
          1.38,
          1.34,
          1.48,
          1.61,
          1.52,
          1.66,
          1.54,
          1.53,
          1.4,
          1.54,
          2.0,
          1.71,
          1.44,
          1.39,
          1.25,
          1.42,
          1.55,
          2.02,
          1.69,
          1.5,
          1.47,
          1.5,
          1.74,
          1.35,
          1.88,
          1.81
        ],
        "metrics": {
          "mae": 1.4046428757054463,
          "mape": 0.4939444575044844,
          "rmse": 2.1483074791042123,
          "smape": 0.7490271067525469,
          "rmsse": 1.094968125861904
        }
      },
      "rounded": {
        "forecast": [
          2.0,
          2.0,
          1.0,
          1.0,
          1.0,
          2.0,
          2.0,
          2.0,
          2.0,
          2.0,
          1.0,
          2.0,
          2.0,
          2.0,
          1.0,
          1.0,
          1.0,
          1.0,
          2.0,
          2.0,
          2.0,
          2.0,
          1.0,
          2.0,
          2.0,
          1.0,
          2.0,
          2.0
        ],
        "metrics": {
          "mae": 1.3928571428571428,
          "mape": 0.4722222222222221,
          "rmse": 2.211980366743146,
          "smape": 0.7122448979591837,
          "rmsse": 1.1274214795481696
        }
      }
    },
    "p25": {
      "raw": {
        "forecast": [
          0.0,
          0.0,
          0.0,
          0.0,
          0.0,
          0.0,
          0.0,
          1.0,
          0.0,
          0.0,
          0.0,
          0.0,
          0.0,
          0.0,
          0.0,
          0.0,
          0.0,
          0.0,
          0.0,
          1.0,
          0.75,
          0.0,
          0.0,
          0.0,
          0.0,
          0.0,
          1.0,
          0.0
        ],
        "metrics": {
          "mae": 1.9732142857142856,
          "mape": 0.8979166666666667,
          "rmse": 2.921976459277424,
          "smape": 1.510204081632653,
          "rmsse": 1.48929849127635
        }
      },
      "rounded": {
        "forecast": [
          0.0,
          0.0,
          0.0,
          0.0,
          0.0,
          0.0,
          0.0,
          1.0,
          0.0,
          0.0,
          0.0,
          0.0,
          0.0,
          0.0,
          0.0,
          0.0,
          0.0,
          0.0,
          0.0,
          1.0,
          1.0,
          0.0,
          0.0,
          0.0,
          0.0,
          0.0,
          1.0,
          0.0
        ],
        "metrics": {
          "mae": 1.9642857142857144,
          "mape": 0.8875000000000001,
          "rmse": 2.921594476602509,
          "smape": 1.5,
          "rmsse": 1.4891037990091902
        }
      }
    },
    "p50": {
      "raw": {
        "forecast": [
          1.0,
          1.0,
          1.0,
          1.0,
          1.0,
          1.0,
          1.0,
          1.0,
          1.0,
          1.0,
          1.0,
          1.0,
          1.0,
          1.0,
          1.0,
          1.0,
          1.0,
          1.0,
          1.0,
          2.0,
          1.0,
          1.0,
          1.0,
          1.0,
          1.0,
          1.0,
          1.0,
          1.0
        ],
        "metrics": {
          "mae": 1.3571428571428572,
          "mape": 0.3458333333333334,
          "rmse": 2.3603873774083293,
          "smape": 0.7353123067408783,
          "rmsse": 1.2030628613863887
        }
      },
      "rounded": {
        "forecast": [
          1.0,
          1.0,
          1.0,
          1.0,
          1.0,
          1.0,
          1.0,
          1.0,
          1.0,
          1.0,
          1.0,
          1.0,
          1.0,
          1.0,
          1.0,
          1.0,
          1.0,
          1.0,
          1.0,
          2.0,
          1.0,
          1.0,
          1.0,
          1.0,
          1.0,
          1.0,
          1.0,
          1.0
        ],
        "metrics": {
          "mae": 1.3571428571428572,
          "mape": 0.3458333333333334,
          "rmse": 2.3603873774083293,
          "smape": 0.7353123067408783,
          "rmsse": 1.2030628613863887
        }
      }
    },
    "p75": {
      "raw": {
        "forecast": [
          2.0,
          2.0,
          2.0,
          2.0,
          2.0,
          2.0,
          2.0,
          2.0,
          2.0,
          2.0,
          2.0,
          2.0,
          3.0,
          3.0,
          2.0,
          3.0,
          2.0,
          2.0,
          2.0,
          3.0,
          2.0,
          2.0,
          2.0,
          2.0,
          3.0,
          2.0,
          2.0,
          3.0
        ],
        "metrics": {
          "mae": 1.4642857142857142,
          "mape": 0.6611111111111111,
          "rmse": 2.0441554316077406,
          "smape": 0.7393118785975928,
          "rmsse": 1.0418830003102093
        }
      },
      "rounded": {
        "forecast": [
          2.0,
          2.0,
          2.0,
          2.0,
          2.0,
          2.0,
          2.0,
          2.0,
          2.0,
          2.0,
          2.0,
          2.0,
          3.0,
          3.0,
          2.0,
          3.0,
          2.0,
          2.0,
          2.0,
          3.0,
          2.0,
          2.0,
          2.0,
          2.0,
          3.0,
          2.0,
          2.0,
          3.0
        ],
        "metrics": {
          "mae": 1.4642857142857142,
          "mape": 0.6611111111111111,
          "rmse": 2.0441554316077406,
          "smape": 0.7393118785975928,
          "rmsse": 1.0418830003102093
        }
      }
    }
  }
}