{
  "series_id": "FOODS_1_214_CA_3_validation",
  "run": "run_20260524_085747_563601_001_subset34590_ctx56_h16_emb8_ep10_steps100",
  "horizon": [
    1,
    2,
    3,
    4,
    5,
    6,
    7,
    8,
    9,
    10,
    11,
    12,
    13,
    14,
    15,
    16,
    17,
    18,
    19,
    20,
    21,
    22,
    23,
    24,
    25,
    26,
    27,
    28
  ],
  "actuals": [
    0.0,
    0.0,
    1.0,
    1.0,
    0.0,
    0.0,
    0.0,
    3.0,
    2.0,
    4.0,
    2.0,
    0.0,
    2.0,
    8.0,
    2.0,
    0.0,
    0.0,
    0.0,
    2.0,
    2.0,
    2.0,
    1.0,
    0.0,
    2.0,
    0.0,
    1.0,
    0.0,
    2.0
  ],
  "modes": {
    "mean": {
      "raw": {
        "forecast": [
          1.1658447,
          1.0828367,
          1.0418087,
          1.0961323,
          1.2267075,
          1.3066528,
          1.442165,
          1.3952516,
          1.2802205,
          1.2439395,
          1.2605063,
          1.4599931,
          1.6166887,
          1.5820689,
          1.4985156,
          1.3579042,
          1.1887139,
          1.2264239,
          1.3462617,
          1.4683365,
          1.4649504,
          1.3232722,
          1.1779083,
          1.1238437,
          1.171997,
          1.3005997,
          1.4299847,
          1.4350318
        ],
        "metrics": {
          "mae": 1.1529760488442011,
          "mape": 0.3463004970302185,
          "rmse": 1.632652835634569,
          "smape": 1.1100134594561502,
          "rmsse": 0.7898175190621667
        }
      },
      "rounded": {
        "forecast": [
          1.0,
          1.0,
          1.0,
          1.0,
          1.0,
          1.0,
          1.0,
          1.0,
          1.0,
          1.0,
          1.0,
          1.0,
          2.0,
          2.0,
          1.0,
          1.0,
          1.0,
          1.0,
          1.0,
          1.0,
          1.0,
          1.0,
          1.0,
          1.0,
          1.0,
          1.0,
          1.0,
          1.0
        ],
        "metrics": {
          "mae": 1.1071428571428572,
          "mape": 0.3854166666666666,
          "rmse": 1.5698043554168508,
          "smape": 1.169047619047619,
          "rmsse": 0.7594137310436976
        }
      }
    },
    "sample-mean": {
      "raw": {
        "forecast": [
          1.06,
          1.24,
          0.95,
          1.44,
          1.1,
          1.33,
          1.54,
          1.47,
          0.94,
          0.97,
          1.1,
          1.4,
          1.34,
          1.37,
          1.68,
          1.09,
          1.09,
          1.08,
          1.35,
          1.33,
          1.51,
          1.38,
          1.09,
          1.29,
          1.03,
          1.27,
          1.26,
          1.21
        ],
        "metrics": {
          "mae": 1.1746428566319602,
          "mape": 0.3975781248882413,
          "rmse": 1.6685569010009722,
          "smape": 1.148304596839589,
          "rmsse": 0.8071865881091796
        }
      },
      "rounded": {
        "forecast": [
          1.0,
          1.0,
          1.0,
          1.0,
          1.0,
          1.0,
          2.0,
          1.0,
          1.0,
          1.0,
          1.0,
          1.0,
          1.0,
          1.0,
          2.0,
          1.0,
          1.0,
          1.0,
          1.0,
          1.0,
          2.0,
          1.0,
          1.0,
          1.0,
          1.0,
          1.0,
          1.0,
          1.0
        ],
        "metrics": {
          "mae": 1.1428571428571428,
          "mape": 0.3619791666666666,
          "rmse": 1.7320508075688772,
          "smape": 1.1579365079365078,
          "rmsse": 0.8379026097069595
        }
      }
    },
    "p25": {
      "raw": {
        "forecast": [
          0.0,
          0.0,
          0.0,
          0.0,
          0.0,
          0.0,
          1.0,
          0.0,
          0.0,
          0.0,
          0.0,
          0.0,
          0.0,
          0.0,
          0.0,
          0.0,
          0.0,
          0.0,
          0.0,
          0.0,
          0.0,
          0.0,
          0.0,
          0.0,
          0.0,
          0.0,
          0.0,
          0.0
        ],
        "metrics": {
          "mae": 1.3571428571428572,
          "mape": 1.0,
          "rmse": 2.1547290184283368,
          "smape": 1.2142857142857142,
          "rmsse": 1.0423788146760944
        }
      },
      "rounded": {
        "forecast": [
          0.0,
          0.0,
          0.0,
          0.0,
          0.0,
          0.0,
          1.0,
          0.0,
          0.0,
          0.0,
          0.0,
          0.0,
          0.0,
          0.0,
          0.0,
          0.0,
          0.0,
          0.0,
          0.0,
          0.0,
          0.0,
          0.0,
          0.0,
          0.0,
          0.0,
          0.0,
          0.0,
          0.0
        ],
        "metrics": {
          "mae": 1.3571428571428572,
          "mape": 1.0,
          "rmse": 2.1547290184283368,
          "smape": 1.2142857142857142,
          "rmsse": 1.0423788146760944
        }
      }
    },
    "p50": {
      "raw": {
        "forecast": [
          1.0,
          1.0,
          1.0,
          1.0,
          1.0,
          1.0,
          1.0,
          1.0,
          1.0,
          0.5,
          1.0,
          1.0,
          1.0,
          1.0,
          1.0,
          1.0,
          1.0,
          1.0,
          1.0,
          1.0,
          1.0,
          1.0,
          1.0,
          1.0,
          1.0,
          1.0,
          1.0,
          1.0
        ],
        "metrics": {
          "mae": 1.1964285714285714,
          "mape": 0.4322916666666666,
          "rmse": 1.7550946250436592,
          "smape": 1.218253968253968,
          "rmsse": 0.8490503628302251
        }
      },
      "rounded": {
        "forecast": [
          1.0,
          1.0,
          1.0,
          1.0,
          1.0,
          1.0,
          1.0,
          1.0,
          1.0,
          0.0,
          1.0,
          1.0,
          1.0,
          1.0,
          1.0,
          1.0,
          1.0,
          1.0,
          1.0,
          1.0,
          1.0,
          1.0,
          1.0,
          1.0,
          1.0,
          1.0,
          1.0,
          1.0
        ],
        "metrics": {
          "mae": 1.2142857142857142,
          "mape": 0.4401041666666666,
          "rmse": 1.7928429140015905,
          "smape": 1.234126984126984,
          "rmsse": 0.8673115995627769
        }
      }
    },
    "p75": {
      "raw": {
        "forecast": [
          2.0,
          2.0,
          2.0,
          2.0,
          2.0,
          2.0,
          2.0,
          2.0,
          1.25,
          1.0,
          2.0,
          2.0,
          2.0,
          2.0,
          2.0,
          2.0,
          2.0,
          2.0,
          2.0,
          2.0,
          2.0,
          2.0,
          2.0,
          2.0,
          2.0,
          2.0,
          2.0,
          2.0
        ],
        "metrics": {
          "mae": 1.3839285714285714,
          "mape": 0.3880208333333333,
          "rmse": 1.8761900985012916,
          "smape": 1.068864468864469,
          "rmsse": 0.9076319083544402
        }
      },
      "rounded": {
        "forecast": [
          2.0,
          2.0,
          2.0,
          2.0,
          2.0,
          2.0,
          2.0,
          2.0,
          1.0,
          1.0,
          2.0,
          2.0,
          2.0,
          2.0,
          2.0,
          2.0,
          2.0,
          2.0,
          2.0,
          2.0,
          2.0,
          2.0,
          2.0,
          2.0,
          2.0,
          2.0,
          2.0,
          2.0
        ],
        "metrics": {
          "mae": 1.3928571428571428,
          "mape": 0.3958333333333333,
          "rmse": 1.880349511584026,
          "smape": 1.0761904761904764,
          "rmsse": 0.9096440797420478
        }
      }
    }
  }
}