{
  "series_id": "FOODS_2_352_CA_1_validation",
  "run": "run_20260524_085747_563601_001_subset34590_ctx56_h16_emb8_ep10_steps100",
  "horizon": [
    1,
    2,
    3,
    4,
    5,
    6,
    7,
    8,
    9,
    10,
    11,
    12,
    13,
    14,
    15,
    16,
    17,
    18,
    19,
    20,
    21,
    22,
    23,
    24,
    25,
    26,
    27,
    28
  ],
  "actuals": [
    5.0,
    7.0,
    3.0,
    5.0,
    0.0,
    1.0,
    7.0,
    6.0,
    3.0,
    9.0,
    6.0,
    7.0,
    3.0,
    3.0,
    6.0,
    3.0,
    4.0,
    0.0,
    5.0,
    7.0,
    7.0,
    3.0,
    4.0,
    4.0,
    3.0,
    1.0,
    4.0,
    5.0
  ],
  "modes": {
    "mean": {
      "raw": {
        "forecast": [
          3.2369533,
          2.5474,
          2.3372564,
          2.3745122,
          2.5994434,
          2.591557,
          2.6564765,
          2.4829364,
          2.2017393,
          2.0938082,
          2.050696,
          2.47807,
          2.7666361,
          2.5537567,
          2.3976307,
          2.1180677,
          1.8463628,
          1.9406079,
          2.2022717,
          2.429861,
          2.3870063,
          2.1098595,
          1.829025,
          1.7168412,
          1.8170719,
          2.0877793,
          2.3286014,
          2.3035393
        ],
        "metrics": {
          "mae": 2.53403600198882,
          "mape": 0.5481080829442202,
          "rmse": 2.993690618316374,
          "smape": 0.7745686823180601,
          "rmsse": 1.773504565743143
        }
      },
      "rounded": {
        "forecast": [
          3.0,
          3.0,
          2.0,
          2.0,
          3.0,
          3.0,
          3.0,
          2.0,
          2.0,
          2.0,
          2.0,
          2.0,
          3.0,
          3.0,
          2.0,
          2.0,
          2.0,
          2.0,
          2.0,
          2.0,
          2.0,
          2.0,
          2.0,
          2.0,
          2.0,
          2.0,
          2.0,
          2.0
        ],
        "metrics": {
          "mae": 2.642857142857143,
          "mape": 0.5742368742368742,
          "rmse": 3.12821263435117,
          "smape": 0.8075293753865183,
          "rmsse": 1.8531973062591471
        }
      }
    },
    "sample-mean": {
      "raw": {
        "forecast": [
          3.34,
          2.3,
          2.37,
          2.36,
          2.56,
          2.65,
          2.59,
          2.45,
          1.92,
          2.2,
          2.19,
          2.41,
          2.62,
          2.43,
          2.45,
          1.88,
          1.77,
          1.71,
          2.1,
          2.26,
          2.17,
          1.84,
          1.49,
          1.59,
          1.61,
          1.73,
          1.9,
          1.68
        ],
        "metrics": {
          "mae": 2.6332142991679057,
          "mape": 0.5694105694582174,
          "rmse": 3.072401922455968,
          "smape": 0.8212632015059418,
          "rmsse": 1.8201342529970896
        }
      },
      "rounded": {
        "forecast": [
          3.0,
          2.0,
          2.0,
          2.0,
          3.0,
          3.0,
          3.0,
          2.0,
          2.0,
          2.0,
          2.0,
          2.0,
          3.0,
          2.0,
          2.0,
          2.0,
          2.0,
          2.0,
          2.0,
          2.0,
          2.0,
          2.0,
          1.0,
          2.0,
          2.0,
          2.0,
          2.0,
          2.0
        ],
        "metrics": {
          "mae": 2.75,
          "mape": 0.6021672771672771,
          "rmse": 3.2126980205784315,
          "smape": 0.8519738198309629,
          "rmsse": 1.9032476412189057
        }
      }
    },
    "p25": {
      "raw": {
        "forecast": [
          1.0,
          0.0,
          1.0,
          1.0,
          1.0,
          1.0,
          1.0,
          1.0,
          1.0,
          1.0,
          1.0,
          1.0,
          1.0,
          1.0,
          1.0,
          0.0,
          0.0,
          0.0,
          0.0,
          1.0,
          0.0,
          0.0,
          0.0,
          0.0,
          0.0,
          0.0,
          0.0,
          0.0
        ],
        "metrics": {
          "mae": 3.857142857142857,
          "mape": 0.854884004884005,
          "rmse": 4.375255094603872,
          "smape": 1.5375850340136057,
          "rmsse": 2.591962856514148
        }
      },
      "rounded": {
        "forecast": [
          1.0,
          0.0,
          1.0,
          1.0,
          1.0,
          1.0,
          1.0,
          1.0,
          1.0,
          1.0,
          1.0,
          1.0,
          1.0,
          1.0,
          1.0,
          0.0,
          0.0,
          0.0,
          0.0,
          1.0,
          0.0,
          0.0,
          0.0,
          0.0,
          0.0,
          0.0,
          0.0,
          0.0
        ],
        "metrics": {
          "mae": 3.857142857142857,
          "mape": 0.854884004884005,
          "rmse": 4.375255094603872,
          "smape": 1.5375850340136057,
          "rmsse": 2.591962856514148
        }
      }
    },
    "p50": {
      "raw": {
        "forecast": [
          3.0,
          2.0,
          2.0,
          2.0,
          2.0,
          2.0,
          2.0,
          2.0,
          1.0,
          2.0,
          2.0,
          2.0,
          2.0,
          2.0,
          2.0,
          1.5,
          1.0,
          1.0,
          1.0,
          2.0,
          2.0,
          1.0,
          1.0,
          1.0,
          1.0,
          1.0,
          1.0,
          1.0
        ],
        "metrics": {
          "mae": 2.982142857142857,
          "mape": 0.6326617826617826,
          "rmse": 3.413471211872998,
          "smape": 1.00662234590806,
          "rmsse": 2.022188512817717
        }
      },
      "rounded": {
        "forecast": [
          3.0,
          2.0,
          2.0,
          2.0,
          2.0,
          2.0,
          2.0,
          2.0,
          1.0,
          2.0,
          2.0,
          2.0,
          2.0,
          2.0,
          2.0,
          2.0,
          1.0,
          1.0,
          1.0,
          2.0,
          2.0,
          1.0,
          1.0,
          1.0,
          1.0,
          1.0,
          1.0,
          1.0
        ],
        "metrics": {
          "mae": 2.9642857142857144,
          "mape": 0.6262515262515262,
          "rmse": 3.4069257193462343,
          "smape": 0.9970985363842504,
          "rmsse": 2.018310870682545
        }
      }
    },
    "p75": {
      "raw": {
        "forecast": [
          5.0,
          3.25,
          3.0,
          3.25,
          4.0,
          4.0,
          4.0,
          4.0,
          3.0,
          3.0,
          3.0,
          3.0,
          4.0,
          4.0,
          4.0,
          3.0,
          2.0,
          2.25,
          4.0,
          3.0,
          3.0,
          3.0,
          2.0,
          2.0,
          2.0,
          3.0,
          3.0,
          2.25
        ],
        "metrics": {
          "mae": 2.0892857142857144,
          "mape": 0.5139194139194139,
          "rmse": 2.5756413903003987,
          "smape": 0.6073591686591806,
          "rmsse": 1.52584630404585
        }
      },
      "rounded": {
        "forecast": [
          5.0,
          3.0,
          3.0,
          3.0,
          4.0,
          4.0,
          4.0,
          4.0,
          3.0,
          3.0,
          3.0,
          3.0,
          4.0,
          4.0,
          4.0,
          3.0,
          2.0,
          2.0,
          4.0,
          3.0,
          3.0,
          3.0,
          2.0,
          2.0,
          2.0,
          3.0,
          3.0,
          2.0
        ],
        "metrics": {
          "mae": 2.107142857142857,
          "mape": 0.5191391941391941,
          "rmse": 2.598076211353316,
          "smape": 0.6160224695938981,
          "rmsse": 1.5391370086114924
        }
      }
    }
  }
}