{
  "series_id": "FOODS_3_731_TX_1_validation",
  "run": "run_20260524_085747_563601_001_subset34590_ctx56_h16_emb8_ep10_steps100",
  "horizon": [
    1,
    2,
    3,
    4,
    5,
    6,
    7,
    8,
    9,
    10,
    11,
    12,
    13,
    14,
    15,
    16,
    17,
    18,
    19,
    20,
    21,
    22,
    23,
    24,
    25,
    26,
    27,
    28
  ],
  "actuals": [
    0.0,
    0.0,
    2.0,
    1.0,
    0.0,
    2.0,
    2.0,
    2.0,
    2.0,
    3.0,
    2.0,
    2.0,
    0.0,
    2.0,
    3.0,
    1.0,
    3.0,
    2.0,
    0.0,
    0.0,
    2.0,
    1.0,
    0.0,
    3.0,
    1.0,
    2.0,
    1.0,
    2.0
  ],
  "modes": {
    "mean": {
      "raw": {
        "forecast": [
          2.0449712,
          1.6148528,
          1.5329531,
          1.6282898,
          1.8176225,
          1.8228929,
          1.9238974,
          1.6761676,
          1.62947,
          1.4426848,
          1.562574,
          1.8850213,
          2.0488923,
          1.7323483,
          1.7760094,
          1.4539808,
          1.5337039,
          1.6555148,
          1.8683641,
          1.8771442,
          1.9771794,
          1.6304041,
          1.4305063,
          1.3743733,
          1.4742935,
          1.6675392,
          1.8147656,
          1.773943
        ],
        "metrics": {
          "mae": 0.8834933808871678,
          "mape": 0.3114155266020033,
          "rmse": 1.1181899816194585,
          "smape": 0.7363878630966961,
          "rmsse": 0.7679229883013716
        }
      },
      "rounded": {
        "forecast": [
          2.0,
          2.0,
          2.0,
          2.0,
          2.0,
          2.0,
          2.0,
          2.0,
          2.0,
          1.0,
          2.0,
          2.0,
          2.0,
          2.0,
          2.0,
          1.0,
          2.0,
          2.0,
          2.0,
          2.0,
          2.0,
          2.0,
          1.0,
          1.0,
          1.0,
          2.0,
          2.0,
          2.0
        ],
        "metrics": {
          "mae": 0.7857142857142857,
          "mape": 0.238095238095238,
          "rmse": 1.164964745021435,
          "smape": 0.6714285714285715,
          "rmsse": 0.8000458088230812
        }
      }
    },
    "sample-mean": {
      "raw": {
        "forecast": [
          2.09,
          1.34,
          1.49,
          1.67,
          1.94,
          1.82,
          1.73,
          1.41,
          1.47,
          1.46,
          1.57,
          1.75,
          2.23,
          1.37,
          1.64,
          1.45,
          1.2,
          1.52,
          1.57,
          1.89,
          1.83,
          1.48,
          0.98,
          1.19,
          1.1,
          1.35,
          1.54,
          1.4
        ],
        "metrics": {
          "mae": 0.9314285644463132,
          "mape": 0.335952375616346,
          "rmse": 1.141721751442136,
          "smape": 0.778859169336852,
          "rmsse": 0.7840835578819355
        }
      },
      "rounded": {
        "forecast": [
          2.0,
          1.0,
          1.0,
          2.0,
          2.0,
          2.0,
          2.0,
          1.0,
          1.0,
          1.0,
          2.0,
          2.0,
          2.0,
          1.0,
          2.0,
          1.0,
          1.0,
          2.0,
          2.0,
          2.0,
          2.0,
          1.0,
          1.0,
          1.0,
          1.0,
          1.0,
          2.0,
          1.0
        ],
        "metrics": {
          "mae": 0.9642857142857144,
          "mape": 0.3492063492063492,
          "rmse": 1.2392393980641052,
          "smape": 0.811904761904762,
          "rmsse": 0.8510543265679537
        }
      }
    },
    "p25": {
      "raw": {
        "forecast": [
          1.0,
          0.0,
          0.0,
          0.0,
          1.0,
          1.0,
          0.0,
          0.0,
          0.0,
          0.75,
          0.0,
          1.0,
          1.0,
          0.0,
          1.0,
          0.0,
          0.0,
          0.0,
          0.0,
          0.0,
          0.0,
          0.0,
          0.0,
          0.0,
          0.0,
          0.0,
          0.0,
          0.0
        ],
        "metrics": {
          "mae": 1.4375,
          "mape": 0.9246031746031744,
          "rmse": 1.6589852750573597,
          "smape": 1.5547619047619048,
          "rmsse": 1.1393170667876524
        }
      },
      "rounded": {
        "forecast": [
          1.0,
          0.0,
          0.0,
          0.0,
          1.0,
          1.0,
          0.0,
          0.0,
          0.0,
          1.0,
          0.0,
          1.0,
          1.0,
          0.0,
          1.0,
          0.0,
          0.0,
          0.0,
          0.0,
          0.0,
          0.0,
          0.0,
          0.0,
          0.0,
          0.0,
          0.0,
          0.0,
          0.0
        ],
        "metrics": {
          "mae": 1.4285714285714286,
          "mape": 0.9206349206349206,
          "rmse": 1.647508942095828,
          "smape": 1.5476190476190474,
          "rmsse": 1.131435633357354
        }
      }
    },
    "p50": {
      "raw": {
        "forecast": [
          2.0,
          1.0,
          1.0,
          1.0,
          2.0,
          1.0,
          1.0,
          1.0,
          1.0,
          1.0,
          1.0,
          1.0,
          2.0,
          1.0,
          1.0,
          1.0,
          1.0,
          1.0,
          1.0,
          1.0,
          1.0,
          1.0,
          1.0,
          1.0,
          1.0,
          1.0,
          1.0,
          1.0
        ],
        "metrics": {
          "mae": 1.0714285714285714,
          "mape": 0.4126984126984127,
          "rmse": 1.2535663410560174,
          "smape": 0.9285714285714286,
          "rmsse": 0.86089343177943
        }
      },
      "rounded": {
        "forecast": [
          2.0,
          1.0,
          1.0,
          1.0,
          2.0,
          1.0,
          1.0,
          1.0,
          1.0,
          1.0,
          1.0,
          1.0,
          2.0,
          1.0,
          1.0,
          1.0,
          1.0,
          1.0,
          1.0,
          1.0,
          1.0,
          1.0,
          1.0,
          1.0,
          1.0,
          1.0,
          1.0,
          1.0
        ],
        "metrics": {
          "mae": 1.0714285714285714,
          "mape": 0.4126984126984127,
          "rmse": 1.2535663410560174,
          "smape": 0.9285714285714286,
          "rmsse": 0.86089343177943
        }
      }
    },
    "p75": {
      "raw": {
        "forecast": [
          3.0,
          2.0,
          2.25,
          2.0,
          3.0,
          2.0,
          3.0,
          2.0,
          2.0,
          2.0,
          2.0,
          3.0,
          3.0,
          2.0,
          2.0,
          2.0,
          2.0,
          2.0,
          2.0,
          3.0,
          3.0,
          2.0,
          1.25,
          2.0,
          2.0,
          2.0,
          2.0,
          2.0
        ],
        "metrics": {
          "mae": 1.0535714285714286,
          "mape": 0.3789682539682539,
          "rmse": 1.4345855548853523,
          "smape": 0.723249299719888,
          "rmsse": 0.9852093511748652
        }
      },
      "rounded": {
        "forecast": [
          3.0,
          2.0,
          2.0,
          2.0,
          3.0,
          2.0,
          3.0,
          2.0,
          2.0,
          2.0,
          2.0,
          3.0,
          3.0,
          2.0,
          2.0,
          2.0,
          2.0,
          2.0,
          2.0,
          3.0,
          3.0,
          2.0,
          1.0,
          2.0,
          2.0,
          2.0,
          2.0,
          2.0
        ],
        "metrics": {
          "mae": 1.0357142857142858,
          "mape": 0.373015873015873,
          "rmse": 1.4267845968170128,
          "smape": 0.7190476190476192,
          "rmsse": 0.9798520012344044
        }
      }
    }
  }
}