{
  "series_id": "FOODS_3_170_TX_2_validation",
  "run": "run_20260524_085747_563601_001_subset34590_ctx56_h16_emb8_ep10_steps100",
  "horizon": [
    1,
    2,
    3,
    4,
    5,
    6,
    7,
    8,
    9,
    10,
    11,
    12,
    13,
    14,
    15,
    16,
    17,
    18,
    19,
    20,
    21,
    22,
    23,
    24,
    25,
    26,
    27,
    28
  ],
  "actuals": [
    1.0,
    0.0,
    1.0,
    0.0,
    1.0,
    0.0,
    0.0,
    1.0,
    1.0,
    0.0,
    0.0,
    0.0,
    0.0,
    1.0,
    1.0,
    1.0,
    1.0,
    0.0,
    0.0,
    0.0,
    2.0,
    1.0,
    2.0,
    1.0,
    0.0,
    1.0,
    0.0,
    1.0
  ],
  "modes": {
    "mean": {
      "raw": {
        "forecast": [
          0.6833909,
          0.60547525,
          0.5704218,
          0.6260579,
          0.77452683,
          0.84819615,
          0.91136307,
          0.85259634,
          0.7971417,
          0.7256399,
          0.76343304,
          1.0012583,
          1.2098889,
          1.0970682,
          1.11371,
          0.9197831,
          0.9205326,
          0.9987205,
          1.1918837,
          1.3244393,
          1.4500941,
          1.2279099,
          1.0528202,
          0.9660839,
          1.0124015,
          1.1832712,
          1.3749264,
          1.4092784
        ],
        "metrics": {
          "mae": 0.5941975052867617,
          "mape": 0.2196868936220805,
          "rmse": 0.7284813865838018,
          "smape": 1.057670920196315,
          "rmsse": 0.6987786573624541
        }
      },
      "rounded": {
        "forecast": [
          1.0,
          1.0,
          1.0,
          1.0,
          1.0,
          1.0,
          1.0,
          1.0,
          1.0,
          1.0,
          1.0,
          1.0,
          1.0,
          1.0,
          1.0,
          1.0,
          1.0,
          1.0,
          1.0,
          1.0,
          1.0,
          1.0,
          1.0,
          1.0,
          1.0,
          1.0,
          1.0,
          1.0
        ],
        "metrics": {
          "mae": 0.5357142857142857,
          "mape": 0.0666666666666666,
          "rmse": 0.7319250547113999,
          "smape": 0.9761904761904762,
          "rmsse": 0.7020819151188252
        }
      }
    },
    "sample-mean": {
      "raw": {
        "forecast": [
          0.64,
          0.55,
          0.6,
          0.45,
          0.88,
          0.75,
          1.03,
          0.8,
          0.43,
          0.41,
          0.83,
          0.85,
          0.94,
          0.88,
          0.76,
          0.53,
          0.49,
          0.54,
          0.55,
          0.77,
          1.18,
          0.83,
          0.69,
          0.63,
          0.75,
          0.66,
          0.77,
          0.77
        ],
        "metrics": {
          "mae": 0.5507142873747009,
          "mape": 0.3443333367506663,
          "rmse": 0.6233148717355498,
          "smape": 1.1637301909858926,
          "rmsse": 0.5979001484553549
        }
      },
      "rounded": {
        "forecast": [
          1.0,
          1.0,
          1.0,
          0.0,
          1.0,
          1.0,
          1.0,
          1.0,
          0.0,
          0.0,
          1.0,
          1.0,
          1.0,
          1.0,
          1.0,
          1.0,
          0.0,
          1.0,
          1.0,
          1.0,
          1.0,
          1.0,
          1.0,
          1.0,
          1.0,
          1.0,
          1.0,
          1.0
        ],
        "metrics": {
          "mae": 0.5357142857142857,
          "mape": 0.2,
          "rmse": 0.7319250547113999,
          "smape": 0.9761904761904762,
          "rmsse": 0.7020819151188252
        }
      }
    },
    "p25": {
      "raw": {
        "forecast": [
          0.0,
          0.0,
          0.0,
          0.0,
          0.0,
          0.0,
          0.0,
          0.0,
          0.0,
          0.0,
          0.0,
          0.0,
          0.0,
          0.0,
          0.0,
          0.0,
          0.0,
          0.0,
          0.0,
          0.0,
          0.0,
          0.0,
          0.0,
          0.0,
          0.0,
          0.0,
          0.0,
          0.0
        ],
        "metrics": {
          "mae": 0.6071428571428571,
          "mape": 1.0,
          "rmse": 0.8660254037844386,
          "smape": 1.0714285714285714,
          "rmsse": 0.8307145248228686
        }
      },
      "rounded": {
        "forecast": [
          0.0,
          0.0,
          0.0,
          0.0,
          0.0,
          0.0,
          0.0,
          0.0,
          0.0,
          0.0,
          0.0,
          0.0,
          0.0,
          0.0,
          0.0,
          0.0,
          0.0,
          0.0,
          0.0,
          0.0,
          0.0,
          0.0,
          0.0,
          0.0,
          0.0,
          0.0,
          0.0,
          0.0
        ],
        "metrics": {
          "mae": 0.6071428571428571,
          "mape": 1.0,
          "rmse": 0.8660254037844386,
          "smape": 1.0714285714285714,
          "rmsse": 0.8307145248228686
        }
      }
    },
    "p50": {
      "raw": {
        "forecast": [
          0.0,
          0.0,
          0.0,
          0.0,
          0.0,
          0.0,
          1.0,
          0.0,
          0.0,
          0.0,
          0.0,
          0.0,
          1.0,
          0.0,
          0.0,
          0.0,
          0.0,
          0.0,
          0.0,
          0.0,
          1.0,
          0.0,
          0.0,
          0.0,
          0.0,
          0.0,
          0.0,
          0.0
        ],
        "metrics": {
          "mae": 0.6428571428571429,
          "mape": 0.9666666666666668,
          "rmse": 0.8451542547285166,
          "smape": 1.1666666666666667,
          "rmsse": 0.8106943653740436
        }
      },
      "rounded": {
        "forecast": [
          0.0,
          0.0,
          0.0,
          0.0,
          0.0,
          0.0,
          1.0,
          0.0,
          0.0,
          0.0,
          0.0,
          0.0,
          1.0,
          0.0,
          0.0,
          0.0,
          0.0,
          0.0,
          0.0,
          0.0,
          1.0,
          0.0,
          0.0,
          0.0,
          0.0,
          0.0,
          0.0,
          0.0
        ],
        "metrics": {
          "mae": 0.6428571428571429,
          "mape": 0.9666666666666668,
          "rmse": 0.8451542547285166,
          "smape": 1.1666666666666667,
          "rmsse": 0.8106943653740436
        }
      }
    },
    "p75": {
      "raw": {
        "forecast": [
          1.0,
          1.0,
          1.0,
          1.0,
          1.25,
          1.0,
          2.0,
          1.0,
          1.0,
          1.0,
          1.0,
          2.0,
          1.25,
          1.0,
          1.0,
          1.0,
          1.0,
          1.0,
          1.0,
          1.0,
          2.0,
          1.0,
          1.0,
          1.0,
          1.0,
          1.0,
          1.0,
          1.0
        ],
        "metrics": {
          "mae": 0.5892857142857143,
          "mape": 0.05,
          "rmse": 0.8582582029069941,
          "smape": 0.9603174603174603,
          "rmsse": 0.8232640198400885
        }
      },
      "rounded": {
        "forecast": [
          1.0,
          1.0,
          1.0,
          1.0,
          1.0,
          1.0,
          2.0,
          1.0,
          1.0,
          1.0,
          1.0,
          2.0,
          1.0,
          1.0,
          1.0,
          1.0,
          1.0,
          1.0,
          1.0,
          1.0,
          2.0,
          1.0,
          1.0,
          1.0,
          1.0,
          1.0,
          1.0,
          1.0
        ],
        "metrics": {
          "mae": 0.5714285714285714,
          "mape": 0.0333333333333333,
          "rmse": 0.8451542547285166,
          "smape": 0.9523809523809524,
          "rmsse": 0.8106943653740436
        }
      }
    }
  }
}