{
  "series_id": "FOODS_3_704_TX_2_validation",
  "run": "run_20260524_085747_563601_001_subset34590_ctx56_h16_emb8_ep10_steps100",
  "horizon": [
    1,
    2,
    3,
    4,
    5,
    6,
    7,
    8,
    9,
    10,
    11,
    12,
    13,
    14,
    15,
    16,
    17,
    18,
    19,
    20,
    21,
    22,
    23,
    24,
    25,
    26,
    27,
    28
  ],
  "actuals": [
    20.0,
    0.0,
    0.0,
    6.0,
    0.0,
    4.0,
    1.0,
    2.0,
    2.0,
    5.0,
    2.0,
    2.0,
    5.0,
    1.0,
    1.0,
    2.0,
    0.0,
    1.0,
    3.0,
    2.0,
    5.0,
    1.0,
    3.0,
    1.0,
    1.0,
    4.0,
    2.0,
    0.0
  ],
  "modes": {
    "mean": {
      "raw": {
        "forecast": [
          1.7514197,
          1.6281763,
          1.6064912,
          1.736157,
          1.9972978,
          2.0049412,
          2.0828342,
          2.025574,
          1.9581596,
          1.8696212,
          1.8169562,
          2.2564366,
          2.6292682,
          2.4356723,
          2.484238,
          2.2184153,
          2.2578127,
          2.4333277,
          2.745481,
          2.9843915,
          3.1201615,
          2.8309293,
          2.5385227,
          2.449401,
          2.582092,
          2.8539839,
          3.111442,
          3.1345978
        ],
        "metrics": {
          "mae": 2.0533734815461293,
          "mape": 0.6883591153483459,
          "rmse": 3.862184253016194,
          "smape": 0.8256654597815188,
          "rmsse": 1.0938562293632637
        }
      },
      "rounded": {
        "forecast": [
          2.0,
          2.0,
          2.0,
          2.0,
          2.0,
          2.0,
          2.0,
          2.0,
          2.0,
          2.0,
          2.0,
          2.0,
          3.0,
          2.0,
          2.0,
          2.0,
          2.0,
          2.0,
          3.0,
          3.0,
          3.0,
          3.0,
          3.0,
          2.0,
          3.0,
          3.0,
          3.0,
          3.0
        ],
        "metrics": {
          "mae": 1.9285714285714288,
          "mape": 0.5963768115942029,
          "rmse": 3.789082059964241,
          "smape": 0.770686456400742,
          "rmsse": 1.0731520671556871
        }
      }
    },
    "sample-mean": {
      "raw": {
        "forecast": [
          1.85,
          1.63,
          1.51,
          1.72,
          1.79,
          2.07,
          2.07,
          2.11,
          2.06,
          1.92,
          1.54,
          2.03,
          2.03,
          1.91,
          2.29,
          1.68,
          1.8,
          2.0,
          2.19,
          2.46,
          2.48,
          2.41,
          1.97,
          2.15,
          1.89,
          2.42,
          2.54,
          2.43
        ],
        "metrics": {
          "mae": 1.9717857071331568,
          "mape": 0.5885072442932406,
          "rmse": 3.81349342668069,
          "smape": 0.8198628038718565,
          "rmsse": 1.0800659075632766
        }
      },
      "rounded": {
        "forecast": [
          2.0,
          2.0,
          2.0,
          2.0,
          2.0,
          2.0,
          2.0,
          2.0,
          2.0,
          2.0,
          2.0,
          2.0,
          2.0,
          2.0,
          2.0,
          2.0,
          2.0,
          2.0,
          2.0,
          2.0,
          2.0,
          2.0,
          2.0,
          2.0,
          2.0,
          2.0,
          3.0,
          2.0
        ],
        "metrics": {
          "mae": 1.9642857142857144,
          "mape": 0.5449275362318841,
          "rmse": 3.803194146278325,
          "smape": 0.8002782931354361,
          "rmsse": 1.0771489229535214
        }
      }
    },
    "p25": {
      "raw": {
        "forecast": [
          0.0,
          0.0,
          0.0,
          0.0,
          0.0,
          0.0,
          0.0,
          0.0,
          0.0,
          0.0,
          0.0,
          0.0,
          0.0,
          0.0,
          0.0,
          0.0,
          0.0,
          0.0,
          0.0,
          0.0,
          1.0,
          0.0,
          0.0,
          0.75,
          0.0,
          0.0,
          1.0,
          1.0
        ],
        "metrics": {
          "mae": 2.6517857142857144,
          "mape": 0.9369565217391304,
          "rmse": 4.567206476611277,
          "smape": 1.5816326530612244,
          "rmsse": 1.2935341578610442
        }
      },
      "rounded": {
        "forecast": [
          0.0,
          0.0,
          0.0,
          0.0,
          0.0,
          0.0,
          0.0,
          0.0,
          0.0,
          0.0,
          0.0,
          0.0,
          0.0,
          0.0,
          0.0,
          0.0,
          0.0,
          0.0,
          0.0,
          0.0,
          1.0,
          0.0,
          0.0,
          1.0,
          0.0,
          0.0,
          1.0,
          1.0
        ],
        "metrics": {
          "mae": 2.642857142857143,
          "mape": 0.9260869565217392,
          "rmse": 4.566962103755937,
          "smape": 1.5714285714285712,
          "rmsse": 1.2934649460491292
        }
      }
    },
    "p50": {
      "raw": {
        "forecast": [
          1.0,
          1.0,
          1.0,
          1.0,
          1.0,
          1.0,
          1.0,
          1.0,
          1.0,
          1.0,
          1.0,
          1.0,
          1.0,
          1.0,
          2.0,
          1.0,
          1.0,
          2.0,
          1.0,
          2.0,
          2.0,
          2.0,
          2.0,
          2.0,
          1.0,
          2.0,
          2.0,
          2.0
        ],
        "metrics": {
          "mae": 2.071428571428572,
          "mape": 0.5536231884057972,
          "rmse": 4.06201920231798,
          "smape": 0.929591836734694,
          "rmsse": 1.1504539186028542
        }
      },
      "rounded": {
        "forecast": [
          1.0,
          1.0,
          1.0,
          1.0,
          1.0,
          1.0,
          1.0,
          1.0,
          1.0,
          1.0,
          1.0,
          1.0,
          1.0,
          1.0,
          2.0,
          1.0,
          1.0,
          2.0,
          1.0,
          2.0,
          2.0,
          2.0,
          2.0,
          2.0,
          1.0,
          2.0,
          2.0,
          2.0
        ],
        "metrics": {
          "mae": 2.071428571428572,
          "mape": 0.5536231884057972,
          "rmse": 4.06201920231798,
          "smape": 0.929591836734694,
          "rmsse": 1.1504539186028542
        }
      }
    },
    "p75": {
      "raw": {
        "forecast": [
          3.0,
          2.25,
          2.0,
          3.0,
          2.0,
          2.25,
          3.0,
          3.0,
          3.0,
          3.0,
          2.0,
          3.0,
          3.0,
          3.0,
          4.0,
          2.0,
          3.0,
          3.0,
          4.0,
          4.0,
          3.25,
          4.0,
          3.0,
          3.0,
          3.0,
          4.0,
          4.0,
          3.0
        ],
        "metrics": {
          "mae": 2.2767857142857144,
          "mape": 0.990036231884058,
          "rmse": 3.747320471254856,
          "smape": 0.8695791992686402,
          "rmsse": 1.061324259116184
        }
      },
      "rounded": {
        "forecast": [
          3.0,
          2.0,
          2.0,
          3.0,
          2.0,
          2.0,
          3.0,
          3.0,
          3.0,
          3.0,
          2.0,
          3.0,
          3.0,
          3.0,
          4.0,
          2.0,
          3.0,
          3.0,
          4.0,
          4.0,
          3.0,
          4.0,
          3.0,
          3.0,
          3.0,
          4.0,
          4.0,
          3.0
        ],
        "metrics": {
          "mae": 2.2857142857142856,
          "mape": 0.994927536231884,
          "rmse": 3.7511902872859664,
          "smape": 0.8760943507837918,
          "rmsse": 1.062420276834348
        }
      }
    }
  }
}