{
  "series_id": "FOODS_3_189_CA_2_validation",
  "run": "run_20260524_085747_563601_001_subset34590_ctx56_h16_emb8_ep10_steps100",
  "horizon": [
    1,
    2,
    3,
    4,
    5,
    6,
    7,
    8,
    9,
    10,
    11,
    12,
    13,
    14,
    15,
    16,
    17,
    18,
    19,
    20,
    21,
    22,
    23,
    24,
    25,
    26,
    27,
    28
  ],
  "actuals": [
    2.0,
    0.0,
    1.0,
    1.0,
    1.0,
    1.0,
    3.0,
    0.0,
    0.0,
    0.0,
    0.0,
    0.0,
    2.0,
    0.0,
    0.0,
    1.0,
    2.0,
    3.0,
    0.0,
    0.0,
    0.0,
    0.0,
    1.0,
    1.0,
    0.0,
    0.0,
    3.0,
    2.0
  ],
  "modes": {
    "mean": {
      "raw": {
        "forecast": [
          1.2690828,
          0.90353394,
          0.7688801,
          0.76479805,
          0.89828837,
          0.9697408,
          1.0404097,
          0.9635458,
          0.7994338,
          0.7011696,
          0.65776867,
          0.8322247,
          1.0399306,
          1.0098325,
          0.93016547,
          0.76508355,
          0.6121422,
          0.6170668,
          0.7373498,
          0.9112065,
          0.95630276,
          0.8225203,
          0.65562886,
          0.56156266,
          0.56854546,
          0.68241906,
          0.8473241,
          0.89310485
        ],
        "metrics": {
          "mae": 0.8490348224128995,
          "mape": 0.4195681320769446,
          "rmse": 1.0156885494524226,
          "smape": 1.2936695261103237,
          "rmsse": 0.8889599797887833
        }
      },
      "rounded": {
        "forecast": [
          1.0,
          1.0,
          1.0,
          1.0,
          1.0,
          1.0,
          1.0,
          1.0,
          1.0,
          1.0,
          1.0,
          1.0,
          1.0,
          1.0,
          1.0,
          1.0,
          1.0,
          1.0,
          1.0,
          1.0,
          1.0,
          1.0,
          1.0,
          1.0,
          1.0,
          1.0,
          1.0,
          1.0
        ],
        "metrics": {
          "mae": 0.8571428571428571,
          "mape": 0.2857142857142857,
          "rmse": 1.035098339013531,
          "smape": 1.2023809523809523,
          "rmsse": 0.905947988706724
        }
      }
    },
    "sample-mean": {
      "raw": {
        "forecast": [
          1.08,
          0.8,
          0.79,
          0.76,
          0.84,
          0.86,
          0.89,
          0.81,
          0.8,
          0.74,
          0.59,
          0.64,
          0.89,
          0.62,
          0.98,
          0.73,
          0.57,
          0.6,
          0.64,
          0.84,
          0.76,
          0.62,
          0.59,
          0.45,
          0.55,
          0.47,
          0.65,
          0.66
        ],
        "metrics": {
          "mae": 0.8392857132213456,
          "mape": 0.4761904761904762,
          "rmse": 1.0269719702744085,
          "smape": 1.3432165335301505,
          "rmsse": 0.8988355558709086
        }
      },
      "rounded": {
        "forecast": [
          1.0,
          1.0,
          1.0,
          1.0,
          1.0,
          1.0,
          1.0,
          1.0,
          1.0,
          1.0,
          1.0,
          1.0,
          1.0,
          1.0,
          1.0,
          1.0,
          1.0,
          1.0,
          1.0,
          1.0,
          1.0,
          1.0,
          1.0,
          0.0,
          1.0,
          0.0,
          1.0,
          1.0
        ],
        "metrics": {
          "mae": 0.8571428571428571,
          "mape": 0.3571428571428571,
          "rmse": 1.035098339013531,
          "smape": 1.2023809523809523,
          "rmsse": 0.905947988706724
        }
      }
    },
    "p25": {
      "raw": {
        "forecast": [
          0.0,
          0.0,
          0.0,
          0.0,
          0.0,
          0.0,
          0.0,
          0.0,
          0.0,
          0.0,
          0.0,
          0.0,
          0.0,
          0.0,
          0.0,
          0.0,
          0.0,
          0.0,
          0.0,
          0.0,
          0.0,
          0.0,
          0.0,
          0.0,
          0.0,
          0.0,
          0.0,
          0.0
        ],
        "metrics": {
          "mae": 0.8571428571428571,
          "mape": 1.0,
          "rmse": 1.336306209562122,
          "smape": 1.0,
          "rmsse": 1.1695738242637488
        }
      },
      "rounded": {
        "forecast": [
          0.0,
          0.0,
          0.0,
          0.0,
          0.0,
          0.0,
          0.0,
          0.0,
          0.0,
          0.0,
          0.0,
          0.0,
          0.0,
          0.0,
          0.0,
          0.0,
          0.0,
          0.0,
          0.0,
          0.0,
          0.0,
          0.0,
          0.0,
          0.0,
          0.0,
          0.0,
          0.0,
          0.0
        ],
        "metrics": {
          "mae": 0.8571428571428571,
          "mape": 1.0,
          "rmse": 1.336306209562122,
          "smape": 1.0,
          "rmsse": 1.1695738242637488
        }
      }
    },
    "p50": {
      "raw": {
        "forecast": [
          1.0,
          0.0,
          0.0,
          0.0,
          0.0,
          1.0,
          0.0,
          1.0,
          0.0,
          0.0,
          0.0,
          0.0,
          0.0,
          0.0,
          0.0,
          0.0,
          0.0,
          0.0,
          0.0,
          0.0,
          0.0,
          0.0,
          0.0,
          0.0,
          0.0,
          0.0,
          0.0,
          0.0
        ],
        "metrics": {
          "mae": 0.8214285714285714,
          "mape": 0.8928571428571429,
          "rmse": 1.2955969390869324,
          "smape": 0.9523809523809524,
          "rmsse": 1.133943893928952
        }
      },
      "rounded": {
        "forecast": [
          1.0,
          0.0,
          0.0,
          0.0,
          0.0,
          1.0,
          0.0,
          1.0,
          0.0,
          0.0,
          0.0,
          0.0,
          0.0,
          0.0,
          0.0,
          0.0,
          0.0,
          0.0,
          0.0,
          0.0,
          0.0,
          0.0,
          0.0,
          0.0,
          0.0,
          0.0,
          0.0,
          0.0
        ],
        "metrics": {
          "mae": 0.8214285714285714,
          "mape": 0.8928571428571429,
          "rmse": 1.2955969390869324,
          "smape": 0.9523809523809524,
          "rmsse": 1.133943893928952
        }
      }
    },
    "p75": {
      "raw": {
        "forecast": [
          2.0,
          1.0,
          1.0,
          1.0,
          1.0,
          1.0,
          1.0,
          1.0,
          1.0,
          1.0,
          1.0,
          1.0,
          1.0,
          1.0,
          1.25,
          1.0,
          1.0,
          1.0,
          1.0,
          1.0,
          1.0,
          1.0,
          1.0,
          1.0,
          1.0,
          1.0,
          1.0,
          1.0
        ],
        "metrics": {
          "mae": 0.8303571428571429,
          "mape": 0.2499999999999999,
          "rmse": 1.0275230272011286,
          "smape": 1.1785714285714284,
          "rmsse": 0.8993178568230104
        }
      },
      "rounded": {
        "forecast": [
          2.0,
          1.0,
          1.0,
          1.0,
          1.0,
          1.0,
          1.0,
          1.0,
          1.0,
          1.0,
          1.0,
          1.0,
          1.0,
          1.0,
          1.0,
          1.0,
          1.0,
          1.0,
          1.0,
          1.0,
          1.0,
          1.0,
          1.0,
          1.0,
          1.0,
          1.0,
          1.0,
          1.0
        ],
        "metrics": {
          "mae": 0.8214285714285714,
          "mape": 0.2499999999999999,
          "rmse": 1.0177004891982149,
          "smape": 1.1785714285714284,
          "rmsse": 0.890720887615026
        }
      }
    }
  }
}