{
  "series_id": "FOODS_3_701_TX_2_validation",
  "run": "run_20260524_085747_563601_001_subset34590_ctx56_h16_emb8_ep10_steps100",
  "horizon": [
    1,
    2,
    3,
    4,
    5,
    6,
    7,
    8,
    9,
    10,
    11,
    12,
    13,
    14,
    15,
    16,
    17,
    18,
    19,
    20,
    21,
    22,
    23,
    24,
    25,
    26,
    27,
    28
  ],
  "actuals": [
    1.0,
    2.0,
    0.0,
    0.0,
    1.0,
    3.0,
    1.0,
    1.0,
    1.0,
    1.0,
    1.0,
    0.0,
    1.0,
    0.0,
    2.0,
    2.0,
    0.0,
    0.0,
    1.0,
    2.0,
    4.0,
    0.0,
    1.0,
    6.0,
    2.0,
    1.0,
    1.0,
    2.0
  ],
  "modes": {
    "mean": {
      "raw": {
        "forecast": [
          1.4969811,
          1.2280524,
          1.1482278,
          1.1914877,
          1.3312534,
          1.323088,
          1.4151233,
          1.2362651,
          1.2180028,
          1.0475296,
          1.0775481,
          1.3049142,
          1.485592,
          1.2632887,
          1.342753,
          1.080769,
          1.1394434,
          1.1988845,
          1.3614446,
          1.3973335,
          1.5373728,
          1.261453,
          1.1090097,
          1.0433118,
          1.0878416,
          1.2248389,
          1.3712468,
          1.3841006
        ],
        "metrics": {
          "mae": 0.9092111459800176,
          "mape": 0.362626314163208,
          "rmse": 1.3156179163299038,
          "smape": 0.8114655929987429,
          "rmsse": 1.2634965839472394
        }
      },
      "rounded": {
        "forecast": [
          1.0,
          1.0,
          1.0,
          1.0,
          1.0,
          1.0,
          1.0,
          1.0,
          1.0,
          1.0,
          1.0,
          1.0,
          1.0,
          1.0,
          1.0,
          1.0,
          1.0,
          1.0,
          1.0,
          1.0,
          2.0,
          1.0,
          1.0,
          1.0,
          1.0,
          1.0,
          1.0,
          1.0
        ],
        "metrics": {
          "mae": 0.7857142857142857,
          "mape": 0.238095238095238,
          "rmse": 1.2817398889233114,
          "smape": 0.7534013605442177,
          "rmsse": 1.2309607151605708
        }
      }
    },
    "sample-mean": {
      "raw": {
        "forecast": [
          1.32,
          1.34,
          1.18,
          1.14,
          1.35,
          1.36,
          1.17,
          1.14,
          0.92,
          0.89,
          0.7,
          1.13,
          1.16,
          1.07,
          1.1,
          1.07,
          0.77,
          0.97,
          1.2,
          0.81,
          1.11,
          0.95,
          0.82,
          0.81,
          0.68,
          0.84,
          0.88,
          0.99
        ],
        "metrics": {
          "mae": 0.90107142499515,
          "mape": 0.3537698416482834,
          "rmse": 1.367177745075536,
          "smape": 0.8478666546037303,
          "rmsse": 1.313013747464398
        }
      },
      "rounded": {
        "forecast": [
          1.0,
          1.0,
          1.0,
          1.0,
          1.0,
          1.0,
          1.0,
          1.0,
          1.0,
          1.0,
          1.0,
          1.0,
          1.0,
          1.0,
          1.0,
          1.0,
          1.0,
          1.0,
          1.0,
          1.0,
          1.0,
          1.0,
          1.0,
          1.0,
          1.0,
          1.0,
          1.0,
          1.0
        ],
        "metrics": {
          "mae": 0.8214285714285714,
          "mape": 0.25,
          "rmse": 1.349603116263656,
          "smape": 0.7724489795918368,
          "rmsse": 1.296135379366541
        }
      }
    },
    "p25": {
      "raw": {
        "forecast": [
          0.0,
          0.0,
          0.0,
          0.0,
          0.0,
          0.0,
          0.0,
          0.0,
          0.0,
          0.0,
          0.0,
          0.0,
          0.0,
          0.0,
          0.0,
          0.0,
          0.0,
          0.0,
          0.0,
          0.0,
          0.0,
          0.0,
          0.0,
          0.0,
          0.0,
          0.0,
          0.0,
          0.0
        ],
        "metrics": {
          "mae": 1.3214285714285714,
          "mape": 1.0,
          "rmse": 1.8612591743993403,
          "smape": 1.5,
          "rmsse": 1.787520966006909
        }
      },
      "rounded": {
        "forecast": [
          0.0,
          0.0,
          0.0,
          0.0,
          0.0,
          0.0,
          0.0,
          0.0,
          0.0,
          0.0,
          0.0,
          0.0,
          0.0,
          0.0,
          0.0,
          0.0,
          0.0,
          0.0,
          0.0,
          0.0,
          0.0,
          0.0,
          0.0,
          0.0,
          0.0,
          0.0,
          0.0,
          0.0
        ],
        "metrics": {
          "mae": 1.3214285714285714,
          "mape": 1.0,
          "rmse": 1.8612591743993403,
          "smape": 1.5,
          "rmsse": 1.787520966006909
        }
      }
    },
    "p50": {
      "raw": {
        "forecast": [
          1.0,
          1.0,
          1.0,
          1.0,
          1.0,
          1.0,
          1.0,
          1.0,
          1.0,
          1.0,
          0.0,
          1.0,
          1.0,
          1.0,
          1.0,
          1.0,
          0.5,
          1.0,
          1.0,
          0.0,
          1.0,
          0.0,
          1.0,
          0.0,
          0.0,
          0.0,
          0.0,
          1.0
        ],
        "metrics": {
          "mae": 0.9821428571428572,
          "mape": 0.4484126984126984,
          "rmse": 1.5726456325931426,
          "smape": 1.030952380952381,
          "rmsse": 1.510341536001638
        }
      },
      "rounded": {
        "forecast": [
          1.0,
          1.0,
          1.0,
          1.0,
          1.0,
          1.0,
          1.0,
          1.0,
          1.0,
          1.0,
          0.0,
          1.0,
          1.0,
          1.0,
          1.0,
          1.0,
          0.0,
          1.0,
          1.0,
          0.0,
          1.0,
          0.0,
          1.0,
          0.0,
          0.0,
          0.0,
          0.0,
          1.0
        ],
        "metrics": {
          "mae": 0.9642857142857144,
          "mape": 0.4484126984126984,
          "rmse": 1.5698043554168508,
          "smape": 0.9595238095238096,
          "rmsse": 1.5076128227774317
        }
      }
    },
    "p75": {
      "raw": {
        "forecast": [
          2.0,
          2.0,
          2.0,
          2.0,
          2.0,
          2.0,
          2.0,
          2.0,
          1.0,
          1.0,
          1.0,
          2.0,
          2.0,
          2.0,
          2.0,
          2.0,
          1.0,
          1.0,
          2.0,
          1.0,
          2.0,
          1.0,
          1.0,
          1.0,
          1.0,
          1.0,
          1.0,
          2.0
        ],
        "metrics": {
          "mae": 0.9642857142857144,
          "mape": 0.4126984126984127,
          "rmse": 1.4267845968170128,
          "smape": 0.7795918367346939,
          "rmsse": 1.3702591320250623
        }
      },
      "rounded": {
        "forecast": [
          2.0,
          2.0,
          2.0,
          2.0,
          2.0,
          2.0,
          2.0,
          2.0,
          1.0,
          1.0,
          1.0,
          2.0,
          2.0,
          2.0,
          2.0,
          2.0,
          1.0,
          1.0,
          2.0,
          1.0,
          2.0,
          1.0,
          1.0,
          1.0,
          1.0,
          1.0,
          1.0,
          2.0
        ],
        "metrics": {
          "mae": 0.9642857142857144,
          "mape": 0.4126984126984127,
          "rmse": 1.4267845968170128,
          "smape": 0.7795918367346939,
          "rmsse": 1.3702591320250623
        }
      }
    }
  }
}