{
  "series_id": "FOODS_3_335_TX_2_validation",
  "run": "run_20260524_085747_563601_001_subset34590_ctx56_h16_emb8_ep10_steps100",
  "horizon": [
    1,
    2,
    3,
    4,
    5,
    6,
    7,
    8,
    9,
    10,
    11,
    12,
    13,
    14,
    15,
    16,
    17,
    18,
    19,
    20,
    21,
    22,
    23,
    24,
    25,
    26,
    27,
    28
  ],
  "actuals": [
    1.0,
    0.0,
    0.0,
    0.0,
    1.0,
    1.0,
    1.0,
    0.0,
    0.0,
    2.0,
    1.0,
    1.0,
    0.0,
    0.0,
    0.0,
    0.0,
    0.0,
    0.0,
    0.0,
    0.0,
    2.0,
    0.0,
    1.0,
    0.0,
    0.0,
    0.0,
    0.0,
    2.0
  ],
  "modes": {
    "mean": {
      "raw": {
        "forecast": [
          0.7665365,
          0.6994936,
          0.66555196,
          0.7030024,
          0.8017349,
          0.87066174,
          0.9384571,
          0.8705879,
          0.8299953,
          0.76768684,
          0.7993885,
          0.96137077,
          1.0895985,
          1.0210079,
          1.0290087,
          0.89169836,
          0.89646035,
          0.9528461,
          1.0852782,
          1.1528418,
          1.2289984,
          1.0744854,
          0.96506906,
          0.92151105,
          0.96855086,
          1.0895283,
          1.206833,
          1.2143495
        ],
        "metrics": {
          "mae": 0.7440723712955203,
          "mape": 0.2291264057159424,
          "rmse": 0.8376893999764085,
          "smape": 1.3871780515582852,
          "rmsse": 0.4451769088797855
        }
      },
      "rounded": {
        "forecast": [
          1.0,
          1.0,
          1.0,
          1.0,
          1.0,
          1.0,
          1.0,
          1.0,
          1.0,
          1.0,
          1.0,
          1.0,
          1.0,
          1.0,
          1.0,
          1.0,
          1.0,
          1.0,
          1.0,
          1.0,
          1.0,
          1.0,
          1.0,
          1.0,
          1.0,
          1.0,
          1.0,
          1.0
        ],
        "metrics": {
          "mae": 0.75,
          "mape": 0.15,
          "rmse": 0.8660254037844386,
          "smape": 1.357142857142857,
          "rmsse": 0.4602356342087916
        }
      }
    },
    "sample-mean": {
      "raw": {
        "forecast": [
          0.82,
          0.66,
          0.67,
          0.7,
          0.83,
          0.74,
          1.12,
          0.93,
          0.73,
          0.63,
          0.8,
          1.07,
          1.39,
          1.07,
          1.05,
          0.87,
          0.71,
          0.77,
          0.86,
          0.93,
          1.0,
          0.79,
          0.64,
          0.53,
          0.81,
          0.78,
          0.66,
          0.82
        ],
        "metrics": {
          "mae": 0.707857146859169,
          "mape": 0.3135000079870224,
          "rmse": 0.7928790234876708,
          "smape": 1.4310679791041032,
          "rmsse": 0.4213631362672188
        }
      },
      "rounded": {
        "forecast": [
          1.0,
          1.0,
          1.0,
          1.0,
          1.0,
          1.0,
          1.0,
          1.0,
          1.0,
          1.0,
          1.0,
          1.0,
          1.0,
          1.0,
          1.0,
          1.0,
          1.0,
          1.0,
          1.0,
          1.0,
          1.0,
          1.0,
          1.0,
          1.0,
          1.0,
          1.0,
          1.0,
          1.0
        ],
        "metrics": {
          "mae": 0.75,
          "mape": 0.15,
          "rmse": 0.8660254037844386,
          "smape": 1.357142857142857,
          "rmsse": 0.4602356342087916
        }
      }
    },
    "p25": {
      "raw": {
        "forecast": [
          0.0,
          0.0,
          0.0,
          0.0,
          0.0,
          0.0,
          0.0,
          0.0,
          0.0,
          0.0,
          0.0,
          0.0,
          0.0,
          0.0,
          0.0,
          0.0,
          0.0,
          0.0,
          0.0,
          0.0,
          0.0,
          0.0,
          0.0,
          0.0,
          0.0,
          0.0,
          0.0,
          0.0
        ],
        "metrics": {
          "mae": 0.4642857142857143,
          "mape": 1.0,
          "rmse": 0.823754471047914,
          "smape": 0.7142857142857143,
          "rmsse": 0.437771409196942
        }
      },
      "rounded": {
        "forecast": [
          0.0,
          0.0,
          0.0,
          0.0,
          0.0,
          0.0,
          0.0,
          0.0,
          0.0,
          0.0,
          0.0,
          0.0,
          0.0,
          0.0,
          0.0,
          0.0,
          0.0,
          0.0,
          0.0,
          0.0,
          0.0,
          0.0,
          0.0,
          0.0,
          0.0,
          0.0,
          0.0,
          0.0
        ],
        "metrics": {
          "mae": 0.4642857142857143,
          "mape": 1.0,
          "rmse": 0.823754471047914,
          "smape": 0.7142857142857143,
          "rmsse": 0.437771409196942
        }
      }
    },
    "p50": {
      "raw": {
        "forecast": [
          0.0,
          0.0,
          0.0,
          0.0,
          0.0,
          0.0,
          1.0,
          0.0,
          0.0,
          0.0,
          0.0,
          0.0,
          1.0,
          0.5,
          0.0,
          0.0,
          0.0,
          0.0,
          0.0,
          0.0,
          1.0,
          0.0,
          0.0,
          0.0,
          0.0,
          0.0,
          0.0,
          0.0
        ],
        "metrics": {
          "mae": 0.4464285714285714,
          "mape": 0.85,
          "rmse": 0.7618117502750551,
          "smape": 0.7380952380952381,
          "rmsse": 0.4048529205995673
        }
      },
      "rounded": {
        "forecast": [
          0.0,
          0.0,
          0.0,
          0.0,
          0.0,
          0.0,
          1.0,
          0.0,
          0.0,
          0.0,
          0.0,
          0.0,
          1.0,
          0.0,
          0.0,
          0.0,
          0.0,
          0.0,
          0.0,
          0.0,
          1.0,
          0.0,
          0.0,
          0.0,
          0.0,
          0.0,
          0.0,
          0.0
        ],
        "metrics": {
          "mae": 0.4285714285714285,
          "mape": 0.85,
          "rmse": 0.7559289460184544,
          "smape": 0.6666666666666667,
          "rmsse": 0.4017265964338657
        }
      }
    },
    "p75": {
      "raw": {
        "forecast": [
          1.0,
          1.0,
          1.0,
          1.0,
          1.0,
          1.0,
          2.0,
          1.25,
          1.0,
          1.0,
          1.0,
          1.25,
          2.0,
          1.0,
          2.0,
          1.0,
          1.0,
          1.0,
          1.0,
          1.0,
          1.0,
          1.0,
          1.0,
          1.0,
          1.0,
          1.0,
          1.0,
          1.0
        ],
        "metrics": {
          "mae": 0.875,
          "mape": 0.275,
          "rmse": 1.011099119063719,
          "smape": 1.3888888888888886,
          "rmsse": 0.5373327875565063
        }
      },
      "rounded": {
        "forecast": [
          1.0,
          1.0,
          1.0,
          1.0,
          1.0,
          1.0,
          2.0,
          1.0,
          1.0,
          1.0,
          1.0,
          1.0,
          2.0,
          1.0,
          2.0,
          1.0,
          1.0,
          1.0,
          1.0,
          1.0,
          1.0,
          1.0,
          1.0,
          1.0,
          1.0,
          1.0,
          1.0,
          1.0
        ],
        "metrics": {
          "mae": 0.8571428571428571,
          "mape": 0.25,
          "rmse": 1.0,
          "smape": 1.380952380952381,
          "rmsse": 0.531434334602208
        }
      }
    }
  }
}