{
  "series_id": "FOODS_2_079_WI_2_validation",
  "run": "run_20260524_085747_563601_001_subset34590_ctx56_h16_emb8_ep10_steps100",
  "horizon": [
    1,
    2,
    3,
    4,
    5,
    6,
    7,
    8,
    9,
    10,
    11,
    12,
    13,
    14,
    15,
    16,
    17,
    18,
    19,
    20,
    21,
    22,
    23,
    24,
    25,
    26,
    27,
    28
  ],
  "actuals": [
    1.0,
    0.0,
    0.0,
    0.0,
    1.0,
    2.0,
    2.0,
    0.0,
    0.0,
    1.0,
    0.0,
    2.0,
    0.0,
    1.0,
    3.0,
    0.0,
    0.0,
    1.0,
    1.0,
    2.0,
    0.0,
    0.0,
    0.0,
    0.0,
    1.0,
    1.0,
    1.0,
    0.0
  ],
  "modes": {
    "mean": {
      "raw": {
        "forecast": [
          1.01394,
          0.9097562,
          0.8765909,
          0.9369149,
          1.0660849,
          1.0859948,
          1.0644623,
          1.1001673,
          1.0032176,
          0.9104442,
          0.94281226,
          1.1602412,
          1.2205987,
          1.202983,
          1.1592,
          0.9764586,
          1.0097271,
          1.0823132,
          1.1569043,
          1.3474859,
          1.3408587,
          1.1390216,
          1.0116253,
          0.9665548,
          1.0244396,
          1.1552253,
          1.2655874,
          1.250957
        ],
        "metrics": {
          "mae": 0.747318223118782,
          "mape": 0.2386815249919891,
          "rmse": 0.8878305182193678,
          "smape": 1.1425873832872528,
          "rmsse": 0.7358976399913181
        }
      },
      "rounded": {
        "forecast": [
          1.0,
          1.0,
          1.0,
          1.0,
          1.0,
          1.0,
          1.0,
          1.0,
          1.0,
          1.0,
          1.0,
          1.0,
          1.0,
          1.0,
          1.0,
          1.0,
          1.0,
          1.0,
          1.0,
          1.0,
          1.0,
          1.0,
          1.0,
          1.0,
          1.0,
          1.0,
          1.0,
          1.0
        ],
        "metrics": {
          "mae": 0.7142857142857143,
          "mape": 0.1904761904761904,
          "rmse": 0.8864052604279183,
          "smape": 1.130952380952381,
          "rmsse": 0.7347162840640512
        }
      }
    },
    "sample-mean": {
      "raw": {
        "forecast": [
          0.95,
          0.9,
          0.69,
          0.87,
          0.89,
          1.11,
          0.98,
          0.82,
          0.63,
          0.82,
          0.62,
          0.77,
          0.87,
          0.85,
          0.95,
          0.74,
          0.89,
          0.9,
          0.93,
          1.01,
          1.29,
          1.18,
          0.82,
          0.72,
          0.98,
          1.0,
          1.07,
          1.22
        ],
        "metrics": {
          "mae": 0.6853571427719933,
          "mape": 0.2498809567519596,
          "rmse": 0.8440273329337824,
          "smape": 1.16550232651813,
          "rmsse": 0.6995904169185918
        }
      },
      "rounded": {
        "forecast": [
          1.0,
          1.0,
          1.0,
          1.0,
          1.0,
          1.0,
          1.0,
          1.0,
          1.0,
          1.0,
          1.0,
          1.0,
          1.0,
          1.0,
          1.0,
          1.0,
          1.0,
          1.0,
          1.0,
          1.0,
          1.0,
          1.0,
          1.0,
          1.0,
          1.0,
          1.0,
          1.0,
          1.0
        ],
        "metrics": {
          "mae": 0.7142857142857143,
          "mape": 0.1904761904761904,
          "rmse": 0.8864052604279183,
          "smape": 1.130952380952381,
          "rmsse": 0.7347162840640512
        }
      }
    },
    "p25": {
      "raw": {
        "forecast": [
          0.0,
          0.0,
          0.0,
          0.0,
          0.0,
          0.0,
          0.0,
          0.0,
          0.0,
          0.0,
          0.0,
          0.0,
          0.0,
          0.0,
          0.0,
          0.0,
          0.0,
          0.0,
          0.0,
          0.0,
          0.0,
          0.0,
          0.0,
          0.0,
          0.0,
          0.0,
          0.0,
          0.0
        ],
        "metrics": {
          "mae": 0.7142857142857143,
          "mape": 1.0,
          "rmse": 1.1019463300386794,
          "smape": 1.0,
          "rmsse": 0.9133721887584336
        }
      },
      "rounded": {
        "forecast": [
          0.0,
          0.0,
          0.0,
          0.0,
          0.0,
          0.0,
          0.0,
          0.0,
          0.0,
          0.0,
          0.0,
          0.0,
          0.0,
          0.0,
          0.0,
          0.0,
          0.0,
          0.0,
          0.0,
          0.0,
          0.0,
          0.0,
          0.0,
          0.0,
          0.0,
          0.0,
          0.0,
          0.0
        ],
        "metrics": {
          "mae": 0.7142857142857143,
          "mape": 1.0,
          "rmse": 1.1019463300386794,
          "smape": 1.0,
          "rmsse": 0.9133721887584336
        }
      }
    },
    "p50": {
      "raw": {
        "forecast": [
          1.0,
          1.0,
          0.0,
          1.0,
          1.0,
          1.0,
          1.0,
          0.0,
          0.0,
          0.5,
          0.0,
          0.0,
          1.0,
          1.0,
          0.0,
          0.0,
          1.0,
          1.0,
          1.0,
          1.0,
          1.0,
          1.0,
          0.0,
          0.0,
          1.0,
          1.0,
          1.0,
          1.0
        ],
        "metrics": {
          "mae": 0.5535714285714286,
          "mape": 0.2857142857142857,
          "rmse": 0.911239344440934,
          "smape": 0.738095238095238,
          "rmsse": 0.7553005548696744
        }
      },
      "rounded": {
        "forecast": [
          1.0,
          1.0,
          0.0,
          1.0,
          1.0,
          1.0,
          1.0,
          0.0,
          0.0,
          0.0,
          0.0,
          0.0,
          1.0,
          1.0,
          0.0,
          0.0,
          1.0,
          1.0,
          1.0,
          1.0,
          1.0,
          1.0,
          0.0,
          0.0,
          1.0,
          1.0,
          1.0,
          1.0
        ],
        "metrics": {
          "mae": 0.5714285714285714,
          "mape": 0.3214285714285714,
          "rmse": 0.9258200997725514,
          "smape": 0.7857142857142857,
          "rmsse": 0.767386131134104
        }
      }
    },
    "p75": {
      "raw": {
        "forecast": [
          1.0,
          1.25,
          1.0,
          1.0,
          1.0,
          2.0,
          2.0,
          1.0,
          1.0,
          1.0,
          1.0,
          1.0,
          2.0,
          1.0,
          1.0,
          1.0,
          1.0,
          1.0,
          2.0,
          1.0,
          2.0,
          2.0,
          1.0,
          1.0,
          1.0,
          2.0,
          1.0,
          2.0
        ],
        "metrics": {
          "mae": 0.8660714285714286,
          "mape": 0.2619047619047619,
          "rmse": 1.1110243021644486,
          "smape": 1.130952380952381,
          "rmsse": 0.9208966634483314
        }
      },
      "rounded": {
        "forecast": [
          1.0,
          1.0,
          1.0,
          1.0,
          1.0,
          2.0,
          2.0,
          1.0,
          1.0,
          1.0,
          1.0,
          1.0,
          2.0,
          1.0,
          1.0,
          1.0,
          1.0,
          1.0,
          2.0,
          1.0,
          2.0,
          2.0,
          1.0,
          1.0,
          1.0,
          2.0,
          1.0,
          2.0
        ],
        "metrics": {
          "mae": 0.8571428571428571,
          "mape": 0.2619047619047619,
          "rmse": 1.1019463300386794,
          "smape": 1.130952380952381,
          "rmsse": 0.9133721887584336
        }
      }
    }
  }
}