{
  "series_id": "FOODS_1_073_CA_3_validation",
  "run": "run_20260524_085747_563601_001_subset34590_ctx56_h16_emb8_ep10_steps100",
  "horizon": [
    1,
    2,
    3,
    4,
    5,
    6,
    7,
    8,
    9,
    10,
    11,
    12,
    13,
    14,
    15,
    16,
    17,
    18,
    19,
    20,
    21,
    22,
    23,
    24,
    25,
    26,
    27,
    28
  ],
  "actuals": [
    0.0,
    0.0,
    2.0,
    0.0,
    1.0,
    0.0,
    1.0,
    0.0,
    1.0,
    0.0,
    0.0,
    0.0,
    0.0,
    1.0,
    0.0,
    0.0,
    1.0,
    0.0,
    1.0,
    0.0,
    0.0,
    0.0,
    0.0,
    3.0,
    1.0,
    0.0,
    0.0,
    0.0
  ],
  "modes": {
    "mean": {
      "raw": {
        "forecast": [
          0.9490589,
          0.84995383,
          0.80346054,
          0.8555074,
          0.99948645,
          1.097581,
          1.1919347,
          1.1444443,
          1.0420065,
          1.0036583,
          1.0182166,
          1.2159501,
          1.4290297,
          1.4490064,
          1.3735499,
          1.2413704,
          1.0842948,
          1.1248757,
          1.2776371,
          1.4511724,
          1.4838698,
          1.3430378,
          1.1731869,
          1.0956672,
          1.1382072,
          1.2906303,
          1.462058,
          1.4941411
        ],
        "metrics": {
          "mae": 0.9744916089943476,
          "mape": 0.2685164025536289,
          "rmse": 1.1027980868229976,
          "smape": 1.4578915679237698,
          "rmsse": 0.7179654315486227
        }
      },
      "rounded": {
        "forecast": [
          1.0,
          1.0,
          1.0,
          1.0,
          1.0,
          1.0,
          1.0,
          1.0,
          1.0,
          1.0,
          1.0,
          1.0,
          1.0,
          1.0,
          1.0,
          1.0,
          1.0,
          1.0,
          1.0,
          1.0,
          1.0,
          1.0,
          1.0,
          1.0,
          1.0,
          1.0,
          1.0,
          1.0
        ],
        "metrics": {
          "mae": 0.7857142857142857,
          "mape": 0.1296296296296296,
          "rmse": 0.9258200997725514,
          "smape": 1.4166666666666663,
          "rmsse": 0.6027457205557124
        }
      }
    },
    "sample-mean": {
      "raw": {
        "forecast": [
          0.93,
          0.73,
          0.9,
          0.79,
          0.96,
          1.09,
          0.85,
          0.96,
          0.88,
          0.87,
          0.88,
          0.95,
          1.32,
          1.22,
          1.35,
          0.91,
          0.84,
          0.86,
          1.19,
          1.13,
          1.18,
          0.84,
          0.89,
          0.82,
          1.0,
          0.99,
          0.84,
          1.26
        ],
        "metrics": {
          "mae": 0.8189285780702319,
          "mape": 0.2396296439347443,
          "rmse": 0.9496108268246526,
          "smape": 1.4562945486834384,
          "rmsse": 0.618234430428274
        }
      },
      "rounded": {
        "forecast": [
          1.0,
          1.0,
          1.0,
          1.0,
          1.0,
          1.0,
          1.0,
          1.0,
          1.0,
          1.0,
          1.0,
          1.0,
          1.0,
          1.0,
          1.0,
          1.0,
          1.0,
          1.0,
          1.0,
          1.0,
          1.0,
          1.0,
          1.0,
          1.0,
          1.0,
          1.0,
          1.0,
          1.0
        ],
        "metrics": {
          "mae": 0.7857142857142857,
          "mape": 0.1296296296296296,
          "rmse": 0.9258200997725514,
          "smape": 1.4166666666666663,
          "rmsse": 0.6027457205557124
        }
      }
    },
    "p25": {
      "raw": {
        "forecast": [
          0.0,
          0.0,
          0.0,
          0.0,
          0.0,
          0.0,
          0.0,
          0.0,
          0.0,
          0.0,
          0.0,
          0.0,
          0.0,
          0.0,
          0.0,
          0.0,
          0.0,
          0.0,
          0.0,
          0.0,
          0.0,
          0.0,
          0.0,
          0.0,
          0.0,
          0.0,
          0.0,
          0.0
        ],
        "metrics": {
          "mae": 0.4285714285714285,
          "mape": 1.0,
          "rmse": 0.8451542547285166,
          "smape": 0.6428571428571429,
          "rmsse": 0.5502290459801149
        }
      },
      "rounded": {
        "forecast": [
          0.0,
          0.0,
          0.0,
          0.0,
          0.0,
          0.0,
          0.0,
          0.0,
          0.0,
          0.0,
          0.0,
          0.0,
          0.0,
          0.0,
          0.0,
          0.0,
          0.0,
          0.0,
          0.0,
          0.0,
          0.0,
          0.0,
          0.0,
          0.0,
          0.0,
          0.0,
          0.0,
          0.0
        ],
        "metrics": {
          "mae": 0.4285714285714285,
          "mape": 1.0,
          "rmse": 0.8451542547285166,
          "smape": 0.6428571428571429,
          "rmsse": 0.5502290459801149
        }
      }
    },
    "p50": {
      "raw": {
        "forecast": [
          1.0,
          0.0,
          0.5,
          0.0,
          1.0,
          1.0,
          1.0,
          0.0,
          1.0,
          0.0,
          0.0,
          0.0,
          1.0,
          1.0,
          1.0,
          1.0,
          0.5,
          0.0,
          1.0,
          1.0,
          1.0,
          1.0,
          0.0,
          0.5,
          1.0,
          0.5,
          0.0,
          1.0
        ],
        "metrics": {
          "mae": 0.5,
          "mape": 0.2314814814814815,
          "rmse": 0.8017837257372732,
          "smape": 0.8319727891156463,
          "rmsse": 0.5219931060236033
        }
      },
      "rounded": {
        "forecast": [
          1.0,
          0.0,
          0.0,
          0.0,
          1.0,
          1.0,
          1.0,
          0.0,
          1.0,
          0.0,
          0.0,
          0.0,
          1.0,
          1.0,
          1.0,
          1.0,
          0.0,
          0.0,
          1.0,
          1.0,
          1.0,
          1.0,
          0.0,
          0.0,
          1.0,
          0.0,
          0.0,
          1.0
        ],
        "metrics": {
          "mae": 0.5357142857142857,
          "mape": 0.3333333333333333,
          "rmse": 0.9063269671749656,
          "smape": 0.8571428571428571,
          "rmsse": 0.5900549156614285
        }
      }
    },
    "p75": {
      "raw": {
        "forecast": [
          1.0,
          1.0,
          1.0,
          1.0,
          1.0,
          2.0,
          1.0,
          1.0,
          1.0,
          1.0,
          1.0,
          1.25,
          2.0,
          2.0,
          2.0,
          1.0,
          1.0,
          1.0,
          2.0,
          1.0,
          2.0,
          1.0,
          1.0,
          1.0,
          2.0,
          2.0,
          1.0,
          2.0
        ],
        "metrics": {
          "mae": 1.1160714285714286,
          "mape": 0.4629629629629629,
          "rmse": 1.2756300964061418,
          "smape": 1.488095238095238,
          "rmsse": 0.8304859462543163
        }
      },
      "rounded": {
        "forecast": [
          1.0,
          1.0,
          1.0,
          1.0,
          1.0,
          2.0,
          1.0,
          1.0,
          1.0,
          1.0,
          1.0,
          1.0,
          2.0,
          2.0,
          2.0,
          1.0,
          1.0,
          1.0,
          2.0,
          1.0,
          2.0,
          1.0,
          1.0,
          1.0,
          2.0,
          2.0,
          1.0,
          2.0
        ],
        "metrics": {
          "mae": 1.1071428571428572,
          "mape": 0.4629629629629629,
          "rmse": 1.267731382092775,
          "smape": 1.488095238095238,
          "rmsse": 0.8253435689701725
        }
      }
    }
  }
}