{
  "series_id": "FOODS_2_109_WI_1_validation",
  "run": "run_20260524_085747_563601_001_subset34590_ctx56_h16_emb8_ep10_steps100",
  "horizon": [
    1,
    2,
    3,
    4,
    5,
    6,
    7,
    8,
    9,
    10,
    11,
    12,
    13,
    14,
    15,
    16,
    17,
    18,
    19,
    20,
    21,
    22,
    23,
    24,
    25,
    26,
    27,
    28
  ],
  "actuals": [
    1.0,
    0.0,
    1.0,
    3.0,
    1.0,
    0.0,
    1.0,
    1.0,
    0.0,
    1.0,
    2.0,
    0.0,
    1.0,
    0.0,
    2.0,
    0.0,
    0.0,
    1.0,
    0.0,
    0.0,
    0.0,
    0.0,
    2.0,
    0.0,
    0.0,
    0.0,
    0.0,
    1.0
  ],
  "modes": {
    "mean": {
      "raw": {
        "forecast": [
          1.0945774,
          0.9586708,
          0.93151593,
          1.0747042,
          1.3481417,
          1.3771008,
          1.3122126,
          1.2950486,
          1.1497968,
          1.0635334,
          1.0815178,
          1.4769775,
          1.6385502,
          1.5487014,
          1.4385158,
          1.1925453,
          1.2321155,
          1.398112,
          1.614118,
          1.8798027,
          1.8366926,
          1.5335622,
          1.3318045,
          1.2853609,
          1.4465767,
          1.7331427,
          1.9205611,
          1.8745804
        ],
        "metrics": {
          "mae": 1.0483008261237825,
          "mape": 0.3699297385338024,
          "rmse": 1.2089801158972389,
          "smape": 1.2407083230588802,
          "rmsse": 0.9533240338827684
        }
      },
      "rounded": {
        "forecast": [
          1.0,
          1.0,
          1.0,
          1.0,
          1.0,
          1.0,
          1.0,
          1.0,
          1.0,
          1.0,
          1.0,
          1.0,
          2.0,
          2.0,
          1.0,
          1.0,
          1.0,
          1.0,
          2.0,
          2.0,
          2.0,
          2.0,
          1.0,
          1.0,
          1.0,
          2.0,
          2.0,
          2.0
        ],
        "metrics": {
          "mae": 1.0357142857142858,
          "mape": 0.3205128205128205,
          "rmse": 1.267731382092775,
          "smape": 1.226190476190476,
          "rmsse": 0.9996515072206424
        }
      }
    },
    "sample-mean": {
      "raw": {
        "forecast": [
          0.93,
          0.96,
          0.76,
          1.08,
          0.93,
          1.07,
          1.16,
          1.24,
          0.98,
          0.93,
          1.17,
          1.04,
          1.25,
          1.38,
          1.12,
          0.88,
          0.81,
          1.01,
          1.08,
          1.24,
          1.32,
          1.14,
          0.72,
          1.06,
          1.0,
          1.08,
          1.23,
          0.97
        ],
        "metrics": {
          "mae": 0.7971428568874087,
          "mape": 0.2519230705041151,
          "rmse": 0.9448998448491364,
          "smape": 1.217340062436296,
          "rmsse": 0.7450873011573558
        }
      },
      "rounded": {
        "forecast": [
          1.0,
          1.0,
          1.0,
          1.0,
          1.0,
          1.0,
          1.0,
          1.0,
          1.0,
          1.0,
          1.0,
          1.0,
          1.0,
          1.0,
          1.0,
          1.0,
          1.0,
          1.0,
          1.0,
          1.0,
          1.0,
          1.0,
          1.0,
          1.0,
          1.0,
          1.0,
          1.0,
          1.0
        ],
        "metrics": {
          "mae": 0.7142857142857143,
          "mape": 0.1666666666666666,
          "rmse": 0.8864052604279183,
          "smape": 1.1785714285714286,
          "rmsse": 0.6989622305730918
        }
      }
    },
    "p25": {
      "raw": {
        "forecast": [
          0.0,
          0.0,
          0.0,
          0.0,
          0.0,
          0.0,
          0.0,
          0.0,
          0.0,
          0.0,
          0.0,
          0.0,
          0.0,
          0.0,
          0.0,
          0.0,
          0.0,
          0.0,
          0.0,
          0.0,
          0.0,
          0.0,
          0.0,
          0.0,
          0.0,
          0.0,
          0.0,
          0.0
        ],
        "metrics": {
          "mae": 0.6428571428571429,
          "mape": 1.0,
          "rmse": 1.035098339013531,
          "smape": 0.9285714285714286,
          "rmsse": 0.8162120377649024
        }
      },
      "rounded": {
        "forecast": [
          0.0,
          0.0,
          0.0,
          0.0,
          0.0,
          0.0,
          0.0,
          0.0,
          0.0,
          0.0,
          0.0,
          0.0,
          0.0,
          0.0,
          0.0,
          0.0,
          0.0,
          0.0,
          0.0,
          0.0,
          0.0,
          0.0,
          0.0,
          0.0,
          0.0,
          0.0,
          0.0,
          0.0
        ],
        "metrics": {
          "mae": 0.6428571428571429,
          "mape": 1.0,
          "rmse": 1.035098339013531,
          "smape": 0.9285714285714286,
          "rmsse": 0.8162120377649024
        }
      }
    },
    "p50": {
      "raw": {
        "forecast": [
          1.0,
          1.0,
          1.0,
          1.0,
          1.0,
          1.0,
          1.0,
          1.0,
          1.0,
          1.0,
          1.0,
          0.5,
          1.0,
          1.0,
          1.0,
          1.0,
          0.5,
          1.0,
          1.0,
          1.0,
          1.0,
          1.0,
          0.0,
          1.0,
          0.0,
          1.0,
          1.0,
          1.0
        ],
        "metrics": {
          "mae": 0.6785714285714286,
          "mape": 0.2051282051282051,
          "rmse": 0.8964214570007952,
          "smape": 1.1547619047619049,
          "rmsse": 0.7068603595790691
        }
      },
      "rounded": {
        "forecast": [
          1.0,
          1.0,
          1.0,
          1.0,
          1.0,
          1.0,
          1.0,
          1.0,
          1.0,
          1.0,
          1.0,
          0.0,
          1.0,
          1.0,
          1.0,
          1.0,
          0.0,
          1.0,
          1.0,
          1.0,
          1.0,
          1.0,
          0.0,
          1.0,
          0.0,
          1.0,
          1.0,
          1.0
        ],
        "metrics": {
          "mae": 0.6428571428571429,
          "mape": 0.2051282051282051,
          "rmse": 0.8864052604279183,
          "smape": 1.011904761904762,
          "rmsse": 0.6989622305730918
        }
      }
    },
    "p75": {
      "raw": {
        "forecast": [
          1.0,
          1.0,
          1.0,
          2.0,
          1.0,
          2.0,
          2.0,
          2.0,
          1.0,
          1.0,
          2.0,
          2.0,
          2.0,
          2.0,
          2.0,
          1.0,
          1.0,
          2.0,
          2.0,
          2.0,
          2.0,
          2.0,
          1.0,
          1.0,
          1.0,
          2.0,
          2.0,
          2.0
        ],
        "metrics": {
          "mae": 1.1071428571428572,
          "mape": 0.4487179487179488,
          "rmse": 1.3228756555322954,
          "smape": 1.2285714285714284,
          "rmsse": 1.0431347378458895
        }
      },
      "rounded": {
        "forecast": [
          1.0,
          1.0,
          1.0,
          2.0,
          1.0,
          2.0,
          2.0,
          2.0,
          1.0,
          1.0,
          2.0,
          2.0,
          2.0,
          2.0,
          2.0,
          1.0,
          1.0,
          2.0,
          2.0,
          2.0,
          2.0,
          2.0,
          1.0,
          1.0,
          1.0,
          2.0,
          2.0,
          2.0
        ],
        "metrics": {
          "mae": 1.1071428571428572,
          "mape": 0.4487179487179488,
          "rmse": 1.3228756555322954,
          "smape": 1.2285714285714284,
          "rmsse": 1.0431347378458895
        }
      }
    }
  }
}