{
  "series_id": "FOODS_1_154_WI_3_validation",
  "run": "run_20260524_085747_563601_001_subset34590_ctx56_h16_emb8_ep10_steps100",
  "horizon": [
    1,
    2,
    3,
    4,
    5,
    6,
    7,
    8,
    9,
    10,
    11,
    12,
    13,
    14,
    15,
    16,
    17,
    18,
    19,
    20,
    21,
    22,
    23,
    24,
    25,
    26,
    27,
    28
  ],
  "actuals": [
    0.0,
    0.0,
    0.0,
    0.0,
    1.0,
    1.0,
    1.0,
    0.0,
    1.0,
    0.0,
    0.0,
    1.0,
    0.0,
    1.0,
    2.0,
    1.0,
    0.0,
    0.0,
    3.0,
    2.0,
    2.0,
    1.0,
    1.0,
    3.0,
    4.0,
    0.0,
    0.0,
    0.0
  ],
  "modes": {
    "mean": {
      "raw": {
        "forecast": [
          1.5386837,
          1.2866105,
          1.2112081,
          1.3307523,
          1.5994377,
          1.6809369,
          1.5906181,
          1.551217,
          1.3593844,
          1.1912284,
          1.2828254,
          1.5967956,
          1.7471398,
          1.7418729,
          1.5869179,
          1.2623215,
          1.3116007,
          1.4403021,
          1.6167874,
          1.953181,
          1.9546158,
          1.5991794,
          1.3577654,
          1.2755822,
          1.401854,
          1.675596,
          1.8942996,
          1.8755648
        ],
        "metrics": {
          "mae": 1.0834429221493858,
          "mape": 0.4484245247311061,
          "rmse": 1.2545385952591517,
          "smape": 1.156134859464328,
          "rmsse": 0.4195716356653537
        }
      },
      "rounded": {
        "forecast": [
          2.0,
          1.0,
          1.0,
          1.0,
          2.0,
          2.0,
          2.0,
          2.0,
          1.0,
          1.0,
          1.0,
          2.0,
          2.0,
          2.0,
          2.0,
          1.0,
          1.0,
          1.0,
          2.0,
          2.0,
          2.0,
          2.0,
          1.0,
          1.0,
          1.0,
          2.0,
          2.0,
          2.0
        ],
        "metrics": {
          "mae": 1.1071428571428572,
          "mape": 0.5166666666666667,
          "rmse": 1.349603116263656,
          "smape": 1.164285714285714,
          "rmsse": 0.4513652980702669
        }
      }
    },
    "sample-mean": {
      "raw": {
        "forecast": [
          1.34,
          1.43,
          1.25,
          1.03,
          1.86,
          2.15,
          1.38,
          1.23,
          1.03,
          1.14,
          1.42,
          1.42,
          1.58,
          1.48,
          1.36,
          1.23,
          1.08,
          1.1,
          1.45,
          1.99,
          1.15,
          1.51,
          1.23,
          0.78,
          0.98,
          1.15,
          1.25,
          1.51
        ],
        "metrics": {
          "mae": 1.0389285726206643,
          "mape": 0.4701111157735189,
          "rmse": 1.2232027644785295,
          "smape": 1.1872609905616645,
          "rmsse": 0.4090915868049659
        }
      },
      "rounded": {
        "forecast": [
          1.0,
          1.0,
          1.0,
          1.0,
          2.0,
          2.0,
          1.0,
          1.0,
          1.0,
          1.0,
          1.0,
          1.0,
          2.0,
          1.0,
          1.0,
          1.0,
          1.0,
          1.0,
          1.0,
          2.0,
          1.0,
          2.0,
          1.0,
          1.0,
          1.0,
          1.0,
          1.0,
          2.0
        ],
        "metrics": {
          "mae": 0.9642857142857144,
          "mape": 0.4055555555555555,
          "rmse": 1.2100767390069582,
          "smape": 1.1619047619047618,
          "rmsse": 0.4047016796329553
        }
      }
    },
    "p25": {
      "raw": {
        "forecast": [
          0.0,
          0.0,
          0.0,
          0.0,
          0.0,
          1.0,
          0.0,
          0.0,
          0.0,
          0.0,
          0.0,
          0.0,
          0.0,
          0.0,
          0.0,
          0.0,
          0.0,
          0.0,
          0.0,
          0.0,
          0.0,
          0.0,
          0.0,
          0.0,
          0.0,
          0.0,
          0.0,
          0.0
        ],
        "metrics": {
          "mae": 0.8571428571428571,
          "mape": 0.9333333333333332,
          "rmse": 1.3887301496588271,
          "smape": 1.0,
          "rmsse": 0.4644510600088653
        }
      },
      "rounded": {
        "forecast": [
          0.0,
          0.0,
          0.0,
          0.0,
          0.0,
          1.0,
          0.0,
          0.0,
          0.0,
          0.0,
          0.0,
          0.0,
          0.0,
          0.0,
          0.0,
          0.0,
          0.0,
          0.0,
          0.0,
          0.0,
          0.0,
          0.0,
          0.0,
          0.0,
          0.0,
          0.0,
          0.0,
          0.0
        ],
        "metrics": {
          "mae": 0.8571428571428571,
          "mape": 0.9333333333333332,
          "rmse": 1.3887301496588271,
          "smape": 1.0,
          "rmsse": 0.4644510600088653
        }
      }
    },
    "p50": {
      "raw": {
        "forecast": [
          1.0,
          1.0,
          1.0,
          0.5,
          1.0,
          2.0,
          1.0,
          1.0,
          1.0,
          1.0,
          1.0,
          1.0,
          1.0,
          1.0,
          1.0,
          1.0,
          0.5,
          1.0,
          1.0,
          1.0,
          0.5,
          1.0,
          0.0,
          0.0,
          0.0,
          0.5,
          1.0,
          1.0
        ],
        "metrics": {
          "mae": 0.9285714285714286,
          "mape": 0.4277777777777777,
          "rmse": 1.2817398889233114,
          "smape": 1.2928571428571427,
          "rmsse": 0.4286689175808039
        }
      },
      "rounded": {
        "forecast": [
          1.0,
          1.0,
          1.0,
          0.0,
          1.0,
          2.0,
          1.0,
          1.0,
          1.0,
          1.0,
          1.0,
          1.0,
          1.0,
          1.0,
          1.0,
          1.0,
          0.0,
          1.0,
          1.0,
          1.0,
          0.0,
          1.0,
          0.0,
          0.0,
          0.0,
          0.0,
          1.0,
          1.0
        ],
        "metrics": {
          "mae": 0.8928571428571429,
          "mape": 0.4444444444444444,
          "rmse": 1.2955969390869324,
          "smape": 1.1071428571428572,
          "rmsse": 0.4333033108347207
        }
      }
    },
    "p75": {
      "raw": {
        "forecast": [
          2.0,
          2.0,
          2.0,
          2.0,
          2.25,
          3.0,
          2.0,
          2.0,
          2.0,
          2.0,
          2.0,
          2.25,
          3.0,
          2.0,
          2.0,
          2.0,
          1.0,
          2.0,
          3.0,
          3.0,
          1.25,
          2.25,
          2.0,
          1.0,
          2.0,
          2.0,
          2.0,
          3.0
        ],
        "metrics": {
          "mae": 1.5535714285714286,
          "mape": 0.8527777777777777,
          "rmse": 1.713913650100261,
          "smape": 1.2560439560439558,
          "rmsse": 0.5732064013647951
        }
      },
      "rounded": {
        "forecast": [
          2.0,
          2.0,
          2.0,
          2.0,
          2.0,
          3.0,
          2.0,
          2.0,
          2.0,
          2.0,
          2.0,
          2.0,
          3.0,
          2.0,
          2.0,
          2.0,
          1.0,
          2.0,
          3.0,
          3.0,
          1.0,
          2.0,
          2.0,
          1.0,
          2.0,
          2.0,
          2.0,
          3.0
        ],
        "metrics": {
          "mae": 1.5357142857142858,
          "mape": 0.8111111111111111,
          "rmse": 1.7008401285415224,
          "smape": 1.2523809523809522,
          "rmsse": 0.5688340537582449
        }
      }
    }
  }
}