{
  "series_id": "FOODS_3_788_TX_3_validation",
  "run": "run_20260524_085747_563601_001_subset34590_ctx56_h16_emb8_ep10_steps100",
  "horizon": [
    1,
    2,
    3,
    4,
    5,
    6,
    7,
    8,
    9,
    10,
    11,
    12,
    13,
    14,
    15,
    16,
    17,
    18,
    19,
    20,
    21,
    22,
    23,
    24,
    25,
    26,
    27,
    28
  ],
  "actuals": [
    0.0,
    0.0,
    0.0,
    1.0,
    1.0,
    1.0,
    0.0,
    4.0,
    0.0,
    1.0,
    0.0,
    1.0,
    2.0,
    2.0,
    1.0,
    3.0,
    0.0,
    0.0,
    1.0,
    0.0,
    1.0,
    1.0,
    1.0,
    0.0,
    0.0,
    2.0,
    0.0,
    0.0
  ],
  "modes": {
    "mean": {
      "raw": {
        "forecast": [
          1.032678,
          0.97696006,
          0.95944566,
          1.0396689,
          1.1961795,
          1.282574,
          1.3291906,
          1.2277377,
          1.1700426,
          1.1054872,
          1.1728556,
          1.3666879,
          1.5127554,
          1.4272937,
          1.3888481,
          1.2214925,
          1.2298739,
          1.3108113,
          1.4638184,
          1.5483832,
          1.6099875,
          1.4269713,
          1.2829137,
          1.2266681,
          1.2901608,
          1.4344034,
          1.5602438,
          1.5589628
        ],
        "metrics": {
          "mae": 0.918061803494181,
          "mape": 0.3507874515321519,
          "rmse": 1.103809842510859,
          "smape": 1.1245926740542678,
          "rmsse": 0.708106536771487
        }
      },
      "rounded": {
        "forecast": [
          1.0,
          1.0,
          1.0,
          1.0,
          1.0,
          1.0,
          1.0,
          1.0,
          1.0,
          1.0,
          1.0,
          1.0,
          2.0,
          1.0,
          1.0,
          1.0,
          1.0,
          1.0,
          1.0,
          2.0,
          2.0,
          1.0,
          1.0,
          1.0,
          1.0,
          1.0,
          2.0,
          2.0
        ],
        "metrics": {
          "mae": 0.8571428571428571,
          "mape": 0.2277777777777777,
          "rmse": 1.164964745021435,
          "smape": 1.0785714285714283,
          "rmsse": 0.7473381005387183
        }
      }
    },
    "sample-mean": {
      "raw": {
        "forecast": [
          0.87,
          0.94,
          0.76,
          1.07,
          1.01,
          1.23,
          1.31,
          0.76,
          1.08,
          0.89,
          0.95,
          1.38,
          1.4,
          1.11,
          1.11,
          1.01,
          1.04,
          1.14,
          1.23,
          1.14,
          1.39,
          1.08,
          0.82,
          0.79,
          0.82,
          0.98,
          1.05,
          1.13
        ],
        "metrics": {
          "mae": 0.8053571432828903,
          "mape": 0.3012222316530015,
          "rmse": 1.0433513955001246,
          "smape": 1.128390538880392,
          "rmsse": 0.6693217571087418
        }
      },
      "rounded": {
        "forecast": [
          1.0,
          1.0,
          1.0,
          1.0,
          1.0,
          1.0,
          1.0,
          1.0,
          1.0,
          1.0,
          1.0,
          1.0,
          1.0,
          1.0,
          1.0,
          1.0,
          1.0,
          1.0,
          1.0,
          1.0,
          1.0,
          1.0,
          1.0,
          1.0,
          1.0,
          1.0,
          1.0,
          1.0
        ],
        "metrics": {
          "mae": 0.75,
          "mape": 0.1944444444444444,
          "rmse": 1.0177004891982149,
          "smape": 1.0785714285714283,
          "rmsse": 0.6528664097047195
        }
      }
    },
    "p25": {
      "raw": {
        "forecast": [
          0.0,
          0.0,
          0.0,
          0.0,
          0.0,
          0.0,
          0.0,
          0.0,
          0.0,
          0.0,
          0.0,
          0.0,
          0.0,
          0.0,
          0.0,
          0.0,
          0.0,
          0.0,
          0.0,
          0.0,
          0.0,
          0.0,
          0.0,
          0.0,
          0.0,
          0.0,
          0.0,
          0.0
        ],
        "metrics": {
          "mae": 0.8214285714285714,
          "mape": 1.0,
          "rmse": 1.2955969390869324,
          "smape": 1.0714285714285714,
          "rmsse": 0.8311401350632204
        }
      },
      "rounded": {
        "forecast": [
          0.0,
          0.0,
          0.0,
          0.0,
          0.0,
          0.0,
          0.0,
          0.0,
          0.0,
          0.0,
          0.0,
          0.0,
          0.0,
          0.0,
          0.0,
          0.0,
          0.0,
          0.0,
          0.0,
          0.0,
          0.0,
          0.0,
          0.0,
          0.0,
          0.0,
          0.0,
          0.0,
          0.0
        ],
        "metrics": {
          "mae": 0.8214285714285714,
          "mape": 1.0,
          "rmse": 1.2955969390869324,
          "smape": 1.0714285714285714,
          "rmsse": 0.8311401350632204
        }
      }
    },
    "p50": {
      "raw": {
        "forecast": [
          0.0,
          1.0,
          0.0,
          1.0,
          1.0,
          1.0,
          1.0,
          0.5,
          1.0,
          0.0,
          0.0,
          1.0,
          1.0,
          1.0,
          1.0,
          0.5,
          1.0,
          1.0,
          1.0,
          1.0,
          1.0,
          1.0,
          1.0,
          0.0,
          0.0,
          1.0,
          1.0,
          1.0
        ],
        "metrics": {
          "mae": 0.6428571428571429,
          "mape": 0.2805555555555556,
          "rmse": 1.0436885140144612,
          "smape": 0.8208616780045351,
          "rmsse": 0.669538022460322
        }
      },
      "rounded": {
        "forecast": [
          0.0,
          1.0,
          0.0,
          1.0,
          1.0,
          1.0,
          1.0,
          0.0,
          1.0,
          0.0,
          0.0,
          1.0,
          1.0,
          1.0,
          1.0,
          0.0,
          1.0,
          1.0,
          1.0,
          1.0,
          1.0,
          1.0,
          1.0,
          0.0,
          0.0,
          1.0,
          1.0,
          1.0
        ],
        "metrics": {
          "mae": 0.6785714285714286,
          "mape": 0.3,
          "rmse": 1.14953406710222,
          "smape": 0.8571428571428571,
          "rmsse": 0.737439145591409
        }
      }
    },
    "p75": {
      "raw": {
        "forecast": [
          1.0,
          1.0,
          1.0,
          2.0,
          2.0,
          2.0,
          2.0,
          1.0,
          1.25,
          2.0,
          1.25,
          2.0,
          2.0,
          2.0,
          2.0,
          2.0,
          2.0,
          2.0,
          2.0,
          2.0,
          2.0,
          2.0,
          1.0,
          1.0,
          1.0,
          2.0,
          2.0,
          2.0
        ],
        "metrics": {
          "mae": 1.1607142857142858,
          "mape": 0.6722222222222222,
          "rmse": 1.3512560294566154,
          "smape": 1.1999999999999995,
          "rmsse": 0.8668460729916907
        }
      },
      "rounded": {
        "forecast": [
          1.0,
          1.0,
          1.0,
          2.0,
          2.0,
          2.0,
          2.0,
          1.0,
          1.0,
          2.0,
          1.0,
          2.0,
          2.0,
          2.0,
          2.0,
          2.0,
          2.0,
          2.0,
          2.0,
          2.0,
          2.0,
          2.0,
          1.0,
          1.0,
          1.0,
          2.0,
          2.0,
          2.0
        ],
        "metrics": {
          "mae": 1.1428571428571428,
          "mape": 0.6722222222222222,
          "rmse": 1.336306209562122,
          "smape": 1.1999999999999995,
          "rmsse": 0.8572555939226086
        }
      }
    }
  }
}