{
  "series_id": "FOODS_3_318_CA_3_validation",
  "run": "run_20260524_085747_563601_001_subset34590_ctx56_h16_emb8_ep10_steps100",
  "horizon": [
    1,
    2,
    3,
    4,
    5,
    6,
    7,
    8,
    9,
    10,
    11,
    12,
    13,
    14,
    15,
    16,
    17,
    18,
    19,
    20,
    21,
    22,
    23,
    24,
    25,
    26,
    27,
    28
  ],
  "actuals": [
    15.0,
    19.0,
    7.0,
    9.0,
    21.0,
    16.0,
    21.0,
    17.0,
    25.0,
    31.0,
    21.0,
    24.0,
    33.0,
    28.0,
    13.0,
    16.0,
    21.0,
    14.0,
    23.0,
    28.0,
    24.0,
    14.0,
    9.0,
    20.0,
    10.0,
    32.0,
    27.0,
    28.0
  ],
  "modes": {
    "mean": {
      "raw": {
        "forecast": [
          28.665522,
          25.47158,
          23.518835,
          24.338701,
          28.66273,
          31.009134,
          32.868862,
          31.937294,
          28.974922,
          27.400885,
          25.876497,
          31.786207,
          37.678974,
          37.055035,
          35.177658,
          31.659466,
          28.39696,
          29.400124,
          34.038563,
          39.22391,
          40.077213,
          36.56414,
          32.08496,
          29.615444,
          30.494062,
          34.942833,
          39.84259,
          40.471035
        ],
        "metrics": {
          "mae": 12.086870329720634,
          "mape": 0.8131080454089904,
          "rmse": 13.390684890744613,
          "smape": 0.5053126677936245,
          "rmsse": 0.7487150214634718
        }
      },
      "rounded": {
        "forecast": [
          29.0,
          25.0,
          24.0,
          24.0,
          29.0,
          31.0,
          33.0,
          32.0,
          29.0,
          27.0,
          26.0,
          32.0,
          38.0,
          37.0,
          35.0,
          32.0,
          28.0,
          29.0,
          34.0,
          39.0,
          40.0,
          37.0,
          32.0,
          30.0,
          30.0,
          35.0,
          40.0,
          40.0
        ],
        "metrics": {
          "mae": 12.107142857142858,
          "mape": 0.8138239011740751,
          "rmse": 13.393761874203122,
          "smape": 0.505992181396253,
          "rmsse": 0.7488870652203803
        }
      }
    },
    "sample-mean": {
      "raw": {
        "forecast": [
          24.0,
          23.32,
          19.19,
          20.47,
          24.31,
          23.81,
          25.46,
          26.61,
          22.63,
          20.57,
          21.98,
          22.0,
          28.25,
          26.89,
          27.5,
          25.49,
          19.97,
          20.47,
          23.51,
          25.9,
          27.28,
          25.06,
          21.37,
          18.46,
          19.27,
          25.06,
          26.49,
          26.72
        ],
        "metrics": {
          "mae": 5.862857273646763,
          "mape": 0.4255342102719479,
          "rmse": 7.269160939264133,
          "smape": 0.3074574812762076,
          "rmsse": 0.4064414951937484
        }
      },
      "rounded": {
        "forecast": [
          24.0,
          23.0,
          19.0,
          20.0,
          24.0,
          24.0,
          25.0,
          27.0,
          23.0,
          21.0,
          22.0,
          22.0,
          28.0,
          27.0,
          28.0,
          25.0,
          20.0,
          20.0,
          24.0,
          26.0,
          27.0,
          25.0,
          21.0,
          18.0,
          19.0,
          25.0,
          26.0,
          27.0
        ],
        "metrics": {
          "mae": 5.785714285714286,
          "mape": 0.4190127766866146,
          "rmse": 7.1813249871753175,
          "smape": 0.3040612721410337,
          "rmsse": 0.4015303127344481
        }
      }
    },
    "p25": {
      "raw": {
        "forecast": [
          12.0,
          11.0,
          8.0,
          8.0,
          13.0,
          10.0,
          10.75,
          13.0,
          9.75,
          8.0,
          6.0,
          9.0,
          12.0,
          10.75,
          9.0,
          6.0,
          5.75,
          5.75,
          8.75,
          10.75,
          9.75,
          8.0,
          8.0,
          3.75,
          4.0,
          7.0,
          4.0,
          4.0
        ],
        "metrics": {
          "mae": 11.866071428571429,
          "mape": 0.5292143313622181,
          "rmse": 13.930391364618174,
          "smape": 0.7781211203123318,
          "rmsse": 0.7788916963286622
        }
      },
      "rounded": {
        "forecast": [
          12.0,
          11.0,
          8.0,
          8.0,
          13.0,
          10.0,
          11.0,
          13.0,
          10.0,
          8.0,
          6.0,
          9.0,
          12.0,
          11.0,
          9.0,
          6.0,
          6.0,
          6.0,
          9.0,
          11.0,
          10.0,
          8.0,
          8.0,
          4.0,
          4.0,
          7.0,
          4.0,
          4.0
        ],
        "metrics": {
          "mae": 11.785714285714286,
          "mape": 0.5255246870262228,
          "rmse": 13.848671932200368,
          "smape": 0.7702125816113348,
          "rmsse": 0.7743225075906783
        }
      }
    },
    "p50": {
      "raw": {
        "forecast": [
          19.0,
          18.0,
          15.0,
          16.0,
          20.0,
          19.0,
          24.5,
          20.0,
          20.0,
          16.0,
          17.0,
          18.0,
          23.5,
          25.0,
          24.0,
          17.0,
          15.5,
          16.5,
          19.0,
          21.0,
          23.0,
          22.0,
          17.0,
          15.0,
          15.0,
          20.0,
          22.0,
          21.0
        ],
        "metrics": {
          "mae": 5.535714285714286,
          "mape": 0.3275989522959766,
          "rmse": 6.5,
          "smape": 0.2948291443166209,
          "rmsse": 0.3634353044089852
        }
      },
      "rounded": {
        "forecast": [
          19.0,
          18.0,
          15.0,
          16.0,
          20.0,
          19.0,
          24.0,
          20.0,
          20.0,
          16.0,
          17.0,
          18.0,
          24.0,
          25.0,
          24.0,
          17.0,
          16.0,
          16.0,
          19.0,
          21.0,
          23.0,
          22.0,
          17.0,
          15.0,
          15.0,
          20.0,
          22.0,
          21.0
        ],
        "metrics": {
          "mae": 5.464285714285714,
          "mape": 0.3240816362786605,
          "rmse": 6.444820733404017,
          "smape": 0.2911610293770166,
          "rmsse": 0.3603500592470812
        }
      }
    },
    "p75": {
      "raw": {
        "forecast": [
          31.25,
          31.25,
          27.0,
          26.5,
          32.25,
          30.5,
          36.0,
          36.25,
          31.0,
          30.0,
          29.75,
          32.25,
          36.25,
          38.0,
          36.5,
          41.25,
          30.0,
          29.0,
          35.25,
          36.0,
          38.25,
          35.0,
          27.5,
          32.0,
          30.25,
          37.0,
          41.25,
          40.25
        ],
        "metrics": {
          "mae": 13.348214285714286,
          "mape": 0.8895191599073203,
          "rmse": 14.60590939605317,
          "smape": 0.5428929807261871,
          "rmsse": 0.8166620196191754
        }
      },
      "rounded": {
        "forecast": [
          31.0,
          31.0,
          27.0,
          26.0,
          32.0,
          30.0,
          36.0,
          36.0,
          31.0,
          30.0,
          30.0,
          32.0,
          36.0,
          38.0,
          36.0,
          41.0,
          30.0,
          29.0,
          35.0,
          36.0,
          38.0,
          35.0,
          28.0,
          32.0,
          30.0,
          37.0,
          41.0,
          40.0
        ],
        "metrics": {
          "mae": 13.214285714285714,