{
  "series_id": "FOODS_3_801_CA_4_validation",
  "run": "run_20260524_085747_563601_001_subset34590_ctx56_h16_emb8_ep10_steps100",
  "horizon": [
    1,
    2,
    3,
    4,
    5,
    6,
    7,
    8,
    9,
    10,
    11,
    12,
    13,
    14,
    15,
    16,
    17,
    18,
    19,
    20,
    21,
    22,
    23,
    24,
    25,
    26,
    27,
    28
  ],
  "actuals": [
    0.0,
    0.0,
    0.0,
    0.0,
    3.0,
    3.0,
    0.0,
    1.0,
    4.0,
    1.0,
    2.0,
    3.0,
    2.0,
    4.0,
    1.0,
    0.0,
    2.0,
    0.0,
    1.0,
    2.0,
    2.0,
    1.0,
    2.0,
    0.0,
    0.0,
    0.0,
    1.0,
    3.0
  ],
  "modes": {
    "mean": {
      "raw": {
        "forecast": [
          1.9077132,
          1.6525083,
          1.6028149,
          1.7522603,
          2.076922,
          2.1583602,
          2.2748623,
          2.2295275,
          2.0268145,
          1.9857248,
          1.9692936,
          2.461807,
          2.803645,
          2.6271489,
          2.4844623,
          2.227193,
          1.9916056,
          2.135108,
          2.4651022,
          2.763193,
          2.7213109,
          2.3905644,
          2.0890522,
          1.9973755,
          2.1429923,
          2.4758985,
          2.772857,
          2.7298625
        ],
        "metrics": {
          "mae": 1.3154411103044237,
          "mape": 0.6239211603447243,
          "rmse": 1.4974343700537656,
          "smape": 0.9983475045202058,
          "rmsse": 0.724980808045702
        }
      },
      "rounded": {
        "forecast": [
          2.0,
          2.0,
          2.0,
          2.0,
          2.0,
          2.0,
          2.0,
          2.0,
          2.0,
          2.0,
          2.0,
          2.0,
          3.0,
          3.0,
          2.0,
          2.0,
          2.0,
          2.0,
          2.0,
          3.0,
          3.0,
          2.0,
          2.0,
          2.0,
          2.0,
          2.0,
          3.0,
          3.0
        ],
        "metrics": {
          "mae": 1.2857142857142858,
          "mape": 0.5694444444444444,
          "rmse": 1.4638501094227998,
          "smape": 0.9887755102040816,
          "rmsse": 0.7087210340637672
        }
      }
    },
    "sample-mean": {
      "raw": {
        "forecast": [
          1.64,
          1.63,
          1.67,
          1.53,
          2.14,
          2.04,
          2.17,
          2.18,
          2.22,
          2.0,
          1.8,
          2.09,
          2.08,
          2.2,
          2.4,
          2.03,
          1.61,
          1.62,
          2.17,
          2.33,
          2.39,
          1.8,
          1.47,
          1.48,
          2.02,
          1.83,
          2.5,
          2.45
        ],
        "metrics": {
          "mae": 1.194642858845847,
          "mape": 0.555462970777794,
          "rmse": 1.3376698866772014,
          "smape": 0.9936847285391291,
          "rmsse": 0.6476310513073237
        }
      },
      "rounded": {
        "forecast": [
          2.0,
          2.0,
          2.0,
          2.0,
          2.0,
          2.0,
          2.0,
          2.0,
          2.0,
          2.0,
          2.0,
          2.0,
          2.0,
          2.0,
          2.0,
          2.0,
          2.0,
          2.0,
          2.0,
          2.0,
          2.0,
          2.0,
          1.0,
          1.0,
          2.0,
          2.0,
          2.0,
          2.0
        ],
        "metrics": {
          "mae": 1.2142857142857142,
          "mape": 0.4907407407407407,
          "rmse": 1.4142135623730951,
          "smape": 0.9857142857142857,
          "rmsse": 0.6846895675044673
        }
      }
    },
    "p25": {
      "raw": {
        "forecast": [
          0.0,
          0.0,
          0.0,
          0.0,
          1.0,
          0.0,
          0.75,
          1.0,
          0.0,
          0.0,
          0.0,
          1.0,
          0.0,
          1.0,
          1.0,
          0.0,
          0.0,
          0.0,
          0.0,
          1.0,
          1.0,
          0.0,
          0.0,
          0.0,
          0.0,
          0.0,
          1.0,
          1.0
        ],
        "metrics": {
          "mae": 1.0625,
          "mape": 0.7083333333333333,
          "rmse": 1.553366160495145,
          "smape": 0.911904761904762,
          "rmsse": 0.7520601081075659
        }
      },
      "rounded": {
        "forecast": [
          0.0,
          0.0,
          0.0,
          0.0,
          1.0,
          0.0,
          1.0,
          1.0,
          0.0,
          0.0,
          0.0,
          1.0,
          0.0,
          1.0,
          1.0,
          0.0,
          0.0,
          0.0,
          0.0,
          1.0,
          1.0,
          0.0,
          0.0,
          0.0,
          0.0,
          0.0,
          1.0,
          1.0
        ],
        "metrics": {
          "mae": 1.0714285714285714,
          "mape": 0.7083333333333333,
          "rmse": 1.558387444947959,
          "smape": 0.911904761904762,
          "rmsse": 0.7544911561273183
        }
      }
    },
    "p50": {
      "raw": {
        "forecast": [
          1.0,
          1.0,
          1.0,
          1.0,
          1.5,
          1.0,
          2.0,
          2.0,
          2.0,
          1.0,
          1.0,
          2.0,
          1.0,
          2.0,
          2.0,
          2.0,
          1.0,
          1.0,
          2.0,
          2.0,
          2.0,
          1.5,
          1.0,
          1.0,
          2.0,
          1.0,
          2.0,
          2.0
        ],
        "metrics": {
          "mae": 1.1071428571428572,
          "mape": 0.5185185185185186,
          "rmse": 1.246423454758225,
          "smape": 1.0547619047619048,
          "rmsse": 0.6034542157365389
        }
      },
      "rounded": {
        "forecast": [
          1.0,
          1.0,
          1.0,
          1.0,
          2.0,
          1.0,
          2.0,
          2.0,
          2.0,
          1.0,
          1.0,
          2.0,
          1.0,
          2.0,
          2.0,
          2.0,
          1.0,
          1.0,
          2.0,
          2.0,
          2.0,
          2.0,
          1.0,
          1.0,
          2.0,
          1.0,
          2.0,
          2.0
        ],
        "metrics": {
          "mae": 1.1071428571428572,
          "mape": 0.537037037037037,
          "rmse": 1.2392393980641052,
          "smape": 1.0547619047619048,
          "rmsse": 0.5999760644857686
        }
      }
    },
    "p75": {
      "raw": {
        "forecast": [
          2.0,
          3.0,
          3.0,
          2.0,
          3.0,
          3.0,
          3.0,
          3.0,
          3.0,
          3.0,
          3.0,
          3.0,
          3.25,
          3.0,
          3.25,
          3.0,
          3.0,
          2.0,
          3.0,
          3.25,
          3.0,
          3.0,
          2.0,
          2.0,
          3.0,
          3.0,
          3.25,
          4.0
        ],
        "metrics": {
          "mae": 1.6785714285714286,
          "mape": 0.8935185185185185,
          "rmse": 1.9387956497342809,
          "smape": 1.0402561024409764,
          "rmsse": 0.9386652696701376
        }
      },
      "rounded": {
        "forecast": [
          2.0,
          3.0,
          3.0,
          2.0,
          3.0,
          3.0,
          3.0,
          3.0,
          3.0,
          3.0,
          3.0,
          3.0,
          3.0,
          3.0,
          3.0,
          3.0,
          3.0,
          2.0,
          3.0,
          3.0,
          3.0,
          3.0,
          2.0,
          2.0,
          3.0,
          3.0,
          3.0,
          4.0
        ],
        "metrics": {
          "mae": 1.6428571428571428,
          "mape": 0.8518518518518519,
          "rmse": 1.9086270308410556,
          "smape": 1.030612244897959,
          "rmsse": 0.924059173977244
        }
      }
    }
  }
}