{
  "series_id": "FOODS_3_001_CA_1_validation",
  "run": "run_20260524_085747_563601_001_subset34590_ctx56_h16_emb8_ep10_steps100",
  "horizon": [
    1,
    2,
    3,
    4,
    5,
    6,
    7,
    8,
    9,
    10,
    11,
    12,
    13,
    14,
    15,
    16,
    17,
    18,
    19,
    20,
    21,
    22,
    23,
    24,
    25,
    26,
    27,
    28
  ],
  "actuals": [
    0.0,
    0.0,
    0.0,
    0.0,
    0.0,
    0.0,
    0.0,
    0.0,
    0.0,
    0.0,
    1.0,
    0.0,
    0.0,
    0.0,
    0.0,
    0.0,
    0.0,
    0.0,
    0.0,
    0.0,
    0.0,
    1.0,
    0.0,
    0.0,
    1.0,
    0.0,
    0.0,
    2.0
  ],
  "modes": {
    "mean": {
      "raw": {
        "forecast": [
          0.49672967,
          0.40524623,
          0.3487714,
          0.3360497,
          0.37256286,
          0.39346924,
          0.42158222,
          0.40825254,
          0.34748408,
          0.30787647,
          0.2831578,
          0.34308296,
          0.41235396,
          0.38775793,
          0.36507854,
          0.30977702,
          0.26731083,
          0.2631935,
          0.29178333,
          0.33313823,
          0.33966148,
          0.2967097,
          0.24780299,
          0.22148262,
          0.21957189,
          0.23731542,
          0.26148424,
          0.2622466
        ],
        "metrics": {
          "mae": 0.4306271948984691,
          "mape": 0.7673593312501907,
          "rmse": 0.5172432609321773,
          "smape": 1.8935066851516864,
          "rmsse": 0.4451031481918772
        }
      },
      "rounded": {
        "forecast": [
          0.0,
          0.0,
          0.0,
          0.0,
          0.0,
          0.0,
          0.0,
          0.0,
          0.0,
          0.0,
          0.0,
          0.0,
          0.0,
          0.0,
          0.0,
          0.0,
          0.0,
          0.0,
          0.0,
          0.0,
          0.0,
          0.0,
          0.0,
          0.0,
          0.0,
          0.0,
          0.0,
          0.0
        ],
        "metrics": {
          "mae": 0.1785714285714285,
          "mape": 1.0,
          "rmse": 0.5,
          "smape": 0.2857142857142857,
          "rmsse": 0.4302648113671998
        }
      }
    },
    "sample-mean": {
      "raw": {
        "forecast": [
          0.45,
          0.42,
          0.42,
          0.35,
          0.39,
          0.51,
          0.57,
          0.4,
          0.53,
          0.5,
          0.38,
          0.51,
          0.58,
          0.63,
          0.67,
          0.41,
          0.54,
          0.55,
          0.39,
          0.61,
          0.56,
          0.52,
          0.52,
          0.52,
          0.41,
          0.51,
          0.42,
          0.48
        ],
        "metrics": {
          "mae": 0.5417857106242862,
          "mape": 0.6125000081956387,
          "rmse": 0.5793684966872671,
          "smape": 1.842600557872544,
          "rmsse": 0.4985637538784903
        }
      },
      "rounded": {
        "forecast": [
          0.0,
          0.0,
          0.0,
          0.0,
          0.0,
          1.0,
          1.0,
          0.0,
          1.0,
          0.0,
          0.0,
          1.0,
          1.0,
          1.0,
          1.0,
          0.0,
          1.0,
          1.0,
          0.0,
          1.0,
          1.0,
          1.0,
          1.0,
          1.0,
          0.0,
          1.0,
          0.0,
          0.0
        ],
        "metrics": {
          "mae": 0.6428571428571429,
          "mape": 0.75,
          "rmse": 0.8451542547285166,
          "smape": 1.2142857142857142,
          "rmsse": 0.7272802719739031
        }
      }
    },
    "p25": {
      "raw": {
        "forecast": [
          0.0,
          0.0,
          0.0,
          0.0,
          0.0,
          0.0,
          0.0,
          0.0,
          0.0,
          0.0,
          0.0,
          0.0,
          0.0,
          0.0,
          0.0,
          0.0,
          0.0,
          0.0,
          0.0,
          0.0,
          0.0,
          0.0,
          0.0,
          0.0,
          0.0,
          0.0,
          0.0,
          0.0
        ],
        "metrics": {
          "mae": 0.1785714285714285,
          "mape": 1.0,
          "rmse": 0.5,
          "smape": 0.2857142857142857,
          "rmsse": 0.4302648113671998
        }
      },
      "rounded": {
        "forecast": [
          0.0,
          0.0,
          0.0,
          0.0,
          0.0,
          0.0,
          0.0,
          0.0,
          0.0,
          0.0,
          0.0,
          0.0,
          0.0,
          0.0,
          0.0,
          0.0,
          0.0,
          0.0,
          0.0,
          0.0,
          0.0,
          0.0,
          0.0,
          0.0,
          0.0,
          0.0,
          0.0,
          0.0
        ],
        "metrics": {
          "mae": 0.1785714285714285,
          "mape": 1.0,
          "rmse": 0.5,
          "smape": 0.2857142857142857,
          "rmsse": 0.4302648113671998
        }
      }
    },
    "p50": {
      "raw": {
        "forecast": [
          0.0,
          0.0,
          0.0,
          0.0,
          0.0,
          0.0,
          0.0,
          0.0,
          0.0,
          0.0,
          0.0,
          0.0,
          0.0,
          0.0,
          0.0,
          0.0,
          0.0,
          0.0,
          0.0,
          0.0,
          0.0,
          0.0,
          0.0,
          0.0,
          0.0,
          0.0,
          0.0,
          0.0
        ],
        "metrics": {
          "mae": 0.1785714285714285,
          "mape": 1.0,
          "rmse": 0.5,
          "smape": 0.2857142857142857,
          "rmsse": 0.4302648113671998
        }
      },
      "rounded": {
        "forecast": [
          0.0,
          0.0,
          0.0,
          0.0,
          0.0,
          0.0,
          0.0,
          0.0,
          0.0,
          0.0,
          0.0,
          0.0,
          0.0,
          0.0,
          0.0,
          0.0,
          0.0,
          0.0,
          0.0,
          0.0,
          0.0,
          0.0,
          0.0,
          0.0,
          0.0,
          0.0,
          0.0,
          0.0
        ],
        "metrics": {
          "mae": 0.1785714285714285,
          "mape": 1.0,
          "rmse": 0.5,
          "smape": 0.2857142857142857,
          "rmsse": 0.4302648113671998
        }
      }
    },
    "p75": {
      "raw": {
        "forecast": [
          1.0,
          1.0,
          1.0,
          1.0,
          1.0,
          1.0,
          1.0,
          1.0,
          1.0,
          1.0,
          1.0,
          1.0,
          1.0,
          1.0,
          1.0,
          1.0,
          1.0,
          1.0,
          1.0,
          1.0,
          1.0,
          1.0,
          1.0,
          1.0,
          1.0,
          1.0,
          1.0,
          1.0
        ],
        "metrics": {
          "mae": 0.8928571428571429,
          "mape": 0.125,
          "rmse": 0.944911182523068,
          "smape": 1.738095238095238,
          "rmsse": 0.8131240634140913
        }
      },
      "rounded": {
        "forecast": [
          1.0,
          1.0,
          1.0,
          1.0,
          1.0,
          1.0,
          1.0,
          1.0,
          1.0,
          1.0,
          1.0,
          1.0,
          1.0,
          1.0,
          1.0,
          1.0,
          1.0,
          1.0,
          1.0,
          1.0,
          1.0,
          1.0,
          1.0,
          1.0,
          1.0,
          1.0,
          1.0,
          1.0
        ],
        "metrics": {
          "mae": 0.8928571428571429,
          "mape": 0.125,
          "rmse": 0.944911182523068,
          "smape": 1.738095238095238,
          "rmsse": 0.8131240634140913
        }
      }
    }
  }
}