{
  "series_id": "FOODS_3_670_TX_3_validation",
  "run": "run_20260524_085747_563601_001_subset34590_ctx56_h16_emb8_ep10_steps100",
  "horizon": [
    1,
    2,
    3,
    4,
    5,
    6,
    7,
    8,
    9,
    10,
    11,
    12,
    13,
    14,
    15,
    16,
    17,
    18,
    19,
    20,
    21,
    22,
    23,
    24,
    25,
    26,
    27,
    28
  ],
  "actuals": [
    0.0,
    0.0,
    1.0,
    0.0,
    0.0,
    0.0,
    0.0,
    0.0,
    0.0,
    0.0,
    0.0,
    2.0,
    0.0,
    0.0,
    0.0,
    0.0,
    0.0,
    1.0,
    0.0,
    0.0,
    0.0,
    0.0,
    0.0,
    0.0,
    0.0,
    0.0,
    0.0,
    0.0
  ],
  "modes": {
    "mean": {
      "raw": {
        "forecast": [
          0.19187054,
          0.18346825,
          0.18554345,
          0.2043252,
          0.2450871,
          0.27678725,
          0.30497584,
          0.3042733,
          0.3053419,
          0.3080209,
          0.3350977,
          0.42253715,
          0.48669487,
          0.46304503,
          0.4638932,
          0.43258247,
          0.4539808,
          0.5053171,
          0.586932,
          0.6267938,
          0.6393736,
          0.5725396,
          0.5344653,
          0.53644836,
          0.5831812,
          0.6630154,
          0.72156763,
          0.70405525
        ],
        "metrics": {
          "mae": 0.5005149601825646,
          "mape": 0.6992902954419454,
          "rmse": 0.5680315241145856,
          "smape": 1.904769660298626,
          "rmsse": 1.186804890318681
        }
      },
      "rounded": {
        "forecast": [
          0.0,
          0.0,
          0.0,
          0.0,
          0.0,
          0.0,
          0.0,
          0.0,
          0.0,
          0.0,
          0.0,
          0.0,
          0.0,
          0.0,
          0.0,
          0.0,
          0.0,
          1.0,
          1.0,
          1.0,
          1.0,
          1.0,
          1.0,
          1.0,
          1.0,
          1.0,
          1.0,
          1.0
        ],
        "metrics": {
          "mae": 0.4642857142857143,
          "mape": 0.6666666666666666,
          "rmse": 0.7319250547113999,
          "smape": 0.8571428571428571,
          "rmsse": 1.5292324411611873
        }
      }
    },
    "sample-mean": {
      "raw": {
        "forecast": [
          0.24,
          0.27,
          0.21,
          0.24,
          0.25,
          0.32,
          0.38,
          0.33,
          0.24,
          0.21,
          0.27,
          0.31,
          0.37,
          0.37,
          0.43,
          0.34,
          0.22,
          0.36,
          0.41,
          0.35,
          0.38,
          0.37,
          0.37,
          0.33,
          0.38,
          0.56,
          0.28,
          0.41
        ],
        "metrics": {
          "mae": 0.4085714290184634,
          "mape": 0.7583333303531011,
          "rmse": 0.4933703333208618,
          "smape": 1.9182201800414391,
          "rmsse": 1.03081307896785
        }
      },
      "rounded": {
        "forecast": [
          0.0,
          0.0,
          0.0,
          0.0,
          0.0,
          0.0,
          0.0,
          0.0,
          0.0,
          0.0,
          0.0,
          0.0,
          0.0,
          0.0,
          0.0,
          0.0,
          0.0,
          0.0,
          0.0,
          0.0,
          0.0,
          0.0,
          0.0,
          0.0,
          0.0,
          1.0,
          0.0,
          0.0
        ],
        "metrics": {
          "mae": 0.1785714285714285,
          "mape": 1.0,
          "rmse": 0.5,
          "smape": 0.2857142857142857,
          "rmsse": 1.0446646356191265
        }
      }
    },
    "p25": {
      "raw": {
        "forecast": [
          0.0,
          0.0,
          0.0,
          0.0,
          0.0,
          0.0,
          0.0,
          0.0,
          0.0,
          0.0,
          0.0,
          0.0,
          0.0,
          0.0,
          0.0,
          0.0,
          0.0,
          0.0,
          0.0,
          0.0,
          0.0,
          0.0,
          0.0,
          0.0,
          0.0,
          0.0,
          0.0,
          0.0
        ],
        "metrics": {
          "mae": 0.1428571428571428,
          "mape": 1.0,
          "rmse": 0.4629100498862757,
          "smape": 0.2142857142857142,
          "rmsse": 0.9671715171777556
        }
      },
      "rounded": {
        "forecast": [
          0.0,
          0.0,
          0.0,
          0.0,
          0.0,
          0.0,
          0.0,
          0.0,
          0.0,
          0.0,
          0.0,
          0.0,
          0.0,
          0.0,
          0.0,
          0.0,
          0.0,
          0.0,
          0.0,
          0.0,
          0.0,
          0.0,
          0.0,
          0.0,
          0.0,
          0.0,
          0.0,
          0.0
        ],
        "metrics": {
          "mae": 0.1428571428571428,
          "mape": 1.0,
          "rmse": 0.4629100498862757,
          "smape": 0.2142857142857142,
          "rmsse": 0.9671715171777556
        }
      }
    },
    "p50": {
      "raw": {
        "forecast": [
          0.0,
          0.0,
          0.0,
          0.0,
          0.0,
          0.0,
          0.0,
          0.0,
          0.0,
          0.0,
          0.0,
          0.0,
          0.0,
          0.0,
          0.0,
          0.0,
          0.0,
          0.0,
          0.0,
          0.0,
          0.0,
          0.0,
          0.0,
          0.0,
          0.0,
          0.0,
          0.0,
          0.0
        ],
        "metrics": {
          "mae": 0.1428571428571428,
          "mape": 1.0,
          "rmse": 0.4629100498862757,
          "smape": 0.2142857142857142,
          "rmsse": 0.9671715171777556
        }
      },
      "rounded": {
        "forecast": [
          0.0,
          0.0,
          0.0,
          0.0,
          0.0,
          0.0,
          0.0,
          0.0,
          0.0,
          0.0,
          0.0,
          0.0,
          0.0,
          0.0,
          0.0,
          0.0,
          0.0,
          0.0,
          0.0,
          0.0,
          0.0,
          0.0,
          0.0,
          0.0,
          0.0,
          0.0,
          0.0,
          0.0
        ],
        "metrics": {
          "mae": 0.1428571428571428,
          "mape": 1.0,
          "rmse": 0.4629100498862757,
          "smape": 0.2142857142857142,
          "rmsse": 0.9671715171777556
        }
      }
    },
    "p75": {
      "raw": {
        "forecast": [
          0.0,
          0.0,
          0.0,
          0.0,
          0.0,
          0.0,
          1.0,
          0.0,
          0.0,
          0.0,
          0.0,
          0.0,
          0.0,
          1.0,
          0.0,
          1.0,
          0.0,
          0.0,
          1.0,
          1.0,
          1.0,
          0.0,
          0.25,
          1.0,
          1.0,
          1.0,
          0.0,
          1.0
        ],
        "metrics": {
          "mae": 0.5089285714285714,
          "mape": 1.0,
          "rmse": 0.7574039307303034,
          "smape": 1.0,
          "rmsse": 1.582466202625733
        }
      },
      "rounded": {
        "forecast": [
          0.0,
          0.0,
          0.0,
          0.0,
          0.0,
          0.0,
          1.0,
          0.0,
          0.0,
          0.0,
          0.0,
          0.0,
          0.0,
          1.0,
          0.0,
          1.0,
          0.0,
          0.0,
          1.0,
          1.0,
          1.0,
          0.0,
          0.0,
          1.0,
          1.0,
          1.0,
          0.0,
          1.0
        ],
        "metrics": {
          "mae": 0.5,
          "mape": 1.0,
          "rmse": 0.7559289460184544,
          "smape": 0.9285714285714286,
          "rmsse": 1.579384473892638
        }
      }
    }
  }
}