{
  "series_id": "FOODS_1_070_CA_2_validation",
  "run": "run_20260524_085747_563601_001_subset34590_ctx56_h16_emb8_ep10_steps100",
  "horizon": [
    1,
    2,
    3,
    4,
    5,
    6,
    7,
    8,
    9,
    10,
    11,
    12,
    13,
    14,
    15,
    16,
    17,
    18,
    19,
    20,
    21,
    22,
    23,
    24,
    25,
    26,
    27,
    28
  ],
  "actuals": [
    2.0,
    1.0,
    2.0,
    2.0,
    1.0,
    1.0,
    0.0,
    0.0,
    1.0,
    0.0,
    3.0,
    0.0,
    4.0,
    2.0,
    1.0,
    1.0,
    1.0,
    1.0,
    2.0,
    3.0,
    1.0,
    0.0,
    0.0,
    1.0,
    4.0,
    3.0,
    1.0,
    4.0
  ],
  "modes": {
    "mean": {
      "raw": {
        "forecast": [
          2.120129,
          1.7056544,
          1.637134,
          1.786688,
          2.0939686,
          2.1673782,
          2.2692757,
          2.0925412,
          1.8625917,
          1.8141418,
          1.824812,
          2.2317936,
          2.491333,
          2.3288138,
          2.1453505,
          1.9084595,
          1.6859703,
          1.8423358,
          2.1509635,
          2.3949168,
          2.3403084,
          2.0472496,
          1.7915556,
          1.7289046,
          1.8847144,
          2.1952384,
          2.4366982,
          2.3797076
        ],
        "metrics": {
          "mae": 1.148912148816245,
          "mape": 0.6217455195658135,
          "rmse": 1.3202415055996668,
          "smape": 0.8037844678383402,
          "rmsse": 0.9733060173072512
        }
      },
      "rounded": {
        "forecast": [
          2.0,
          2.0,
          2.0,
          2.0,
          2.0,
          2.0,
          2.0,
          2.0,
          2.0,
          2.0,
          2.0,
          2.0,
          2.0,
          2.0,
          2.0,
          2.0,
          2.0,
          2.0,
          2.0,
          2.0,
          2.0,
          2.0,
          2.0,
          2.0,
          2.0,
          2.0,
          2.0,
          2.0
        ],
        "metrics": {
          "mae": 1.1428571428571428,
          "mape": 0.6136363636363636,
          "rmse": 1.336306209562122,
          "smape": 0.8047619047619047,
          "rmsse": 0.9851492088495558
        }
      }
    },
    "sample-mean": {
      "raw": {
        "forecast": [
          2.14,
          1.87,
          1.8,
          1.49,
          1.87,
          2.15,
          2.2,
          2.05,
          1.85,
          1.18,
          1.53,
          1.65,
          2.25,
          1.75,
          1.42,
          1.51,
          1.26,
          1.12,
          1.23,
          1.95,
          1.71,
          1.31,
          1.22,
          1.01,
          1.19,
          1.79,
          1.97,
          1.52
        ],
        "metrics": {
          "mae": 1.0353571474552157,
          "mape": 0.4853787964040582,
          "rmse": 1.2634405962455664,
          "smape": 0.7863660526630248,
          "rmsse": 0.9314313552636893
        }
      },
      "rounded": {
        "forecast": [
          2.0,
          2.0,
          2.0,
          1.0,
          2.0,
          2.0,
          2.0,
          2.0,
          2.0,
          1.0,
          2.0,
          2.0,
          2.0,
          2.0,
          1.0,
          2.0,
          1.0,
          1.0,
          1.0,
          2.0,
          2.0,
          1.0,
          1.0,
          1.0,
          1.0,
          2.0,
          2.0,
          2.0
        ],
        "metrics": {
          "mae": 1.0,
          "mape": 0.4886363636363636,
          "rmse": 1.2535663410560174,
          "smape": 0.7761904761904761,
          "rmsse": 0.924151874993108
        }
      }
    },
    "p25": {
      "raw": {
        "forecast": [
          0.75,
          1.0,
          0.0,
          0.0,
          1.0,
          1.0,
          1.0,
          0.75,
          0.75,
          0.0,
          0.0,
          0.0,
          0.0,
          0.0,
          0.0,
          0.0,
          0.0,
          0.0,
          0.0,
          0.0,
          0.0,
          0.0,
          0.0,
          0.0,
          0.0,
          0.0,
          0.0,
          0.0
        ],
        "metrics": {
          "mae": 1.4017857142857142,
          "mape": 0.8125,
          "rmse": 1.901010069861358,
          "smape": 1.3998144712430427,
          "rmsse": 1.401459151306813
        }
      },
      "rounded": {
        "forecast": [
          1.0,
          1.0,
          0.0,
          0.0,
          1.0,
          1.0,
          1.0,
          1.0,
          1.0,
          0.0,
          0.0,
          0.0,
          0.0,
          0.0,
          0.0,
          0.0,
          0.0,
          0.0,
          0.0,
          0.0,
          0.0,
          0.0,
          0.0,
          0.0,
          0.0,
          0.0,
          0.0,
          0.0
        ],
        "metrics": {
          "mae": 1.3928571428571428,
          "mape": 0.7954545454545454,
          "rmse": 1.8992479714726187,
          "smape": 1.380952380952381,
          "rmsse": 1.4001601003698647
        }
      }
    },
    "p50": {
      "raw": {
        "forecast": [
          2.0,
          1.0,
          1.0,
          1.0,
          1.0,
          2.0,
          1.0,
          1.5,
          1.0,
          1.0,
          1.0,
          1.0,
          1.0,
          1.0,
          1.0,
          1.0,
          1.0,
          1.0,
          1.0,
          1.0,
          1.0,
          1.0,
          1.0,
          0.0,
          1.0,
          1.0,
          1.0,
          1.0
        ],
        "metrics": {
          "mae": 0.9821428571428572,
          "mape": 0.375,
          "rmse": 1.3660422499218057,
          "smape": 0.8547619047619046,
          "rmsse": 1.0070711578946476
        }
      },
      "rounded": {
        "forecast": [
          2.0,
          1.0,
          1.0,
          1.0,
          1.0,
          2.0,
          1.0,
          2.0,
          1.0,
          1.0,
          1.0,
          1.0,
          1.0,
          1.0,
          1.0,
          1.0,
          1.0,
          1.0,
          1.0,
          1.0,
          1.0,
          1.0,
          1.0,
          0.0,
          1.0,
          1.0,
          1.0,
          1.0
        ],
        "metrics": {
          "mae": 1.0,
          "mape": 0.375,
          "rmse": 1.3887301496588271,
          "smape": 0.8547619047619046,
          "rmsse": 1.0237970896582282
        }
      }
    },
    "p75": {
      "raw": {
        "forecast": [
          3.0,
          2.0,
          3.0,
          2.0,
          3.0,
          3.0,
          3.0,
          3.0,
          3.0,
          2.0,
          2.25,
          2.0,
          3.25,
          3.0,
          2.0,
          2.0,
          2.0,
          2.0,
          2.0,
          3.0,
          3.0,
          2.0,
          2.0,
          2.0,
          2.0,
          3.0,
          3.0,
          2.0
        ],
        "metrics": {
          "mae": 1.375,
          "mape": 0.8607954545454546,
          "rmse": 1.6049588334729514,
          "smape": 0.85806943467042,
          "rmsse": 1.1832048027001862
        }
      },
      "rounded": {
        "forecast": [
          3.0,
          2.0,
          3.0,
          2.0,
          3.0,
          3.0,
          3.0,
          3.0,
          3.0,
          2.0,
          2.0,
          2.0,
          3.0,
          3.0,
          2.0,
          2.0,
          2.0,
          2.0,
          2.0,
          3.0,
          3.0,
          2.0,
          2.0,
          2.0,
          2.0,
          3.0,
          3.0,
          2.0
        ],
        "metrics": {
          "mae": 1.3928571428571428,
          "mape": 0.8674242424242425,
          "rmse": 1.6146649364939023,
          "smape": 0.8649659863945578,
          "rmsse": 1.1903603181379503
        }
      }
    }
  }
}