{
  "series_id": "FOODS_3_676_TX_2_validation",
  "run": "run_20260524_085747_563601_001_subset34590_ctx56_h16_emb8_ep10_steps100",
  "horizon": [
    1,
    2,
    3,
    4,
    5,
    6,
    7,
    8,
    9,
    10,
    11,
    12,
    13,
    14,
    15,
    16,
    17,
    18,
    19,
    20,
    21,
    22,
    23,
    24,
    25,
    26,
    27,
    28
  ],
  "actuals": [
    0.0,
    1.0,
    0.0,
    0.0,
    2.0,
    0.0,
    0.0,
    0.0,
    1.0,
    0.0,
    3.0,
    0.0,
    0.0,
    0.0,
    1.0,
    1.0,
    1.0,
    0.0,
    0.0,
    3.0,
    0.0,
    1.0,
    1.0,
    0.0,
    0.0,
    0.0,
    0.0,
    0.0
  ],
  "modes": {
    "mean": {
      "raw": {
        "forecast": [
          0.5224795,
          0.47668108,
          0.4423977,
          0.44746175,
          0.5138264,
          0.5259503,
          0.5665072,
          0.5707776,
          0.5612527,
          0.52141154,
          0.48507074,
          0.64386356,
          0.80043393,
          0.72280735,
          0.7567978,
          0.6732173,
          0.6741148,
          0.7235114,
          0.84208083,
          0.90674406,
          0.970177,
          0.8520339,
          0.75980705,
          0.71802163,
          0.7424766,
          0.8321835,
          0.93252254,
          0.9415656
        ],
        "metrics": {
          "mae": 0.7431101298757962,
          "mape": 0.4525243878364563,
          "rmse": 0.9036540253799428,
          "smape": 1.5163447327871586,
          "rmsse": 0.7145413907845288
        }
      },
      "rounded": {
        "forecast": [
          1.0,
          0.0,
          0.0,
          0.0,
          1.0,
          1.0,
          1.0,
          1.0,
          1.0,
          1.0,
          0.0,
          1.0,
          1.0,
          1.0,
          1.0,
          1.0,
          1.0,
          1.0,
          1.0,
          1.0,
          1.0,
          1.0,
          1.0,
          1.0,
          1.0,
          1.0,
          1.0,
          1.0
        ],
        "metrics": {
          "mae": 0.8214285714285714,
          "mape": 0.3166666666666666,
          "rmse": 1.0522085616183026,
          "smape": 1.3452380952380951,
          "rmsse": 0.8320071043760532
        }
      }
    },
    "sample-mean": {
      "raw": {
        "forecast": [
          0.44,
          0.62,
          0.38,
          0.4,
          0.58,
          0.56,
          0.58,
          0.7,
          0.6,
          0.58,
          0.41,
          0.77,
          0.73,
          0.53,
          0.68,
          0.57,
          0.56,
          0.55,
          0.68,
          0.7,
          0.97,
          0.74,
          0.49,
          0.39,
          0.48,
          0.59,
          0.71,
          0.51
        ],
        "metrics": {
          "mae": 0.6999999955296516,
          "mape": 0.5079999963442485,
          "rmse": 0.880527438995037,
          "smape": 1.5467305628331731,
          "rmsse": 0.6962546319858602
        }
      },
      "rounded": {
        "forecast": [
          0.0,
          1.0,
          0.0,
          0.0,
          1.0,
          1.0,
          1.0,
          1.0,
          1.0,
          1.0,
          0.0,
          1.0,
          1.0,
          1.0,
          1.0,
          1.0,
          1.0,
          1.0,
          1.0,
          1.0,
          1.0,
          1.0,
          0.0,
          0.0,
          0.0,
          1.0,
          1.0,
          1.0
        ],
        "metrics": {
          "mae": 0.7142857142857143,
          "mape": 0.3166666666666666,
          "rmse": 1.0,
          "smape": 1.130952380952381,
          "rmsse": 0.7907245148209227
        }
      }
    },
    "p25": {
      "raw": {
        "forecast": [
          0.0,
          0.0,
          0.0,
          0.0,
          0.0,
          0.0,
          0.0,
          0.0,
          0.0,
          0.0,
          0.0,
          0.0,
          0.0,
          0.0,
          0.0,
          0.0,
          0.0,
          0.0,
          0.0,
          0.0,
          0.0,
          0.0,
          0.0,
          0.0,
          0.0,
          0.0,
          0.0,
          0.0
        ],
        "metrics": {
          "mae": 0.5357142857142857,
          "mape": 1.0,
          "rmse": 1.0177004891982149,
          "smape": 0.7142857142857143,
          "rmsse": 0.804720725554274
        }
      },
      "rounded": {
        "forecast": [
          0.0,
          0.0,
          0.0,
          0.0,
          0.0,
          0.0,
          0.0,
          0.0,
          0.0,
          0.0,
          0.0,
          0.0,
          0.0,
          0.0,
          0.0,
          0.0,
          0.0,
          0.0,
          0.0,
          0.0,
          0.0,
          0.0,
          0.0,
          0.0,
          0.0,
          0.0,
          0.0,
          0.0
        ],
        "metrics": {
          "mae": 0.5357142857142857,
          "mape": 1.0,
          "rmse": 1.0177004891982149,
          "smape": 0.7142857142857143,
          "rmsse": 0.804720725554274
        }
      }
    },
    "p50": {
      "raw": {
        "forecast": [
          0.0,
          0.0,
          0.0,
          0.0,
          0.0,
          0.0,
          0.0,
          0.0,
          0.0,
          0.0,
          0.0,
          0.0,
          0.0,
          0.0,
          0.0,
          0.0,
          0.0,
          0.0,
          0.0,
          0.0,
          0.0,
          0.0,
          0.0,
          0.0,
          0.0,
          0.0,
          0.0,
          0.0
        ],
        "metrics": {
          "mae": 0.5357142857142857,
          "mape": 1.0,
          "rmse": 1.0177004891982149,
          "smape": 0.7142857142857143,
          "rmsse": 0.804720725554274
        }
      },
      "rounded": {
        "forecast": [
          0.0,
          0.0,
          0.0,
          0.0,
          0.0,
          0.0,
          0.0,
          0.0,
          0.0,
          0.0,
          0.0,
          0.0,
          0.0,
          0.0,
          0.0,
          0.0,
          0.0,
          0.0,
          0.0,
          0.0,
          0.0,
          0.0,
          0.0,
          0.0,
          0.0,
          0.0,
          0.0,
          0.0
        ],
        "metrics": {
          "mae": 0.5357142857142857,
          "mape": 1.0,
          "rmse": 1.0177004891982149,
          "smape": 0.7142857142857143,
          "rmsse": 0.804720725554274
        }
      }
    },
    "p75": {
      "raw": {
        "forecast": [
          1.0,
          1.0,
          1.0,
          0.25,
          1.0,
          1.0,
          1.0,
          1.0,
          1.0,
          1.0,
          1.0,
          1.0,
          1.0,
          1.0,
          1.0,
          1.0,
          1.0,
          1.0,
          1.0,
          1.0,
          1.0,
          1.0,
          1.0,
          0.0,
          1.0,
          1.0,
          1.0,
          1.0
        ],
        "metrics": {
          "mae": 0.7589285714285714,
          "mape": 0.1833333333333333,
          "rmse": 0.946091584210686,
          "smape": 1.3095238095238095,
          "rmsse": 0.7480978089011528
        }
      },
      "rounded": {
        "forecast": [
          1.0,
          1.0,
          1.0,
          0.0,
          1.0,
          1.0,
          1.0,
          1.0,
          1.0,
          1.0,
          1.0,
          1.0,
          1.0,
          1.0,
          1.0,
          1.0,
          1.0,
          1.0,
          1.0,
          1.0,
          1.0,
          1.0,
          1.0,
          0.0,
          1.0,
          1.0,
          1.0,
          1.0
        ],
        "metrics": {
          "mae": 0.75,
          "mape": 0.1833333333333333,
          "rmse": 0.944911182523068,
          "smape": 1.238095238095238,
          "rmsse": 0.7471644363494173
        }
      }
    }
  }
}