{
  "series_id": "FOODS_2_130_CA_3_validation",
  "run": "run_20260524_085747_563601_001_subset34590_ctx56_h16_emb8_ep10_steps100",
  "horizon": [
    1,
    2,
    3,
    4,
    5,
    6,
    7,
    8,
    9,
    10,
    11,
    12,
    13,
    14,
    15,
    16,
    17,
    18,
    19,
    20,
    21,
    22,
    23,
    24,
    25,
    26,
    27,
    28
  ],
  "actuals": [
    2.0,
    0.0,
    0.0,
    0.0,
    0.0,
    0.0,
    4.0,
    2.0,
    3.0,
    0.0,
    2.0,
    0.0,
    0.0,
    9.0,
    2.0,
    2.0,
    2.0,
    0.0,
    2.0,
    0.0,
    2.0,
    0.0,
    0.0,
    1.0,
    0.0,
    0.0,
    4.0,
    2.0
  ],
  "modes": {
    "mean": {
      "raw": {
        "forecast": [
          1.5881422,
          1.2925543,
          1.2334682,
          1.3153683,
          1.4889735,
          1.4792056,
          1.565395,
          1.5231552,
          1.3774408,
          1.3436657,
          1.3335211,
          1.6263018,
          1.8090029,
          1.6511387,
          1.5847137,
          1.4203248,
          1.2432857,
          1.3180699,
          1.4898754,
          1.6494193,
          1.6313871,
          1.4404249,
          1.2594165,
          1.2042181,
          1.2882681,
          1.4670831,
          1.632555,
          1.6203034
        ],
        "metrics": {
          "mae": 1.3769357885633196,
          "mape": 0.3603406829966439,
          "rmse": 1.8865677983477456,
          "smape": 1.2380220624463427,
          "rmsse": 1.4614820155825992
        }
      },
      "rounded": {
        "forecast": [
          2.0,
          1.0,
          1.0,
          1.0,
          1.0,
          1.0,
          2.0,
          2.0,
          1.0,
          1.0,
          1.0,
          2.0,
          2.0,
          2.0,
          2.0,
          1.0,
          1.0,
          1.0,
          1.0,
          2.0,
          2.0,
          1.0,
          1.0,
          1.0,
          1.0,
          1.0,
          2.0,
          2.0
        ],
        "metrics": {
          "mae": 1.2142857142857142,
          "mape": 0.3174603174603175,
          "rmse": 1.772810520855837,
          "smape": 1.224025974025974,
          "rmsse": 1.3733567887332545
        }
      }
    },
    "sample-mean": {
      "raw": {
        "forecast": [
          1.5,
          1.46,
          1.32,
          1.28,
          1.39,
          1.35,
          1.4,
          1.29,
          1.36,
          1.12,
          1.2,
          1.4,
          1.51,
          1.48,
          1.52,
          1.25,
          1.04,
          1.02,
          1.26,
          1.72,
          1.33,
          1.22,
          0.87,
          0.93,
          1.3,
          1.72,
          1.53,
          1.8
        ],
        "metrics": {
          "mae": 1.385357147880963,
          "mape": 0.4017658751635324,
          "rmse": 1.907737068249398,
          "smape": 1.273608656115928,
          "rmsse": 1.4778813770427996
        }
      },
      "rounded": {
        "forecast": [
          2.0,
          1.0,
          1.0,
          1.0,
          1.0,
          1.0,
          1.0,
          1.0,
          1.0,
          1.0,
          1.0,
          1.0,
          2.0,
          1.0,
          2.0,
          1.0,
          1.0,
          1.0,
          1.0,
          2.0,
          1.0,
          1.0,
          1.0,
          1.0,
          1.0,
          2.0,
          2.0,
          2.0
        ],
        "metrics": {
          "mae": 1.3571428571428572,
          "mape": 0.4146825396825396,
          "rmse": 1.9820624179302295,
          "smape": 1.3023809523809522,
          "rmsse": 1.535459568484187
        }
      }
    },
    "p25": {
      "raw": {
        "forecast": [
          0.0,
          0.0,
          0.0,
          0.0,
          0.0,
          0.0,
          0.0,
          0.0,
          0.0,
          0.0,
          0.0,
          0.0,
          0.0,
          0.0,
          0.0,
          0.0,
          0.0,
          0.0,
          0.0,
          0.0,
          0.0,
          0.0,
          0.0,
          0.0,
          0.0,
          0.0,
          0.0,
          0.0
        ],
        "metrics": {
          "mae": 1.3928571428571428,
          "mape": 1.0,
          "rmse": 2.382975331087468,
          "smape": 1.0,
          "rmsse": 1.8460378646404592
        }
      },
      "rounded": {
        "forecast": [
          0.0,
          0.0,
          0.0,
          0.0,
          0.0,
          0.0,
          0.0,
          0.0,
          0.0,
          0.0,
          0.0,
          0.0,
          0.0,
          0.0,
          0.0,
          0.0,
          0.0,
          0.0,
          0.0,
          0.0,
          0.0,
          0.0,
          0.0,
          0.0,
          0.0,
          0.0,
          0.0,
          0.0
        ],
        "metrics": {
          "mae": 1.3928571428571428,
          "mape": 1.0,
          "rmse": 2.382975331087468,
          "smape": 1.0,
          "rmsse": 1.8460378646404592
        }
      }
    },
    "p50": {
      "raw": {
        "forecast": [
          1.0,
          1.0,
          1.0,
          1.0,
          1.0,
          1.0,
          1.0,
          1.0,
          1.0,
          1.0,
          0.5,
          1.0,
          1.0,
          1.0,
          1.0,
          1.0,
          1.0,
          1.0,
          1.0,
          1.0,
          1.0,
          1.0,
          0.0,
          0.0,
          0.5,
          1.0,
          1.0,
          1.0
        ],
        "metrics": {
          "mae": 1.3928571428571428,
          "mape": 0.628968253968254,
          "rmse": 1.9775525999867325,
          "smape": 1.4119047619047618,
          "rmsse": 1.5319659130620256
        }
      },
      "rounded": {
        "forecast": [
          1.0,
          1.0,
          1.0,
          1.0,
          1.0,
          1.0,
          1.0,
          1.0,
          1.0,
          1.0,
          0.0,
          1.0,
          1.0,
          1.0,
          1.0,
          1.0,
          1.0,
          1.0,
          1.0,
          1.0,
          1.0,
          1.0,
          0.0,
          0.0,
          0.0,
          1.0,
          1.0,
          1.0
        ],
        "metrics": {
          "mae": 1.3928571428571428,
          "mape": 0.6468253968253969,
          "rmse": 1.9910514092523364,
          "smape": 1.369047619047619,
          "rmsse": 1.5424231396672594
        }
      }
    },
    "p75": {
      "raw": {
        "forecast": [
          2.0,
          2.0,
          2.0,
          2.0,
          2.0,
          2.0,
          2.0,
          2.0,
          2.0,
          2.0,
          2.0,
          2.0,
          2.0,
          2.0,
          2.0,
          2.0,
          1.0,
          2.0,
          2.0,
          3.0,
          2.0,
          2.0,
          2.0,
          1.0,
          2.0,
          3.0,
          2.0,
          2.25
        ],
        "metrics": {
          "mae": 1.5446428571428572,
          "mape": 0.1954365079365079,
          "rmse": 2.113413792219322,
          "smape": 1.1353705118411002,
          "rmsse": 1.6372145498920605
        }
      },
      "rounded": {
        "forecast": [
          2.0,
          2.0,
          2.0,
          2.0,
          2.0,
          2.0,
          2.0,
          2.0,
          2.0,
          2.0,
          2.0,
          2.0,
          2.0,
          2.0,
          2.0,
          2.0,
          1.0,
          2.0,
          2.0,
          3.0,
          2.0,
          2.0,
          2.0,
          1.0,
          2.0,
          3.0,
          2.0,
          2.0
        ],
        "metrics": {
          "mae": 1.5357142857142858,
          "mape": 0.1865079365079365,
          "rmse": 2.112885636821292,
          "smape": 1.1311688311688313,
          "rmsse": 1.6368053996795258
        }
      }
    }
  }
}