{
  "series_id": "FOODS_3_530_TX_2_validation",
  "run": "run_20260524_085747_563601_001_subset34590_ctx56_h16_emb8_ep10_steps100",
  "horizon": [
    1,
    2,
    3,
    4,
    5,
    6,
    7,
    8,
    9,
    10,
    11,
    12,
    13,
    14,
    15,
    16,
    17,
    18,
    19,
    20,
    21,
    22,
    23,
    24,
    25,
    26,
    27,
    28
  ],
  "actuals": [
    4.0,
    2.0,
    6.0,
    8.0,
    7.0,
    9.0,
    7.0,
    5.0,
    5.0,
    6.0,
    12.0,
    12.0,
    10.0,
    4.0,
    9.0,
    8.0,
    10.0,
    8.0,
    11.0,
    7.0,
    11.0,
    4.0,
    7.0,
    7.0,
    6.0,
    9.0,
    12.0,
    13.0
  ],
  "modes": {
    "mean": {
      "raw": {
        "forecast": [
          5.1629515,
          4.721517,
          4.5305934,
          4.852047,
          5.436484,
          5.5591636,
          5.6109924,
          4.9541745,
          4.77685,
          4.3347178,
          4.6728845,
          5.34944,
          5.769658,
          5.2678566,
          5.1910033,
          4.407564,
          4.578622,
          4.871903,
          5.44061,
          5.6395082,
          5.8389897,
          5.0536437,
          4.5557203,
          4.3950467,
          4.7281804,
          5.328504,
          5.7418823,
          5.6688275
        ],
        "metrics": {
          "mae": 3.177592924662999,
          "mape": 0.3926641680203002,
          "rmse": 3.803889869170516,
          "smape": 0.4576238420573672,
          "rmsse": 1.72923519694556
        }
      },
      "rounded": {
        "forecast": [
          5.0,
          5.0,
          5.0,
          5.0,
          5.0,
          6.0,
          6.0,
          5.0,
          5.0,
          4.0,
          5.0,
          5.0,
          6.0,
          5.0,
          5.0,
          4.0,
          5.0,
          5.0,
          5.0,
          6.0,
          6.0,
          5.0,
          5.0,
          4.0,
          5.0,
          5.0,
          6.0,
          6.0
        ],
        "metrics": {
          "mae": 3.107142857142857,
          "mape": 0.3849904064189778,
          "rmse": 3.7654443865992,
          "smape": 0.446261774860846,
          "rmsse": 1.7117580133486614
        }
      }
    },
    "sample-mean": {
      "raw": {
        "forecast": [
          4.78,
          4.75,
          4.31,
          5.05,
          5.07,
          5.44,
          5.6,
          5.07,
          4.07,
          4.02,
          4.12,
          4.65,
          5.18,
          5.06,
          4.53,
          3.88,
          3.8,
          4.51,
          4.84,
          5.08,
          5.18,
          4.34,
          3.88,
          4.08,
          3.98,
          4.45,
          4.38,
          4.65
        ],
        "metrics": {
          "mae": 3.5803571343421936,
          "mape": 0.4334476262701984,
          "rmse": 4.298575740252286,
          "smape": 0.5327622893321134,
          "rmsse": 1.9541176854316968
        }
      },
      "rounded": {
        "forecast": [
          5.0,
          5.0,
          4.0,
          5.0,
          5.0,
          5.0,
          6.0,
          5.0,
          4.0,
          4.0,
          4.0,
          5.0,
          5.0,
          5.0,
          5.0,
          4.0,
          4.0,
          5.0,
          5.0,
          5.0,
          5.0,
          4.0,
          4.0,
          4.0,
          4.0,
          4.0,
          4.0,
          5.0
        ],
        "metrics": {
          "mae": 3.571428571428572,
          "mape": 0.435315478172621,
          "rmse": 4.292851200376205,
          "smape": 0.5311889557687878,
          "rmsse": 1.9515153293750016
        }
      }
    },
    "p25": {
      "raw": {
        "forecast": [
          3.0,
          2.0,
          1.0,
          2.0,
          3.0,
          3.0,
          2.0,
          2.75,
          2.0,
          1.0,
          2.0,
          3.0,
          2.0,
          3.0,
          2.0,
          1.0,
          2.0,
          2.0,
          2.0,
          2.0,
          2.0,
          2.0,
          2.0,
          1.0,
          2.0,
          2.0,
          2.0,
          2.0
        ],
        "metrics": {
          "mae": 5.758928571428571,
          "mape": 0.6803988670060098,
          "rmse": 6.436676438304831,
          "smape": 1.0938241609900596,
          "rmsse": 2.9260908783602737
        }
      },
      "rounded": {
        "forecast": [
          3.0,
          2.0,
          1.0,
          2.0,
          3.0,
          3.0,
          2.0,
          3.0,
          2.0,
          1.0,
          2.0,
          3.0,
          2.0,
          3.0,
          2.0,
          1.0,
          2.0,
          2.0,
          2.0,
          2.0,
          2.0,
          2.0,
          2.0,
          1.0,
          2.0,
          2.0,
          2.0,
          2.0
        ],
        "metrics": {
          "mae": 5.75,
          "mape": 0.6786131527202957,
          "rmse": 6.433728090528628,
          "smape": 1.0909439766582625,
          "rmsse": 2.924750569643986
        }
      }
    },
    "p50": {
      "raw": {
        "forecast": [
          4.0,
          4.0,
          3.5,
          4.5,
          4.5,
          5.0,
          5.0,
          4.0,
          4.0,
          3.0,
          4.0,
          4.0,
          4.0,
          4.0,
          3.0,
          3.0,
          3.0,
          4.0,
          4.0,
          4.5,
          4.0,
          4.0,
          3.0,
          3.0,
          4.0,
          4.0,
          4.0,
          4.0
        ],
        "metrics": {
          "mae": 4.071428571428571,
          "mape": 0.474537813377099,
          "rmse": 4.8550415622761225,
          "smape": 0.6372487558763351,
          "rmsse": 2.207085126245301
        }
      },
      "rounded": {
        "forecast": [
          4.0,
          4.0,
          4.0,
          4.0,
          4.0,
          5.0,
          5.0,
          4.0,
          4.0,
          3.0,
          4.0,
          4.0,
          4.0,
          4.0,
          3.0,
          3.0,
          3.0,
          4.0,
          4.0,
          4.0,
          4.0,
          4.0,
          3.0,
          3.0,
          4.0,
          4.0,
          4.0,
          4.0
        ],
        "metrics": {
          "mae": 4.107142857142857,
          "mape": 0.4788958065743779,
          "rmse": 4.880720087387575,
          "smape": 0.644452139830291,
          "rmsse": 2.218758495074472
        }
      }
    },
    "p75": {
      "raw": {
        "forecast": [
          7.0,
          6.25,
          6.0,
          7.0,
          7.0,
          7.0,
          8.0,
          7.0,
          6.0,
          5.25,
          6.0,
          7.0,
          7.0,
          7.0,
          7.0,
          5.25,
          5.0,
          7.0,
          7.0,
          7.0,
          7.0,
          5.25,
          6.0,
          5.0,
          6.0,
          6.0,
          6.0,
          6.0
        ],
        "metrics": {
          "mae": 2.5357142857142856,
          "mape": 0.36028061720026,
          "rmse": 3.205742615102733,
          "smape": 0.3481153223880602,
          "rmsse": 1.4573195210808705
        }
      },
      "rounded": {
        "forecast": [
          7.0,
          6.0,
          6.0,
          7.0,
          7.0,
          7.0,
          8.0,
          7.0,
          6.0,
          5.0,
          6.0,
          7.0,
          7.0,
          7.0,
          7.0,
          5.0,
          5.0,
          7.0,
          7.0,
          7.0,
          7.0,
          5.0,
          6.0,
          5.0,
          6.0,
          6.0,
          6.0,
          6.0
        ],
        "metrics": {
          "mae": 2.5357142857142856,
          "mape": 0.3561883552954982,
          "rmse": 3.2015621187164243,
          "smape": 0.3487073899612599,
          "rmsse": 1.4554190818619277
        }
      }
    }
  }
}