{
  "series_id": "FOODS_3_685_WI_3_validation",
  "run": "run_20260524_085747_563601_001_subset34590_ctx56_h16_emb8_ep10_steps100",
  "horizon": [
    1,
    2,
    3,
    4,
    5,
    6,
    7,
    8,
    9,
    10,
    11,
    12,
    13,
    14,
    15,
    16,
    17,
    18,
    19,
    20,
    21,
    22,
    23,
    24,
    25,
    26,
    27,
    28
  ],
  "actuals": [
    3.0,
    2.0,
    1.0,
    4.0,
    1.0,
    1.0,
    2.0,
    4.0,
    2.0,
    1.0,
    3.0,
    1.0,
    2.0,
    1.0,
    2.0,
    1.0,
    1.0,
    8.0,
    4.0,
    3.0,
    2.0,
    4.0,
    0.0,
    2.0,
    1.0,
    4.0,
    4.0,
    1.0
  ],
  "modes": {
    "mean": {
      "raw": {
        "forecast": [
          2.0172377,
          1.7104568,
          1.5595618,
          1.6391567,
          1.9422991,
          2.0809817,
          2.0857427,
          2.182393,
          1.9594799,
          1.6922706,
          1.761559,
          2.2153533,
          2.4959123,
          2.5883818,
          2.5122776,
          2.0388584,
          2.0545175,
          2.174337,
          2.3850048,
          2.9511218,
          3.1031117,
          2.6599302,
          2.2864656,
          2.085974,
          2.1588547,
          2.496108,
          2.910191,
          3.0215116
        ],
        "metrics": {
          "mae": 1.2169678040913172,
          "mape": 0.6139198927967636,
          "rmse": 1.6332901464413656,
          "smape": 0.5490851767335164,
          "rmsse": 0.7405694826373734
        }
      },
      "rounded": {
        "forecast": [
          2.0,
          2.0,
          2.0,
          2.0,
          2.0,
          2.0,
          2.0,
          2.0,
          2.0,
          2.0,
          2.0,
          2.0,
          2.0,
          3.0,
          3.0,
          2.0,
          2.0,
          2.0,
          2.0,
          3.0,
          3.0,
          3.0,
          2.0,
          2.0,
          2.0,
          2.0,
          3.0,
          3.0
        ],
        "metrics": {
          "mae": 1.2142857142857142,
          "mape": 0.6265432098765431,
          "rmse": 1.6690459207925603,
          "smape": 0.5489795918367347,
          "rmsse": 0.7567819329299666
        }
      }
    },
    "sample-mean": {
      "raw": {
        "forecast": [
          2.09,
          1.69,
          1.52,
          1.56,
          1.46,
          1.88,
          2.11,
          2.12,
          1.55,
          1.71,
          1.66,
          2.03,
          2.15,
          2.2,
          1.99,
          2.03,
          1.72,
          1.89,
          1.95,
          2.38,
          2.11,
          1.7,
          1.44,
          1.53,
          1.51,
          1.67,
          1.98,
          1.56
        ],
        "metrics": {
          "mae": 1.166785717010498,
          "mape": 0.4963117276812777,
          "rmse": 1.6678075953452598,
          "smape": 0.5414771773852328,
          "rmsse": 0.7562204490822608
        }
      },
      "rounded": {
        "forecast": [
          2.0,
          2.0,
          2.0,
          2.0,
          1.0,
          2.0,
          2.0,
          2.0,
          2.0,
          2.0,
          2.0,
          2.0,
          2.0,
          2.0,
          2.0,
          2.0,
          2.0,
          2.0,
          2.0,
          2.0,
          2.0,
          2.0,
          1.0,
          2.0,
          2.0,
          2.0,
          2.0,
          2.0
        ],
        "metrics": {
          "mae": 1.1071428571428572,
          "mape": 0.5092592592592593,
          "rmse": 1.6146649364939023,
          "smape": 0.5142857142857142,
          "rmsse": 0.7321244049977034
        }
      }
    },
    "p25": {
      "raw": {
        "forecast": [
          1.0,
          0.0,
          0.0,
          0.0,
          0.0,
          0.0,
          0.0,
          0.0,
          0.0,
          0.0,
          0.0,
          0.0,
          0.0,
          0.75,
          0.0,
          0.0,
          0.0,
          0.0,
          0.0,
          0.0,
          0.0,
          0.0,
          0.0,
          0.0,
          0.0,
          0.0,
          0.0,
          0.0
        ],
        "metrics": {
          "mae": 2.258928571428572,
          "mape": 0.9598765432098764,
          "rmse": 2.7970807486173355,
          "smape": 1.8316326530612244,
          "rmsse": 1.2682576010219389
        }
      },
      "rounded": {
        "forecast": [
          1.0,
          0.0,
          0.0,
          0.0,
          0.0,
          0.0,
          0.0,
          0.0,
          0.0,
          0.0,
          0.0,
          0.0,
          0.0,
          1.0,
          0.0,
          0.0,
          0.0,
          0.0,
          0.0,
          0.0,
          0.0,
          0.0,
          0.0,
          0.0,
          0.0,
          0.0,
          0.0,
          0.0
        ],
        "metrics": {
          "mae": 2.25,
          "mape": 0.9506172839506172,
          "rmse": 2.796681707207413,
          "smape": 1.8214285714285716,
          "rmsse": 1.268076666917156
        }
      }
    },
    "p50": {
      "raw": {
        "forecast": [
          2.0,
          1.0,
          1.0,
          1.0,
          1.0,
          1.0,
          1.0,
          1.0,
          1.0,
          1.0,
          1.0,
          1.0,
          1.0,
          1.0,
          1.0,
          1.0,
          1.0,
          1.0,
          1.0,
          2.0,
          2.0,
          1.0,
          1.0,
          1.0,
          1.0,
          1.0,
          1.0,
          1.0
        ],
        "metrics": {
          "mae": 1.2857142857142858,
          "mape": 0.3595679012345678,
          "rmse": 2.0354009783964297,
          "smape": 0.5912698412698412,
          "rmsse": 0.9228953305172964
        }
      },
      "rounded": {
        "forecast": [
          2.0,
          1.0,
          1.0,
          1.0,
          1.0,
          1.0,
          1.0,
          1.0,
          1.0,
          1.0,
          1.0,
          1.0,
          1.0,
          1.0,
          1.0,
          1.0,
          1.0,
          1.0,
          1.0,
          2.0,
          2.0,
          1.0,
          1.0,
          1.0,
          1.0,
          1.0,
          1.0,
          1.0
        ],
        "metrics": {
          "mae": 1.2857142857142858,
          "mape": 0.3595679012345678,
          "rmse": 2.0354009783964297,
          "smape": 0.5912698412698412,
          "rmsse": 0.9228953305172964
        }
      }
    },
    "p75": {
      "raw": {
        "forecast": [
          3.0,
          3.0,
          3.0,
          2.0,
          2.0,
          3.0,
          3.0,
          3.25,
          2.0,
          2.0,
          3.0,
          3.0,
          3.0,
          3.0,
          3.0,
          3.0,
          2.0,
          3.0,
          3.0,
          3.25,
          3.0,
          3.0,
          2.0,
          2.25,
          2.0,
          2.25,
          2.25,
          3.0
        ],
        "metrics": {
          "mae": 1.3125,
          "mape": 0.7924382716049384,
          "rmse": 1.6345871038277526,
          "smape": 0.5835141580143028,
          "rmsse": 0.7411575514889073
        }
      },
      "rounded": {
        "forecast": [
          3.0,
          3.0,
          3.0,
          2.0,
          2.0,
          3.0,
          3.0,
          3.0,
          2.0,
          2.0,
          3.0,
          3.0,
          3.0,
          3.0,
          3.0,
          3.0,
          2.0,
          3.0,
          3.0,
          3.0,
          3.0,
          3.0,
          2.0,
          2.0,
          2.0,
          2.0,
          2.0,
          3.0
        ],
        "metrics": {
          "mae": 1.3214285714285714,
          "mape": 0.7916666666666666,
          "rmse": 1.6583123951777,
          "smape": 0.5868893011750155,
          "rmsse": 0.7519151176070484
        }
      }
    }
  }
}