{
  "series_id": "FOODS_1_180_TX_2_validation",
  "run": "run_20260524_085747_563601_001_subset34590_ctx56_h16_emb8_ep10_steps100",
  "horizon": [
    1,
    2,
    3,
    4,
    5,
    6,
    7,
    8,
    9,
    10,
    11,
    12,
    13,
    14,
    15,
    16,
    17,
    18,
    19,
    20,
    21,
    22,
    23,
    24,
    25,
    26,
    27,
    28
  ],
  "actuals": [
    0.0,
    1.0,
    1.0,
    2.0,
    0.0,
    0.0,
    2.0,
    0.0,
    1.0,
    3.0,
    1.0,
    1.0,
    7.0,
    14.0,
    0.0,
    0.0,
    0.0,
    4.0,
    2.0,
    1.0,
    1.0,
    0.0,
    0.0,
    0.0,
    3.0,
    0.0,
    0.0,
    0.0
  ],
  "modes": {
    "mean": {
      "raw": {
        "forecast": [
          0.94779193,
          0.8516331,
          0.8331712,
          0.9011159,
          1.0504398,
          1.126757,
          1.1750225,
          1.0255356,
          0.9715245,
          0.8943599,
          0.9490974,
          1.158303,
          1.3425333,
          1.213959,
          1.1854659,
          0.99195427,
          1.0193684,
          1.1159507,
          1.3154602,
          1.4105021,
          1.5026008,
          1.2540948,
          1.0898465,
          1.036677,
          1.103052,
          1.2695035,
          1.4254187,
          1.4068869
        ],
        "metrics": {
          "mae": 1.5797952392271586,
          "mape": 0.436459132319405,
          "rmse": 2.877903878950851,
          "smape": 1.2561831912369532,
          "rmsse": 1.509698847923193
        }
      },
      "rounded": {
        "forecast": [
          1.0,
          1.0,
          1.0,
          1.0,
          1.0,
          1.0,
          1.0,
          1.0,
          1.0,
          1.0,
          1.0,
          1.0,
          1.0,
          1.0,
          1.0,
          1.0,
          1.0,
          1.0,
          1.0,
          1.0,
          2.0,
          1.0,
          1.0,
          1.0,
          1.0,
          1.0,
          1.0,
          1.0
        ],
        "metrics": {
          "mae": 1.5357142857142858,
          "mape": 0.4246031746031746,
          "rmse": 2.921594476602509,
          "smape": 1.2535714285714286,
          "rmsse": 1.5326181835626544
        }
      }
    },
    "sample-mean": {
      "raw": {
        "forecast": [
          0.95,
          1.09,
          0.91,
          0.97,
          0.86,
          1.18,
          0.95,
          0.87,
          0.94,
          0.83,
          0.91,
          1.17,
          1.03,
          1.2,
          1.0,
          0.95,
          0.84,
          0.94,
          1.03,
          0.81,
          1.4,
          1.05,
          0.92,
          0.82,
          0.95,
          0.91,
          1.36,
          1.01
        ],
        "metrics": {
          "mae": 1.5324999945504325,
          "mape": 0.4369206303168856,
          "rmse": 2.889832539924981,
          "smape": 1.273688851851286,
          "rmsse": 1.5159564181852252
        }
      },
      "rounded": {
        "forecast": [
          1.0,
          1.0,
          1.0,
          1.0,
          1.0,
          1.0,
          1.0,
          1.0,
          1.0,
          1.0,
          1.0,
          1.0,
          1.0,
          1.0,
          1.0,
          1.0,
          1.0,
          1.0,
          1.0,
          1.0,
          1.0,
          1.0,
          1.0,
          1.0,
          1.0,
          1.0,
          1.0,
          1.0
        ],
        "metrics": {
          "mae": 1.5,
          "mape": 0.3579365079365079,
          "rmse": 2.9154759474226504,
          "smape": 1.2297619047619046,
          "rmsse": 1.5294085084510645
        }
      }
    },
    "p25": {
      "raw": {
        "forecast": [
          0.0,
          0.0,
          0.0,
          0.0,
          0.0,
          0.0,
          0.0,
          0.0,
          0.0,
          0.0,
          0.0,
          0.0,
          0.0,
          0.0,
          0.0,
          0.0,
          0.0,
          0.0,
          0.0,
          0.0,
          0.0,
          0.0,
          0.0,
          0.0,
          0.0,
          0.0,
          0.0,
          0.0
        ],
        "metrics": {
          "mae": 1.5714285714285714,
          "mape": 1.0,
          "rmse": 3.262339213334068,
          "smape": 1.0714285714285714,
          "rmsse": 1.7113670084424697
        }
      },
      "rounded": {
        "forecast": [
          0.0,
          0.0,
          0.0,
          0.0,
          0.0,
          0.0,
          0.0,
          0.0,
          0.0,
          0.0,
          0.0,
          0.0,
          0.0,
          0.0,
          0.0,
          0.0,
          0.0,
          0.0,
          0.0,
          0.0,
          0.0,
          0.0,
          0.0,
          0.0,
          0.0,
          0.0,
          0.0,
          0.0
        ],
        "metrics": {
          "mae": 1.5714285714285714,
          "mape": 1.0,
          "rmse": 3.262339213334068,
          "smape": 1.0714285714285714,
          "rmsse": 1.7113670084424697
        }
      }
    },
    "p50": {
      "raw": {
        "forecast": [
          1.0,
          1.0,
          0.0,
          1.0,
          1.0,
          1.0,
          1.0,
          1.0,
          1.0,
          0.0,
          0.5,
          1.0,
          1.0,
          1.0,
          0.5,
          0.5,
          0.5,
          1.0,
          1.0,
          0.0,
          1.0,
          1.0,
          0.0,
          0.0,
          1.0,
          0.5,
          1.0,
          1.0
        ],
        "metrics": {
          "mae": 1.4821428571428572,
          "mape": 0.5468253968253969,
          "rmse": 2.929224665821511,
          "smape": 1.2892857142857144,
          "rmsse": 1.5366208495160298
        }
      },
      "rounded": {
        "forecast": [
          1.0,
          1.0,
          0.0,
          1.0,
          1.0,
          1.0,
          1.0,
          1.0,
          1.0,
          0.0,
          0.0,
          1.0,
          1.0,
          1.0,
          0.0,
          0.0,
          0.0,
          1.0,
          1.0,
          0.0,
          1.0,
          1.0,
          0.0,
          0.0,
          1.0,
          0.0,
          1.0,
          1.0
        ],
        "metrics": {
          "mae": 1.4285714285714286,
          "mape": 0.5801587301587301,
          "rmse": 2.9277002188456,
          "smape": 1.0511904761904762,
          "rmsse": 1.5358211508672717
        }
      }
    },
    "p75": {
      "raw": {
        "forecast": [
          2.0,
          1.0,
          1.25,
          1.0,
          1.0,
          2.0,
          1.0,
          1.0,
          1.0,
          1.0,
          1.0,
          2.0,
          2.0,
          2.0,
          2.0,
          1.0,
          1.0,
          1.0,
          2.0,
          1.0,
          2.0,
          2.0,
          1.0,
          1.0,
          1.0,
          1.0,
          2.0,
          2.0
        ],
        "metrics": {
          "mae": 1.6875,
          "mape": 0.4603174603174603,
          "rmse": 2.8098201518450048,
          "smape": 1.2392857142857143,
          "rmsse": 1.473983296362977
        }
      },
      "rounded": {
        "forecast": [
          2.0,
          1.0,
          1.0,
          1.0,
          1.0,
          2.0,
          1.0,
          1.0,
          1.0,
          1.0,
          1.0,
          2.0,
          2.0,
          2.0,
          2.0,
          1.0,
          1.0,
          1.0,
          2.0,
          1.0,
          2.0,
          2.0,
          1.0,
          1.0,
          1.0,
          1.0,
          2.0,
          2.0
        ],
        "metrics": {
          "mae": 1.6785714285714286,
          "mape": 0.4436507936507937,
          "rmse": 2.809422919899591,
          "smape": 1.2313492063492062,
          "rmsse": 1.4737749153205333
        }
      }
    }
  }
}