{
  "series_id": "FOODS_3_126_WI_3_validation",
  "run": "run_20260524_085747_563601_001_subset34590_ctx56_h16_emb8_ep10_steps100",
  "horizon": [
    1,
    2,
    3,
    4,
    5,
    6,
    7,
    8,
    9,
    10,
    11,
    12,
    13,
    14,
    15,
    16,
    17,
    18,
    19,
    20,
    21,
    22,
    23,
    24,
    25,
    26,
    27,
    28
  ],
  "actuals": [
    2.0,
    0.0,
    0.0,
    0.0,
    2.0,
    2.0,
    2.0,
    3.0,
    3.0,
    1.0,
    1.0,
    3.0,
    1.0,
    2.0,
    2.0,
    1.0,
    2.0,
    1.0,
    3.0,
    2.0,
    1.0,
    3.0,
    0.0,
    2.0,
    3.0,
    1.0,
    1.0,
    0.0
  ],
  "modes": {
    "mean": {
      "raw": {
        "forecast": [
          1.345145,
          1.2605114,
          1.196356,
          1.2853155,
          1.5276479,
          1.6089147,
          1.628926,
          1.7560467,
          1.5961446,
          1.4029149,
          1.4893439,
          1.9149506,
          2.1018755,
          2.1613584,
          2.0795717,
          1.6748347,
          1.7870004,
          1.941603,
          2.1138206,
          2.620661,
          2.645379,
          2.1776266,
          1.8907486,
          1.7826508,
          1.9215341,
          2.263513,
          2.5682805,
          2.5521622
        ],
        "metrics": {
          "mae": 0.9276436269283296,
          "mape": 0.5152908710465915,
          "rmse": 1.089804989056653,
          "smape": 0.696821860370267,
          "rmsse": 0.5641119697787287
        }
      },
      "rounded": {
        "forecast": [
          1.0,
          1.0,
          1.0,
          1.0,
          2.0,
          2.0,
          2.0,
          2.0,
          2.0,
          1.0,
          1.0,
          2.0,
          2.0,
          2.0,
          2.0,
          2.0,
          2.0,
          2.0,
          2.0,
          3.0,
          3.0,
          2.0,
          2.0,
          2.0,
          2.0,
          2.0,
          3.0,
          3.0
        ],
        "metrics": {
          "mae": 0.8571428571428571,
          "mape": 0.4782608695652174,
          "rmse": 1.1338934190276817,
          "smape": 0.6476190476190476,
          "rmsse": 0.5869333105921314
        }
      }
    },
    "sample-mean": {
      "raw": {
        "forecast": [
          1.21,
          1.32,
          1.16,
          1.29,
          1.53,
          1.44,
          1.66,
          1.77,
          1.56,
          1.19,
          1.46,
          1.86,
          1.77,
          1.91,
          1.6,
          1.24,
          1.32,
          1.5,
          1.24,
          1.83,
          1.71,
          1.62,
          1.22,
          1.38,
          1.1,
          1.77,
          1.66,
          1.46
        ],
        "metrics": {
          "mae": 0.8471428581646511,
          "mape": 0.4047826096631478,
          "rmse": 0.9795953980838504,
          "smape": 0.7024353948222953,
          "rmsse": 0.5070645621448261
        }
      },
      "rounded": {
        "forecast": [
          1.0,
          1.0,
          1.0,
          1.0,
          2.0,
          1.0,
          2.0,
          2.0,
          2.0,
          1.0,
          1.0,
          2.0,
          2.0,
          2.0,
          2.0,
          1.0,
          1.0,
          2.0,
          1.0,
          2.0,
          2.0,
          2.0,
          1.0,
          1.0,
          1.0,
          2.0,
          2.0,
          1.0
        ],
        "metrics": {
          "mae": 0.7857142857142857,
          "mape": 0.4202898550724637,
          "rmse": 0.9636241116594316,
          "smape": 0.7000000000000001,
          "rmsse": 0.4987974006478154
        }
      }
    },
    "p25": {
      "raw": {
        "forecast": [
          0.0,
          0.0,
          0.0,
          0.0,
          0.0,
          0.0,
          0.0,
          0.0,
          0.0,
          0.0,
          0.0,
          0.0,
          0.0,
          0.0,
          0.0,
          0.0,
          0.0,
          0.0,
          0.0,
          0.0,
          0.0,
          0.0,
          0.0,
          0.0,
          0.0,
          0.0,
          0.0,
          0.0
        ],
        "metrics": {
          "mae": 1.5714285714285714,
          "mape": 1.0,
          "rmse": 1.8708286933869709,
          "smape": 1.6428571428571428,
          "rmsse": 0.9683905560559212
        }
      },
      "rounded": {
        "forecast": [
          0.0,
          0.0,
          0.0,
          0.0,
          0.0,
          0.0,
          0.0,
          0.0,
          0.0,
          0.0,
          0.0,
          0.0,
          0.0,
          0.0,
          0.0,
          0.0,
          0.0,
          0.0,
          0.0,
          0.0,
          0.0,
          0.0,
          0.0,
          0.0,
          0.0,
          0.0,
          0.0,
          0.0
        ],
        "metrics": {
          "mae": 1.5714285714285714,
          "mape": 1.0,
          "rmse": 1.8708286933869709,
          "smape": 1.6428571428571428,
          "rmsse": 0.9683905560559212
        }
      }
    },
    "p50": {
      "raw": {
        "forecast": [
          1.0,
          1.0,
          1.0,
          1.0,
          1.0,
          1.0,
          1.0,
          1.0,
          1.0,
          1.0,
          1.0,
          1.0,
          1.0,
          2.0,
          1.0,
          1.0,
          1.0,
          1.0,
          1.0,
          1.0,
          1.0,
          1.0,
          1.0,
          1.0,
          1.0,
          1.0,
          1.0,
          1.0
        ],
        "metrics": {
          "mae": 0.8928571428571429,
          "mape": 0.3478260869565217,
          "rmse": 1.14953406710222,
          "smape": 0.7619047619047619,
          "rmsse": 0.5950293249089506
        }
      },
      "rounded": {
        "forecast": [
          1.0,
          1.0,
          1.0,
          1.0,
          1.0,
          1.0,
          1.0,
          1.0,
          1.0,
          1.0,
          1.0,
          1.0,
          1.0,
          2.0,
          1.0,
          1.0,
          1.0,
          1.0,
          1.0,
          1.0,
          1.0,
          1.0,
          1.0,
          1.0,
          1.0,
          1.0,
          1.0,
          1.0
        ],
        "metrics": {
          "mae": 0.8928571428571429,
          "mape": 0.3478260869565217,
          "rmse": 1.14953406710222,
          "smape": 0.7619047619047619,
          "rmsse": 0.5950293249089506
        }
      }
    },
    "p75": {
      "raw": {
        "forecast": [
          2.0,
          2.0,
          2.0,
          2.0,
          2.0,
          2.0,
          2.0,
          3.0,
          2.0,
          2.0,
          2.0,
          3.0,
          3.0,
          3.0,
          3.0,
          2.0,
          2.0,
          3.0,
          2.0,
          3.0,
          3.0,
          2.0,
          2.0,
          2.25,
          2.0,
          3.0,
          3.0,
          2.0
        ],
        "metrics": {
          "mae": 1.0803571428571428,
          "mape": 0.6938405797101449,
          "rmse": 1.3371411401087876,
          "smape": 0.7113445378151261,
          "rmsse": 0.6921397222377107
        }
      },
      "rounded": {
        "forecast": [
          2.0,
          2.0,
          2.0,
          2.0,
          2.0,
          2.0,
          2.0,
          3.0,
          2.0,
          2.0,
          2.0,
          3.0,
          3.0,
          3.0,
          3.0,
          2.0,
          2.0,
          3.0,
          2.0,
          3.0,
          3.0,
          2.0,
          2.0,
          2.0,
          2.0,
          3.0,
          3.0,
          2.0
        ],
        "metrics": {
          "mae": 1.0714285714285714,
          "mape": 0.6884057971014493,
          "rmse": 1.336306209562122,
          "smape": 0.7071428571428571,
          "rmsse": 0.6917075400399436
        }
      }
    }
  }
}