{
  "series_id": "FOODS_3_604_TX_1_validation",
  "run": "run_20260524_085747_563601_001_subset34590_ctx56_h16_emb8_ep10_steps100",
  "horizon": [
    1,
    2,
    3,
    4,
    5,
    6,
    7,
    8,
    9,
    10,
    11,
    12,
    13,
    14,
    15,
    16,
    17,
    18,
    19,
    20,
    21,
    22,
    23,
    24,
    25,
    26,
    27,
    28
  ],
  "actuals": [
    1.0,
    5.0,
    0.0,
    2.0,
    2.0,
    0.0,
    1.0,
    1.0,
    1.0,
    3.0,
    1.0,
    1.0,
    0.0,
    2.0,
    2.0,
    0.0,
    0.0,
    0.0,
    1.0,
    1.0,
    2.0,
    0.0,
    1.0,
    2.0,
    0.0,
    1.0,
    2.0,
    2.0
  ],
  "modes": {
    "mean": {
      "raw": {
        "forecast": [
          0.68137866,
          0.61116713,
          0.59045976,
          0.64571834,
          0.78811157,
          0.8902181,
          1.0052829,
          0.9202996,
          0.88450825,
          0.81927466,
          0.90041316,
          1.1633662,
          1.3879215,
          1.2773702,
          1.2827488,
          1.0538299,
          1.0933805,
          1.213491,
          1.4406514,
          1.54886,
          1.6841317,
          1.3951927,
          1.2037752,
          1.1432059,
          1.231112,
          1.4345384,
          1.6299806,
          1.636541
        ],
        "metrics": {
          "mae": 0.8481153483901706,
          "mape": 0.348532263636589,
          "rmse": 1.204923916603838,
          "smape": 0.8848959608018828,
          "rmsse": 0.950744147163364
        }
      },
      "rounded": {
        "forecast": [
          1.0,
          1.0,
          1.0,
          1.0,
          1.0,
          1.0,
          1.0,
          1.0,
          1.0,
          1.0,
          1.0,
          1.0,
          1.0,
          1.0,
          1.0,
          1.0,
          1.0,
          1.0,
          1.0,
          2.0,
          2.0,
          1.0,
          1.0,
          1.0,
          1.0,
          1.0,
          2.0,
          2.0
        ],
        "metrics": {
          "mae": 0.7142857142857143,
          "mape": 0.2483333333333333,
          "rmse": 1.1019463300386794,
          "smape": 0.7976190476190474,
          "rmsse": 0.8694897738650181
        }
      }
    },
    "sample-mean": {
      "raw": {
        "forecast": [
          0.73,
          0.71,
          0.71,
          0.65,
          0.88,
          0.87,
          0.91,
          0.77,
          0.84,
          0.84,
          0.94,
          0.98,
          1.05,
          1.11,
          1.11,
          0.76,
          0.98,
          0.98,
          1.03,
          1.19,
          1.24,
          1.1,
          1.02,
          0.84,
          1.0,
          1.14,
          0.97,
          1.17
        ],
        "metrics": {
          "mae": 0.8264285730464118,
          "mape": 0.3401500003536542,
          "rmse": 1.1755880046586653,
          "smape": 0.905293553515226,
          "rmsse": 0.9275966718753098
        }
      },
      "rounded": {
        "forecast": [
          1.0,
          1.0,
          1.0,
          1.0,
          1.0,
          1.0,
          1.0,
          1.0,
          1.0,
          1.0,
          1.0,
          1.0,
          1.0,
          1.0,
          1.0,
          1.0,
          1.0,
          1.0,
          1.0,
          1.0,
          1.0,
          1.0,
          1.0,
          1.0,
          1.0,
          1.0,
          1.0,
          1.0
        ],
        "metrics": {
          "mae": 0.7857142857142857,
          "mape": 0.2733333333333333,
          "rmse": 1.1338934190276817,
          "smape": 0.8452380952380952,
          "rmsse": 0.8946975960823834
        }
      }
    },
    "p25": {
      "raw": {
        "forecast": [
          0.0,
          0.0,
          0.0,
          0.0,
          0.0,
          0.0,
          0.0,
          0.0,
          0.0,
          0.0,
          0.0,
          0.0,
          0.0,
          0.0,
          0.0,
          0.0,
          0.0,
          0.0,
          0.0,
          0.0,
          0.0,
          0.0,
          0.0,
          0.0,
          0.0,
          0.0,
          0.0,
          0.0
        ],
        "metrics": {
          "mae": 1.2142857142857142,
          "mape": 1.0,
          "rmse": 1.647508942095828,
          "smape": 1.4285714285714286,
          "rmsse": 1.2999654687839606
        }
      },
      "rounded": {
        "forecast": [
          0.0,
          0.0,
          0.0,
          0.0,
          0.0,
          0.0,
          0.0,
          0.0,
          0.0,
          0.0,
          0.0,
          0.0,
          0.0,
          0.0,
          0.0,
          0.0,
          0.0,
          0.0,
          0.0,
          0.0,
          0.0,
          0.0,
          0.0,
          0.0,
          0.0,
          0.0,
          0.0,
          0.0
        ],
        "metrics": {
          "mae": 1.2142857142857142,
          "mape": 1.0,
          "rmse": 1.647508942095828,
          "smape": 1.4285714285714286,
          "rmsse": 1.2999654687839606
        }
      }
    },
    "p50": {
      "raw": {
        "forecast": [
          0.0,
          0.0,
          0.0,
          0.0,
          0.0,
          0.0,
          1.0,
          1.0,
          0.0,
          0.0,
          0.0,
          1.0,
          1.0,
          1.0,
          1.0,
          0.0,
          0.5,
          0.0,
          1.0,
          1.0,
          1.0,
          1.0,
          1.0,
          0.0,
          0.5,
          1.0,
          0.0,
          1.0
        ],
        "metrics": {
          "mae": 0.9285714285714286,
          "mape": 0.55,
          "rmse": 1.4577379737113252,
          "smape": 1.023809523809524,
          "rmsse": 1.150226854580313
        }
      },
      "rounded": {
        "forecast": [
          0.0,
          0.0,
          0.0,
          0.0,
          0.0,
          0.0,
          1.0,
          1.0,
          0.0,
          0.0,
          0.0,
          1.0,
          1.0,
          1.0,
          1.0,
          0.0,
          0.0,
          0.0,
          1.0,
          1.0,
          1.0,
          1.0,
          1.0,
          0.0,
          0.0,
          1.0,
          0.0,
          1.0
        ],
        "metrics": {
          "mae": 0.8928571428571429,
          "mape": 0.55,
          "rmse": 1.4516001023501126,
          "smape": 0.880952380952381,
          "rmsse": 1.1453837726294107
        }
      }
    },
    "p75": {
      "raw": {
        "forecast": [
          1.0,
          1.0,
          1.0,
          1.0,
          1.0,
          1.0,
          2.0,
          1.0,
          1.0,
          1.0,
          2.0,
          2.0,
          2.0,
          2.0,
          2.0,
          1.0,
          2.0,
          1.25,
          1.25,
          2.0,
          2.0,
          2.0,
          2.0,
          1.0,
          2.0,
          2.0,
          2.0,
          2.0
        ],
        "metrics": {
          "mae": 0.9821428571428572,
          "mape": 0.4608333333333333,
          "rmse": 1.3312856299725573,
          "smape": 0.8769841269841269,
          "rmsse": 1.0504497449653072
        }
      },
      "rounded": {
        "forecast": [
          1.0,
          1.0,
          1.0,
          1.0,
          1.0,
          1.0,
          2.0,
          1.0,
          1.0,
          1.0,
          2.0,
          2.0,
          2.0,
          2.0,
          2.0,
          1.0,
          2.0,
          1.0,
          1.0,
          2.0,
          2.0,
          2.0,
          2.0,
          1.0,
          2.0,
          2.0,
          2.0,
          2.0
        ],
        "metrics": {
          "mae": 0.9642857142857144,
          "mape": 0.4483333333333333,
          "rmse": 1.3228756555322954,
          "smape": 0.869047619047619,
          "rmsse": 1.043813862096114
        }
      }
    }
  }
}