{
  "series_id": "FOODS_3_179_CA_1_validation",
  "run": "run_20260524_085747_563601_001_subset34590_ctx56_h16_emb8_ep10_steps100",
  "horizon": [
    1,
    2,
    3,
    4,
    5,
    6,
    7,
    8,
    9,
    10,
    11,
    12,
    13,
    14,
    15,
    16,
    17,
    18,
    19,
    20,
    21,
    22,
    23,
    24,
    25,
    26,
    27,
    28
  ],
  "actuals": [
    0.0,
    0.0,
    0.0,
    0.0,
    1.0,
    0.0,
    0.0,
    0.0,
    0.0,
    4.0,
    0.0,
    1.0,
    0.0,
    2.0,
    1.0,
    0.0,
    0.0,
    0.0,
    0.0,
    0.0,
    2.0,
    5.0,
    0.0,
    1.0,
    1.0,
    1.0,
    1.0,
    1.0
  ],
  "modes": {
    "mean": {
      "raw": {
        "forecast": [
          0.68154556,
          0.60762644,
          0.5556202,
          0.5660458,
          0.63148016,
          0.661955,
          0.6879801,
          0.6690585,
          0.59167117,
          0.5475262,
          0.52484316,
          0.6136996,
          0.7111481,
          0.69027066,
          0.6593397,
          0.5779834,
          0.51827633,
          0.53142226,
          0.594217,
          0.68004763,
          0.7115743,
          0.6477225,
          0.55669534,
          0.5097617,
          0.52096075,
          0.58061486,
          0.66370916,
          0.6950134
        ],
        "metrics": {
          "mae": 0.8301593916756767,
          "mape": 0.5131726749241352,
          "rmse": 1.2167581563921204,
          "smape": 1.4606752758645332,
          "rmsse": 1.1186697896130968
        }
      },
      "rounded": {
        "forecast": [
          1.0,
          1.0,
          1.0,
          1.0,
          1.0,
          1.0,
          1.0,
          1.0,
          1.0,
          1.0,
          1.0,
          1.0,
          1.0,
          1.0,
          1.0,
          1.0,
          1.0,
          1.0,
          1.0,
          1.0,
          1.0,
          1.0,
          1.0,
          1.0,
          1.0,
          1.0,
          1.0,
          1.0
        ],
        "metrics": {
          "mae": 0.8928571428571429,
          "mape": 0.2125,
          "rmse": 1.2392393980641052,
          "smape": 1.280952380952381,
          "rmsse": 1.1393387169256628
        }
      }
    },
    "sample-mean": {
      "raw": {
        "forecast": [
          0.7,
          0.66,
          0.69,
          0.47,
          0.6,
          0.49,
          0.55,
          0.53,
          0.51,
          0.46,
          0.47,
          0.54,
          0.72,
          0.76,
          0.64,
          0.73,
          0.36,
          0.46,
          0.51,
          0.5,
          0.61,
          0.59,
          0.46,
          0.7,
          0.55,
          0.43,
          0.51,
          0.6
        ],
        "metrics": {
          "mae": 0.8150000008089202,
          "mape": 0.5426666623602311,
          "rmse": 1.2248819212175808,
          "smape": 1.4837560342905076,
          "rmsse": 1.126138661089669
        }
      },
      "rounded": {
        "forecast": [
          1.0,
          1.0,
          1.0,
          0.0,
          1.0,
          0.0,
          1.0,
          1.0,
          1.0,
          0.0,
          0.0,
          1.0,
          1.0,
          1.0,
          1.0,
          1.0,
          0.0,
          0.0,
          1.0,
          0.0,
          1.0,
          1.0,
          0.0,
          1.0,
          1.0,
          0.0,
          1.0,
          1.0
        ],
        "metrics": {
          "mae": 0.7142857142857143,
          "mape": 0.3166666666666666,
          "rmse": 1.2535663410560174,
          "smape": 0.8809523809523808,
          "rmsse": 1.1525107003788777
        }
      }
    },
    "p25": {
      "raw": {
        "forecast": [
          0.0,
          0.0,
          0.0,
          0.0,
          0.0,
          0.0,
          0.0,
          0.0,
          0.0,
          0.0,
          0.0,
          0.0,
          0.0,
          0.0,
          0.0,
          0.0,
          0.0,
          0.0,
          0.0,
          0.0,
          0.0,
          0.0,
          0.0,
          0.0,
          0.0,
          0.0,
          0.0,
          0.0
        ],
        "metrics": {
          "mae": 0.75,
          "mape": 1.0,
          "rmse": 1.4267845968170128,
          "smape": 0.8571428571428571,
          "rmsse": 1.3117650507288854
        }
      },
      "rounded": {
        "forecast": [
          0.0,
          0.0,
          0.0,
          0.0,
          0.0,
          0.0,
          0.0,
          0.0,
          0.0,
          0.0,
          0.0,
          0.0,
          0.0,
          0.0,
          0.0,
          0.0,
          0.0,
          0.0,
          0.0,
          0.0,
          0.0,
          0.0,
          0.0,
          0.0,
          0.0,
          0.0,
          0.0,
          0.0
        ],
        "metrics": {
          "mae": 0.75,
          "mape": 1.0,
          "rmse": 1.4267845968170128,
          "smape": 0.8571428571428571,
          "rmsse": 1.3117650507288854
        }
      }
    },
    "p50": {
      "raw": {
        "forecast": [
          0.5,
          0.0,
          0.0,
          0.0,
          0.0,
          0.0,
          0.0,
          0.0,
          0.0,
          0.0,
          0.0,
          0.0,
          0.0,
          0.0,
          0.0,
          0.0,
          0.0,
          0.0,
          0.0,
          0.0,
          0.0,
          0.0,
          0.0,
          0.0,
          0.0,
          0.0,
          0.0,
          0.0
        ],
        "metrics": {
          "mae": 0.7678571428571429,
          "mape": 1.0,
          "rmse": 1.4299100870834005,
          "smape": 0.9285714285714286,
          "rmsse": 1.3146385811181165
        }
      },
      "rounded": {
        "forecast": [
          0.0,
          0.0,
          0.0,
          0.0,
          0.0,
          0.0,
          0.0,
          0.0,
          0.0,
          0.0,
          0.0,
          0.0,
          0.0,
          0.0,
          0.0,
          0.0,
          0.0,
          0.0,
          0.0,
          0.0,
          0.0,
          0.0,
          0.0,
          0.0,
          0.0,
          0.0,
          0.0,
          0.0
        ],
        "metrics": {
          "mae": 0.75,
          "mape": 1.0,
          "rmse": 1.4267845968170128,
          "smape": 0.8571428571428571,
          "rmsse": 1.3117650507288854
        }
      }
    },
    "p75": {
      "raw": {
        "forecast": [
          1.0,
          1.0,
          1.0,
          1.0,
          1.0,
          1.0,
          1.0,
          1.0,
          1.0,
          1.0,
          1.0,
          1.0,
          1.0,
          1.0,
          1.0,
          1.0,
          1.0,
          1.0,
          1.0,
          1.0,
          1.0,
          1.0,
          1.0,
          1.0,
          1.0,
          0.25,
          1.0,
          1.0
        ],
        "metrics": {
          "mae": 0.9196428571428572,
          "mape": 0.2749999999999999,
          "rmse": 1.2473185525071655,
          "smape": 1.323809523809524,
          "rmsse": 1.146766574264108
        }
      },
      "rounded": {
        "forecast": [
          1.0,
          1.0,
          1.0,
          1.0,
          1.0,
          1.0,
          1.0,
          1.0,
          1.0,
          1.0,
          1.0,
          1.0,
          1.0,
          1.0,
          1.0,
          1.0,
          1.0,
          1.0,
          1.0,
          1.0,
          1.0,
          1.0,
          1.0,
          1.0,
          1.0,
          0.0,
          1.0,
          1.0
        ],
        "metrics": {
          "mae": 0.9285714285714286,
          "mape": 0.2958333333333333,
          "rmse": 1.2535663410560174,
          "smape": 1.3523809523809525,
          "rmsse": 1.1525107003788777
        }
      }
    }
  }
}