{
  "series_id": "FOODS_1_215_TX_1_validation",
  "run": "run_20260524_085747_563601_001_subset34590_ctx56_h16_emb8_ep10_steps100",
  "horizon": [
    1,
    2,
    3,
    4,
    5,
    6,
    7,
    8,
    9,
    10,
    11,
    12,
    13,
    14,
    15,
    16,
    17,
    18,
    19,
    20,
    21,
    22,
    23,
    24,
    25,
    26,
    27,
    28
  ],
  "actuals": [
    0.0,
    0.0,
    0.0,
    0.0,
    0.0,
    0.0,
    0.0,
    0.0,
    0.0,
    0.0,
    0.0,
    0.0,
    0.0,
    0.0,
    0.0,
    0.0,
    0.0,
    0.0,
    0.0,
    0.0,
    0.0,
    0.0,
    0.0,
    0.0,
    0.0,
    1.0,
    0.0,
    1.0
  ],
  "modes": {
    "mean": {
      "raw": {
        "forecast": [
          0.22750573,
          0.22257307,
          0.23477869,
          0.26369682,
          0.3031005,
          0.32218316,
          0.3185148,
          0.30674002,
          0.29600233,
          0.31087866,
          0.32484114,
          0.38682148,
          0.42999312,
          0.4075996,
          0.38753295,
          0.36989227,
          0.37678853,
          0.41517642,
          0.47103426,
          0.5116348,
          0.52064687,
          0.4759752,
          0.44424587,
          0.44618264,
          0.48063463,
          0.5379921,
          0.59607637,
          0.6069785
        ],
        "metrics": {
          "mae": 0.3823599762150219,
          "mape": 0.4275147020816803,
          "rmse": 0.3937409464200151,
          "smape": 1.8960691800743683,
          "rmsse": 0.1860876890075115
        }
      },
      "rounded": {
        "forecast": [
          0.0,
          0.0,
          0.0,
          0.0,
          0.0,
          0.0,
          0.0,
          0.0,
          0.0,
          0.0,
          0.0,
          0.0,
          0.0,
          0.0,
          0.0,
          0.0,
          0.0,
          0.0,
          0.0,
          1.0,
          1.0,
          0.0,
          0.0,
          0.0,
          0.0,
          1.0,
          1.0,
          1.0
        ],
        "metrics": {
          "mae": 0.1071428571428571,
          "mape": 0.0,
          "rmse": 0.3273268353539885,
          "smape": 0.2142857142857142,
          "rmsse": 0.1546994156817764
        }
      }
    },
    "sample-mean": {
      "raw": {
        "forecast": [
          0.22,
          0.3,
          0.38,
          0.22,
          0.41,
          0.25,
          0.33,
          0.4,
          0.22,
          0.44,
          0.32,
          0.37,
          0.62,
          0.57,
          0.45,
          0.36,
          0.46,
          0.54,
          0.62,
          0.52,
          0.47,
          0.65,
          0.35,
          0.4,
          0.5,
          0.44,
          0.69,
          0.57
        ],
        "metrics": {
          "mae": 0.4303571432828903,
          "mape": 0.4950000047683716,
          "rmse": 0.449678456454011,
          "smape": 1.9044838748078887,
          "rmsse": 0.2125245685490081
        }
      },
      "rounded": {
        "forecast": [
          0.0,
          0.0,
          0.0,
          0.0,
          0.0,
          0.0,
          0.0,
          0.0,
          0.0,
          0.0,
          0.0,
          0.0,
          1.0,
          1.0,
          0.0,
          0.0,
          0.0,
          1.0,
          1.0,
          1.0,
          0.0,
          1.0,
          0.0,
          0.0,
          0.0,
          0.0,
          1.0,
          1.0
        ],
        "metrics": {
          "mae": 0.2857142857142857,
          "mape": 0.5,
          "rmse": 0.5345224838248488,
          "smape": 0.5714285714285714,
          "rmsse": 0.2526230879513749
        }
      }
    },
    "p25": {
      "raw": {
        "forecast": [
          0.0,
          0.0,
          0.0,
          0.0,
          0.0,
          0.0,
          0.0,
          0.0,
          0.0,
          0.0,
          0.0,
          0.0,
          0.0,
          0.0,
          0.0,
          0.0,
          0.0,
          0.0,
          0.0,
          0.0,
          0.0,
          0.0,
          0.0,
          0.0,
          0.0,
          0.0,
          0.0,
          0.0
        ],
        "metrics": {
          "mae": 0.0714285714285714,
          "mape": 1.0,
          "rmse": 0.2672612419124244,
          "smape": 0.1428571428571428,
          "rmsse": 0.1263115439756874
        }
      },
      "rounded": {
        "forecast": [
          0.0,
          0.0,
          0.0,
          0.0,
          0.0,
          0.0,
          0.0,
          0.0,
          0.0,
          0.0,
          0.0,
          0.0,
          0.0,
          0.0,
          0.0,
          0.0,
          0.0,
          0.0,
          0.0,
          0.0,
          0.0,
          0.0,
          0.0,
          0.0,
          0.0,
          0.0,
          0.0,
          0.0
        ],
        "metrics": {
          "mae": 0.0714285714285714,
          "mape": 1.0,
          "rmse": 0.2672612419124244,
          "smape": 0.1428571428571428,
          "rmsse": 0.1263115439756874
        }
      }
    },
    "p50": {
      "raw": {
        "forecast": [
          0.0,
          0.0,
          0.0,
          0.0,
          0.0,
          0.0,
          0.0,
          0.0,
          0.0,
          0.0,
          0.0,
          0.0,
          0.0,
          0.0,
          0.0,
          0.0,
          0.0,
          0.0,
          0.0,
          0.0,
          0.0,
          0.0,
          0.0,
          0.0,
          0.0,
          0.0,
          0.0,
          0.0
        ],
        "metrics": {
          "mae": 0.0714285714285714,
          "mape": 1.0,
          "rmse": 0.2672612419124244,
          "smape": 0.1428571428571428,
          "rmsse": 0.1263115439756874
        }
      },
      "rounded": {
        "forecast": [
          0.0,
          0.0,
          0.0,
          0.0,
          0.0,
          0.0,
          0.0,
          0.0,
          0.0,
          0.0,
          0.0,
          0.0,
          0.0,
          0.0,
          0.0,
          0.0,
          0.0,
          0.0,
          0.0,
          0.0,
          0.0,
          0.0,
          0.0,
          0.0,
          0.0,
          0.0,
          0.0,
          0.0
        ],
        "metrics": {
          "mae": 0.0714285714285714,
          "mape": 1.0,
          "rmse": 0.2672612419124244,
          "smape": 0.1428571428571428,
          "rmsse": 0.1263115439756874
        }
      }
    },
    "p75": {
      "raw": {
        "forecast": [
          0.0,
          0.0,
          0.0,
          0.0,
          0.0,
          0.0,
          0.0,
          0.0,
          0.0,
          0.0,
          0.0,
          0.0,
          1.0,
          0.0,
          0.0,
          0.0,
          0.0,
          0.25,
          0.0,
          0.0,
          0.0,
          0.25,
          0.0,
          0.0,
          0.0,
          0.0,
          1.0,
          0.25
        ],
        "metrics": {
          "mae": 0.1517857142857142,
          "mape": 0.875,
          "rmse": 0.3629000255875281,
          "smape": 0.3999999999999999,
          "rmsse": 0.1715118219640594
        }
      },
      "rounded": {
        "forecast": [
          0.0,
          0.0,
          0.0,
          0.0,
          0.0,
          0.0,
          0.0,
          0.0,
          0.0,
          0.0,
          0.0,
          0.0,
          1.0,
          0.0,
          0.0,
          0.0,
          0.0,
          0.0,
          0.0,
          0.0,
          0.0,
          0.0,
          0.0,
          0.0,
          0.0,
          0.0,
          1.0,
          0.0
        ],
        "metrics": {
          "mae": 0.1428571428571428,
          "mape": 1.0,
          "rmse": 0.3779644730092272,
          "smape": 0.2857142857142857,
          "rmsse": 0.1786314985747028
        }
      }
    }
  }
}