{
  "series_id": "FOODS_2_271_WI_3_validation",
  "run": "run_20260524_085747_563601_001_subset34590_ctx56_h16_emb8_ep10_steps100",
  "horizon": [
    1,
    2,
    3,
    4,
    5,
    6,
    7,
    8,
    9,
    10,
    11,
    12,
    13,
    14,
    15,
    16,
    17,
    18,
    19,
    20,
    21,
    22,
    23,
    24,
    25,
    26,
    27,
    28
  ],
  "actuals": [
    0.0,
    0.0,
    0.0,
    0.0,
    0.0,
    0.0,
    0.0,
    0.0,
    1.0,
    0.0,
    0.0,
    0.0,
    1.0,
    0.0,
    0.0,
    0.0,
    1.0,
    0.0,
    0.0,
    0.0,
    0.0,
    0.0,
    1.0,
    0.0,
    0.0,
    1.0,
    0.0,
    0.0
  ],
  "modes": {
    "mean": {
      "raw": {
        "forecast": [
          0.18651536,
          0.16662696,
          0.1583672,
          0.16552335,
          0.19062951,
          0.21066254,
          0.22119248,
          0.2284104,
          0.21312632,
          0.1975919,
          0.19994818,
          0.24354617,
          0.28937003,
          0.29476634,
          0.28940073,
          0.2492592,
          0.2425861,
          0.25585634,
          0.2911835,
          0.3642444,
          0.39823365,
          0.35142177,
          0.30615708,
          0.28517342,
          0.29720944,
          0.34969625,
          0.43174976,
          0.46911743
        ],
        "metrics": {
          "mae": 0.3480605089238712,
          "mape": 0.7198128432035447,
          "rmse": 0.3969191605891127,
          "smape": 1.84445348043574,
          "rmsse": 1.0372107099637269
        }
      },
      "rounded": {
        "forecast": [
          0.0,
          0.0,
          0.0,
          0.0,
          0.0,
          0.0,
          0.0,
          0.0,
          0.0,
          0.0,
          0.0,
          0.0,
          0.0,
          0.0,
          0.0,
          0.0,
          0.0,
          0.0,
          0.0,
          0.0,
          0.0,
          0.0,
          0.0,
          0.0,
          0.0,
          0.0,
          0.0,
          0.0
        ],
        "metrics": {
          "mae": 0.1785714285714285,
          "mape": 1.0,
          "rmse": 0.4225771273642583,
          "smape": 0.3571428571428571,
          "rmsse": 1.1042589166957362
        }
      }
    },
    "sample-mean": {
      "raw": {
        "forecast": [
          0.13,
          0.22,
          0.2,
          0.2,
          0.2,
          0.25,
          0.31,
          0.28,
          0.27,
          0.25,
          0.27,
          0.2,
          0.31,
          0.35,
          0.24,
          0.33,
          0.24,
          0.36,
          0.5,
          0.42,
          0.3,
          0.25,
          0.27,
          0.23,
          0.19,
          0.29,
          0.36,
          0.49
        ],
        "metrics": {
          "mae": 0.3625000018094267,
          "mape": 0.723999997973442,
          "rmse": 0.4087218765044084,
          "smape": 1.8456867619136204,
          "rmsse": 1.0680530188505903
        }
      },
      "rounded": {
        "forecast": [
          0.0,
          0.0,
          0.0,
          0.0,
          0.0,
          0.0,
          0.0,
          0.0,
          0.0,
          0.0,
          0.0,
          0.0,
          0.0,
          0.0,
          0.0,
          0.0,
          0.0,
          0.0,
          0.0,
          0.0,
          0.0,
          0.0,
          0.0,
          0.0,
          0.0,
          0.0,
          0.0,
          0.0
        ],
        "metrics": {
          "mae": 0.1785714285714285,
          "mape": 1.0,
          "rmse": 0.4225771273642583,
          "smape": 0.3571428571428571,
          "rmsse": 1.1042589166957362
        }
      }
    },
    "p25": {
      "raw": {
        "forecast": [
          0.0,
          0.0,
          0.0,
          0.0,
          0.0,
          0.0,
          0.0,
          0.0,
          0.0,
          0.0,
          0.0,
          0.0,
          0.0,
          0.0,
          0.0,
          0.0,
          0.0,
          0.0,
          0.0,
          0.0,
          0.0,
          0.0,
          0.0,
          0.0,
          0.0,
          0.0,
          0.0,
          0.0
        ],
        "metrics": {
          "mae": 0.1785714285714285,
          "mape": 1.0,
          "rmse": 0.4225771273642583,
          "smape": 0.3571428571428571,
          "rmsse": 1.1042589166957362
        }
      },
      "rounded": {
        "forecast": [
          0.0,
          0.0,
          0.0,
          0.0,
          0.0,
          0.0,
          0.0,
          0.0,
          0.0,
          0.0,
          0.0,
          0.0,
          0.0,
          0.0,
          0.0,
          0.0,
          0.0,
          0.0,
          0.0,
          0.0,
          0.0,
          0.0,
          0.0,
          0.0,
          0.0,
          0.0,
          0.0,
          0.0
        ],
        "metrics": {
          "mae": 0.1785714285714285,
          "mape": 1.0,
          "rmse": 0.4225771273642583,
          "smape": 0.3571428571428571,
          "rmsse": 1.1042589166957362
        }
      }
    },
    "p50": {
      "raw": {
        "forecast": [
          0.0,
          0.0,
          0.0,
          0.0,
          0.0,
          0.0,
          0.0,
          0.0,
          0.0,
          0.0,
          0.0,
          0.0,
          0.0,
          0.0,
          0.0,
          0.0,
          0.0,
          0.0,
          0.0,
          0.0,
          0.0,
          0.0,
          0.0,
          0.0,
          0.0,
          0.0,
          0.0,
          0.0
        ],
        "metrics": {
          "mae": 0.1785714285714285,
          "mape": 1.0,
          "rmse": 0.4225771273642583,
          "smape": 0.3571428571428571,
          "rmsse": 1.1042589166957362
        }
      },
      "rounded": {
        "forecast": [
          0.0,
          0.0,
          0.0,
          0.0,
          0.0,
          0.0,
          0.0,
          0.0,
          0.0,
          0.0,
          0.0,
          0.0,
          0.0,
          0.0,
          0.0,
          0.0,
          0.0,
          0.0,
          0.0,
          0.0,
          0.0,
          0.0,
          0.0,
          0.0,
          0.0,
          0.0,
          0.0,
          0.0
        ],
        "metrics": {
          "mae": 0.1785714285714285,
          "mape": 1.0,
          "rmse": 0.4225771273642583,
          "smape": 0.3571428571428571,
          "rmsse": 1.1042589166957362
        }
      }
    },
    "p75": {
      "raw": {
        "forecast": [
          0.0,
          0.0,
          0.0,
          0.0,
          0.0,
          0.0,
          0.0,
          0.0,
          0.0,
          0.0,
          0.0,
          0.0,
          0.0,
          0.0,
          0.0,
          0.0,
          0.0,
          0.0,
          1.0,
          1.0,
          0.0,
          0.0,
          0.0,
          0.0,
          0.0,
          0.0,
          0.0,
          1.0
        ],
        "metrics": {
          "mae": 0.2857142857142857,
          "mape": 1.0,
          "rmse": 0.5345224838248488,
          "smape": 0.5714285714285714,
          "rmsse": 1.3967893213234648
        }
      },
      "rounded": {
        "forecast": [
          0.0,
          0.0,
          0.0,
          0.0,
          0.0,
          0.0,
          0.0,
          0.0,
          0.0,
          0.0,
          0.0,
          0.0,
          0.0,
          0.0,
          0.0,
          0.0,
          0.0,
          0.0,
          1.0,
          1.0,
          0.0,
          0.0,
          0.0,
          0.0,
          0.0,
          0.0,
          0.0,
          1.0
        ],
        "metrics": {
          "mae": 0.2857142857142857,
          "mape": 1.0,
          "rmse": 0.5345224838248488,
          "smape": 0.5714285714285714,
          "rmsse": 1.3967893213234648
        }
      }
    }
  }
}