{
  "series_id": "FOODS_2_389_CA_1_validation",
  "run": "run_20260524_085747_563601_001_subset34590_ctx56_h16_emb8_ep10_steps100",
  "horizon": [
    1,
    2,
    3,
    4,
    5,
    6,
    7,
    8,
    9,
    10,
    11,
    12,
    13,
    14,
    15,
    16,
    17,
    18,
    19,
    20,
    21,
    22,
    23,
    24,
    25,
    26,
    27,
    28
  ],
  "actuals": [
    0.0,
    1.0,
    0.0,
    1.0,
    0.0,
    0.0,
    1.0,
    0.0,
    2.0,
    2.0,
    0.0,
    3.0,
    0.0,
    0.0,
    1.0,
    0.0,
    0.0,
    0.0,
    1.0,
    1.0,
    2.0,
    1.0,
    0.0,
    1.0,
    0.0,
    0.0,
    1.0,
    0.0
  ],
  "modes": {
    "mean": {
      "raw": {
        "forecast": [
          0.62257177,
          0.55201036,
          0.53143597,
          0.57640105,
          0.68820393,
          0.74458325,
          0.7958613,
          0.77652246,
          0.7111096,
          0.6992285,
          0.7210411,
          0.9036894,
          1.0496763,
          0.98516244,
          0.9180351,
          0.82104516,
          0.72234553,
          0.7711798,
          0.9019556,
          1.0095048,
          0.9825946,
          0.85640866,
          0.7414143,
          0.70526594,
          0.76557916,
          0.9004443,
          1.0099095,
          0.9843419
        ],
        "metrics": {
          "mae": 0.687228628567287,
          "mape": 0.3242907806848868,
          "rmse": 0.8221952305479341,
          "smape": 1.2757573442014538,
          "rmsse": 0.9727327712723414
        }
      },
      "rounded": {
        "forecast": [
          1.0,
          1.0,
          1.0,
          1.0,
          1.0,
          1.0,
          1.0,
          1.0,
          1.0,
          1.0,
          1.0,
          1.0,
          1.0,
          1.0,
          1.0,
          1.0,
          1.0,
          1.0,
          1.0,
          1.0,
          1.0,
          1.0,
          1.0,
          1.0,
          1.0,
          1.0,
          1.0,
          1.0
        ],
        "metrics": {
          "mae": 0.7142857142857143,
          "mape": 0.1666666666666666,
          "rmse": 0.8864052604279183,
          "smape": 1.1785714285714286,
          "rmsse": 1.048699157342244
        }
      }
    },
    "sample-mean": {
      "raw": {
        "forecast": [
          0.46,
          0.51,
          0.41,
          0.51,
          0.79,
          0.63,
          0.78,
          0.58,
          0.42,
          0.45,
          0.58,
          0.64,
          0.66,
          0.62,
          0.65,
          0.53,
          0.5,
          0.58,
          0.56,
          0.74,
          0.67,
          0.59,
          0.44,
          0.51,
          0.58,
          0.47,
          0.61,
          0.63
        ],
        "metrics": {
          "mae": 0.672142859016146,
          "mape": 0.5043589812822831,
          "rmse": 0.8154446665624333,
          "smape": 1.4052018263932131,
          "rmsse": 0.9647462316169224
        }
      },
      "rounded": {
        "forecast": [
          0.0,
          1.0,
          0.0,
          1.0,
          1.0,
          1.0,
          1.0,
          1.0,
          0.0,
          0.0,
          1.0,
          1.0,
          1.0,
          1.0,
          1.0,
          1.0,
          0.0,
          1.0,
          1.0,
          1.0,
          1.0,
          1.0,
          0.0,
          1.0,
          1.0,
          0.0,
          1.0,
          1.0
        ],
        "metrics": {
          "mae": 0.6071428571428571,
          "mape": 0.2435897435897435,
          "rmse": 0.9063269671749656,
          "smape": 0.9166666666666669,
          "rmsse": 1.0722683733782163
        }
      }
    },
    "p25": {
      "raw": {
        "forecast": [
          0.0,
          0.0,
          0.0,
          0.0,
          0.0,
          0.0,
          0.0,
          0.0,
          0.0,
          0.0,
          0.0,
          0.0,
          0.0,
          0.0,
          0.0,
          0.0,
          0.0,
          0.0,
          0.0,
          0.0,
          0.0,
          0.0,
          0.0,
          0.0,
          0.0,
          0.0,
          0.0,
          0.0
        ],
        "metrics": {
          "mae": 0.6428571428571429,
          "mape": 1.0,
          "rmse": 1.035098339013531,
          "smape": 0.9285714285714286,
          "rmsse": 1.2246167801010237
        }
      },
      "rounded": {
        "forecast": [
          0.0,
          0.0,
          0.0,
          0.0,
          0.0,
          0.0,
          0.0,
          0.0,
          0.0,
          0.0,
          0.0,
          0.0,
          0.0,
          0.0,
          0.0,
          0.0,
          0.0,
          0.0,
          0.0,
          0.0,
          0.0,
          0.0,
          0.0,
          0.0,
          0.0,
          0.0,
          0.0,
          0.0
        ],
        "metrics": {
          "mae": 0.6428571428571429,
          "mape": 1.0,
          "rmse": 1.035098339013531,
          "smape": 0.9285714285714286,
          "rmsse": 1.2246167801010237
        }
      }
    },
    "p50": {
      "raw": {
        "forecast": [
          0.0,
          0.0,
          0.0,
          0.0,
          0.0,
          0.0,
          0.0,
          0.0,
          0.0,
          0.0,
          0.0,
          0.0,
          0.0,
          0.0,
          0.0,
          0.0,
          0.0,
          0.0,
          0.0,
          0.0,
          0.0,
          0.0,
          0.0,
          0.0,
          0.0,
          0.0,
          0.0,
          0.0
        ],
        "metrics": {
          "mae": 0.6428571428571429,
          "mape": 1.0,
          "rmse": 1.035098339013531,
          "smape": 0.9285714285714286,
          "rmsse": 1.2246167801010237
        }
      },
      "rounded": {
        "forecast": [
          0.0,
          0.0,
          0.0,
          0.0,
          0.0,
          0.0,
          0.0,
          0.0,
          0.0,
          0.0,
          0.0,
          0.0,
          0.0,
          0.0,
          0.0,
          0.0,
          0.0,
          0.0,
          0.0,
          0.0,
          0.0,
          0.0,
          0.0,
          0.0,
          0.0,
          0.0,
          0.0,
          0.0
        ],
        "metrics": {
          "mae": 0.6428571428571429,
          "mape": 1.0,
          "rmse": 1.035098339013531,
          "smape": 0.9285714285714286,
          "rmsse": 1.2246167801010237
        }
      }
    },
    "p75": {
      "raw": {
        "forecast": [
          1.0,
          1.0,
          1.0,
          1.0,
          1.0,
          1.0,
          1.0,
          1.0,
          1.0,
          1.0,
          1.0,
          1.0,
          1.0,
          1.0,
          1.0,
          1.0,
          1.0,
          1.0,
          1.0,
          1.0,
          1.0,
          1.0,
          1.0,
          1.0,
          1.0,
          1.0,
          1.0,
          1.0
        ],
        "metrics": {
          "mae": 0.7142857142857143,
          "mape": 0.1666666666666666,
          "rmse": 0.8864052604279183,
          "smape": 1.1785714285714286,
          "rmsse": 1.048699157342244
        }
      },
      "rounded": {
        "forecast": [
          1.0,
          1.0,
          1.0,
          1.0,
          1.0,
          1.0,
          1.0,
          1.0,
          1.0,
          1.0,
          1.0,
          1.0,
          1.0,
          1.0,
          1.0,
          1.0,
          1.0,
          1.0,
          1.0,
          1.0,
          1.0,
          1.0,
          1.0,
          1.0,
          1.0,
          1.0,
          1.0,
          1.0
        ],
        "metrics": {
          "mae": 0.7142857142857143,
          "mape": 0.1666666666666666,
          "rmse": 0.8864052604279183,
          "smape": 1.1785714285714286,
          "rmsse": 1.048699157342244
        }
      }
    }
  }
}