{
  "series_id": "FOODS_3_422_TX_2_validation",
  "run": "run_20260524_085747_563601_001_subset34590_ctx56_h16_emb8_ep10_steps100",
  "horizon": [
    1,
    2,
    3,
    4,
    5,
    6,
    7,
    8,
    9,
    10,
    11,
    12,
    13,
    14,
    15,
    16,
    17,
    18,
    19,
    20,
    21,
    22,
    23,
    24,
    25,
    26,
    27,
    28
  ],
  "actuals": [
    0.0,
    4.0,
    0.0,
    2.0,
    0.0,
    1.0,
    1.0,
    2.0,
    4.0,
    0.0,
    0.0,
    0.0,
    0.0,
    1.0,
    1.0,
    3.0,
    0.0,
    0.0,
    0.0,
    0.0,
    0.0,
    0.0,
    1.0,
    2.0,
    1.0,
    0.0,
    2.0,
    1.0
  ],
  "modes": {
    "mean": {
      "raw": {
        "forecast": [
          0.3014168,
          0.2648206,
          0.2533136,
          0.27551198,
          0.33696744,
          0.38701266,
          0.430101,
          0.3917723,
          0.34851235,
          0.3135974,
          0.32953435,
          0.4356485,
          0.5329983,
          0.49139762,
          0.47178322,
          0.38274714,
          0.3632856,
          0.39224598,
          0.47690845,
          0.55952114,
          0.5889045,
          0.48401648,
          0.3940971,
          0.35727143,
          0.37934005,
          0.46401694,
          0.5721233,
          0.58900577
        ],
        "metrics": {
          "mae": 0.9320313930511476,
          "mape": 0.6984291042955147,
          "rmse": 1.3250899715149742,
          "smape": 1.5610781648410366,
          "rmsse": 0.4711309328739821
        }
      },
      "rounded": {
        "forecast": [
          0.0,
          0.0,
          0.0,
          0.0,
          0.0,
          0.0,
          0.0,
          0.0,
          0.0,
          0.0,
          0.0,
          0.0,
          1.0,
          0.0,
          0.0,
          0.0,
          0.0,
          0.0,
          0.0,
          1.0,
          1.0,
          0.0,
          0.0,
          0.0,
          0.0,
          0.0,
          1.0,
          1.0
        ],
        "metrics": {
          "mae": 0.9642857142857144,
          "mape": 0.8928571428571429,
          "rmse": 1.5,
          "smape": 1.0952380952380951,
          "rmsse": 0.5333195590507774
        }
      }
    },
    "sample-mean": {
      "raw": {
        "forecast": [
          0.5,
          0.36,
          0.38,
          0.46,
          0.47,
          0.45,
          0.6,
          0.53,
          0.59,
          0.42,
          0.27,
          0.58,
          0.8,
          0.71,
          0.73,
          0.64,
          0.53,
          0.65,
          0.87,
          0.83,
          1.03,
          0.8,
          0.77,
          0.8,
          0.78,
          0.97,
          1.18,
          1.11
        ],
        "metrics": {
          "mae": 0.9146428597824914,
          "mape": 0.5095833398046948,
          "rmse": 1.2600609424522,
          "smape": 1.384303753319251,
          "rmsse": 0.4480100974704762
        }
      },
      "rounded": {
        "forecast": [
          0.0,
          0.0,
          0.0,
          0.0,
          0.0,
          0.0,
          1.0,
          1.0,
          1.0,
          0.0,
          0.0,
          1.0,
          1.0,
          1.0,
          1.0,
          1.0,
          1.0,
          1.0,
          1.0,
          1.0,
          1.0,
          1.0,
          1.0,
          1.0,
          1.0,
          1.0,
          1.0,
          1.0
        ],
        "metrics": {
          "mae": 0.8571428571428571,
          "mape": 0.4226190476190476,
          "rmse": 1.2817398889233114,
          "smape": 1.0071428571428571,
          "rmsse": 0.4557179682522486
        }
      }
    },
    "p25": {
      "raw": {
        "forecast": [
          0.0,
          0.0,
          0.0,
          0.0,
          0.0,
          0.0,
          0.0,
          0.0,
          0.0,
          0.0,
          0.0,
          0.0,
          0.0,
          0.0,
          0.0,
          0.0,
          0.0,
          0.0,
          0.0,
          0.0,
          0.0,
          0.0,
          0.0,
          0.0,
          0.0,
          0.0,
          0.0,
          0.0
        ],
        "metrics": {
          "mae": 0.9285714285714286,
          "mape": 1.0,
          "rmse": 1.5118578920369088,
          "smape": 1.0,
          "rmsse": 0.5375355895523748
        }
      },
      "rounded": {
        "forecast": [
          0.0,
          0.0,
          0.0,
          0.0,
          0.0,
          0.0,
          0.0,
          0.0,
          0.0,
          0.0,
          0.0,
          0.0,
          0.0,
          0.0,
          0.0,
          0.0,
          0.0,
          0.0,
          0.0,
          0.0,
          0.0,
          0.0,
          0.0,
          0.0,
          0.0,
          0.0,
          0.0,
          0.0
        ],
        "metrics": {
          "mae": 0.9285714285714286,
          "mape": 1.0,
          "rmse": 1.5118578920369088,
          "smape": 1.0,
          "rmsse": 0.5375355895523748
        }
      }
    },
    "p50": {
      "raw": {
        "forecast": [
          0.0,
          0.0,
          0.0,
          0.0,
          0.0,
          0.0,
          0.0,
          0.0,
          0.0,
          0.0,
          0.0,
          0.0,
          0.0,
          0.0,
          0.0,
          0.0,
          0.0,
          0.0,
          0.0,
          0.0,
          0.0,
          0.0,
          0.0,
          0.0,
          0.0,
          0.0,
          0.0,
          0.0
        ],
        "metrics": {
          "mae": 0.9285714285714286,
          "mape": 1.0,
          "rmse": 1.5118578920369088,
          "smape": 1.0,
          "rmsse": 0.5375355895523748
        }
      },
      "rounded": {
        "forecast": [
          0.0,
          0.0,
          0.0,
          0.0,
          0.0,
          0.0,
          0.0,
          0.0,
          0.0,
          0.0,
          0.0,
          0.0,
          0.0,
          0.0,
          0.0,
          0.0,
          0.0,
          0.0,
          0.0,
          0.0,
          0.0,
          0.0,
          0.0,
          0.0,
          0.0,
          0.0,
          0.0,
          0.0
        ],
        "metrics": {
          "mae": 0.9285714285714286,
          "mape": 1.0,
          "rmse": 1.5118578920369088,
          "smape": 1.0,
          "rmsse": 0.5375355895523748
        }
      }
    },
    "p75": {
      "raw": {
        "forecast": [
          0.0,
          0.0,
          0.0,
          0.0,
          0.0,
          0.0,
          1.0,
          0.0,
          0.0,
          0.0,
          0.0,
          0.0,
          0.0,
          0.0,
          1.0,
          0.25,
          0.0,
          0.25,
          2.0,
          1.0,
          1.0,
          1.0,
          1.0,
          1.0,
          1.0,
          1.25,
          2.0,
          1.0
        ],
        "metrics": {
          "mae": 0.8660714285714286,
          "mape": 0.5297619047619048,
          "rmse": 1.4539048406667767,
          "smape": 0.9413919413919414,
          "rmsse": 0.5169305923507975
        }
      },
      "rounded": {
        "forecast": [
          0.0,
          0.0,
          0.0,
          0.0,
          0.0,
          0.0,
          1.0,
          0.0,
          0.0,
          0.0,
          0.0,
          0.0,
          0.0,
          0.0,
          1.0,
          0.0,
          0.0,
          0.0,
          2.0,
          1.0,
          1.0,
          1.0,
          1.0,
          1.0,
          1.0,
          1.0,
          2.0,
          1.0
        ],
        "metrics": {
          "mae": 0.8571428571428571,
          "mape": 0.5357142857142857,
          "rmse": 1.4638501094227998,
          "smape": 0.880952380952381,
          "rmsse": 0.5204665965825332
        }
      }
    }
  }
}