{
  "series_id": "FOODS_3_664_TX_3_validation",
  "run": "run_20260524_085747_563601_001_subset34590_ctx56_h16_emb8_ep10_steps100",
  "horizon": [
    1,
    2,
    3,
    4,
    5,
    6,
    7,
    8,
    9,
    10,
    11,
    12,
    13,
    14,
    15,
    16,
    17,
    18,
    19,
    20,
    21,
    22,
    23,
    24,
    25,
    26,
    27,
    28
  ],
  "actuals": [
    2.0,
    6.0,
    4.0,
    4.0,
    6.0,
    6.0,
    12.0,
    5.0,
    5.0,
    0.0,
    6.0,
    3.0,
    1.0,
    3.0,
    5.0,
    7.0,
    3.0,
    3.0,
    4.0,
    4.0,
    4.0,
    6.0,
    4.0,
    1.0,
    2.0,
    3.0,
    3.0,
    4.0
  ],
  "modes": {
    "mean": {
      "raw": {
        "forecast": [
          2.5847309,
          2.3200548,
          2.2818274,
          2.6200798,
          3.307253,
          3.5673025,
          3.9921658,
          3.609804,
          3.5853586,
          3.2280567,
          3.5888436,
          4.6318216,
          5.30093,
          4.5850863,
          4.784282,
          3.844148,
          4.1435127,
          4.5391645,
          5.237352,
          5.3441033,
          5.76769,
          4.7233925,
          4.1358476,
          3.9391234,
          4.2750874,
          4.9076066,
          5.3958483,
          5.335693
        ],
        "metrics": {
          "mae": 2.111683658191136,
          "mape": 0.6705603498209932,
          "rmse": 2.58184929399646,
          "smape": 0.5484506209034808,
          "rmsse": 0.8619197128298269
        }
      },
      "rounded": {
        "forecast": [
          3.0,
          2.0,
          2.0,
          3.0,
          3.0,
          4.0,
          4.0,
          4.0,
          4.0,
          3.0,
          4.0,
          5.0,
          5.0,
          5.0,
          5.0,
          4.0,
          4.0,
          5.0,
          5.0,
          5.0,
          6.0,
          5.0,
          4.0,
          4.0,
          4.0,
          5.0,
          5.0,
          5.0
        ],
        "metrics": {
          "mae": 2.0357142857142856,
          "mape": 0.6541446208112875,
          "rmse": 2.5424959615082408,
          "smape": 0.5372552051123479,
          "rmsse": 0.848782070320632
        }
      }
    },
    "sample-mean": {
      "raw": {
        "forecast": [
          3.13,
          2.09,
          2.44,
          2.73,
          3.04,
          2.72,
          3.91,
          2.89,
          2.71,
          2.65,
          3.15,
          3.47,
          4.25,
          4.0,
          3.85,
          3.5,
          3.43,
          3.33,
          4.29,
          4.45,
          4.87,
          3.68,
          3.54,
          3.03,
          3.44,
          4.04,
          4.37,
          4.2
        ],
        "metrics": {
          "mae": 1.8821428333009995,
          "mape": 0.5268209817968769,
          "rmse": 2.477765394909165,
          "smape": 0.5180554687259697,
          "rmsse": 0.8271725397008081
        }
      },
      "rounded": {
        "forecast": [
          3.0,
          2.0,
          2.0,
          3.0,
          3.0,
          3.0,
          4.0,
          3.0,
          3.0,
          3.0,
          3.0,
          3.0,
          4.0,
          4.0,
          4.0,
          4.0,
          3.0,
          3.0,
          4.0,
          4.0,
          5.0,
          4.0,
          4.0,
          3.0,
          3.0,
          4.0,
          4.0,
          4.0
        ],
        "metrics": {
          "mae": 1.7142857142857142,
          "mape": 0.4664902998236331,
          "rmse": 2.4053511772118195,
          "smape": 0.4714079571222429,
          "rmsse": 0.8029979134483672
        }
      }
    },
    "p25": {
      "raw": {
        "forecast": [
          1.0,
          1.0,
          1.0,
          1.0,
          1.0,
          1.0,
          1.0,
          1.0,
          1.0,
          0.0,
          1.0,
          1.0,
          1.0,
          1.0,
          1.0,
          1.0,
          0.75,
          1.0,
          1.0,
          1.75,
          2.0,
          1.0,
          1.0,
          1.0,
          1.0,
          1.0,
          1.0,
          1.0
        ],
        "metrics": {
          "mae": 3.125,
          "mape": 0.6754188712522047,
          "rmse": 3.831844949144696,
          "smape": 1.0470633403863217,
          "rmsse": 1.279215911577427
        }
      },
      "rounded": {
        "forecast": [
          1.0,
          1.0,
          1.0,
          1.0,
          1.0,
          1.0,
          1.0,
          1.0,
          1.0,
          0.0,
          1.0,
          1.0,
          1.0,
          1.0,
          1.0,
          1.0,
          1.0,
          1.0,
          1.0,
          2.0,
          2.0,
          1.0,
          1.0,
          1.0,
          1.0,
          1.0,
          1.0,
          1.0
        ],
        "metrics": {
          "mae": 3.107142857142857,
          "mape": 0.6700176366843036,
          "rmse": 3.821929206191928,
          "smape": 1.0357796964939825,
          "rmsse": 1.2759056585978217
        }
      }
    },
    "p50": {
      "raw": {
        "forecast": [
          3.0,
          2.0,
          2.0,
          2.0,
          2.0,
          2.5,
          3.0,
          2.0,
          2.0,
          2.0,
          3.0,
          3.0,
          4.0,
          3.0,
          3.0,
          2.0,
          3.0,
          2.0,
          3.5,
          4.0,
          5.0,
          3.0,
          3.0,
          3.0,
          3.0,
          3.0,
          3.0,
          3.0
        ],
        "metrics": {
          "mae": 2.0357142857142856,
          "mape": 0.5255291005291005,
          "rmse": 2.812599204599597,
          "smape": 0.5836634653861543,
          "rmsse": 0.9389528290326336
        }
      },
      "rounded": {
        "forecast": [
          3.0,
          2.0,
          2.0,
          2.0,
          2.0,
          2.0,
          3.0,
          2.0,
          2.0,
          2.0,
          3.0,
          3.0,
          4.0,
          3.0,
          3.0,
          2.0,
          3.0,
          2.0,
          4.0,
          4.0,
          5.0,
          3.0,
          3.0,
          3.0,
          3.0,
          3.0,
          3.0,
          3.0
        ],
        "metrics": {
          "mae": 2.0357142857142856,
          "mape": 0.5239858906525574,
          "rmse": 2.834733547569204,
          "smape": 0.5852040816326529,
          "rmsse": 0.9463421164633148
        }
      }
    },
    "p75": {
      "raw": {
        "forecast": [
          4.25,
          3.0,
          4.0,
          4.0,
          4.0,
          4.0,
          6.0,
          5.0,
          4.0,
          4.0,
          5.0,
          5.0,
          6.0,
          6.0,
          6.0,
          5.0,
          6.0,
          5.0,
          6.0,
          6.25,
          7.0,
          5.0,
          5.25,
          4.0,
          6.0,
          6.0,
          7.0,
          7.0
        ],
        "metrics": {
          "mae": 2.3482142857142856,
          "mape": 0.8278659611992945,
          "rmse": 2.7495941258925574,
          "smape": 0.5565399505120759,
          "rmsse": 0.9179193320456996
        }
      },
      "rounded": {
        "forecast": [
          4.0,
          3.0,
          4.0,
          4.0,
          4.0,
          4.0,
          6.0,
          5.0,
          4.0,
          4.0,
          5.0,
          5.0,
          6.0,
          6.0,
          6.0,
          5.0,
          6.0,
          5.0,
          6.0,
          6.0,
          7.0,
          5.0,
          5.0,
          4.0,
          6.0,
          6.0,
          7.0,
          7.0
        ],
        "metrics": {
          "mae": 2.321428571428572,
          "mape": 0.8186067019400353,
          "rmse": 2.732084499843611,
          "smape": 0.5515254586683158,
          "rmsse": 0.912073951414476
        }
      }
    }
  }
}