{
  "series_id": "FOODS_3_225_CA_2_validation",
  "run": "run_20260524_085747_563601_001_subset34590_ctx56_h16_emb8_ep10_steps100",
  "horizon": [
    1,
    2,
    3,
    4,
    5,
    6,
    7,
    8,
    9,
    10,
    11,
    12,
    13,
    14,
    15,
    16,
    17,
    18,
    19,
    20,
    21,
    22,
    23,
    24,
    25,
    26,
    27,
    28
  ],
  "actuals": [
    0.0,
    0.0,
    2.0,
    2.0,
    1.0,
    0.0,
    0.0,
    4.0,
    0.0,
    0.0,
    1.0,
    4.0,
    0.0,
    1.0,
    0.0,
    0.0,
    2.0,
    3.0,
    0.0,
    1.0,
    0.0,
    2.0,
    3.0,
    2.0,
    0.0,
    2.0,
    2.0,
    2.0
  ],
  "modes": {
    "mean": {
      "raw": {
        "forecast": [
          0.77094847,
          0.66844237,
          0.6073412,
          0.64908147,
          0.8330507,
          0.9466618,
          1.0802085,
          1.088749,
          0.9696642,
          0.92063725,
          0.88866144,
          1.2333732,
          1.6230247,
          1.6075436,
          1.5617208,
          1.3677155,
          1.1788747,
          1.274984,
          1.5831597,
          1.912751,
          1.9630411,
          1.7238606,
          1.4523989,
          1.3364552,
          1.4357756,
          1.7485746,
          2.0512161,
          2.0706437
        ],
        "metrics": {
          "mae": 1.0899196160691125,
          "mape": 0.4217350104202826,
          "rmse": 1.3096641775926168,
          "smape": 1.1586235401586262,
          "rmsse": 1.261741194330354
        }
      },
      "rounded": {
        "forecast": [
          1.0,
          1.0,
          1.0,
          1.0,
          1.0,
          1.0,
          1.0,
          1.0,
          1.0,
          1.0,
          1.0,
          1.0,
          2.0,
          2.0,
          2.0,
          1.0,
          1.0,
          1.0,
          2.0,
          2.0,
          2.0,
          2.0,
          1.0,
          1.0,
          1.0,
          2.0,
          2.0,
          2.0
        ],
        "metrics": {
          "mae": 1.1428571428571428,
          "mape": 0.4270833333333333,
          "rmse": 1.4142135623730951,
          "smape": 1.157142857142857,
          "rmsse": 1.362464927846457
        }
      }
    },
    "sample-mean": {
      "raw": {
        "forecast": [
          0.81,
          0.65,
          0.48,
          0.77,
          0.68,
          0.89,
          0.68,
          0.83,
          0.67,
          0.5,
          0.83,
          0.74,
          1.09,
          0.97,
          0.69,
          0.58,
          0.8,
          0.69,
          0.9,
          1.1,
          1.0,
          1.09,
          0.62,
          0.57,
          0.71,
          1.03,
          0.89,
          1.04
        ],
        "metrics": {
          "mae": 1.0800000014049669,
          "mape": 0.5284895859658718,
          "rmse": 1.3415981962284995,
          "smape": 1.3093010169991557,
          "rmsse": 1.2925066894112922
        }
      },
      "rounded": {
        "forecast": [
          1.0,
          1.0,
          0.0,
          1.0,
          1.0,
          1.0,
          1.0,
          1.0,
          1.0,
          0.0,
          1.0,
          1.0,
          1.0,
          1.0,
          1.0,
          1.0,
          1.0,
          1.0,
          1.0,
          1.0,
          1.0,
          1.0,
          1.0,
          1.0,
          1.0,
          1.0,
          1.0,
          1.0
        ],
        "metrics": {
          "mae": 1.0714285714285714,
          "mape": 0.4583333333333333,
          "rmse": 1.3093073414159542,
          "smape": 1.180952380952381,
          "rmsse": 1.2613974154354086
        }
      }
    },
    "p25": {
      "raw": {
        "forecast": [
          0.0,
          0.0,
          0.0,
          0.0,
          0.0,
          0.0,
          0.0,
          0.0,
          0.0,
          0.0,
          0.0,
          0.0,
          0.0,
          0.0,
          0.0,
          0.0,
          0.0,
          0.0,
          0.0,
          0.0,
          0.0,
          0.0,
          0.0,
          0.0,
          0.0,
          0.0,
          0.0,
          0.0
        ],
        "metrics": {
          "mae": 1.2142857142857142,
          "mape": 1.0,
          "rmse": 1.7525491637693282,
          "smape": 1.1428571428571428,
          "rmsse": 1.6884202170678977
        }
      },
      "rounded": {
        "forecast": [
          0.0,
          0.0,
          0.0,
          0.0,
          0.0,
          0.0,
          0.0,
          0.0,
          0.0,
          0.0,
          0.0,
          0.0,
          0.0,
          0.0,
          0.0,
          0.0,
          0.0,
          0.0,
          0.0,
          0.0,
          0.0,
          0.0,
          0.0,
          0.0,
          0.0,
          0.0,
          0.0,
          0.0
        ],
        "metrics": {
          "mae": 1.2142857142857142,
          "mape": 1.0,
          "rmse": 1.7525491637693282,
          "smape": 1.1428571428571428,
          "rmsse": 1.6884202170678977
        }
      }
    },
    "p50": {
      "raw": {
        "forecast": [
          0.0,
          0.0,
          0.0,
          0.0,
          0.0,
          0.0,
          0.0,
          0.0,
          0.0,
          0.0,
          0.0,
          0.0,
          0.0,
          0.0,
          0.0,
          0.0,
          0.0,
          0.0,
          0.0,
          0.5,
          0.0,
          0.0,
          0.0,
          0.0,
          0.0,
          0.0,
          0.0,
          0.0
        ],
        "metrics": {
          "mae": 1.1964285714285714,
          "mape": 0.96875,
          "rmse": 1.7448905000437298,
          "smape": 1.0952380952380951,
          "rmsse": 1.681041797713194
        }
      },
      "rounded": {
        "forecast": [
          0.0,
          0.0,
          0.0,
          0.0,
          0.0,
          0.0,
          0.0,
          0.0,
          0.0,
          0.0,
          0.0,
          0.0,
          0.0,
          0.0,
          0.0,
          0.0,
          0.0,
          0.0,
          0.0,
          0.0,
          0.0,
          0.0,
          0.0,
          0.0,
          0.0,
          0.0,
          0.0,
          0.0
        ],
        "metrics": {
          "mae": 1.2142857142857142,
          "mape": 1.0,
          "rmse": 1.7525491637693282,
          "smape": 1.1428571428571428,
          "rmsse": 1.6884202170678977
        }
      }
    },
    "p75": {
      "raw": {
        "forecast": [
          1.0,
          1.0,
          1.0,
          1.0,
          1.0,
          1.0,
          1.0,
          1.0,
          1.0,
          1.0,
          1.0,
          1.0,
          1.25,
          1.0,
          1.0,
          1.0,
          1.0,
          1.0,
          1.25,
          2.0,
          2.0,
          2.0,
          1.0,
          1.0,
          1.0,
          1.0,
          2.0,
          2.0
        ],
        "metrics": {
          "mae": 1.0535714285714286,
          "mape": 0.3958333333333333,
          "rmse": 1.3110110602126894,
          "smape": 1.157142857142857,
          "rmsse": 1.263038792076974
        }
      },
      "rounded": {
        "forecast": [
          1.0,
          1.0,
          1.0,
          1.0,
          1.0,
          1.0,
          1.0,
          1.0,
          1.0,
          1.0,
          1.0,
          1.0,
          1.0,
          1.0,
          1.0,
          1.0,
          1.0,
          1.0,
          1.0,
          2.0,
          2.0,
          2.0,
          1.0,
          1.0,
          1.0,
          1.0,
          2.0,
          2.0
        ],
        "metrics": {
          "mae": 1.0357142857142858,
          "mape": 0.3958333333333333,
          "rmse": 1.2955969390869324,
          "smape": 1.157142857142857,
          "rmsse": 1.2481887015487938
        }
      }
    }
  }
}