{
  "series_id": "HOBBIES_2_098_CA_3_validation",
  "run": "run_20260524_085747_563601_001_subset34590_ctx56_h16_emb8_ep10_steps100",
  "horizon": [
    1,
    2,
    3,
    4,
    5,
    6,
    7,
    8,
    9,
    10,
    11,
    12,
    13,
    14,
    15,
    16,
    17,
    18,
    19,
    20,
    21,
    22,
    23,
    24,
    25,
    26,
    27,
    28
  ],
  "actuals": [
    12.0,
    3.0,
    0.0,
    0.0,
    0.0,
    1.0,
    3.0,
    0.0,
    1.0,
    2.0,
    3.0,
    2.0,
    0.0,
    4.0,
    0.0,
    0.0,
    1.0,
    0.0,
    0.0,
    0.0,
    0.0,
    0.0,
    0.0,
    0.0,
    1.0,
    0.0,
    2.0,
    1.0
  ],
  "modes": {
    "mean": {
      "raw": {
        "forecast": [
          0.3054807,
          0.2616029,
          0.24862513,
          0.2669677,
          0.31396,
          0.33029765,
          0.33769226,
          0.32715595,
          0.2867824,
          0.27375805,
          0.27212435,
          0.33613768,
          0.40002495,
          0.36250305,
          0.34458917,
          0.29951066,
          0.27342477,
          0.2868308,
          0.3345219,
          0.39103222,
          0.39072484,
          0.33522236,
          0.2850087,
          0.2685226,
          0.28685027,
          0.33714628,
          0.39528438,
          0.39529076
        ],
        "metrics": {
          "mae": 1.3111647857087,
          "mape": 0.8090929543742766,
          "rmse": 2.565500947619255,
          "smape": 1.715162503082576,
          "rmsse": 1.8432346859832416
        }
      },
      "rounded": {
        "forecast": [
          0.0,
          0.0,
          0.0,
          0.0,
          0.0,
          0.0,
          0.0,
          0.0,
          0.0,
          0.0,
          0.0,
          0.0,
          0.0,
          0.0,
          0.0,
          0.0,
          0.0,
          0.0,
          0.0,
          0.0,
          0.0,
          0.0,
          0.0,
          0.0,
          0.0,
          0.0,
          0.0,
          0.0
        ],
        "metrics": {
          "mae": 1.2857142857142858,
          "mape": 1.0,
          "rmse": 2.699206232527312,
          "smape": 0.9285714285714286,
          "rmsse": 1.939297881387829
        }
      }
    },
    "sample-mean": {
      "raw": {
        "forecast": [
          0.48,
          0.36,
          0.18,
          0.43,
          0.54,
          0.42,
          0.46,
          0.53,
          0.47,
          0.33,
          0.51,
          0.45,
          0.62,
          0.5,
          0.63,
          0.32,
          0.35,
          0.31,
          0.51,
          0.45,
          0.53,
          0.45,
          0.44,
          0.24,
          0.35,
          0.47,
          0.63,
          0.45
        ],
        "metrics": {
          "mae": 1.3174999989569187,
          "mape": 0.742051284855757,
          "rmse": 2.5114203448528625,
          "smape": 1.636546200869891,
          "rmsse": 1.8043794117529204
        }
      },
      "rounded": {
        "forecast": [
          0.0,
          0.0,
          0.0,
          0.0,
          1.0,
          0.0,
          0.0,
          1.0,
          0.0,
          0.0,
          1.0,
          0.0,
          1.0,
          0.0,
          1.0,
          0.0,
          0.0,
          0.0,
          1.0,
          0.0,
          1.0,
          0.0,
          0.0,
          0.0,
          0.0,
          0.0,
          1.0,
          0.0
        ],
        "metrics": {
          "mae": 1.4285714285714286,
          "mape": 0.935897435897436,
          "rmse": 2.6859422395661667,
          "smape": 1.2738095238095235,
          "rmsse": 1.929768104396981
        }
      }
    },
    "p25": {
      "raw": {
        "forecast": [
          0.0,
          0.0,
          0.0,
          0.0,
          0.0,
          0.0,
          0.0,
          0.0,
          0.0,
          0.0,
          0.0,
          0.0,
          0.0,
          0.0,
          0.0,
          0.0,
          0.0,
          0.0,
          0.0,
          0.0,
          0.0,
          0.0,
          0.0,
          0.0,
          0.0,
          0.0,
          0.0,
          0.0
        ],
        "metrics": {
          "mae": 1.2857142857142858,
          "mape": 1.0,
          "rmse": 2.699206232527312,
          "smape": 0.9285714285714286,
          "rmsse": 1.939297881387829
        }
      },
      "rounded": {
        "forecast": [
          0.0,
          0.0,
          0.0,
          0.0,
          0.0,
          0.0,
          0.0,
          0.0,
          0.0,
          0.0,
          0.0,
          0.0,
          0.0,
          0.0,
          0.0,
          0.0,
          0.0,
          0.0,
          0.0,
          0.0,
          0.0,
          0.0,
          0.0,
          0.0,
          0.0,
          0.0,
          0.0,
          0.0
        ],
        "metrics": {
          "mae": 1.2857142857142858,
          "mape": 1.0,
          "rmse": 2.699206232527312,
          "smape": 0.9285714285714286,
          "rmsse": 1.939297881387829
        }
      }
    },
    "p50": {
      "raw": {
        "forecast": [
          0.0,
          0.0,
          0.0,
          0.0,
          0.0,
          0.0,
          0.0,
          0.0,
          0.0,
          0.0,
          0.0,
          0.0,
          0.0,
          0.0,
          0.0,
          0.0,
          0.0,
          0.0,
          0.0,
          0.0,
          0.0,
          0.0,
          0.0,
          0.0,
          0.0,
          0.0,
          0.0,
          0.0
        ],
        "metrics": {
          "mae": 1.2857142857142858,
          "mape": 1.0,
          "rmse": 2.699206232527312,
          "smape": 0.9285714285714286,
          "rmsse": 1.939297881387829
        }
      },
      "rounded": {
        "forecast": [
          0.0,
          0.0,
          0.0,
          0.0,
          0.0,
          0.0,
          0.0,
          0.0,
          0.0,
          0.0,
          0.0,
          0.0,
          0.0,
          0.0,
          0.0,
          0.0,
          0.0,
          0.0,
          0.0,
          0.0,
          0.0,
          0.0,
          0.0,
          0.0,
          0.0,
          0.0,
          0.0,
          0.0
        ],
        "metrics": {
          "mae": 1.2857142857142858,
          "mape": 1.0,
          "rmse": 2.699206232527312,
          "smape": 0.9285714285714286,
          "rmsse": 1.939297881387829
        }
      }
    },
    "p75": {
      "raw": {
        "forecast": [
          1.0,
          0.0,
          0.0,
          0.0,
          1.0,
          1.0,
          1.0,
          1.0,
          0.0,
          0.0,
          0.0,
          1.0,
          1.0,
          0.25,
          1.0,
          0.0,
          0.0,
          0.0,
          1.0,
          1.0,
          1.0,
          0.0,
          0.0,
          0.0,
          0.0,
          1.0,
          1.0,
          1.0
        ],
        "metrics": {
          "mae": 1.3482142857142858,
          "mape": 0.7323717948717948,
          "rmse": 2.49329457889413,
          "smape": 1.206798103856927,
          "rmsse": 1.791356598194362
        }
      },
      "rounded": {
        "forecast": [
          1.0,
          0.0,
          0.0,
          0.0,
          1.0,
          1.0,
          1.0,
          1.0,
          0.0,
          0.0,
          0.0,
          1.0,
          1.0,
          0.0,
          1.0,
          0.0,
          0.0,
          0.0,
          1.0,
          1.0,
          1.0,
          0.0,
          0.0,
          0.0,
          0.0,
          1.0,
          1.0,
          1.0
        ],
        "metrics": {
          "mae": 1.3571428571428572,
          "mape": 0.7371794871794871,
          "rmse": 2.5071326821120348,
          "smape": 1.215201465201465,
          "rmsse": 1.8012988560068677
        }
      }
    }
  }
}