{
  "series_id": "HOBBIES_2_063_TX_3_validation",
  "run": "run_20260524_085747_563601_001_subset34590_ctx56_h16_emb8_ep10_steps100",
  "horizon": [
    1,
    2,
    3,
    4,
    5,
    6,
    7,
    8,
    9,
    10,
    11,
    12,
    13,
    14,
    15,
    16,
    17,
    18,
    19,
    20,
    21,
    22,
    23,
    24,
    25,
    26,
    27,
    28
  ],
  "actuals": [
    1.0,
    0.0,
    0.0,
    1.0,
    0.0,
    6.0,
    0.0,
    0.0,
    0.0,
    1.0,
    2.0,
    0.0,
    0.0,
    2.0,
    2.0,
    0.0,
    2.0,
    0.0,
    0.0,
    3.0,
    2.0,
    1.0,
    2.0,
    1.0,
    1.0,
    0.0,
    4.0,
    2.0
  ],
  "modes": {
    "mean": {
      "raw": {
        "forecast": [
          0.7632264,
          0.68020135,
          0.6403841,
          0.6688046,
          0.78283834,
          0.85617584,
          0.94616693,
          0.8664362,
          0.81388366,
          0.7230425,
          0.72961265,
          0.9093998,
          1.1001574,
          1.0162057,
          1.0223206,
          0.84301144,
          0.82644504,
          0.8657165,
          1.0106066,
          1.1413385,
          1.2548851,
          1.0702488,
          0.9178079,
          0.84074277,
          0.8632206,
          0.9957665,
          1.1752568,
          1.2230064
        ],
        "metrics": {
          "mae": 1.0179545155593328,
          "mape": 0.4311946276575327,
          "rmse": 1.3981286248673808,
          "smape": 1.200241281857806,
          "rmsse": 1.2761441279471708
        }
      },
      "rounded": {
        "forecast": [
          1.0,
          1.0,
          1.0,
          1.0,
          1.0,
          1.0,
          1.0,
          1.0,
          1.0,
          1.0,
          1.0,
          1.0,
          1.0,
          1.0,
          1.0,
          1.0,
          1.0,
          1.0,
          1.0,
          1.0,
          1.0,
          1.0,
          1.0,
          1.0,
          1.0,
          1.0,
          1.0,
          1.0
        ],
        "metrics": {
          "mae": 1.0357142857142858,
          "mape": 0.359375,
          "rmse": 1.4267845968170128,
          "smape": 1.1534013605442175,
          "rmsse": 1.302299911959969
        }
      }
    },
    "sample-mean": {
      "raw": {
        "forecast": [
          0.95,
          0.76,
          0.87,
          0.67,
          0.63,
          0.81,
          0.88,
          0.62,
          0.76,
          0.71,
          0.58,
          0.84,
          0.66,
          0.65,
          0.59,
          0.61,
          0.49,
          0.54,
          0.58,
          0.59,
          0.61,
          0.47,
          0.44,
          0.51,
          0.53,
          0.31,
          0.42,
          0.49
        ],
        "metrics": {
          "mae": 1.1267857189689363,
          "mape": 0.612395838679125,
          "rmse": 1.546379415598101,
          "smape": 1.401245565202054,
          "rmsse": 1.4114602731784287
        }
      },
      "rounded": {
        "forecast": [
          1.0,
          1.0,
          1.0,
          1.0,
          1.0,
          1.0,
          1.0,
          1.0,
          1.0,
          1.0,
          1.0,
          1.0,
          1.0,
          1.0,
          1.0,
          1.0,
          0.0,
          1.0,
          1.0,
          1.0,
          1.0,
          0.0,
          0.0,
          1.0,
          1.0,
          0.0,
          0.0,
          0.0
        ],
        "metrics": {
          "mae": 1.1785714285714286,
          "mape": 0.53125,
          "rmse": 1.6146649364939023,
          "smape": 1.3248299319727892,
          "rmsse": 1.473787991075812
        }
      }
    },
    "p25": {
      "raw": {
        "forecast": [
          0.0,
          0.0,
          0.0,
          0.0,
          0.0,
          0.0,
          0.0,
          0.0,
          0.0,
          0.0,
          0.0,
          0.0,
          0.0,
          0.0,
          0.0,
          0.0,
          0.0,
          0.0,
          0.0,
          0.0,
          0.0,
          0.0,
          0.0,
          0.0,
          0.0,
          0.0,
          0.0,
          0.0
        ],
        "metrics": {
          "mae": 1.1785714285714286,
          "mape": 1.0,
          "rmse": 1.8419709940325184,
          "smape": 1.1428571428571428,
          "rmsse": 1.6812619569294485
        }
      },
      "rounded": {
        "forecast": [
          0.0,
          0.0,
          0.0,
          0.0,
          0.0,
          0.0,
          0.0,
          0.0,
          0.0,
          0.0,
          0.0,
          0.0,
          0.0,
          0.0,
          0.0,
          0.0,
          0.0,
          0.0,
          0.0,
          0.0,
          0.0,
          0.0,
          0.0,
          0.0,
          0.0,
          0.0,
          0.0,
          0.0
        ],
        "metrics": {
          "mae": 1.1785714285714286,
          "mape": 1.0,
          "rmse": 1.8419709940325184,
          "smape": 1.1428571428571428,
          "rmsse": 1.6812619569294485
        }
      }
    },
    "p50": {
      "raw": {
        "forecast": [
          1.0,
          0.0,
          0.0,
          0.0,
          0.0,
          0.0,
          0.5,
          0.0,
          0.0,
          0.0,
          0.0,
          0.0,
          0.0,
          0.0,
          0.0,
          0.0,
          0.0,
          0.0,
          0.0,
          0.0,
          0.0,
          0.0,
          0.0,
          0.0,
          0.0,
          0.0,
          0.0,
          0.0
        ],
        "metrics": {
          "mae": 1.1607142857142858,
          "mape": 0.9375,
          "rmse": 1.8346856484344745,
          "smape": 1.1428571428571428,
          "rmsse": 1.674612246137717
        }
      },
      "rounded": {
        "forecast": [
          1.0,
          0.0,
          0.0,
          0.0,
          0.0,
          0.0,
          0.0,
          0.0,
          0.0,
          0.0,
          0.0,
          0.0,
          0.0,
          0.0,
          0.0,
          0.0,
          0.0,
          0.0,
          0.0,
          0.0,
          0.0,
          0.0,
          0.0,
          0.0,
          0.0,
          0.0,
          0.0,
          0.0
        ],
        "metrics": {
          "mae": 1.1428571428571428,
          "mape": 0.9375,
          "rmse": 1.8322507626258089,
          "smape": 1.0714285714285714,
          "rmsse": 1.6723898002399042
        }
      }
    },
    "p75": {
      "raw": {
        "forecast": [
          1.25,
          1.0,
          1.0,
          1.0,
          1.0,
          1.0,
          2.0,
          1.0,
          1.0,
          1.0,
          1.0,
          1.0,
          1.0,
          1.0,
          1.0,
          1.0,
          1.0,
          1.0,
          1.0,
          1.0,
          1.0,
          1.0,
          0.0,
          1.0,
          1.0,
          0.0,
          1.0,
          1.0
        ],
        "metrics": {
          "mae": 1.0803571428571428,
          "mape": 0.40625,
          "rmse": 1.488797453363908,
          "smape": 1.137528344671202,
          "rmsse": 1.3589022454877993
        }
      },
      "rounded": {
        "forecast": [
          1.0,
          1.0,
          1.0,
          1.0,
          1.0,
          1.0,
          2.0,
          1.0,
          1.0,
          1.0,
          1.0,
          1.0,
          1.0,
          1.0,
          1.0,
          1.0,
          1.0,
          1.0,
          1.0,
          1.0,
          1.0,
          1.0,
          0.0,
          1.0,
          1.0,
          0.0,
          1.0,
          1.0
        ],
        "metrics": {
          "mae": 1.0714285714285714,
          "mape": 0.390625,
          "rmse": 1.48804761828569,
          "smape": 1.1295918367346938,
          "rmsse": 1.3582178323265373
        }
      }
    }
  }
}