{
  "series_id": "HOBBIES_1_140_CA_3_validation",
  "run": "run_20260524_085747_563601_001_subset34590_ctx56_h16_emb8_ep10_steps100",
  "horizon": [
    1,
    2,
    3,
    4,
    5,
    6,
    7,
    8,
    9,
    10,
    11,
    12,
    13,
    14,
    15,
    16,
    17,
    18,
    19,
    20,
    21,
    22,
    23,
    24,
    25,
    26,
    27,
    28
  ],
  "actuals": [
    0.0,
    0.0,
    0.0,
    0.0,
    2.0,
    1.0,
    1.0,
    0.0,
    0.0,
    2.0,
    0.0,
    0.0,
    0.0,
    0.0,
    0.0,
    0.0,
    0.0,
    0.0,
    0.0,
    0.0,
    0.0,
    1.0,
    0.0,
    0.0,
    0.0,
    2.0,
    1.0,
    4.0
  ],
  "modes": {
    "mean": {
      "raw": {
        "forecast": [
          0.41672814,
          0.39116383,
          0.37472495,
          0.3772664,
          0.4083339,
          0.41949144,
          0.42431915,
          0.42857376,
          0.39724982,
          0.37574103,
          0.353459,
          0.40433818,
          0.45628962,
          0.4325056,
          0.42237905,
          0.3839105,
          0.3607528,
          0.3551749,
          0.37846026,
          0.41394207,
          0.41749313,
          0.384063,
          0.34737092,
          0.32563457,
          0.32318556,
          0.34399977,
          0.37432274,
          0.37609854
        ],
        "metrics": {
          "mae": 0.6662226244807243,
          "mape": 0.7174677094444633,
          "rmse": 0.9547357516741364,
          "smape": 1.756614272364739,
          "rmsse": 0.4498054321990521
        }
      },
      "rounded": {
        "forecast": [
          0.0,
          0.0,
          0.0,
          0.0,
          0.0,
          0.0,
          0.0,
          0.0,
          0.0,
          0.0,
          0.0,
          0.0,
          0.0,
          0.0,
          0.0,
          0.0,
          0.0,
          0.0,
          0.0,
          0.0,
          0.0,
          0.0,
          0.0,
          0.0,
          0.0,
          0.0,
          0.0,
          0.0
        ],
        "metrics": {
          "mae": 0.5,
          "mape": 1.0,
          "rmse": 1.0690449676496976,
          "smape": 0.5714285714285714,
          "rmsse": 0.5036600262121728
        }
      }
    },
    "sample-mean": {
      "raw": {
        "forecast": [
          0.3,
          0.24,
          0.43,
          0.57,
          0.3,
          0.74,
          0.41,
          0.59,
          0.38,
          0.49,
          0.39,
          0.45,
          0.66,
          0.6,
          0.7,
          0.51,
          0.72,
          0.67,
          0.74,
          0.59,
          0.75,
          0.78,
          0.69,
          0.67,
          0.99,
          0.68,
          0.54,
          0.57
        ],
        "metrics": {
          "mae": 0.7546428575047425,
          "mape": 0.5815624985843897,
          "rmse": 0.9771295428918232,
          "smape": 1.68420016327272,
          "rmsse": 0.4603558372923821
        }
      },
      "rounded": {
        "forecast": [
          0.0,
          0.0,
          0.0,
          1.0,
          0.0,
          1.0,
          0.0,
          1.0,
          0.0,
          0.0,
          0.0,
          0.0,
          1.0,
          1.0,
          1.0,
          1.0,
          1.0,
          1.0,
          1.0,
          1.0,
          1.0,
          1.0,
          1.0,
          1.0,
          1.0,
          1.0,
          1.0,
          1.0
        ],
        "metrics": {
          "mae": 0.8214285714285714,
          "mape": 0.53125,
          "rmse": 1.0856202966836188,
          "smape": 1.280952380952381,
          "rmsse": 0.5114691744784557
        }
      }
    },
    "p25": {
      "raw": {
        "forecast": [
          0.0,
          0.0,
          0.0,
          0.0,
          0.0,
          0.0,
          0.0,
          0.0,
          0.0,
          0.0,
          0.0,
          0.0,
          0.0,
          0.0,
          0.0,
          0.0,
          0.0,
          0.0,
          0.0,
          0.0,
          0.0,
          0.0,
          0.0,
          0.0,
          0.0,
          0.0,
          0.0,
          0.0
        ],
        "metrics": {
          "mae": 0.5,
          "mape": 1.0,
          "rmse": 1.0690449676496976,
          "smape": 0.5714285714285714,
          "rmsse": 0.5036600262121728
        }
      },
      "rounded": {
        "forecast": [
          0.0,
          0.0,
          0.0,
          0.0,
          0.0,
          0.0,
          0.0,
          0.0,
          0.0,
          0.0,
          0.0,
          0.0,
          0.0,
          0.0,
          0.0,
          0.0,
          0.0,
          0.0,
          0.0,
          0.0,
          0.0,
          0.0,
          0.0,
          0.0,
          0.0,
          0.0,
          0.0,
          0.0
        ],
        "metrics": {
          "mae": 0.5,
          "mape": 1.0,
          "rmse": 1.0690449676496976,
          "smape": 0.5714285714285714,
          "rmsse": 0.5036600262121728
        }
      }
    },
    "p50": {
      "raw": {
        "forecast": [
          0.0,
          0.0,
          0.0,
          0.0,
          0.0,
          0.0,
          0.0,
          0.0,
          0.0,
          0.0,
          0.0,
          0.0,
          0.0,
          0.0,
          0.0,
          0.0,
          0.0,
          0.0,
          0.0,
          0.0,
          0.0,
          0.0,
          0.0,
          0.0,
          0.0,
          0.0,
          0.0,
          0.0
        ],
        "metrics": {
          "mae": 0.5,
          "mape": 1.0,
          "rmse": 1.0690449676496976,
          "smape": 0.5714285714285714,
          "rmsse": 0.5036600262121728
        }
      },
      "rounded": {
        "forecast": [
          0.0,
          0.0,
          0.0,
          0.0,
          0.0,
          0.0,
          0.0,
          0.0,
          0.0,
          0.0,
          0.0,
          0.0,
          0.0,
          0.0,
          0.0,
          0.0,
          0.0,
          0.0,
          0.0,
          0.0,
          0.0,
          0.0,
          0.0,
          0.0,
          0.0,
          0.0,
          0.0,
          0.0
        ],
        "metrics": {
          "mae": 0.5,
          "mape": 1.0,
          "rmse": 1.0690449676496976,
          "smape": 0.5714285714285714,
          "rmsse": 0.5036600262121728
        }
      }
    },
    "p75": {
      "raw": {
        "forecast": [
          0.0,
          0.0,
          0.0,
          1.0,
          0.0,
          1.0,
          0.0,
          0.25,
          0.0,
          0.0,
          0.0,
          0.0,
          1.0,
          1.0,
          1.0,
          1.0,
          1.0,
          0.0,
          1.0,
          1.0,
          1.0,
          1.0,
          1.0,
          1.0,
          2.0,
          1.0,
          0.0,
          1.0
        ],
        "metrics": {
          "mae": 0.8303571428571429,
          "mape": 0.65625,
          "rmse": 1.1190317881352356,
          "smape": 1.280952380952381,
          "rmsse": 0.5272103576555355
        }
      },
      "rounded": {
        "forecast": [
          0.0,
          0.0,
          0.0,
          1.0,
          0.0,
          1.0,
          0.0,
          0.0,
          0.0,
          0.0,
          0.0,
          0.0,
          1.0,
          1.0,
          1.0,
          1.0,
          1.0,
          0.0,
          1.0,
          1.0,
          1.0,
          1.0,
          1.0,
          1.0,
          2.0,
          1.0,
          0.0,
          1.0
        ],
        "metrics": {
          "mae": 0.8214285714285714,
          "mape": 0.65625,
          "rmse": 1.118033988749895,
          "smape": 1.20952380952381,
          "rmsse": 0.5267402636185371
        }
      }
    }
  }
}