{
  "series_id": "HOBBIES_1_057_CA_2_validation",
  "run": "run_20260524_085747_563601_001_subset34590_ctx56_h16_emb8_ep10_steps100",
  "horizon": [
    1,
    2,
    3,
    4,
    5,
    6,
    7,
    8,
    9,
    10,
    11,
    12,
    13,
    14,
    15,
    16,
    17,
    18,
    19,
    20,
    21,
    22,
    23,
    24,
    25,
    26,
    27,
    28
  ],
  "actuals": [
    1.0,
    2.0,
    2.0,
    0.0,
    0.0,
    0.0,
    1.0,
    1.0,
    2.0,
    0.0,
    1.0,
    3.0,
    0.0,
    0.0,
    0.0,
    2.0,
    0.0,
    1.0,
    0.0,
    0.0,
    0.0,
    1.0,
    0.0,
    0.0,
    0.0,
    0.0,
    0.0,
    2.0
  ],
  "modes": {
    "mean": {
      "raw": {
        "forecast": [
          0.7195819,
          0.6166273,
          0.58545506,
          0.61771715,
          0.71219504,
          0.77366287,
          0.8262863,
          0.8020525,
          0.731021,
          0.7009772,
          0.7052891,
          0.83302367,
          0.9686784,
          0.9544443,
          0.9119119,
          0.8201864,
          0.72695655,
          0.7541922,
          0.85146636,
          0.9678715,
          0.9914042,
          0.8958241,
          0.78302914,
          0.7309751,
          0.75632715,
          0.853766,
          0.96947175,
          0.99215806
        ],
        "metrics": {
          "mae": 0.8210413243089404,
          "mape": 0.4288646231094996,
          "rmse": 0.9288161535985188,
          "smape": 1.3997791778466109,
          "rmsse": 1.110313568543748
        }
      },
      "rounded": {
        "forecast": [
          1.0,
          1.0,
          1.0,
          1.0,
          1.0,
          1.0,
          1.0,
          1.0,
          1.0,
          1.0,
          1.0,
          1.0,
          1.0,
          1.0,
          1.0,
          1.0,
          1.0,
          1.0,
          1.0,
          1.0,
          1.0,
          1.0,
          1.0,
          1.0,
          1.0,
          1.0,
          1.0,
          1.0
        ],
        "metrics": {
          "mae": 0.8214285714285714,
          "mape": 0.2638888888888889,
          "rmse": 0.944911182523068,
          "smape": 1.2976190476190474,
          "rmsse": 1.1295536828890842
        }
      }
    },
    "sample-mean": {
      "raw": {
        "forecast": [
          0.85,
          0.52,
          0.57,
          0.84,
          0.63,
          0.82,
          0.99,
          0.71,
          0.73,
          0.71,
          0.7,
          0.73,
          0.96,
          0.77,
          0.95,
          0.78,
          0.63,
          0.72,
          0.78,
          0.77,
          0.94,
          0.66,
          0.7,
          0.49,
          0.64,
          0.66,
          0.86,
          0.84
        ],
        "metrics": {
          "mae": 0.7982142801795687,
          "mape": 0.450555553038915,
          "rmse": 0.9203745319649256,
          "smape": 1.4188985288590967,
          "rmsse": 1.10022239279925
        }
      },
      "rounded": {
        "forecast": [
          1.0,
          1.0,
          1.0,
          1.0,
          1.0,
          1.0,
          1.0,
          1.0,
          1.0,
          1.0,
          1.0,
          1.0,
          1.0,
          1.0,
          1.0,
          1.0,
          1.0,
          1.0,
          1.0,
          1.0,
          1.0,
          1.0,
          1.0,
          0.0,
          1.0,
          1.0,
          1.0,
          1.0
        ],
        "metrics": {
          "mae": 0.7857142857142857,
          "mape": 0.2638888888888889,
          "rmse": 0.9258200997725514,
          "smape": 1.2261904761904765,
          "rmsse": 1.1067320640639098
        }
      }
    },
    "p25": {
      "raw": {
        "forecast": [
          0.0,
          0.0,
          0.0,
          0.0,
          0.0,
          0.0,
          0.0,
          0.0,
          0.0,
          0.0,
          0.0,
          0.0,
          0.0,
          0.0,
          0.0,
          0.0,
          0.0,
          0.0,
          0.0,
          0.0,
          0.0,
          0.0,
          0.0,
          0.0,
          0.0,
          0.0,
          0.0,
          0.0
        ],
        "metrics": {
          "mae": 0.6785714285714286,
          "mape": 1.0,
          "rmse": 1.118033988749895,
          "smape": 0.8571428571428571,
          "rmsse": 1.3365059414531653
        }
      },
      "rounded": {
        "forecast": [
          0.0,
          0.0,
          0.0,
          0.0,
          0.0,
          0.0,
          0.0,
          0.0,
          0.0,
          0.0,
          0.0,
          0.0,
          0.0,
          0.0,
          0.0,
          0.0,
          0.0,
          0.0,
          0.0,
          0.0,
          0.0,
          0.0,
          0.0,
          0.0,
          0.0,
          0.0,
          0.0,
          0.0
        ],
        "metrics": {
          "mae": 0.6785714285714286,
          "mape": 1.0,
          "rmse": 1.118033988749895,
          "smape": 0.8571428571428571,
          "rmsse": 1.3365059414531653
        }
      }
    },
    "p50": {
      "raw": {
        "forecast": [
          0.5,
          0.0,
          0.0,
          0.5,
          0.0,
          0.0,
          1.0,
          0.0,
          0.0,
          0.0,
          0.0,
          0.0,
          1.0,
          0.0,
          1.0,
          0.0,
          0.0,
          0.0,
          0.0,
          0.0,
          1.0,
          0.0,
          0.0,
          0.0,
          0.0,
          0.0,
          1.0,
          0.0
        ],
        "metrics": {
          "mae": 0.7857142857142857,
          "mape": 0.875,
          "rmse": 1.1572751247156894,
          "smape": 1.0952380952380951,
          "rmsse": 1.3834150800798872
        }
      },
      "rounded": {
        "forecast": [
          0.0,
          0.0,
          0.0,
          0.0,
          0.0,
          0.0,
          1.0,
          0.0,
          0.0,
          0.0,
          0.0,
          0.0,
          1.0,
          0.0,
          1.0,
          0.0,
          0.0,
          0.0,
          0.0,
          0.0,
          1.0,
          0.0,
          0.0,
          0.0,
          0.0,
          0.0,
          1.0,
          0.0
        ],
        "metrics": {
          "mae": 0.7857142857142857,
          "mape": 0.9166666666666666,
          "rmse": 1.164964745021435,
          "smape": 1.0714285714285714,
          "rmsse": 1.39260730798133
        }
      }
    },
    "p75": {
      "raw": {
        "forecast": [
          1.0,
          1.0,
          1.0,
          1.0,
          1.0,
          1.0,
          1.0,
          1.0,
          1.0,
          1.0,
          1.0,
          1.0,
          1.25,
          1.0,
          1.0,
          1.0,
          1.0,
          1.0,
          1.0,
          1.0,
          1.0,
          1.0,
          1.0,
          1.0,
          1.0,
          1.0,
          1.0,
          1.0
        ],
        "metrics": {
          "mae": 0.8303571428571429,
          "mape": 0.2638888888888889,
          "rmse": 0.955482301547982,
          "smape": 1.2976190476190474,
          "rmsse": 1.1421904752646033
        }
      },
      "rounded": {
        "forecast": [
          1.0,
          1.0,
          1.0,
          1.0,
          1.0,
          1.0,
          1.0,
          1.0,
          1.0,
          1.0,
          1.0,
          1.0,
          1.0,
          1.0,
          1.0,
          1.0,
          1.0,
          1.0,
          1.0,
          1.0,
          1.0,
          1.0,
          1.0,
          1.0,
          1.0,
          1.0,
          1.0,
          1.0
        ],
        "metrics": {
          "mae": 0.8214285714285714,
          "mape": 0.2638888888888889,
          "rmse": 0.944911182523068,
          "smape": 1.2976190476190474,
          "rmsse": 1.1295536828890842
        }
      }
    }
  }
}