{
  "series_id": "HOBBIES_1_012_CA_2_validation",
  "run": "run_20260524_085747_563601_001_subset34590_ctx56_h16_emb8_ep10_steps100",
  "horizon": [
    1,
    2,
    3,
    4,
    5,
    6,
    7,
    8,
    9,
    10,
    11,
    12,
    13,
    14,
    15,
    16,
    17,
    18,
    19,
    20,
    21,
    22,
    23,
    24,
    25,
    26,
    27,
    28
  ],
  "actuals": [
    0.0,
    1.0,
    0.0,
    0.0,
    0.0,
    0.0,
    1.0,
    0.0,
    0.0,
    0.0,
    1.0,
    0.0,
    0.0,
    1.0,
    0.0,
    0.0,
    0.0,
    0.0,
    0.0,
    0.0,
    0.0,
    0.0,
    0.0,
    0.0,
    0.0,
    0.0,
    0.0,
    1.0
  ],
  "modes": {
    "mean": {
      "raw": {
        "forecast": [
          0.38135156,
          0.3395108,
          0.3331455,
          0.36871898,
          0.43950206,
          0.44467646,
          0.4432822,
          0.4237214,
          0.37325647,
          0.36517462,
          0.36730552,
          0.48351443,
          0.5580951,
          0.4887002,
          0.45495337,
          0.39543852,
          0.3676289,
          0.40236598,
          0.47874632,
          0.54012793,
          0.51889753,
          0.44095308,
          0.38051823,
          0.36780643,
          0.40499556,
          0.48166457,
          0.5428736,
          0.521188
        ],
        "metrics": {
          "mae": 0.4567192824823515,
          "mape": 0.5680026531219482,
          "rmse": 0.4642102361768031,
          "smape": 1.785697098123418,
          "rmsse": 0.4343425129501453
        }
      },
      "rounded": {
        "forecast": [
          0.0,
          0.0,
          0.0,
          0.0,
          0.0,
          0.0,
          0.0,
          0.0,
          0.0,
          0.0,
          0.0,
          0.0,
          1.0,
          0.0,
          0.0,
          0.0,
          0.0,
          0.0,
          0.0,
          1.0,
          1.0,
          0.0,
          0.0,
          0.0,
          0.0,
          0.0,
          1.0,
          1.0
        ],
        "metrics": {
          "mae": 0.2857142857142857,
          "mape": 0.8,
          "rmse": 0.5345224838248488,
          "smape": 0.5714285714285714,
          "rmsse": 0.5001308044495889
        }
      }
    },
    "sample-mean": {
      "raw": {
        "forecast": [
          0.33,
          0.3,
          0.34,
          0.3,
          0.3,
          0.34,
          0.44,
          0.36,
          0.34,
          0.31,
          0.38,
          0.33,
          0.6,
          0.65,
          0.5,
          0.42,
          0.28,
          0.27,
          0.45,
          0.46,
          0.53,
          0.48,
          0.34,
          0.36,
          0.47,
          0.54,
          0.63,
          0.46
        ],
        "metrics": {
          "mae": 0.4303571464759962,
          "mape": 0.5540000021457672,
          "rmse": 0.4468181181346097,
          "smape": 1.7827578584552868,
          "rmsse": 0.4180694201416216
        }
      },
      "rounded": {
        "forecast": [
          0.0,
          0.0,
          0.0,
          0.0,
          0.0,
          0.0,
          0.0,
          0.0,
          0.0,
          0.0,
          0.0,
          0.0,
          1.0,
          1.0,
          0.0,
          0.0,
          0.0,
          0.0,
          0.0,
          0.0,
          1.0,
          0.0,
          0.0,
          0.0,
          0.0,
          1.0,
          1.0,
          0.0
        ],
        "metrics": {
          "mae": 0.2857142857142857,
          "mape": 0.8,
          "rmse": 0.5345224838248488,
          "smape": 0.5714285714285714,
          "rmsse": 0.5001308044495889
        }
      }
    },
    "p25": {
      "raw": {
        "forecast": [
          0.0,
          0.0,
          0.0,
          0.0,
          0.0,
          0.0,
          0.0,
          0.0,
          0.0,
          0.0,
          0.0,
          0.0,
          0.0,
          0.0,
          0.0,
          0.0,
          0.0,
          0.0,
          0.0,
          0.0,
          0.0,
          0.0,
          0.0,
          0.0,
          0.0,
          0.0,
          0.0,
          0.0
        ],
        "metrics": {
          "mae": 0.1785714285714285,
          "mape": 1.0,
          "rmse": 0.4225771273642583,
          "smape": 0.3571428571428571,
          "rmsse": 0.3953881175182438
        }
      },
      "rounded": {
        "forecast": [
          0.0,
          0.0,
          0.0,
          0.0,
          0.0,
          0.0,
          0.0,
          0.0,
          0.0,
          0.0,
          0.0,
          0.0,
          0.0,
          0.0,
          0.0,
          0.0,
          0.0,
          0.0,
          0.0,
          0.0,
          0.0,
          0.0,
          0.0,
          0.0,
          0.0,
          0.0,
          0.0,
          0.0
        ],
        "metrics": {
          "mae": 0.1785714285714285,
          "mape": 1.0,
          "rmse": 0.4225771273642583,
          "smape": 0.3571428571428571,
          "rmsse": 0.3953881175182438
        }
      }
    },
    "p50": {
      "raw": {
        "forecast": [
          0.0,
          0.0,
          0.0,
          0.0,
          0.0,
          0.0,
          0.0,
          0.0,
          0.0,
          0.0,
          0.0,
          0.0,
          0.0,
          0.0,
          0.0,
          0.0,
          0.0,
          0.0,
          0.0,
          0.0,
          0.0,
          0.0,
          0.0,
          0.0,
          0.0,
          0.0,
          0.0,
          0.0
        ],
        "metrics": {
          "mae": 0.1785714285714285,
          "mape": 1.0,
          "rmse": 0.4225771273642583,
          "smape": 0.3571428571428571,
          "rmsse": 0.3953881175182438
        }
      },
      "rounded": {
        "forecast": [
          0.0,
          0.0,
          0.0,
          0.0,
          0.0,
          0.0,
          0.0,
          0.0,
          0.0,
          0.0,
          0.0,
          0.0,
          0.0,
          0.0,
          0.0,
          0.0,
          0.0,
          0.0,
          0.0,
          0.0,
          0.0,
          0.0,
          0.0,
          0.0,
          0.0,
          0.0,
          0.0,
          0.0
        ],
        "metrics": {
          "mae": 0.1785714285714285,
          "mape": 1.0,
          "rmse": 0.4225771273642583,
          "smape": 0.3571428571428571,
          "rmsse": 0.3953881175182438
        }
      }
    },
    "p75": {
      "raw": {
        "forecast": [
          0.0,
          0.0,
          1.0,
          0.25,
          0.0,
          1.0,
          0.25,
          1.0,
          1.0,
          0.25,
          1.0,
          1.0,
          1.0,
          1.0,
          1.0,
          1.0,
          0.0,
          0.0,
          1.0,
          1.0,
          1.0,
          1.0,
          0.25,
          0.0,
          1.0,
          1.0,
          1.0,
          1.0
        ],
        "metrics": {
          "mae": 0.625,
          "mape": 0.35,
          "rmse": 0.773443136703847,
          "smape": 1.4,
          "rmsse": 0.7236790777962142
        }
      },
      "rounded": {
        "forecast": [
          0.0,
          0.0,
          1.0,
          0.0,
          0.0,
          1.0,
          0.0,
          1.0,
          1.0,
          0.0,
          1.0,
          1.0,
          1.0,
          1.0,
          1.0,
          1.0,
          0.0,
          0.0,
          1.0,
          1.0,
          1.0,
          1.0,
          0.0,
          0.0,
          1.0,
          1.0,
          1.0,
          1.0
        ],
        "metrics": {
          "mae": 0.6071428571428571,
          "mape": 0.4,
          "rmse": 0.7791937224739796,
          "smape": 1.2142857142857142,
          "rmsse": 0.7290596654689587
        }
      }
    }
  }
}