{
  "series_id": "HOBBIES_1_200_WI_1_validation",
  "run": "run_20260524_085747_563601_001_subset34590_ctx56_h16_emb8_ep10_steps100",
  "horizon": [
    1,
    2,
    3,
    4,
    5,
    6,
    7,
    8,
    9,
    10,
    11,
    12,
    13,
    14,
    15,
    16,
    17,
    18,
    19,
    20,
    21,
    22,
    23,
    24,
    25,
    26,
    27,
    28
  ],
  "actuals": [
    1.0,
    1.0,
    1.0,
    1.0,
    1.0,
    0.0,
    0.0,
    0.0,
    1.0,
    0.0,
    2.0,
    2.0,
    1.0,
    0.0,
    1.0,
    2.0,
    1.0,
    2.0,
    2.0,
    0.0,
    1.0,
    1.0,
    0.0,
    1.0,
    0.0,
    1.0,
    0.0,
    1.0
  ],
  "modes": {
    "mean": {
      "raw": {
        "forecast": [
          0.9398776,
          0.7723174,
          0.70168626,
          0.7448297,
          0.89977306,
          0.9552724,
          0.92266935,
          0.8980631,
          0.78024364,
          0.69762224,
          0.6965006,
          0.897638,
          1.0695608,
          1.0079218,
          0.93573064,
          0.75524515,
          0.7181385,
          0.77286714,
          0.9104316,
          1.1141108,
          1.1484418,
          0.9539524,
          0.7739813,
          0.6972405,
          0.7372888,
          0.8919573,
          1.0760435,
          1.1090921
        ],
        "metrics": {
          "mae": 0.5872013717889786,
          "mape": 0.277631916497883,
          "rmse": 0.7384144180486484,
          "smape": 0.8857482445331464,
          "rmsse": 0.5291728986127513
        }
      },
      "rounded": {
        "forecast": [
          1.0,
          1.0,
          1.0,
          1.0,
          1.0,
          1.0,
          1.0,
          1.0,
          1.0,
          1.0,
          1.0,
          1.0,
          1.0,
          1.0,
          1.0,
          1.0,
          1.0,
          1.0,
          1.0,
          1.0,
          1.0,
          1.0,
          1.0,
          1.0,
          1.0,
          1.0,
          1.0,
          1.0
        ],
        "metrics": {
          "mae": 0.5,
          "mape": 0.131578947368421,
          "rmse": 0.7071067811865476,
          "smape": 0.7619047619047619,
          "rmsse": 0.5067367807064757
        }
      }
    },
    "sample-mean": {
      "raw": {
        "forecast": [
          1.01,
          0.66,
          0.66,
          0.76,
          0.96,
          0.86,
          0.87,
          0.74,
          0.85,
          0.55,
          0.54,
          0.73,
          0.83,
          1.04,
          0.74,
          0.74,
          0.68,
          0.72,
          0.83,
          0.92,
          1.05,
          0.92,
          0.76,
          0.56,
          0.66,
          0.63,
          0.86,
          0.9
        ],
        "metrics": {
          "mae": 0.5932142819677081,
          "mape": 0.3226315724222283,
          "rmse": 0.7374691239317757,
          "smape": 0.9354908701198832,
          "rmsse": 0.5284954686822942
        }
      },
      "rounded": {
        "forecast": [
          1.0,
          1.0,
          1.0,
          1.0,
          1.0,
          1.0,
          1.0,
          1.0,
          1.0,
          1.0,
          1.0,
          1.0,
          1.0,
          1.0,
          1.0,
          1.0,
          1.0,
          1.0,
          1.0,
          1.0,
          1.0,
          1.0,
          1.0,
          1.0,
          1.0,
          1.0,
          1.0,
          1.0
        ],
        "metrics": {
          "mae": 0.5,
          "mape": 0.131578947368421,
          "rmse": 0.7071067811865476,
          "smape": 0.7619047619047619,
          "rmsse": 0.5067367807064757
        }
      }
    },
    "p25": {
      "raw": {
        "forecast": [
          0.0,
          0.0,
          0.0,
          0.0,
          0.0,
          0.0,
          0.0,
          0.0,
          0.0,
          0.0,
          0.0,
          0.0,
          0.0,
          0.0,
          0.0,
          0.0,
          0.0,
          0.0,
          0.0,
          0.0,
          0.0,
          0.0,
          0.0,
          0.0,
          0.0,
          0.0,
          0.0,
          0.0
        ],
        "metrics": {
          "mae": 0.8571428571428571,
          "mape": 1.0,
          "rmse": 1.1019463300386794,
          "smape": 1.3571428571428572,
          "rmsse": 0.789692236946319
        }
      },
      "rounded": {
        "forecast": [
          0.0,
          0.0,
          0.0,
          0.0,
          0.0,
          0.0,
          0.0,
          0.0,
          0.0,
          0.0,
          0.0,
          0.0,
          0.0,
          0.0,
          0.0,
          0.0,
          0.0,
          0.0,
          0.0,
          0.0,
          0.0,
          0.0,
          0.0,
          0.0,
          0.0,
          0.0,
          0.0,
          0.0
        ],
        "metrics": {
          "mae": 0.8571428571428571,
          "mape": 1.0,
          "rmse": 1.1019463300386794,
          "smape": 1.3571428571428572,
          "rmsse": 0.789692236946319
        }
      }
    },
    "p50": {
      "raw": {
        "forecast": [
          1.0,
          0.0,
          0.0,
          0.0,
          1.0,
          0.0,
          0.0,
          0.0,
          1.0,
          0.0,
          0.0,
          0.0,
          1.0,
          0.0,
          0.0,
          0.0,
          0.0,
          0.0,
          0.0,
          1.0,
          1.0,
          0.0,
          0.0,
          0.0,
          0.0,
          0.0,
          0.0,
          0.0
        ],
        "metrics": {
          "mae": 0.7142857142857143,
          "mape": 0.7368421052631579,
          "rmse": 1.035098339013531,
          "smape": 1.0714285714285714,
          "rmsse": 0.7417866918857317
        }
      },
      "rounded": {
        "forecast": [
          1.0,
          0.0,
          0.0,
          0.0,
          1.0,
          0.0,
          0.0,
          0.0,
          1.0,
          0.0,
          0.0,
          0.0,
          1.0,
          0.0,
          0.0,
          0.0,
          0.0,
          0.0,
          0.0,
          1.0,
          1.0,
          0.0,
          0.0,
          0.0,
          0.0,
          0.0,
          0.0,
          0.0
        ],
        "metrics": {
          "mae": 0.7142857142857143,
          "mape": 0.7368421052631579,
          "rmse": 1.035098339013531,
          "smape": 1.0714285714285714,
          "rmsse": 0.7417866918857317
        }
      }
    },
    "p75": {
      "raw": {
        "forecast": [
          2.0,
          1.0,
          1.0,
          1.0,
          1.25,
          1.0,
          1.0,
          1.0,
          1.0,
          1.0,
          1.0,
          1.0,
          1.0,
          2.0,
          1.0,
          1.0,
          1.0,
          1.0,
          1.0,
          1.0,
          2.0,
          1.0,
          1.0,
          1.0,
          1.0,
          1.0,
          1.0,
          2.0
        ],
        "metrics": {
          "mae": 0.6517857142857143,
          "mape": 0.3026315789473684,
          "rmse": 0.8464737781779522,
          "smape": 0.8412698412698413,
          "rmsse": 0.6066119131067716
        }
      },
      "rounded": {
        "forecast": [
          2.0,
          1.0,
          1.0,
          1.0,
          1.0,
          1.0,
          1.0,
          1.0,
          1.0,
          1.0,
          1.0,
          1.0,
          1.0,
          2.0,
          1.0,
          1.0,
          1.0,
          1.0,
          1.0,
          1.0,
          2.0,
          1.0,
          1.0,
          1.0,
          1.0,
          1.0,
          1.0,
          2.0
        ],
        "metrics": {
          "mae": 0.6428571428571429,
          "mape": 0.2894736842105263,
          "rmse": 0.8451542547285166,
          "smape": 0.8333333333333333,
          "rmsse": 0.6056662977023886
        }
      }
    }
  }
}