{
  "series_id": "HOBBIES_1_381_TX_3_validation",
  "run": "run_20260524_085747_563601_001_subset34590_ctx56_h16_emb8_ep10_steps100",
  "horizon": [
    1,
    2,
    3,
    4,
    5,
    6,
    7,
    8,
    9,
    10,
    11,
    12,
    13,
    14,
    15,
    16,
    17,
    18,
    19,
    20,
    21,
    22,
    23,
    24,
    25,
    26,
    27,
    28
  ],
  "actuals": [
    0.0,
    0.0,
    3.0,
    0.0,
    3.0,
    0.0,
    0.0,
    0.0,
    0.0,
    0.0,
    4.0,
    0.0,
    3.0,
    0.0,
    18.0,
    0.0,
    0.0,
    0.0,
    1.0,
    0.0,
    0.0,
    13.0,
    3.0,
    5.0,
    0.0,
    0.0,
    1.0,
    20.0
  ],
  "modes": {
    "mean": {
      "raw": {
        "forecast": [
          4.369562,
          3.4284377,
          3.372518,
          3.637788,
          4.0982723,
          4.1632843,
          4.2444577,
          3.6554346,
          3.5771694,
          3.2924793,
          3.6049533,
          4.255513,
          4.622124,
          4.0269637,
          3.9736154,
          3.3399591,
          3.5511894,
          3.863335,
          4.3859487,
          4.4147315,
          4.5753584,
          3.7877638,
          3.4208357,
          3.3448613,
          3.6342924,
          4.110385,
          4.407789,
          4.25778
        ],
        "metrics": {
          "mae": 4.195673397609165,
          "mape": 0.969978686646148,
          "rmse": 5.410047780062977,
          "smape": 1.4883347644858314,
          "rmsse": 0.8108765655117304
        }
      },
      "rounded": {
        "forecast": [
          4.0,
          3.0,
          3.0,
          4.0,
          4.0,
          4.0,
          4.0,
          4.0,
          4.0,
          3.0,
          4.0,
          4.0,
          5.0,
          4.0,
          4.0,
          3.0,
          4.0,
          4.0,
          4.0,
          4.0,
          5.0,
          4.0,
          3.0,
          3.0,
          4.0,
          4.0,
          4.0,
          4.0
        ],
        "metrics": {
          "mae": 4.142857142857143,
          "mape": 0.8790986790986792,
          "rmse": 5.41162769282166,
          "smape": 1.4768070864709522,
          "rmsse": 0.8111133682690536
        }
      }
    },
    "sample-mean": {
      "raw": {
        "forecast": [
          4.12,
          3.75,
          3.0,
          3.49,
          3.39,
          4.46,
          3.96,
          2.72,
          3.11,
          2.9,
          3.23,
          3.39,
          3.54,
          3.05,
          3.84,
          2.96,
          3.2,
          3.75,
          3.93,
          4.01,
          3.5,
          3.21,
          2.22,
          2.16,
          2.6,
          3.03,
          3.2,
          3.33
        ],
        "metrics": {
          "mae": 3.895357157502856,
          "mape": 0.8030676091467583,
          "rmse": 5.344471463402694,
          "smape": 1.491509727461511,
          "rmsse": 0.8010477616648666
        }
      },
      "rounded": {
        "forecast": [
          4.0,
          4.0,
          3.0,
          3.0,
          3.0,
          4.0,
          4.0,
          3.0,
          3.0,
          3.0,
          3.0,
          3.0,
          4.0,
          3.0,
          4.0,
          3.0,
          3.0,
          4.0,
          4.0,
          4.0,
          4.0,
          3.0,
          2.0,
          2.0,
          3.0,
          3.0,
          3.0,
          3.0
        ],
        "metrics": {
          "mae": 3.928571428571429,
          "mape": 0.8103341103341104,
          "rmse": 5.385164807134504,
          "smape": 1.501055698959426,
          "rmsse": 0.8071470199608911
        }
      }
    },
    "p25": {
      "raw": {
        "forecast": [
          2.0,
          1.0,
          1.0,
          1.0,
          1.0,
          2.0,
          2.0,
          1.0,
          1.0,
          1.0,
          1.0,
          1.0,
          1.0,
          1.0,
          1.0,
          0.0,
          1.0,
          1.0,
          1.0,
          1.0,
          1.0,
          1.0,
          0.0,
          0.0,
          0.0,
          1.0,
          1.0,
          1.0
        ],
        "metrics": {
          "mae": 2.9642857142857144,
          "mape": 0.687956487956488,
          "rmse": 5.583777523198021,
          "smape": 1.5540458288578591,
          "rmsse": 0.8369157768399046
        }
      },
      "rounded": {
        "forecast": [
          2.0,
          1.0,
          1.0,
          1.0,
          1.0,
          2.0,
          2.0,
          1.0,
          1.0,
          1.0,
          1.0,
          1.0,
          1.0,
          1.0,
          1.0,
          0.0,
          1.0,
          1.0,
          1.0,
          1.0,
          1.0,
          1.0,
          0.0,
          0.0,
          0.0,
          1.0,
          1.0,
          1.0
        ],
        "metrics": {
          "mae": 2.9642857142857144,
          "mape": 0.687956487956488,
          "rmse": 5.583777523198021,
          "smape": 1.5540458288578591,
          "rmsse": 0.8369157768399046
        }
      }
    },
    "p50": {
      "raw": {
        "forecast": [
          4.0,
          3.0,
          2.0,
          3.0,
          3.0,
          4.0,
          3.0,
          2.0,
          2.0,
          2.0,
          3.0,
          3.0,
          2.0,
          2.0,
          3.0,
          2.0,
          2.0,
          3.0,
          3.5,
          3.0,
          3.0,
          3.0,
          2.0,
          1.5,
          2.0,
          2.0,
          3.0,
          2.5
        ],
        "metrics": {
          "mae": 3.5535714285714284,
          "mape": 0.8115967365967365,
          "rmse": 5.294033029202379,
          "smape": 1.5324241234955522,
          "rmsse": 0.7934878756977106
        }
      },
      "rounded": {
        "forecast": [
          4.0,
          3.0,
          2.0,
          3.0,
          3.0,
          4.0,
          3.0,
          2.0,
          2.0,
          2.0,
          3.0,
          3.0,
          2.0,
          2.0,
          3.0,
          2.0,
          2.0,
          3.0,
          4.0,
          3.0,
          3.0,
          3.0,
          2.0,
          2.0,
          2.0,
          2.0,
          3.0,
          2.0
        ],
        "metrics": {
          "mae": 3.571428571428572,
          "mape": 0.8502331002331002,
          "rmse": 5.351902198551198,
          "smape": 1.530635435992579,
          "rmsse": 0.802161505801961
        }
      }
    },
    "p75": {
      "raw": {
        "forecast": [
          6.0,
          6.0,
          4.0,
          5.0,
          5.0,
          6.0,
          6.0,
          4.0,
          5.0,
          5.0,
          5.0,
          5.0,
          5.0,
          5.0,
          5.0,
          4.0,
          4.25,
          5.0,
          6.0,
          6.0,
          5.0,
          4.0,
          3.0,
          3.0,
          4.0,
          4.0,
          5.0,
          5.0
        ],
        "metrics": {
          "mae": 4.973214285714286,
          "mape": 1.2255633255633256,
          "rmse": 5.876899389012154,
          "smape": 1.5056821279236332,
          "rmsse": 0.8808498900844622
        }
      },
      "rounded": {
        "forecast": [
          6.0,
          6.0,
          4.0,
          5.0,
          5.0,
          6.0,
          6.0,
          4.0,
          5.0,
          5.0,
          5.0,
          5.0,
          5.0,
          5.0,
          5.0,
          4.0,
          4.0,
          5.0,
          6.0,
          6.0,
          5.0,
          4.0,
          3.0,
          3.0,
          4.0,
          4.0,
          5.0,
          5.0
        ],
        "metrics": {
          "mae": 4.964285714285714,
          "mape": 1.2255633255633256,
          "rmse": 5.870629073130555,
          "smape": 1.5056821279236332,
          "rmsse": 0.8799100735775762
        }
      }
    }
  }
}