{
  "series_id": "HOBBIES_1_141_WI_2_validation",
  "run": "run_20260524_085747_563601_001_subset34590_ctx56_h16_emb8_ep10_steps100",
  "horizon": [
    1,
    2,
    3,
    4,
    5,
    6,
    7,
    8,
    9,
    10,
    11,
    12,
    13,
    14,
    15,
    16,
    17,
    18,
    19,
    20,
    21,
    22,
    23,
    24,
    25,
    26,
    27,
    28
  ],
  "actuals": [
    1.0,
    1.0,
    1.0,
    1.0,
    0.0,
    3.0,
    2.0,
    1.0,
    2.0,
    1.0,
    0.0,
    1.0,
    0.0,
    2.0,
    2.0,
    1.0,
    3.0,
    0.0,
    0.0,
    1.0,
    1.0,
    0.0,
    2.0,
    1.0,
    1.0,
    2.0,
    1.0,
    1.0
  ],
  "modes": {
    "mean": {
      "raw": {
        "forecast": [
          1.0302153,
          0.8517762,
          0.80364347,
          0.8469306,
          0.96280295,
          0.9955521,
          0.9595777,
          0.95297647,
          0.85427123,
          0.7684767,
          0.80630296,
          0.9915616,
          1.0508505,
          1.0355527,
          0.9641325,
          0.7954444,
          0.8126839,
          0.8743211,
          0.94775486,
          1.1201922,
          1.1115048,
          0.92103434,
          0.8001013,
          0.75910217,
          0.8047399,
          0.92114216,
          1.0285718,
          1.0102667
        ],
        "metrics": {
          "mae": 0.6409340117658887,
          "mape": 0.2889075030883153,
          "rmse": 0.8722537786590883,
          "smape": 0.7305005685732826,
          "rmsse": 0.9675229963725932
        }
      },
      "rounded": {
        "forecast": [
          1.0,
          1.0,
          1.0,
          1.0,
          1.0,
          1.0,
          1.0,
          1.0,
          1.0,
          1.0,
          1.0,
          1.0,
          1.0,
          1.0,
          1.0,
          1.0,
          1.0,
          1.0,
          1.0,
          1.0,
          1.0,
          1.0,
          1.0,
          1.0,
          1.0,
          1.0,
          1.0,
          1.0
        ],
        "metrics": {
          "mae": 0.5714285714285714,
          "mape": 0.1969696969696969,
          "rmse": 0.8451542547285166,
          "smape": 0.6428571428571429,
          "rmsse": 0.9374636108645308
        }
      }
    },
    "sample-mean": {
      "raw": {
        "forecast": [
          0.95,
          0.93,
          0.73,
          0.74,
          0.78,
          0.94,
          0.97,
          0.77,
          0.79,
          0.68,
          0.79,
          1.14,
          0.95,
          0.89,
          0.79,
          0.6,
          0.63,
          0.8,
          0.89,
          0.64,
          0.79,
          0.74,
          0.76,
          0.59,
          0.8,
          0.68,
          0.75,
          0.78
        ],
        "metrics": {
          "mae": 0.7103571402175086,
          "mape": 0.3830303012421636,
          "rmse": 0.9151873320560964,
          "smape": 0.8350940813465609,
          "rmsse": 1.0151458341795605
        }
      },
      "rounded": {
        "forecast": [
          1.0,
          1.0,
          1.0,
          1.0,
          1.0,
          1.0,
          1.0,
          1.0,
          1.0,
          1.0,
          1.0,
          1.0,
          1.0,
          1.0,
          1.0,
          1.0,
          1.0,
          1.0,
          1.0,
          1.0,
          1.0,
          1.0,
          1.0,
          1.0,
          1.0,
          1.0,
          1.0,
          1.0
        ],
        "metrics": {
          "mae": 0.5714285714285714,
          "mape": 0.1969696969696969,
          "rmse": 0.8451542547285166,
          "smape": 0.6428571428571429,
          "rmsse": 0.9374636108645308
        }
      }
    },
    "p25": {
      "raw": {
        "forecast": [
          0.0,
          0.0,
          0.0,
          0.0,
          0.0,
          0.0,
          0.0,
          0.0,
          0.0,
          0.0,
          0.0,
          0.0,
          0.0,
          0.0,
          0.0,
          0.0,
          0.0,
          0.0,
          0.0,
          0.0,
          0.0,
          0.0,
          0.0,
          0.0,
          0.0,
          0.0,
          0.0,
          0.0
        ],
        "metrics": {
          "mae": 1.1428571428571428,
          "mape": 1.0,
          "rmse": 1.4142135623730951,
          "smape": 1.5714285714285714,
          "rmsse": 1.5686766590812973
        }
      },
      "rounded": {
        "forecast": [
          0.0,
          0.0,
          0.0,
          0.0,
          0.0,
          0.0,
          0.0,
          0.0,
          0.0,
          0.0,
          0.0,
          0.0,
          0.0,
          0.0,
          0.0,
          0.0,
          0.0,
          0.0,
          0.0,
          0.0,
          0.0,
          0.0,
          0.0,
          0.0,
          0.0,
          0.0,
          0.0,
          0.0
        ],
        "metrics": {
          "mae": 1.1428571428571428,
          "mape": 1.0,
          "rmse": 1.4142135623730951,
          "smape": 1.5714285714285714,
          "rmsse": 1.5686766590812973
        }
      }
    },
    "p50": {
      "raw": {
        "forecast": [
          1.0,
          0.5,
          0.0,
          0.5,
          0.0,
          1.0,
          1.0,
          0.0,
          0.0,
          0.0,
          1.0,
          1.0,
          1.0,
          0.0,
          1.0,
          0.0,
          0.0,
          0.0,
          1.0,
          0.0,
          0.0,
          0.0,
          0.0,
          0.0,
          0.0,
          0.0,
          0.5,
          0.0
        ],
        "metrics": {
          "mae": 1.0178571428571428,
          "mape": 0.7803030303030302,
          "rmse": 1.25,
          "smape": 1.3690476190476188,
          "rmsse": 1.3865273789068042
        }
      },
      "rounded": {
        "forecast": [
          1.0,
          0.0,
          0.0,
          0.0,
          0.0,
          1.0,
          1.0,
          0.0,
          0.0,
          0.0,
          1.0,
          1.0,
          1.0,
          0.0,
          1.0,
          0.0,
          0.0,
          0.0,
          1.0,
          0.0,
          0.0,
          0.0,
          0.0,
          0.0,
          0.0,
          0.0,
          0.0,
          0.0
        ],
        "metrics": {
          "mae": 1.0714285714285714,
          "mape": 0.8484848484848484,
          "rmse": 1.2817398889233114,
          "smape": 1.5119047619047616,
          "rmsse": 1.42173395890331
        }
      }
    },
    "p75": {
      "raw": {
        "forecast": [
          1.0,
          1.0,
          1.0,
          1.0,
          1.0,
          1.0,
          1.0,
          1.0,
          1.0,
          1.0,
          1.0,
          2.0,
          1.25,
          1.0,
          1.0,
          1.0,
          1.0,
          1.0,
          1.0,
          1.0,
          1.0,
          1.0,
          1.0,
          1.0,
          1.0,
          1.0,
          1.0,
          1.0
        ],
        "metrics": {
          "mae": 0.6160714285714286,
          "mape": 0.2424242424242424,
          "rmse": 0.8775473125218296,
          "smape": 0.6666666666666667,
          "rmsse": 0.973394700078082
        }
      },
      "rounded": {
        "forecast": [
          1.0,
          1.0,
          1.0,
          1.0,
          1.0,
          1.0,
          1.0,
          1.0,
          1.0,
          1.0,
          1.0,
          2.0,
          1.0,
          1.0,
          1.0,
          1.0,
          1.0,
          1.0,
          1.0,
          1.0,
          1.0,
          1.0,
          1.0,
          1.0,
          1.0,
          1.0,
          1.0,
          1.0
        ],
        "metrics": {
          "mae": 0.6071428571428571,
          "mape": 0.2424242424242424,
          "rmse": 0.8660254037844386,
          "smape": 0.6666666666666667,
          "rmsse": 0.9606143465407556
        }
      }
    }
  }
}