{
  "series_id": "HOBBIES_1_261_WI_2_validation",
  "run": "run_20260524_085747_563601_001_subset34590_ctx56_h16_emb8_ep10_steps100",
  "horizon": [
    1,
    2,
    3,
    4,
    5,
    6,
    7,
    8,
    9,
    10,
    11,
    12,
    13,
    14,
    15,
    16,
    17,
    18,
    19,
    20,
    21,
    22,
    23,
    24,
    25,
    26,
    27,
    28
  ],
  "actuals": [
    0.0,
    0.0,
    4.0,
    0.0,
    2.0,
    0.0,
    0.0,
    6.0,
    0.0,
    0.0,
    0.0,
    0.0,
    1.0,
    0.0,
    4.0,
    4.0,
    0.0,
    2.0,
    3.0,
    1.0,
    2.0,
    0.0,
    3.0,
    1.0,
    0.0,
    0.0,
    1.0,
    1.0
  ],
  "modes": {
    "mean": {
      "raw": {
        "forecast": [
          2.174523,
          1.8712126,
          1.8034816,
          1.9868146,
          2.3447042,
          2.5134344,
          2.4257205,
          2.3368647,
          2.07326,
          1.86994,
          2.0758193,
          2.4920905,
          2.6213996,
          2.6623292,
          2.392798,
          1.9600766,
          2.0569906,
          2.2442722,
          2.4524012,
          2.8777897,
          2.8014271,
          2.3033586,
          2.019641,
          1.9439572,
          2.1274326,
          2.4753628,
          2.7215557,
          2.6443186
        ],
        "metrics": {
          "mae": 1.833658937897001,
          "mape": 0.7917839615117935,
          "rmse": 1.9798501082069573,
          "smape": 1.2983923211150123,
          "rmsse": 1.2205317939804328
        }
      },
      "rounded": {
        "forecast": [
          2.0,
          2.0,
          2.0,
          2.0,
          2.0,
          3.0,
          2.0,
          2.0,
          2.0,
          2.0,
          2.0,
          2.0,
          3.0,
          3.0,
          2.0,
          2.0,
          2.0,
          2.0,
          2.0,
          3.0,
          3.0,
          2.0,
          2.0,
          2.0,
          2.0,
          2.0,
          3.0,
          3.0
        ],
        "metrics": {
          "mae": 1.8571428571428568,
          "mape": 0.8809523809523808,
          "rmse": 2.017778127403648,
          "smape": 1.3166666666666669,
          "rmsse": 1.2439135404673851
        }
      }
    },
    "sample-mean": {
      "raw": {
        "forecast": [
          2.01,
          2.05,
          1.35,
          1.8,
          2.49,
          2.2,
          2.21,
          2.33,
          1.98,
          1.75,
          1.81,
          2.13,
          2.24,
          2.33,
          2.06,
          1.85,
          1.86,
          2.19,
          2.2,
          2.59,
          2.45,
          2.09,
          1.58,
          1.53,
          1.37,
          1.97,
          2.1,
          2.26
        ],
        "metrics": {
          "mae": 1.6799999943801336,
          "mape": 0.665833321355638,
          "rmse": 1.83394383491108,
          "smape": 1.2942491784423005,
          "rmsse": 1.1305839515853855
        }
      },
      "rounded": {
        "forecast": [
          2.0,
          2.0,
          1.0,
          2.0,
          2.0,
          2.0,
          2.0,
          2.0,
          2.0,
          2.0,
          2.0,
          2.0,
          2.0,
          2.0,
          2.0,
          2.0,
          2.0,
          2.0,
          2.0,
          3.0,
          2.0,
          2.0,
          2.0,
          2.0,
          1.0,
          2.0,
          2.0,
          2.0
        ],
        "metrics": {
          "mae": 1.6428571428571428,
          "mape": 0.6488095238095237,
          "rmse": 1.8516401995451028,
          "smape": 1.2857142857142858,
          "rmsse": 1.1414933510314158
        }
      }
    },
    "p25": {
      "raw": {
        "forecast": [
          1.0,
          1.0,
          0.0,
          0.0,
          1.0,
          1.0,
          0.0,
          1.0,
          0.0,
          0.0,
          0.0,
          0.0,
          1.0,
          0.75,
          0.0,
          0.0,
          0.0,
          0.0,
          0.0,
          1.0,
          1.0,
          1.0,
          0.0,
          0.0,
          0.0,
          0.0,
          0.0,
          0.0
        ],
        "metrics": {
          "mae": 1.2410714285714286,
          "mape": 0.7738095238095238,
          "rmse": 1.9324531042175384,
          "smape": 1.098639455782313,
          "rmsse": 1.1913126374045369
        }
      },
      "rounded": {
        "forecast": [
          1.0,
          1.0,
          0.0,
          0.0,
          1.0,
          1.0,
          0.0,
          1.0,
          0.0,
          0.0,
          0.0,
          0.0,
          1.0,
          1.0,
          0.0,
          0.0,
          0.0,
          0.0,
          0.0,
          1.0,
          1.0,
          1.0,
          0.0,
          0.0,
          0.0,
          0.0,
          0.0,
          0.0
        ],
        "metrics": {
          "mae": 1.25,
          "mape": 0.7738095238095238,
          "rmse": 1.9364916731037085,
          "smape": 1.098639455782313,
          "rmsse": 1.193802321703019
        }
      }
    },
    "p50": {
      "raw": {
        "forecast": [
          2.0,
          2.0,
          1.0,
          1.0,
          2.0,
          2.0,
          2.0,
          2.0,
          1.0,
          1.0,
          1.0,
          2.0,
          2.0,
          2.0,
          1.0,
          1.0,
          1.0,
          2.0,
          2.0,
          2.0,
          2.0,
          1.5,
          1.0,
          1.0,
          1.0,
          1.0,
          1.0,
          1.0
        ],
        "metrics": {
          "mae": 1.375,
          "mape": 0.4226190476190476,
          "rmse": 1.7243011006533302,
          "smape": 1.2619047619047616,
          "rmsse": 1.0629917421621544
        }
      },
      "rounded": {
        "forecast": [
          2.0,
          2.0,
          1.0,
          1.0,
          2.0,
          2.0,
          2.0,
          2.0,
          1.0,
          1.0,
          1.0,
          2.0,
          2.0,
          2.0,
          1.0,
          1.0,
          1.0,
          2.0,
          2.0,
          2.0,
          2.0,
          2.0,
          1.0,
          1.0,
          1.0,
          1.0,
          1.0,
          1.0
        ],
        "metrics": {
          "mae": 1.3928571428571428,
          "mape": 0.4226190476190476,
          "rmse": 1.742330131092924,
          "smape": 1.2619047619047616,
          "rmsse": 1.0741062223821212
        }
      }
    },
    "p75": {
      "raw": {
        "forecast": [
          3.0,
          3.0,
          2.0,
          3.0,
          3.25,
          3.0,
          3.25,
          4.0,
          3.0,
          2.0,
          3.0,
          3.0,
          3.0,
          3.0,
          3.0,
          3.0,
          3.0,
          3.0,
          4.0,
          4.0,
          4.0,
          3.0,
          2.0,
          2.0,
          2.0,
          3.0,
          3.0,
          3.0
        ],
        "metrics": {
          "mae": 2.232142857142857,
          "mape": 1.0089285714285716,
          "rmse": 2.3764093562708064,
          "smape": 1.311904761904762,
          "rmsse": 1.4650013972360274
        }
      },
      "rounded": {
        "forecast": [
          3.0,
          3.0,
          2.0,
          3.0,
          3.0,
          3.0,
          3.0,
          4.0,
          3.0,
          2.0,
          3.0,
          3.0,
          3.0,
          3.0,
          3.0,
          3.0,
          3.0,
          3.0,
          4.0,
          4.0,
          4.0,
          3.0,
          2.0,
          2.0,
          2.0,
          3.0,
          3.0,
          3.0
        ],
        "metrics": {
          "mae": 2.2142857142857144,
          "mape": 1.0000000000000002,
          "rmse": 2.3603873774083293,
          "smape": 1.3091836734693878,
          "rmsse": 1.455124217886402
        }
      }
    }
  }
}