{
  "series_id": "HOBBIES_1_331_WI_1_validation",
  "run": "run_20260524_085747_563601_001_subset34590_ctx56_h16_emb8_ep10_steps100",
  "horizon": [
    1,
    2,
    3,
    4,
    5,
    6,
    7,
    8,
    9,
    10,
    11,
    12,
    13,
    14,
    15,
    16,
    17,
    18,
    19,
    20,
    21,
    22,
    23,
    24,
    25,
    26,
    27,
    28
  ],
  "actuals": [
    1.0,
    1.0,
    2.0,
    1.0,
    1.0,
    0.0,
    0.0,
    0.0,
    0.0,
    0.0,
    0.0,
    3.0,
    3.0,
    3.0,
    0.0,
    0.0,
    0.0,
    2.0,
    2.0,
    0.0,
    0.0,
    0.0,
    0.0,
    0.0,
    3.0,
    0.0,
    0.0,
    1.0
  ],
  "modes": {
    "mean": {
      "raw": {
        "forecast": [
          0.28013605,
          0.24893333,
          0.23328997,
          0.23488258,
          0.26319978,
          0.29100904,
          0.29758227,
          0.27667817,
          0.250707,
          0.24332806,
          0.22769229,
          0.2712368,
          0.32517877,
          0.31459114,
          0.29652017,
          0.2703709,
          0.24611384,
          0.2508818,
          0.29437596,
          0.33854645,
          0.35043547,
          0.31831405,
          0.2810076,
          0.26230854,
          0.26727825,
          0.30603316,
          0.36172816,
          0.37242258
        ],
        "metrics": {
          "mae": 0.8664988630584308,
          "mape": 0.8181991811013885,
          "rmse": 1.2295555030647491,
          "smape": 1.744325121840829,
          "rmsse": 1.0397079874445865
        }
      },
      "rounded": {
        "forecast": [
          0.0,
          0.0,
          0.0,
          0.0,
          0.0,
          0.0,
          0.0,
          0.0,
          0.0,
          0.0,
          0.0,
          0.0,
          0.0,
          0.0,
          0.0,
          0.0,
          0.0,
          0.0,
          0.0,
          0.0,
          0.0,
          0.0,
          0.0,
          0.0,
          0.0,
          0.0,
          0.0,
          0.0
        ],
        "metrics": {
          "mae": 0.8214285714285714,
          "mape": 1.0,
          "rmse": 1.3758114488755873,
          "smape": 0.8571428571428571,
          "rmsse": 1.163381522060765
        }
      }
    },
    "sample-mean": {
      "raw": {
        "forecast": [
          0.39,
          0.25,
          0.22,
          0.25,
          0.23,
          0.2,
          0.28,
          0.18,
          0.18,
          0.24,
          0.2,
          0.26,
          0.2,
          0.38,
          0.23,
          0.36,
          0.31,
          0.44,
          0.38,
          0.36,
          0.47,
          0.51,
          0.36,
          0.42,
          0.34,
          0.46,
          0.49,
          0.44
        ],
        "metrics": {
          "mae": 0.8739285745791027,
          "mape": 0.7938888904949027,
          "rmse": 1.2224872204626371,
          "smape": 1.7187584526310842,
          "rmsse": 1.033731071509833
        }
      },
      "rounded": {
        "forecast": [
          0.0,
          0.0,
          0.0,
          0.0,
          0.0,
          0.0,
          0.0,
          0.0,
          0.0,
          0.0,
          0.0,
          0.0,
          0.0,
          0.0,
          0.0,
          0.0,
          0.0,
          0.0,
          0.0,
          0.0,
          0.0,
          1.0,
          0.0,
          0.0,
          0.0,
          0.0,
          0.0,
          0.0
        ],
        "metrics": {
          "mae": 0.8571428571428571,
          "mape": 1.0,
          "rmse": 1.3887301496588271,
          "smape": 0.9285714285714286,
          "rmsse": 1.1743055318824134
        }
      }
    },
    "p25": {
      "raw": {
        "forecast": [
          0.0,
          0.0,
          0.0,
          0.0,
          0.0,
          0.0,
          0.0,
          0.0,
          0.0,
          0.0,
          0.0,
          0.0,
          0.0,
          0.0,
          0.0,
          0.0,
          0.0,
          0.0,
          0.0,
          0.0,
          0.0,
          0.0,
          0.0,
          0.0,
          0.0,
          0.0,
          0.0,
          0.0
        ],
        "metrics": {
          "mae": 0.8214285714285714,
          "mape": 1.0,
          "rmse": 1.3758114488755873,
          "smape": 0.8571428571428571,
          "rmsse": 1.163381522060765
        }
      },
      "rounded": {
        "forecast": [
          0.0,
          0.0,
          0.0,
          0.0,
          0.0,
          0.0,
          0.0,
          0.0,
          0.0,
          0.0,
          0.0,
          0.0,
          0.0,
          0.0,
          0.0,
          0.0,
          0.0,
          0.0,
          0.0,
          0.0,
          0.0,
          0.0,
          0.0,
          0.0,
          0.0,
          0.0,
          0.0,
          0.0
        ],
        "metrics": {
          "mae": 0.8214285714285714,
          "mape": 1.0,
          "rmse": 1.3758114488755873,
          "smape": 0.8571428571428571,
          "rmsse": 1.163381522060765
        }
      }
    },
    "p50": {
      "raw": {
        "forecast": [
          0.0,
          0.0,
          0.0,
          0.0,
          0.0,
          0.0,
          0.0,
          0.0,
          0.0,
          0.0,
          0.0,
          0.0,
          0.0,
          0.0,
          0.0,
          0.0,
          0.0,
          0.0,
          0.0,
          0.0,
          0.0,
          0.0,
          0.0,
          0.0,
          0.0,
          0.0,
          0.0,
          0.0
        ],
        "metrics": {
          "mae": 0.8214285714285714,
          "mape": 1.0,
          "rmse": 1.3758114488755873,
          "smape": 0.8571428571428571,
          "rmsse": 1.163381522060765
        }
      },
      "rounded": {
        "forecast": [
          0.0,
          0.0,
          0.0,
          0.0,
          0.0,
          0.0,
          0.0,
          0.0,
          0.0,
          0.0,
          0.0,
          0.0,
          0.0,
          0.0,
          0.0,
          0.0,
          0.0,
          0.0,
          0.0,
          0.0,
          0.0,
          0.0,
          0.0,
          0.0,
          0.0,
          0.0,
          0.0,
          0.0
        ],
        "metrics": {
          "mae": 0.8214285714285714,
          "mape": 1.0,
          "rmse": 1.3758114488755873,
          "smape": 0.8571428571428571,
          "rmsse": 1.163381522060765
        }
      }
    },
    "p75": {
      "raw": {
        "forecast": [
          0.0,
          0.0,
          0.0,
          0.0,
          0.0,
          0.0,
          0.0,
          0.0,
          0.0,
          0.0,
          0.0,
          0.0,
          0.0,
          0.0,
          0.0,
          0.0,
          0.0,
          0.25,
          0.0,
          0.0,
          0.0,
          0.25,
          0.0,
          0.0,
          0.0,
          0.0,
          1.0,
          1.0
        ],
        "metrics": {
          "mae": 0.8214285714285714,
          "mape": 0.90625,
          "rmse": 1.364407249635219,
          "smape": 0.9126984126984128,
          "rmsse": 1.15373816963701
        }
      },
      "rounded": {
        "forecast": [
          0.0,
          0.0,
          0.0,
          0.0,
          0.0,
          0.0,
          0.0,
          0.0,
          0.0,
          0.0,
          0.0,
          0.0,
          0.0,
          0.0,
          0.0,
          0.0,
          0.0,
          0.0,
          0.0,
          0.0,
          0.0,
          0.0,
          0.0,
          0.0,
          0.0,
          0.0,
          1.0,
          1.0
        ],
        "metrics": {
          "mae": 0.8214285714285714,
          "mape": 0.9166666666666666,
          "rmse": 1.3758114488755873,
          "smape": 0.8571428571428571,
          "rmsse": 1.163381522060765
        }
      }
    }
  }
}