{
  "series_id": "HOBBIES_1_157_TX_1_validation",
  "run": "run_20260524_085747_563601_001_subset34590_ctx56_h16_emb8_ep10_steps100",
  "horizon": [
    1,
    2,
    3,
    4,
    5,
    6,
    7,
    8,
    9,
    10,
    11,
    12,
    13,
    14,
    15,
    16,
    17,
    18,
    19,
    20,
    21,
    22,
    23,
    24,
    25,
    26,
    27,
    28
  ],
  "actuals": [
    0.0,
    0.0,
    0.0,
    0.0,
    1.0,
    0.0,
    0.0,
    0.0,
    0.0,
    0.0,
    1.0,
    0.0,
    0.0,
    0.0,
    0.0,
    0.0,
    0.0,
    0.0,
    0.0,
    0.0,
    1.0,
    0.0,
    0.0,
    0.0,
    0.0,
    0.0,
    0.0,
    0.0
  ],
  "modes": {
    "mean": {
      "raw": {
        "forecast": [
          0.20379992,
          0.20452383,
          0.21672127,
          0.2385764,
          0.263934,
          0.24511112,
          0.22773871,
          0.23165375,
          0.22659409,
          0.23788072,
          0.22877046,
          0.2734131,
          0.2953239,
          0.25382,
          0.24929553,
          0.24141107,
          0.24645562,
          0.26903903,
          0.29498258,
          0.31249616,
          0.29981995,
          0.2716383,
          0.2529577,
          0.2572558,
          0.2767237,
          0.30174154,
          0.31750172,
          0.30379334
        ],
        "metrics": {
          "mae": 0.3092115904603685,
          "mape": 0.7358252008756002,
          "rmse": 0.3441824013100232,
          "smape": 1.9106199327971127,
          "rmsse": 0.7126317618869954
        }
      },
      "rounded": {
        "forecast": [
          0.0,
          0.0,
          0.0,
          0.0,
          0.0,
          0.0,
          0.0,
          0.0,
          0.0,
          0.0,
          0.0,
          0.0,
          0.0,
          0.0,
          0.0,
          0.0,
          0.0,
          0.0,
          0.0,
          0.0,
          0.0,
          0.0,
          0.0,
          0.0,
          0.0,
          0.0,
          0.0,
          0.0
        ],
        "metrics": {
          "mae": 0.1071428571428571,
          "mape": 1.0,
          "rmse": 0.3273268353539885,
          "smape": 0.2142857142857142,
          "rmsse": 0.6777322097334505
        }
      }
    },
    "sample-mean": {
      "raw": {
        "forecast": [
          0.27,
          0.15,
          0.24,
          0.17,
          0.25,
          0.19,
          0.19,
          0.17,
          0.12,
          0.28,
          0.2,
          0.29,
          0.35,
          0.15,
          0.27,
          0.2,
          0.2,
          0.29,
          0.35,
          0.32,
          0.2,
          0.2,
          0.24,
          0.19,
          0.25,
          0.23,
          0.23,
          0.22
        ],
        "metrics": {
          "mae": 0.2896428568554776,
          "mape": 0.7833333313465118,
          "rmse": 0.3412006104126415,
          "smape": 1.923809523218208,
          "rmsse": 0.70645794564104
        }
      },
      "rounded": {
        "forecast": [
          0.0,
          0.0,
          0.0,
          0.0,
          0.0,
          0.0,
          0.0,
          0.0,
          0.0,
          0.0,
          0.0,
          0.0,
          0.0,
          0.0,
          0.0,
          0.0,
          0.0,
          0.0,
          0.0,
          0.0,
          0.0,
          0.0,
          0.0,
          0.0,
          0.0,
          0.0,
          0.0,
          0.0
        ],
        "metrics": {
          "mae": 0.1071428571428571,
          "mape": 1.0,
          "rmse": 0.3273268353539885,
          "smape": 0.2142857142857142,
          "rmsse": 0.6777322097334505
        }
      }
    },
    "p25": {
      "raw": {
        "forecast": [
          0.0,
          0.0,
          0.0,
          0.0,
          0.0,
          0.0,
          0.0,
          0.0,
          0.0,
          0.0,
          0.0,
          0.0,
          0.0,
          0.0,
          0.0,
          0.0,
          0.0,
          0.0,
          0.0,
          0.0,
          0.0,
          0.0,
          0.0,
          0.0,
          0.0,
          0.0,
          0.0,
          0.0
        ],
        "metrics": {
          "mae": 0.1071428571428571,
          "mape": 1.0,
          "rmse": 0.3273268353539885,
          "smape": 0.2142857142857142,
          "rmsse": 0.6777322097334505
        }
      },
      "rounded": {
        "forecast": [
          0.0,
          0.0,
          0.0,
          0.0,
          0.0,
          0.0,
          0.0,
          0.0,
          0.0,
          0.0,
          0.0,
          0.0,
          0.0,
          0.0,
          0.0,
          0.0,
          0.0,
          0.0,
          0.0,
          0.0,
          0.0,
          0.0,
          0.0,
          0.0,
          0.0,
          0.0,
          0.0,
          0.0
        ],
        "metrics": {
          "mae": 0.1071428571428571,
          "mape": 1.0,
          "rmse": 0.3273268353539885,
          "smape": 0.2142857142857142,
          "rmsse": 0.6777322097334505
        }
      }
    },
    "p50": {
      "raw": {
        "forecast": [
          0.0,
          0.0,
          0.0,
          0.0,
          0.0,
          0.0,
          0.0,
          0.0,
          0.0,
          0.0,
          0.0,
          0.0,
          0.0,
          0.0,
          0.0,
          0.0,
          0.0,
          0.0,
          0.0,
          0.0,
          0.0,
          0.0,
          0.0,
          0.0,
          0.0,
          0.0,
          0.0,
          0.0
        ],
        "metrics": {
          "mae": 0.1071428571428571,
          "mape": 1.0,
          "rmse": 0.3273268353539885,
          "smape": 0.2142857142857142,
          "rmsse": 0.6777322097334505
        }
      },
      "rounded": {
        "forecast": [
          0.0,
          0.0,
          0.0,
          0.0,
          0.0,
          0.0,
          0.0,
          0.0,
          0.0,
          0.0,
          0.0,
          0.0,
          0.0,
          0.0,
          0.0,
          0.0,
          0.0,
          0.0,
          0.0,
          0.0,
          0.0,
          0.0,
          0.0,
          0.0,
          0.0,
          0.0,
          0.0,
          0.0
        ],
        "metrics": {
          "mae": 0.1071428571428571,
          "mape": 1.0,
          "rmse": 0.3273268353539885,
          "smape": 0.2142857142857142,
          "rmsse": 0.6777322097334505
        }
      }
    },
    "p75": {
      "raw": {
        "forecast": [
          0.0,
          0.0,
          0.0,
          0.0,
          0.0,
          0.0,
          0.0,
          0.0,
          0.0,
          0.0,
          0.0,
          0.0,
          0.25,
          0.0,
          0.0,
          0.0,
          0.0,
          0.0,
          0.0,
          1.0,
          0.0,
          0.0,
          0.0,
          0.0,
          0.0,
          0.0,
          0.0,
          0.0
        ],
        "metrics": {
          "mae": 0.1517857142857142,
          "mape": 1.0,
          "rmse": 0.3809058751375275,
          "smape": 0.3571428571428571,
          "rmsse": 0.7886679385093217
        }
      },
      "rounded": {
        "forecast": [
          0.0,
          0.0,
          0.0,
          0.0,
          0.0,
          0.0,
          0.0,
          0.0,
          0.0,
          0.0,
          0.0,
          0.0,
          0.0,
          0.0,
          0.0,
          0.0,
          0.0,
          0.0,
          0.0,
          1.0,
          0.0,
          0.0,
          0.0,
          0.0,
          0.0,
          0.0,
          0.0,
          0.0
        ],
        "metrics": {
          "mae": 0.1428571428571428,
          "mape": 1.0,
          "rmse": 0.3779644730092272,
          "smape": 0.2857142857142857,
          "rmsse": 0.782577747456175
        }
      }
    }
  }
}