{
  "series_id": "HOBBIES_1_134_WI_3_validation",
  "run": "run_20260524_085747_563601_001_subset34590_ctx56_h16_emb8_ep10_steps100",
  "horizon": [
    1,
    2,
    3,
    4,
    5,
    6,
    7,
    8,
    9,
    10,
    11,
    12,
    13,
    14,
    15,
    16,
    17,
    18,
    19,
    20,
    21,
    22,
    23,
    24,
    25,
    26,
    27,
    28
  ],
  "actuals": [
    3.0,
    1.0,
    0.0,
    2.0,
    1.0,
    5.0,
    1.0,
    0.0,
    3.0,
    3.0,
    0.0,
    1.0,
    5.0,
    1.0,
    4.0,
    1.0,
    0.0,
    4.0,
    2.0,
    1.0,
    0.0,
    1.0,
    0.0,
    4.0,
    2.0,
    5.0,
    0.0,
    3.0
  ],
  "modes": {
    "mean": {
      "raw": {
        "forecast": [
          2.0892978,
          1.8423826,
          1.7725004,
          1.9366453,
          2.3895378,
          2.5235074,
          2.4709182,
          2.5442896,
          2.338967,
          2.162416,
          2.1804278,
          2.934365,
          3.4743874,
          3.3084912,
          3.2008448,
          2.6778014,
          2.7538443,
          3.0497937,
          3.567421,
          4.3184996,
          4.33946,
          3.6133544,
          3.1067898,
          2.9584231,
          3.247288,
          3.9392996,
          4.462078,
          4.3670425
        ],
        "metrics": {
          "mae": 1.8293896232332505,
          "mape": 0.9506411896811592,
          "rmse": 2.112408512940452,
          "smape": 0.9295271446968348,
          "rmsse": 0.2321883303703013
        }
      },
      "rounded": {
        "forecast": [
          2.0,
          2.0,
          2.0,
          2.0,
          2.0,
          3.0,
          2.0,
          3.0,
          2.0,
          2.0,
          2.0,
          3.0,
          3.0,
          3.0,
          3.0,
          3.0,
          3.0,
          3.0,
          4.0,
          4.0,
          4.0,
          4.0,
          3.0,
          3.0,
          3.0,
          4.0,
          4.0,
          4.0
        ],
        "metrics": {
          "mae": 1.8214285714285716,
          "mape": 0.9325396825396824,
          "rmse": 2.078804601550749,
          "smape": 0.929705215419501,
          "rmsse": 0.228494709542848
        }
      }
    },
    "sample-mean": {
      "raw": {
        "forecast": [
          2.39,
          1.54,
          1.77,
          1.76,
          2.09,
          2.23,
          2.46,
          2.4,
          2.04,
          1.94,
          2.09,
          2.65,
          3.38,
          2.93,
          2.67,
          2.4,
          2.68,
          2.21,
          2.94,
          3.67,
          2.61,
          2.6,
          2.22,
          2.02,
          2.66,
          2.73,
          2.9,
          2.88
        ],
        "metrics": {
          "mae": 1.6199999962534224,
          "mape": 0.7992222267483908,
          "rmse": 1.7973552051903576,
          "smape": 0.9271025729406138,
          "rmsse": 0.1975588062720914
        }
      },
      "rounded": {
        "forecast": [
          2.0,
          2.0,
          2.0,
          2.0,
          2.0,
          2.0,
          2.0,
          2.0,
          2.0,
          2.0,
          2.0,
          3.0,
          3.0,
          3.0,
          3.0,
          2.0,
          3.0,
          2.0,
          3.0,
          4.0,
          3.0,
          3.0,
          2.0,
          2.0,
          3.0,
          3.0,
          3.0,
          3.0
        ],
        "metrics": {
          "mae": 1.6785714285714286,
          "mape": 0.8404761904761904,
          "rmse": 1.880349511584026,
          "smape": 0.9408163265306122,
          "rmsse": 0.206681241309509
        }
      }
    },
    "p25": {
      "raw": {
        "forecast": [
          0.0,
          0.0,
          0.0,
          0.0,
          0.0,
          0.0,
          0.0,
          0.0,
          0.0,
          0.0,
          0.0,
          0.0,
          0.75,
          0.0,
          0.0,
          0.0,
          0.0,
          0.0,
          0.0,
          0.0,
          0.0,
          0.0,
          0.0,
          0.0,
          0.0,
          0.0,
          0.0,
          0.0
        ],
        "metrics": {
          "mae": 1.8660714285714288,
          "mape": 0.9928571428571428,
          "rmse": 2.4789290602424034,
          "smape": 1.4813664596273293,
          "rmsse": 0.2724749479459843
        }
      },
      "rounded": {
        "forecast": [
          0.0,
          0.0,
          0.0,
          0.0,
          0.0,
          0.0,
          0.0,
          0.0,
          0.0,
          0.0,
          0.0,
          0.0,
          1.0,
          0.0,
          0.0,
          0.0,
          0.0,
          0.0,
          0.0,
          0.0,
          0.0,
          0.0,
          0.0,
          0.0,
          0.0,
          0.0,
          0.0,
          0.0
        ],
        "metrics": {
          "mae": 1.8571428571428568,
          "mape": 0.9904761904761904,
          "rmse": 2.4640269015229057,
          "smape": 1.476190476190476,
          "rmsse": 0.2708369563686937
        }
      }
    },
    "p50": {
      "raw": {
        "forecast": [
          2.0,
          1.0,
          1.0,
          1.0,
          2.0,
          2.0,
          1.5,
          1.5,
          1.0,
          1.0,
          1.0,
          2.0,
          2.0,
          2.0,
          2.0,
          2.0,
          2.0,
          1.0,
          2.0,
          3.0,
          2.0,
          2.0,
          1.0,
          1.0,
          2.0,
          2.0,
          2.0,
          2.0
        ],
        "metrics": {
          "mae": 1.5,
          "mape": 0.6571428571428571,
          "rmse": 1.7576363999091833,
          "smape": 0.9942176870748298,
          "rmsse": 0.1931930583468941
        }
      },
      "rounded": {
        "forecast": [
          2.0,
          1.0,
          1.0,
          1.0,
          2.0,
          2.0,
          2.0,
          2.0,
          1.0,
          1.0,
          1.0,
          2.0,
          2.0,
          2.0,
          2.0,
          2.0,
          2.0,
          1.0,
          2.0,
          3.0,
          2.0,
          2.0,
          1.0,
          1.0,
          2.0,
          2.0,
          2.0,
          2.0
        ],
        "metrics": {
          "mae": 1.5357142857142858,
          "mape": 0.680952380952381,
          "rmse": 1.7828548534783837,
          "smape": 1.0037414965986395,
          "rmsse": 0.1959649798729074
        }
      }
    },
    "p75": {
      "raw": {
        "forecast": [
          4.0,
          2.25,
          3.0,
          3.0,
          3.0,
          3.0,
          4.0,
          4.0,
          3.0,
          3.0,
          3.0,
          4.0,
          5.0,
          5.0,
          4.0,
          3.0,
          3.25,
          4.0,
          4.0,
          5.0,
          4.0,
          4.0,
          3.0,
          3.0,
          4.25,
          4.0,
          4.0,
          4.0
        ],
        "metrics": {
          "mae": 2.0625,
          "mape": 1.2567460317460315,
          "rmse": 2.4798293432066187,
          "smape": 0.9429260422117564,
          "rmsse": 0.2725739038046837
        }
      },
      "rounded": {
        "forecast": [
          4.0,
          2.0,
          3.0,
          3.0,
          3.0,
          3.0,
          4.0,
          4.0,
          3.0,
          3.0,
          3.0,
          4.0,
          5.0,
          5.0,
          4.0,
          3.0,
          3.0,
          4.0,
          4.0,
          5.0,
          4.0,
          4.0,
          3.0,
          3.0,
          4.0,
          4.0,
          4.0,
          4.0
        ],
        "metrics": {
          "mae": 2.0357142857142856,
          "mape": 1.238888888888889,
          "rmse": 2.456769074559977,
          "smape": 0.9373582766439909,
          "rmsse": 0.2700392021870022
        }
      }
    }
  }
}