{
  "series_id": "HOBBIES_1_352_WI_1_validation",
  "run": "run_20260524_085747_563601_001_subset34590_ctx56_h16_emb8_ep10_steps100",
  "horizon": [
    1,
    2,
    3,
    4,
    5,
    6,
    7,
    8,
    9,
    10,
    11,
    12,
    13,
    14,
    15,
    16,
    17,
    18,
    19,
    20,
    21,
    22,
    23,
    24,
    25,
    26,
    27,
    28
  ],
  "actuals": [
    0.0,
    1.0,
    1.0,
    0.0,
    0.0,
    2.0,
    2.0,
    2.0,
    0.0,
    0.0,
    1.0,
    0.0,
    1.0,
    0.0,
    1.0,
    2.0,
    0.0,
    2.0,
    3.0,
    0.0,
    0.0,
    0.0,
    0.0,
    2.0,
    0.0,
    1.0,
    0.0,
    0.0
  ],
  "modes": {
    "mean": {
      "raw": {
        "forecast": [
          0.9374449,
          0.80939996,
          0.75435466,
          0.7721161,
          0.86376387,
          0.87241846,
          0.8554453,
          0.87172294,
          0.79625815,
          0.7197386,
          0.6995997,
          0.8367973,
          0.9394033,
          0.9158175,
          0.8925029,
          0.7672664,
          0.75078005,
          0.77794856,
          0.84424466,
          1.0103551,
          1.0518659,
          0.9158594,
          0.7995571,
          0.73599815,
          0.7501709,
          0.84451574,
          0.9823064,
          1.0302689
        ],
        "metrics": {
          "mae": 0.8381528407335281,
          "mape": 0.4106468428403903,
          "rmse": 0.9450809558093588,
          "smape": 1.3349195175282786,
          "rmsse": 0.8735402379558834
        }
      },
      "rounded": {
        "forecast": [
          1.0,
          1.0,
          1.0,
          1.0,
          1.0,
          1.0,
          1.0,
          1.0,
          1.0,
          1.0,
          1.0,
          1.0,
          1.0,
          1.0,
          1.0,
          1.0,
          1.0,
          1.0,
          1.0,
          1.0,
          1.0,
          1.0,
          1.0,
          1.0,
          1.0,
          1.0,
          1.0,
          1.0
        ],
        "metrics": {
          "mae": 0.8214285714285714,
          "mape": 0.282051282051282,
          "rmse": 0.944911182523068,
          "smape": 1.25,
          "rmsse": 0.8733833161641645
        }
      }
    },
    "sample-mean": {
      "raw": {
        "forecast": [
          0.93,
          0.72,
          0.64,
          0.77,
          0.84,
          0.83,
          0.87,
          0.89,
          0.78,
          0.74,
          0.65,
          0.63,
          0.86,
          0.72,
          0.69,
          0.7,
          0.61,
          0.84,
          0.89,
          0.75,
          1.04,
          0.71,
          0.69,
          0.5,
          0.53,
          0.71,
          0.63,
          0.65
        ],
        "metrics": {
          "mae": 0.79392856998103,
          "mape": 0.4706410299508999,
          "rmse": 0.8959691483584886,
          "smape": 1.3747359315001326,
          "rmsse": 0.8281460950484787
        }
      },
      "rounded": {
        "forecast": [
          1.0,
          1.0,
          1.0,
          1.0,
          1.0,
          1.0,
          1.0,
          1.0,
          1.0,
          1.0,
          1.0,
          1.0,
          1.0,
          1.0,
          1.0,
          1.0,
          1.0,
          1.0,
          1.0,
          1.0,
          1.0,
          1.0,
          1.0,
          0.0,
          1.0,
          1.0,
          1.0,
          1.0
        ],
        "metrics": {
          "mae": 0.8571428571428571,
          "mape": 0.3205128205128205,
          "rmse": 1.0,
          "smape": 1.2976190476190474,
          "rmsse": 0.9243020215213112
        }
      }
    },
    "p25": {
      "raw": {
        "forecast": [
          0.0,
          0.0,
          0.0,
          0.0,
          0.0,
          0.0,
          0.0,
          0.0,
          0.0,
          0.0,
          0.0,
          0.0,
          0.0,
          0.0,
          0.0,
          0.0,
          0.0,
          0.0,
          0.0,
          0.0,
          0.0,
          0.0,
          0.0,
          0.0,
          0.0,
          0.0,
          0.0,
          0.0
        ],
        "metrics": {
          "mae": 0.75,
          "mape": 1.0,
          "rmse": 1.1801936887041646,
          "smape": 0.9285714285714286,
          "rmsse": 1.0908554122559526
        }
      },
      "rounded": {
        "forecast": [
          0.0,
          0.0,
          0.0,
          0.0,
          0.0,
          0.0,
          0.0,
          0.0,
          0.0,
          0.0,
          0.0,
          0.0,
          0.0,
          0.0,
          0.0,
          0.0,
          0.0,
          0.0,
          0.0,
          0.0,
          0.0,
          0.0,
          0.0,
          0.0,
          0.0,
          0.0,
          0.0,
          0.0
        ],
        "metrics": {
          "mae": 0.75,
          "mape": 1.0,
          "rmse": 1.1801936887041646,
          "smape": 0.9285714285714286,
          "rmsse": 1.0908554122559526
        }
      }
    },
    "p50": {
      "raw": {
        "forecast": [
          0.0,
          0.0,
          0.0,
          0.0,
          0.5,
          0.0,
          0.0,
          0.0,
          0.0,
          0.0,
          0.0,
          0.0,
          0.0,
          0.0,
          0.0,
          0.0,
          0.0,
          0.0,
          0.0,
          0.0,
          0.0,
          0.0,
          0.0,
          0.0,
          0.0,
          0.0,
          0.0,
          0.0
        ],
        "metrics": {
          "mae": 0.7678571428571429,
          "mape": 1.0,
          "rmse": 1.1839703181607697,
          "smape": 1.0,
          "rmsse": 1.0943461584972294
        }
      },
      "rounded": {
        "forecast": [
          0.0,
          0.0,
          0.0,
          0.0,
          0.0,
          0.0,
          0.0,
          0.0,
          0.0,
          0.0,
          0.0,
          0.0,
          0.0,
          0.0,
          0.0,
          0.0,
          0.0,
          0.0,
          0.0,
          0.0,
          0.0,
          0.0,
          0.0,
          0.0,
          0.0,
          0.0,
          0.0,
          0.0
        ],
        "metrics": {
          "mae": 0.75,
          "mape": 1.0,
          "rmse": 1.1801936887041646,
          "smape": 0.9285714285714286,
          "rmsse": 1.0908554122559526
        }
      }
    },
    "p75": {
      "raw": {
        "forecast": [
          2.0,
          1.0,
          1.0,
          1.0,
          1.0,
          1.0,
          1.0,
          1.0,
          1.0,
          1.0,
          1.0,
          1.0,
          1.0,
          1.0,
          1.0,
          1.0,
          1.0,
          1.0,
          1.0,
          1.0,
          2.0,
          1.0,
          1.0,
          1.0,
          1.0,
          1.0,
          1.0,
          1.0
        ],
        "metrics": {
          "mae": 0.8928571428571429,
          "mape": 0.282051282051282,
          "rmse": 1.0522085616183026,
          "smape": 1.25,
          "rmsse": 0.9725585005658284
        }
      },
      "rounded": {
        "forecast": [
          2.0,
          1.0,
          1.0,
          1.0,
          1.0,
          1.0,
          1.0,
          1.0,
          1.0,
          1.0,
          1.0,
          1.0,
          1.0,
          1.0,
          1.0,
          1.0,
          1.0,
          1.0,
          1.0,
          1.0,
          2.0,
          1.0,
          1.0,
          1.0,
          1.0,
          1.0,
          1.0,
          1.0
        ],
        "metrics": {
          "mae": 0.8928571428571429,
          "mape": 0.282051282051282,
          "rmse": 1.0522085616183026,
          "smape": 1.25,
          "rmsse": 0.9725585005658284
        }
      }
    }
  }
}