{
  "series_id": "HOBBIES_1_018_TX_1_validation",
  "run": "run_20260524_085747_563601_001_subset34590_ctx56_h16_emb8_ep10_steps100",
  "horizon": [
    1,
    2,
    3,
    4,
    5,
    6,
    7,
    8,
    9,
    10,
    11,
    12,
    13,
    14,
    15,
    16,
    17,
    18,
    19,
    20,
    21,
    22,
    23,
    24,
    25,
    26,
    27,
    28
  ],
  "actuals": [
    2.0,
    0.0,
    0.0,
    0.0,
    0.0,
    0.0,
    1.0,
    0.0,
    0.0,
    0.0,
    1.0,
    0.0,
    2.0,
    0.0,
    0.0,
    0.0,
    1.0,
    0.0,
    0.0,
    1.0,
    0.0,
    0.0,
    1.0,
    0.0,
    0.0,
    0.0,
    1.0,
    1.0
  ],
  "modes": {
    "mean": {
      "raw": {
        "forecast": [
          0.34335238,
          0.31505072,
          0.3046904,
          0.31989896,
          0.3602076,
          0.37576693,
          0.390496,
          0.35895818,
          0.33884615,
          0.31945267,
          0.32013357,
          0.3851524,
          0.44128677,
          0.40038982,
          0.39247787,
          0.33996144,
          0.33859912,
          0.35862535,
          0.4077467,
          0.43931526,
          0.45429754,
          0.38733646,
          0.3442186,
          0.32976922,
          0.3442702,
          0.384986,
          0.42777836,
          0.42416403
        ],
        "metrics": {
          "mae": 0.5145907338176455,
          "mape": 0.6581083883841833,
          "rmse": 0.608417355835808,
          "smape": 1.6768130547555589,
          "rmsse": 1.8101670810223105
        }
      },
      "rounded": {
        "forecast": [
          0.0,
          0.0,
          0.0,
          0.0,
          0.0,
          0.0,
          0.0,
          0.0,
          0.0,
          0.0,
          0.0,
          0.0,
          0.0,
          0.0,
          0.0,
          0.0,
          0.0,
          0.0,
          0.0,
          0.0,
          0.0,
          0.0,
          0.0,
          0.0,
          0.0,
          0.0,
          0.0,
          0.0
        ],
        "metrics": {
          "mae": 0.3928571428571428,
          "mape": 1.0,
          "rmse": 0.7319250547113999,
          "smape": 0.6428571428571429,
          "rmsse": 2.177627950790376
        }
      }
    },
    "sample-mean": {
      "raw": {
        "forecast": [
          0.2,
          0.35,
          0.33,
          0.4,
          0.36,
          0.44,
          0.27,
          0.31,
          0.34,
          0.3,
          0.39,
          0.3,
          0.49,
          0.44,
          0.28,
          0.31,
          0.28,
          0.26,
          0.38,
          0.41,
          0.36,
          0.34,
          0.3,
          0.26,
          0.26,
          0.37,
          0.35,
          0.32
        ],
        "metrics": {
          "mae": 0.5135714299976826,
          "mape": 0.70388888898823,
          "rmse": 0.6230741757901039,
          "smape": 1.711020988467396,
          "rmsse": 1.8537741424239207
        }
      },
      "rounded": {
        "forecast": [
          0.0,
          0.0,
          0.0,
          0.0,
          0.0,
          0.0,
          0.0,
          0.0,
          0.0,
          0.0,
          0.0,
          0.0,
          0.0,
          0.0,
          0.0,
          0.0,
          0.0,
          0.0,
          0.0,
          0.0,
          0.0,
          0.0,
          0.0,
          0.0,
          0.0,
          0.0,
          0.0,
          0.0
        ],
        "metrics": {
          "mae": 0.3928571428571428,
          "mape": 1.0,
          "rmse": 0.7319250547113999,
          "smape": 0.6428571428571429,
          "rmsse": 2.177627950790376
        }
      }
    },
    "p25": {
      "raw": {
        "forecast": [
          0.0,
          0.0,
          0.0,
          0.0,
          0.0,
          0.0,
          0.0,
          0.0,
          0.0,
          0.0,
          0.0,
          0.0,
          0.0,
          0.0,
          0.0,
          0.0,
          0.0,
          0.0,
          0.0,
          0.0,
          0.0,
          0.0,
          0.0,
          0.0,
          0.0,
          0.0,
          0.0,
          0.0
        ],
        "metrics": {
          "mae": 0.3928571428571428,
          "mape": 1.0,
          "rmse": 0.7319250547113999,
          "smape": 0.6428571428571429,
          "rmsse": 2.177627950790376
        }
      },
      "rounded": {
        "forecast": [
          0.0,
          0.0,
          0.0,
          0.0,
          0.0,
          0.0,
          0.0,
          0.0,
          0.0,
          0.0,
          0.0,
          0.0,
          0.0,
          0.0,
          0.0,
          0.0,
          0.0,
          0.0,
          0.0,
          0.0,
          0.0,
          0.0,
          0.0,
          0.0,
          0.0,
          0.0,
          0.0,
          0.0
        ],
        "metrics": {
          "mae": 0.3928571428571428,
          "mape": 1.0,
          "rmse": 0.7319250547113999,
          "smape": 0.6428571428571429,
          "rmsse": 2.177627950790376
        }
      }
    },
    "p50": {
      "raw": {
        "forecast": [
          0.0,
          0.0,
          0.0,
          0.0,
          0.0,
          0.0,
          0.0,
          0.0,
          0.0,
          0.0,
          0.0,
          0.0,
          0.0,
          0.0,
          0.0,
          0.0,
          0.0,
          0.0,
          0.0,
          0.0,
          0.0,
          0.0,
          0.0,
          0.0,
          0.0,
          0.0,
          0.0,
          0.0
        ],
        "metrics": {
          "mae": 0.3928571428571428,
          "mape": 1.0,
          "rmse": 0.7319250547113999,
          "smape": 0.6428571428571429,
          "rmsse": 2.177627950790376
        }
      },
      "rounded": {
        "forecast": [
          0.0,
          0.0,
          0.0,
          0.0,
          0.0,
          0.0,
          0.0,
          0.0,
          0.0,
          0.0,
          0.0,
          0.0,
          0.0,
          0.0,
          0.0,
          0.0,
          0.0,
          0.0,
          0.0,
          0.0,
          0.0,
          0.0,
          0.0,
          0.0,
          0.0,
          0.0,
          0.0,
          0.0
        ],
        "metrics": {
          "mae": 0.3928571428571428,
          "mape": 1.0,
          "rmse": 0.7319250547113999,
          "smape": 0.6428571428571429,
          "rmsse": 2.177627950790376
        }
      }
    },
    "p75": {
      "raw": {
        "forecast": [
          0.0,
          0.0,
          0.0,
          1.0,
          0.25,
          1.0,
          0.0,
          0.0,
          0.0,
          0.0,
          1.0,
          0.0,
          1.0,
          1.0,
          0.0,
          0.25,
          0.0,
          0.0,
          1.0,
          0.25,
          1.0,
          0.0,
          0.0,
          0.0,
          0.0,
          0.0,
          1.0,
          0.0
        ],
        "metrics": {
          "mae": 0.4732142857142857,
          "mape": 0.6944444444444444,
          "rmse": 0.7242607068097588,
          "smape": 0.923809523809524,
          "rmsse": 2.154824935498358
        }
      },
      "rounded": {
        "forecast": [
          0.0,
          0.0,
          0.0,
          1.0,
          0.0,
          1.0,
          0.0,
          0.0,
          0.0,
          0.0,
          1.0,
          0.0,
          1.0,
          1.0,
          0.0,
          0.0,
          0.0,
          0.0,
          1.0,
          0.0,
          1.0,
          0.0,
          0.0,
          0.0,
          0.0,
          0.0,
          1.0,
          0.0
        ],
        "metrics": {
          "mae": 0.4642857142857143,
          "mape": 0.7222222222222222,
          "rmse": 0.7319250547113999,
          "smape": 0.8095238095238094,
          "rmsse": 2.177627950790376
        }
      }
    }
  }
}