{
  "series_id": "HOUSEHOLD_2_049_WI_3_validation",
  "run": "run_20260524_085747_563601_001_subset34590_ctx56_h16_emb8_ep10_steps100",
  "horizon": [
    1,
    2,
    3,
    4,
    5,
    6,
    7,
    8,
    9,
    10,
    11,
    12,
    13,
    14,
    15,
    16,
    17,
    18,
    19,
    20,
    21,
    22,
    23,
    24,
    25,
    26,
    27,
    28
  ],
  "actuals": [
    1.0,
    0.0,
    0.0,
    0.0,
    0.0,
    0.0,
    1.0,
    3.0,
    0.0,
    0.0,
    2.0,
    0.0,
    0.0,
    0.0,
    1.0,
    0.0,
    0.0,
    0.0,
    0.0,
    0.0,
    2.0,
    1.0,
    0.0,
    0.0,
    1.0,
    0.0,
    0.0,
    1.0
  ],
  "modes": {
    "mean": {
      "raw": {
        "forecast": [
          0.58763444,
          0.4690518,
          0.40810093,
          0.41021875,
          0.47341323,
          0.514401,
          0.5277474,
          0.5250981,
          0.44299924,
          0.3713873,
          0.36926004,
          0.46037,
          0.5257274,
          0.533519,
          0.5060661,
          0.3949095,
          0.36540946,
          0.3752203,
          0.4186736,
          0.5176913,
          0.5436631,
          0.44936693,
          0.3656759,
          0.32136297,
          0.32386538,
          0.37318715,
          0.44038743,
          0.4522809
        ],
        "metrics": {
          "mae": 0.6034544280597142,
          "mape": 0.6135049556140546,
          "rmse": 0.7605739076705743,
          "smape": 1.651964761691994,
          "rmsse": 0.9387792968925665
        }
      },
      "rounded": {
        "forecast": [
          1.0,
          0.0,
          0.0,
          0.0,
          0.0,
          1.0,
          1.0,
          1.0,
          0.0,
          0.0,
          0.0,
          0.0,
          1.0,
          1.0,
          1.0,
          0.0,
          0.0,
          0.0,
          0.0,
          1.0,
          1.0,
          0.0,
          0.0,
          0.0,
          0.0,
          0.0,
          0.0,
          0.0
        ],
        "metrics": {
          "mae": 0.4285714285714285,
          "mape": 0.574074074074074,
          "rmse": 0.7559289460184544,
          "smape": 0.6309523809523808,
          "rmsse": 0.9330460028761766
        }
      }
    },
    "sample-mean": {
      "raw": {
        "forecast": [
          0.57,
          0.46,
          0.39,
          0.55,
          0.47,
          0.58,
          0.55,
          0.56,
          0.6,
          0.33,
          0.3,
          0.26,
          0.33,
          0.35,
          0.49,
          0.27,
          0.19,
          0.21,
          0.45,
          0.52,
          0.33,
          0.5,
          0.32,
          0.3,
          0.24,
          0.3,
          0.32,
          0.43
        ],
        "metrics": {
          "mae": 0.5796428556953158,
          "mape": 0.6353703671031528,
          "rmse": 0.7661289497110452,
          "smape": 1.6708992590000165,
          "rmsse": 0.9456359066294608
        }
      },
      "rounded": {
        "forecast": [
          1.0,
          0.0,
          0.0,
          1.0,
          0.0,
          1.0,
          1.0,
          1.0,
          1.0,
          0.0,
          0.0,
          0.0,
          0.0,
          0.0,
          0.0,
          0.0,
          0.0,
          0.0,
          0.0,
          1.0,
          0.0,
          0.0,
          0.0,
          0.0,
          0.0,
          0.0,
          0.0,
          0.0
        ],
        "metrics": {
          "mae": 0.5,
          "mape": 0.7407407407407407,
          "rmse": 0.8451542547285166,
          "smape": 0.75,
          "rmsse": 1.0431771442827975
        }
      }
    },
    "p25": {
      "raw": {
        "forecast": [
          0.0,
          0.0,
          0.0,
          0.0,
          0.0,
          0.0,
          0.0,
          0.0,
          0.0,
          0.0,
          0.0,
          0.0,
          0.0,
          0.0,
          0.0,
          0.0,
          0.0,
          0.0,
          0.0,
          0.0,
          0.0,
          0.0,
          0.0,
          0.0,
          0.0,
          0.0,
          0.0,
          0.0
        ],
        "metrics": {
          "mae": 0.4642857142857143,
          "mape": 1.0,
          "rmse": 0.9063269671749656,
          "smape": 0.6428571428571429,
          "rmsse": 1.1186828583236244
        }
      },
      "rounded": {
        "forecast": [
          0.0,
          0.0,
          0.0,
          0.0,
          0.0,
          0.0,
          0.0,
          0.0,
          0.0,
          0.0,
          0.0,
          0.0,
          0.0,
          0.0,
          0.0,
          0.0,
          0.0,
          0.0,
          0.0,
          0.0,
          0.0,
          0.0,
          0.0,
          0.0,
          0.0,
          0.0,
          0.0,
          0.0
        ],
        "metrics": {
          "mae": 0.4642857142857143,
          "mape": 1.0,
          "rmse": 0.9063269671749656,
          "smape": 0.6428571428571429,
          "rmsse": 1.1186828583236244
        }
      }
    },
    "p50": {
      "raw": {
        "forecast": [
          0.0,
          0.0,
          0.0,
          0.0,
          0.0,
          0.0,
          0.0,
          0.0,
          0.0,
          0.0,
          0.0,
          0.0,
          0.0,
          0.0,
          0.0,
          0.0,
          0.0,
          0.0,
          0.0,
          0.0,
          0.0,
          0.0,
          0.0,
          0.0,
          0.0,
          0.0,
          0.0,
          0.0
        ],
        "metrics": {
          "mae": 0.4642857142857143,
          "mape": 1.0,
          "rmse": 0.9063269671749656,
          "smape": 0.6428571428571429,
          "rmsse": 1.1186828583236244
        }
      },
      "rounded": {
        "forecast": [
          0.0,
          0.0,
          0.0,
          0.0,
          0.0,
          0.0,
          0.0,
          0.0,
          0.0,
          0.0,
          0.0,
          0.0,
          0.0,
          0.0,
          0.0,
          0.0,
          0.0,
          0.0,
          0.0,
          0.0,
          0.0,
          0.0,
          0.0,
          0.0,
          0.0,
          0.0,
          0.0,
          0.0
        ],
        "metrics": {
          "mae": 0.4642857142857143,
          "mape": 1.0,
          "rmse": 0.9063269671749656,
          "smape": 0.6428571428571429,
          "rmsse": 1.1186828583236244
        }
      }
    },
    "p75": {
      "raw": {
        "forecast": [
          1.0,
          1.0,
          1.0,
          1.0,
          1.0,
          1.0,
          1.0,
          1.0,
          1.0,
          0.0,
          0.25,
          0.0,
          1.0,
          1.0,
          1.0,
          0.0,
          0.0,
          0.0,
          1.0,
          1.0,
          0.0,
          1.0,
          0.0,
          0.0,
          0.0,
          0.0,
          0.0,
          0.0
        ],
        "metrics": {
          "mae": 0.6339285714285714,
          "mape": 0.5046296296296295,
          "rmse": 0.9075575542552188,
          "smape": 1.01984126984127,
          "rmsse": 1.1202017766855534
        }
      },
      "rounded": {
        "forecast": [
          1.0,
          1.0,
          1.0,
          1.0,
          1.0,
          1.0,
          1.0,
          1.0,
          1.0,
          0.0,
          0.0,
          0.0,
          1.0,
          1.0,
          1.0,
          0.0,
          0.0,
          0.0,
          1.0,
          1.0,
          0.0,
          1.0,
          0.0,
          0.0,
          0.0,
          0.0,
          0.0,
          0.0
        ],
        "metrics": {
          "mae": 0.6428571428571429,
          "mape": 0.5185185185185185,
          "rmse": 0.9258200997725514,
          "smape": 1.0357142857142858,
          "rmsse": 1.142743306795019
        }
      }
    }
  }
}