{
  "series_id": "HOUSEHOLD_1_442_WI_2_validation",
  "run": "run_20260524_085747_563601_001_subset34590_ctx56_h16_emb8_ep10_steps100",
  "horizon": [
    1,
    2,
    3,
    4,
    5,
    6,
    7,
    8,
    9,
    10,
    11,
    12,
    13,
    14,
    15,
    16,
    17,
    18,
    19,
    20,
    21,
    22,
    23,
    24,
    25,
    26,
    27,
    28
  ],
  "actuals": [
    0.0,
    0.0,
    1.0,
    0.0,
    1.0,
    1.0,
    0.0,
    0.0,
    0.0,
    1.0,
    0.0,
    1.0,
    0.0,
    0.0,
    1.0,
    0.0,
    1.0,
    0.0,
    1.0,
    1.0,
    1.0,
    1.0,
    0.0,
    1.0,
    1.0,
    2.0,
    0.0,
    1.0
  ],
  "modes": {
    "mean": {
      "raw": {
        "forecast": [
          0.38157675,
          0.36390284,
          0.3679341,
          0.4011918,
          0.45280674,
          0.4623948,
          0.45178607,
          0.46783775,
          0.4462415,
          0.42446685,
          0.46073505,
          0.549036,
          0.56673086,
          0.55735356,
          0.54155385,
          0.46972424,
          0.5022566,
          0.54731536,
          0.58002084,
          0.6614033,
          0.65443563,
          0.55580586,
          0.50529456,
          0.49941087,
          0.53796345,
          0.6007712,
          0.6442833,
          0.62649506
        ],
        "metrics": {
          "mae": 0.5088292307087353,
          "mape": 0.4855753620465596,
          "rmse": 0.5426607937938907,
          "smape": 1.2782938949242295,
          "rmsse": 1.0099569238333286
        }
      },
      "rounded": {
        "forecast": [
          0.0,
          0.0,
          0.0,
          0.0,
          0.0,
          0.0,
          0.0,
          0.0,
          0.0,
          0.0,
          0.0,
          1.0,
          1.0,
          1.0,
          1.0,
          0.0,
          1.0,
          1.0,
          1.0,
          1.0,
          1.0,
          1.0,
          1.0,
          0.0,
          1.0,
          1.0,
          1.0,
          1.0
        ],
        "metrics": {
          "mae": 0.3928571428571428,
          "mape": 0.3666666666666666,
          "rmse": 0.6267831705280087,
          "smape": 0.7380952380952381,
          "rmsse": 1.1665187720515493
        }
      }
    },
    "sample-mean": {
      "raw": {
        "forecast": [
          0.26,
          0.34,
          0.29,
          0.35,
          0.35,
          0.32,
          0.37,
          0.52,
          0.47,
          0.35,
          0.64,
          0.4,
          0.5,
          0.53,
          0.46,
          0.32,
          0.38,
          0.47,
          0.58,
          0.53,
          0.61,
          0.34,
          0.4,
          0.38,
          0.36,
          0.41,
          0.45,
          0.51
        ],
        "metrics": {
          "mae": 0.5482142844370433,
          "mape": 0.5956666698058446,
          "rmse": 0.5962651608061406,
          "smape": 1.3920082526405655,
          "rmsse": 1.109721090013882
        }
      },
      "rounded": {
        "forecast": [
          0.0,
          0.0,
          0.0,
          0.0,
          0.0,
          0.0,
          0.0,
          1.0,
          0.0,
          0.0,
          1.0,
          0.0,
          0.0,
          1.0,
          0.0,
          0.0,
          0.0,
          0.0,
          1.0,
          1.0,
          1.0,
          0.0,
          0.0,
          0.0,
          0.0,
          0.0,
          0.0,
          1.0
        ],
        "metrics": {
          "mae": 0.5357142857142857,
          "mape": 0.7333333333333333,
          "rmse": 0.7791937224739796,
          "smape": 1.0,
          "rmsse": 1.4501731173874983
        }
      }
    },
    "p25": {
      "raw": {
        "forecast": [
          0.0,
          0.0,
          0.0,
          0.0,
          0.0,
          0.0,
          0.0,
          0.0,
          0.0,
          0.0,
          0.0,
          0.0,
          0.0,
          0.0,
          0.0,
          0.0,
          0.0,
          0.0,
          0.0,
          0.0,
          0.0,
          0.0,
          0.0,
          0.0,
          0.0,
          0.0,
          0.0,
          0.0
        ],
        "metrics": {
          "mae": 0.5714285714285714,
          "mape": 1.0,
          "rmse": 0.8017837257372732,
          "smape": 1.0714285714285714,
          "rmsse": 1.492215827061944
        }
      },
      "rounded": {
        "forecast": [
          0.0,
          0.0,
          0.0,
          0.0,
          0.0,
          0.0,
          0.0,
          0.0,
          0.0,
          0.0,
          0.0,
          0.0,
          0.0,
          0.0,
          0.0,
          0.0,
          0.0,
          0.0,
          0.0,
          0.0,
          0.0,
          0.0,
          0.0,
          0.0,
          0.0,
          0.0,
          0.0,
          0.0
        ],
        "metrics": {
          "mae": 0.5714285714285714,
          "mape": 1.0,
          "rmse": 0.8017837257372732,
          "smape": 1.0714285714285714,
          "rmsse": 1.492215827061944
        }
      }
    },
    "p50": {
      "raw": {
        "forecast": [
          0.0,
          0.0,
          0.0,
          0.0,
          0.0,
          0.0,
          0.0,
          0.0,
          0.0,
          0.0,
          0.0,
          0.0,
          0.0,
          0.0,
          0.0,
          0.0,
          0.0,
          0.0,
          0.0,
          0.0,
          0.0,
          0.0,
          0.0,
          0.0,
          0.0,
          0.0,
          0.0,
          0.0
        ],
        "metrics": {
          "mae": 0.5714285714285714,
          "mape": 1.0,
          "rmse": 0.8017837257372732,
          "smape": 1.0714285714285714,
          "rmsse": 1.492215827061944
        }
      },
      "rounded": {
        "forecast": [
          0.0,
          0.0,
          0.0,
          0.0,
          0.0,
          0.0,
          0.0,
          0.0,
          0.0,
          0.0,
          0.0,
          0.0,
          0.0,
          0.0,
          0.0,
          0.0,
          0.0,
          0.0,
          0.0,
          0.0,
          0.0,
          0.0,
          0.0,
          0.0,
          0.0,
          0.0,
          0.0,
          0.0
        ],
        "metrics": {
          "mae": 0.5714285714285714,
          "mape": 1.0,
          "rmse": 0.8017837257372732,
          "smape": 1.0714285714285714,
          "rmsse": 1.492215827061944
        }
      }
    },
    "p75": {
      "raw": {
        "forecast": [
          0.0,
          1.0,
          0.0,
          0.25,
          1.0,
          0.0,
          1.0,
          1.0,
          1.0,
          1.0,
          1.0,
          1.0,
          1.0,
          1.0,
          1.0,
          0.0,
          1.0,
          1.0,
          1.0,
          1.0,
          1.0,
          0.0,
          1.0,
          0.25,
          1.0,
          1.0,
          1.0,
          1.0
        ],
        "metrics": {
          "mae": 0.5357142857142857,
          "mape": 0.2833333333333333,
          "rmse": 0.7227180837445737,
          "smape": 1.0666666666666669,
          "rmsse": 1.345065169632686
        }
      },
      "rounded": {
        "forecast": [
          0.0,
          1.0,
          0.0,
          0.0,
          1.0,
          0.0,
          1.0,
          1.0,
          1.0,
          1.0,
          1.0,
          1.0,
          1.0,
          1.0,
          1.0,
          0.0,
          1.0,
          1.0,
          1.0,
          1.0,
          1.0,
          0.0,
          1.0,
          0.0,
          1.0,
          1.0,
          1.0,
          1.0
        ],
        "metrics": {
          "mae": 0.5357142857142857,
          "mape": 0.3,
          "rmse": 0.7319250547113999,
          "smape": 1.023809523809524,
          "rmsse": 1.3622004485800911
        }
      }
    }
  }
}