{
  "series_id": "HOUSEHOLD_1_175_CA_3_validation",
  "run": "run_20260524_085747_563601_001_subset34590_ctx56_h16_emb8_ep10_steps100",
  "horizon": [
    1,
    2,
    3,
    4,
    5,
    6,
    7,
    8,
    9,
    10,
    11,
    12,
    13,
    14,
    15,
    16,
    17,
    18,
    19,
    20,
    21,
    22,
    23,
    24,
    25,
    26,
    27,
    28
  ],
  "actuals": [
    1.0,
    2.0,
    3.0,
    3.0,
    4.0,
    4.0,
    2.0,
    5.0,
    1.0,
    3.0,
    6.0,
    2.0,
    7.0,
    2.0,
    2.0,
    0.0,
    3.0,
    3.0,
    4.0,
    3.0,
    0.0,
    3.0,
    4.0,
    0.0,
    2.0,
    1.0,
    3.0,
    5.0
  ],
  "modes": {
    "mean": {
      "raw": {
        "forecast": [
          2.1779902,
          1.8681825,
          1.7539482,
          1.8317293,
          2.0630057,
          2.069948,
          2.0005407,
          1.8709134,
          1.6699017,
          1.5992593,
          1.5405332,
          1.846883,
          2.051704,
          1.8937852,
          1.7762944,
          1.5924289,
          1.4827355,
          1.5676478,
          1.8028339,
          2.0167718,
          2.0015554,
          1.78659,
          1.5780754,
          1.5039359,
          1.5923253,
          1.8253291,
          2.034934,
          2.0145667
        ],
        "metrics": {
          "mae": 1.5260362667696816,
          "mape": 0.4515253181571052,
          "rmse": 1.940548093205856,
          "smape": 0.6970533644768331,
          "rmsse": 0.9784318018884394
        }
      },
      "rounded": {
        "forecast": [
          2.0,
          2.0,
          2.0,
          2.0,
          2.0,
          2.0,
          2.0,
          2.0,
          2.0,
          2.0,
          2.0,
          2.0,
          2.0,
          2.0,
          2.0,
          2.0,
          1.0,
          2.0,
          2.0,
          2.0,
          2.0,
          2.0,
          2.0,
          2.0,
          2.0,
          2.0,
          2.0,
          2.0
        ],
        "metrics": {
          "mae": 1.4642857142857142,
          "mape": 0.4232380952380952,
          "rmse": 1.8992479714726187,
          "smape": 0.6532879818594104,
          "rmsse": 0.9576081218842476
        }
      }
    },
    "sample-mean": {
      "raw": {
        "forecast": [
          2.07,
          2.2,
          1.42,
          1.55,
          1.71,
          1.72,
          2.07,
          1.5,
          1.6,
          1.38,
          1.58,
          1.6,
          1.97,
          1.48,
          1.51,
          1.44,
          1.42,
          1.48,
          1.64,
          1.7,
          1.8,
          1.69,
          1.43,
          1.5,
          1.37,
          1.6,
          1.79,
          1.87
        ],
        "metrics": {
          "mae": 1.6596428539071764,
          "mape": 0.4975161887804667,
          "rmse": 2.043651313929756,
          "smape": 0.7744701891791921,
          "rmsse": 1.030416841778242
        }
      },
      "rounded": {
        "forecast": [
          2.0,
          2.0,
          1.0,
          2.0,
          2.0,
          2.0,
          2.0,
          2.0,
          2.0,
          1.0,
          2.0,
          2.0,
          2.0,
          1.0,
          2.0,
          1.0,
          1.0,
          1.0,
          2.0,
          2.0,
          2.0,
          2.0,
          1.0,
          2.0,
          1.0,
          2.0,
          2.0,
          2.0
        ],
        "metrics": {
          "mae": 1.6428571428571428,
          "mape": 0.5132380952380953,
          "rmse": 2.017778127403648,
          "smape": 0.7842403628117915,
          "rmsse": 1.0173714817575512
        }
      }
    },
    "p25": {
      "raw": {
        "forecast": [
          1.0,
          1.0,
          0.0,
          0.0,
          1.0,
          0.0,
          0.0,
          0.0,
          0.0,
          0.0,
          0.0,
          0.0,
          0.0,
          0.0,
          0.0,
          0.0,
          0.0,
          0.0,
          0.0,
          0.0,
          0.0,
          0.0,
          0.0,
          0.0,
          0.0,
          0.0,
          0.0,
          0.0
        ],
        "metrics": {
          "mae": 2.6785714285714284,
          "mape": 0.93,
          "rmse": 3.2015621187164243,
          "smape": 1.6380952380952378,
          "rmsse": 1.6142399168775354
        }
      },
      "rounded": {
        "forecast": [
          1.0,
          1.0,
          0.0,
          0.0,
          1.0,
          0.0,
          0.0,
          0.0,
          0.0,
          0.0,
          0.0,
          0.0,
          0.0,
          0.0,
          0.0,
          0.0,
          0.0,
          0.0,
          0.0,
          0.0,
          0.0,
          0.0,
          0.0,
          0.0,
          0.0,
          0.0,
          0.0,
          0.0
        ],
        "metrics": {
          "mae": 2.6785714285714284,
          "mape": 0.93,
          "rmse": 3.2015621187164243,
          "smape": 1.6380952380952378,
          "rmsse": 1.6142399168775354
        }
      }
    },
    "p50": {
      "raw": {
        "forecast": [
          2.0,
          1.0,
          1.0,
          1.0,
          1.0,
          1.0,
          2.0,
          1.0,
          1.0,
          1.0,
          1.0,
          1.0,
          1.0,
          1.0,
          1.0,
          1.0,
          1.0,
          1.0,
          1.0,
          1.0,
          1.5,
          2.0,
          1.0,
          1.0,
          1.0,
          1.0,
          1.0,
          1.0
        ],
        "metrics": {
          "mae": 1.9821428571428568,
          "mape": 0.5916190476190476,
          "rmse": 2.4513116022710317,
          "smape": 0.992687074829932,
          "rmsse": 1.2359607249093068
        }
      },
      "rounded": {
        "forecast": [
          2.0,
          1.0,
          1.0,
          1.0,
          1.0,
          1.0,
          2.0,
          1.0,
          1.0,
          1.0,
          1.0,
          1.0,
          1.0,
          1.0,
          1.0,
          1.0,
          1.0,
          1.0,
          1.0,
          1.0,
          2.0,
          2.0,
          1.0,
          1.0,
          1.0,
          1.0,
          1.0,
          1.0
        ],
        "metrics": {
          "mae": 2.0,
          "mape": 0.5916190476190476,
          "rmse": 2.4640269015229057,
          "smape": 0.992687074829932,
          "rmsse": 1.2423718276292652
        }
      }
    },
    "p75": {
      "raw": {
        "forecast": [
          3.0,
          3.0,
          2.0,
          2.25,
          2.0,
          3.0,
          3.0,
          3.0,
          2.0,
          2.0,
          2.0,
          2.0,
          3.0,
          2.0,
          2.0,
          2.0,
          2.0,
          2.0,
          2.25,
          2.25,
          3.0,
          2.25,
          2.0,
          2.0,
          2.0,
          2.0,
          3.0,
          3.0
        ],
        "metrics": {
          "mae": 1.3571428571428572,
          "mape": 0.4323571428571429,
          "rmse": 1.719115220936963,
          "smape": 0.5917687074829932,
          "rmsse": 0.8667844972068737
        }
      },
      "rounded": {
        "forecast": [
          3.0,
          3.0,
          2.0,
          2.0,
          2.0,
          3.0,
          3.0,
          3.0,
          2.0,
          2.0,
          2.0,
          2.0,
          3.0,
          2.0,
          2.0,
          2.0,
          2.0,
          2.0,
          2.0,
          2.0,
          3.0,
          2.0,
          2.0,
          2.0,
          2.0,
          2.0,
          3.0,
          3.0
        ],
        "metrics": {
          "mae": 1.3928571428571428,
          "mape": 0.4448571428571429,
          "rmse": 1.742330131092924,
          "smape": 0.6078231292517007,
          "rmsse": 0.8784895440717779
        }
      }
    }
  }
}