{
  "series_id": "HOUSEHOLD_2_202_WI_1_validation",
  "run": "run_20260524_085747_563601_001_subset34590_ctx56_h16_emb8_ep10_steps100",
  "horizon": [
    1,
    2,
    3,
    4,
    5,
    6,
    7,
    8,
    9,
    10,
    11,
    12,
    13,
    14,
    15,
    16,
    17,
    18,
    19,
    20,
    21,
    22,
    23,
    24,
    25,
    26,
    27,
    28
  ],
  "actuals": [
    0.0,
    0.0,
    0.0,
    0.0,
    0.0,
    0.0,
    0.0,
    0.0,
    0.0,
    0.0,
    0.0,
    0.0,
    0.0,
    0.0,
    0.0,
    0.0,
    0.0,
    0.0,
    0.0,
    0.0,
    0.0,
    0.0,
    0.0,
    0.0,
    1.0,
    0.0,
    0.0,
    0.0
  ],
  "modes": {
    "mean": {
      "raw": {
        "forecast": [
          0.038238782,
          0.03938973,
          0.042293124,
          0.045346715,
          0.047265,
          0.0455201,
          0.04359239,
          0.041474484,
          0.041732747,
          0.046857007,
          0.045080945,
          0.0476698,
          0.049675863,
          0.044046037,
          0.043341797,
          0.04617496,
          0.045315016,
          0.047377713,
          0.05165402,
          0.048953455,
          0.04611715,
          0.045650672,
          0.04617607,
          0.04888357,
          0.051963646,
          0.053668592,
          0.052969106,
          0.050682656
        ],
        "metrics": {
          "mae": 0.0783279946606074,
          "mape": 0.9480363540351392,
          "rmse": 0.1848327962355349,
          "smape": 1.9929433131805887,
          "rmsse": 0.6782328260693574
        }
      },
      "rounded": {
        "forecast": [
          0.0,
          0.0,
          0.0,
          0.0,
          0.0,
          0.0,
          0.0,
          0.0,
          0.0,
          0.0,
          0.0,
          0.0,
          0.0,
          0.0,
          0.0,
          0.0,
          0.0,
          0.0,
          0.0,
          0.0,
          0.0,
          0.0,
          0.0,
          0.0,
          0.0,
          0.0,
          0.0,
          0.0
        ],
        "metrics": {
          "mae": 0.0357142857142857,
          "mape": 1.0,
          "rmse": 0.1889822365046136,
          "smape": 0.0714285714285714,
          "rmsse": 0.6934589475024656
        }
      }
    },
    "sample-mean": {
      "raw": {
        "forecast": [
          0.04,
          0.06,
          0.05,
          0.06,
          0.06,
          0.06,
          0.08,
          0.06,
          0.04,
          0.07,
          0.02,
          0.09,
          0.09,
          0.1,
          0.07,
          0.04,
          0.11,
          0.06,
          0.09,
          0.06,
          0.09,
          0.13,
          0.05,
          0.06,
          0.08,
          0.06,
          0.1,
          0.04
        ],
        "metrics": {
          "mae": 0.0985714284969227,
          "mape": 0.9200000017881392,
          "rmse": 0.1878639328347795,
          "smape": 1.9894179896369957,
          "rmsse": 0.6893553994642228
        }
      },
      "rounded": {
        "forecast": [
          0.0,
          0.0,
          0.0,
          0.0,
          0.0,
          0.0,
          0.0,
          0.0,
          0.0,
          0.0,
          0.0,
          0.0,
          0.0,
          0.0,
          0.0,
          0.0,
          0.0,
          0.0,
          0.0,
          0.0,
          0.0,
          0.0,
          0.0,
          0.0,
          0.0,
          0.0,
          0.0,
          0.0
        ],
        "metrics": {
          "mae": 0.0357142857142857,
          "mape": 1.0,
          "rmse": 0.1889822365046136,
          "smape": 0.0714285714285714,
          "rmsse": 0.6934589475024656
        }
      }
    },
    "p25": {
      "raw": {
        "forecast": [
          0.0,
          0.0,
          0.0,
          0.0,
          0.0,
          0.0,
          0.0,
          0.0,
          0.0,
          0.0,
          0.0,
          0.0,
          0.0,
          0.0,
          0.0,
          0.0,
          0.0,
          0.0,
          0.0,
          0.0,
          0.0,
          0.0,
          0.0,
          0.0,
          0.0,
          0.0,
          0.0,
          0.0
        ],
        "metrics": {
          "mae": 0.0357142857142857,
          "mape": 1.0,
          "rmse": 0.1889822365046136,
          "smape": 0.0714285714285714,
          "rmsse": 0.6934589475024656
        }
      },
      "rounded": {
        "forecast": [
          0.0,
          0.0,
          0.0,
          0.0,
          0.0,
          0.0,
          0.0,
          0.0,
          0.0,
          0.0,
          0.0,
          0.0,
          0.0,
          0.0,
          0.0,
          0.0,
          0.0,
          0.0,
          0.0,
          0.0,
          0.0,
          0.0,
          0.0,
          0.0,
          0.0,
          0.0,
          0.0,
          0.0
        ],
        "metrics": {
          "mae": 0.0357142857142857,
          "mape": 1.0,
          "rmse": 0.1889822365046136,
          "smape": 0.0714285714285714,
          "rmsse": 0.6934589475024656
        }
      }
    },
    "p50": {
      "raw": {
        "forecast": [
          0.0,
          0.0,
          0.0,
          0.0,
          0.0,
          0.0,
          0.0,
          0.0,
          0.0,
          0.0,
          0.0,
          0.0,
          0.0,
          0.0,
          0.0,
          0.0,
          0.0,
          0.0,
          0.0,
          0.0,
          0.0,
          0.0,
          0.0,
          0.0,
          0.0,
          0.0,
          0.0,
          0.0
        ],
        "metrics": {
          "mae": 0.0357142857142857,
          "mape": 1.0,
          "rmse": 0.1889822365046136,
          "smape": 0.0714285714285714,
          "rmsse": 0.6934589475024656
        }
      },
      "rounded": {
        "forecast": [
          0.0,
          0.0,
          0.0,
          0.0,
          0.0,
          0.0,
          0.0,
          0.0,
          0.0,
          0.0,
          0.0,
          0.0,
          0.0,
          0.0,
          0.0,
          0.0,
          0.0,
          0.0,
          0.0,
          0.0,
          0.0,
          0.0,
          0.0,
          0.0,
          0.0,
          0.0,
          0.0,
          0.0
        ],
        "metrics": {
          "mae": 0.0357142857142857,
          "mape": 1.0,
          "rmse": 0.1889822365046136,
          "smape": 0.0714285714285714,
          "rmsse": 0.6934589475024656
        }
      }
    },
    "p75": {
      "raw": {
        "forecast": [
          0.0,
          0.0,
          0.0,
          0.0,
          0.0,
          0.0,
          0.0,
          0.0,
          0.0,
          0.0,
          0.0,
          0.0,
          0.0,
          0.0,
          0.0,
          0.0,
          0.0,
          0.0,
          0.0,
          0.0,
          0.0,
          0.0,
          0.0,
          0.0,
          0.0,
          0.0,
          0.0,
          0.0
        ],
        "metrics": {
          "mae": 0.0357142857142857,
          "mape": 1.0,
          "rmse": 0.1889822365046136,
          "smape": 0.0714285714285714,
          "rmsse": 0.6934589475024656
        }
      },
      "rounded": {
        "forecast": [
          0.0,
          0.0,
          0.0,
          0.0,
          0.0,
          0.0,
          0.0,
          0.0,
          0.0,
          0.0,
          0.0,
          0.0,
          0.0,
          0.0,
          0.0,
          0.0,
          0.0,
          0.0,
          0.0,
          0.0,
          0.0,
          0.0,
          0.0,
          0.0,
          0.0,
          0.0,
          0.0,
          0.0
        ],
        "metrics": {
          "mae": 0.0357142857142857,
          "mape": 1.0,
          "rmse": 0.1889822365046136,
          "smape": 0.0714285714285714,
          "rmsse": 0.6934589475024656
        }
      }
    }
  }
}