{
  "series_id": "HOUSEHOLD_1_537_CA_2_validation",
  "run": "run_20260524_085747_563601_001_subset34590_ctx56_h16_emb8_ep10_steps100",
  "horizon": [
    1,
    2,
    3,
    4,
    5,
    6,
    7,
    8,
    9,
    10,
    11,
    12,
    13,
    14,
    15,
    16,
    17,
    18,
    19,
    20,
    21,
    22,
    23,
    24,
    25,
    26,
    27,
    28
  ],
  "actuals": [
    0.0,
    3.0,
    1.0,
    1.0,
    3.0,
    2.0,
    2.0,
    0.0,
    1.0,
    0.0,
    2.0,
    2.0,
    4.0,
    2.0,
    4.0,
    1.0,
    1.0,
    1.0,
    2.0,
    3.0,
    3.0,
    0.0,
    0.0,
    1.0,
    3.0,
    1.0,
    1.0,
    4.0
  ],
  "modes": {
    "mean": {
      "raw": {
        "forecast": [
          1.5797001,
          1.4898193,
          1.4548429,
          1.6180667,
          1.9078808,
          1.9583446,
          2.0506685,
          1.9655085,
          1.7775203,
          1.7663902,
          1.8062454,
          2.235509,
          2.5168633,
          2.3544834,
          2.2216866,
          1.9847035,
          1.7840508,
          1.9567157,
          2.269286,
          2.5294576,
          2.4925761,
          2.1765132,
          1.8873239,
          1.8217958,
          1.9944484,
          2.3171058,
          2.5809875,
          2.5413983
        ],
        "metrics": {
          "mae": 1.0043732523918152,
          "mape": 0.5033515743587328,
          "rmse": 1.1821476052913145,
          "smape": 0.6938789159335813,
          "rmsse": 0.4824415529268617
        }
      },
      "rounded": {
        "forecast": [
          2.0,
          1.0,
          1.0,
          2.0,
          2.0,
          2.0,
          2.0,
          2.0,
          2.0,
          2.0,
          2.0,
          2.0,
          3.0,
          2.0,
          2.0,
          2.0,
          2.0,
          2.0,
          2.0,
          3.0,
          2.0,
          2.0,
          2.0,
          2.0,
          2.0,
          2.0,
          3.0,
          3.0
        ],
        "metrics": {
          "mae": 1.0,
          "mape": 0.5072463768115941,
          "rmse": 1.2535663410560174,
          "smape": 0.682312925170068,
          "rmsse": 0.5115879688534123
        }
      }
    },
    "sample-mean": {
      "raw": {
        "forecast": [
          1.58,
          1.52,
          1.21,
          1.42,
          1.72,
          1.57,
          1.94,
          2.02,
          1.62,
          1.79,
          1.52,
          2.27,
          2.14,
          2.26,
          1.66,
          1.82,
          1.42,
          1.66,
          1.87,
          2.05,
          1.95,
          1.76,
          1.31,
          1.28,
          1.79,
          1.86,
          2.03,
          2.14
        ],
        "metrics": {
          "mae": 0.9799999850136892,
          "mape": 0.4191304276818814,
          "rmse": 1.174609343439991,
          "smape": 0.6915549351441562,
          "rmsse": 0.4793651428934245
        }
      },
      "rounded": {
        "forecast": [
          2.0,
          2.0,
          1.0,
          1.0,
          2.0,
          2.0,
          2.0,
          2.0,
          2.0,
          2.0,
          2.0,
          2.0,
          2.0,
          2.0,
          2.0,
          2.0,
          1.0,
          2.0,
          2.0,
          2.0,
          2.0,
          2.0,
          1.0,
          1.0,
          2.0,
          2.0,
          2.0,
          2.0
        ],
        "metrics": {
          "mae": 0.8928571428571429,
          "mape": 0.3550724637681158,
          "rmse": 1.1801936887041646,
          "smape": 0.6190476190476192,
          "rmsse": 0.4816441478072515
        }
      }
    },
    "p25": {
      "raw": {
        "forecast": [
          1.0,
          0.0,
          0.0,
          0.0,
          0.0,
          0.0,
          0.75,
          1.0,
          0.0,
          0.0,
          0.0,
          1.0,
          1.0,
          1.0,
          0.0,
          0.0,
          0.0,
          1.0,
          1.0,
          1.0,
          0.0,
          0.0,
          0.0,
          0.0,
          0.0,
          0.0,
          1.0,
          0.0
        ],
        "metrics": {
          "mae": 1.5089285714285714,
          "mape": 0.806159420289855,
          "rmse": 1.9138825534947093,
          "smape": 1.3967532467532469,
          "rmsse": 0.7810669895153057
        }
      },
      "rounded": {
        "forecast": [
          1.0,
          0.0,
          0.0,
          0.0,
          0.0,
          0.0,
          1.0,
          1.0,
          0.0,
          0.0,
          0.0,
          1.0,
          1.0,
          1.0,
          0.0,
          0.0,
          0.0,
          1.0,
          1.0,
          1.0,
          0.0,
          0.0,
          0.0,
          0.0,
          0.0,
          0.0,
          1.0,
          0.0
        ],
        "metrics": {
          "mae": 1.5,
          "mape": 0.8007246376811593,
          "rmse": 1.9086270308410556,
          "smape": 1.388095238095238,
          "rmsse": 0.7789221790879766
        }
      }
    },
    "p50": {
      "raw": {
        "forecast": [
          1.0,
          1.0,
          1.0,
          1.0,
          1.0,
          1.0,
          1.5,
          2.0,
          1.0,
          1.0,
          1.0,
          2.0,
          2.0,
          2.0,
          1.0,
          1.0,
          1.0,
          1.0,
          1.0,
          2.0,
          2.0,
          1.0,
          1.0,
          1.0,
          1.0,
          1.5,
          2.0,
          2.0
        ],
        "metrics": {
          "mae": 0.9285714285714286,
          "mape": 0.3333333333333333,
          "rmse": 1.246423454758225,
          "smape": 0.7030612244897959,
          "rmsse": 0.5086729139630902
        }
      },
      "rounded": {
        "forecast": [
          1.0,
          1.0,
          1.0,
          1.0,
          1.0,
          1.0,
          2.0,
          2.0,
          1.0,
          1.0,
          1.0,
          2.0,
          2.0,
          2.0,
          1.0,
          1.0,
          1.0,
          1.0,
          1.0,
          2.0,
          2.0,
          1.0,
          1.0,
          1.0,
          1.0,
          2.0,
          2.0,
          2.0
        ],
        "metrics": {
          "mae": 0.9285714285714286,
          "mape": 0.3442028985507246,
          "rmse": 1.2535663410560174,
          "smape": 0.7023809523809526,
          "rmsse": 0.5115879688534123
        }
      }
    },
    "p75": {
      "raw": {
        "forecast": [
          2.0,
          2.0,
          2.0,
          2.0,
          3.0,
          2.0,
          3.0,
          3.0,
          3.0,
          3.0,
          2.0,
          3.0,
          3.0,
          3.0,
          2.25,
          3.0,
          2.0,
          2.25,
          2.0,
          3.0,
          3.0,
          2.0,
          2.0,
          2.0,
          3.0,
          3.0,
          3.0,
          3.0
        ],
        "metrics": {
          "mae": 1.1785714285714286,
          "mape": 0.6965579710144927,
          "rmse": 1.471454576746619,
          "smape": 0.7202616431187858,
          "rmsse": 0.600509469282425
        }
      },
      "rounded": {
        "forecast": [
          2.0,
          2.0,
          2.0,
          2.0,
          3.0,
          2.0,
          3.0,
          3.0,
          3.0,
          3.0,
          2.0,
          3.0,
          3.0,
          3.0,
          2.0,
          3.0,
          2.0,
          2.0,
          2.0,
          3.0,
          3.0,
          2.0,
          2.0,
          2.0,
          3.0,
          3.0,
          3.0,
          3.0
        ],
        "metrics": {
          "mae": 1.1785714285714286,
          "mape": 0.6884057971014492,
          "rmse": 1.475998451412273,
          "smape": 0.720408163265306,
          "rmsse": 0.6023638518825258
        }
      }
    }
  }
}