{
  "series_id": "HOUSEHOLD_1_393_CA_3_validation",
  "run": "run_20260524_085747_563601_001_subset34590_ctx56_h16_emb8_ep10_steps100",
  "horizon": [
    1,
    2,
    3,
    4,
    5,
    6,
    7,
    8,
    9,
    10,
    11,
    12,
    13,
    14,
    15,
    16,
    17,
    18,
    19,
    20,
    21,
    22,
    23,
    24,
    25,
    26,
    27,
    28
  ],
  "actuals": [
    3.0,
    3.0,
    0.0,
    0.0,
    3.0,
    1.0,
    1.0,
    0.0,
    1.0,
    0.0,
    2.0,
    3.0,
    7.0,
    0.0,
    6.0,
    0.0,
    0.0,
    0.0,
    2.0,
    1.0,
    7.0,
    0.0,
    4.0,
    1.0,
    0.0,
    3.0,
    2.0,
    5.0
  ],
  "modes": {
    "mean": {
      "raw": {
        "forecast": [
          1.6992364,
          1.5247539,
          1.4879256,
          1.6264033,
          1.9522737,
          2.1273408,
          2.315917,
          2.2503078,
          2.0392935,
          1.9907087,
          2.0286314,
          2.5320697,
          2.9303622,
          2.8000543,
          2.6396782,
          2.3551366,
          2.0982876,
          2.2429237,
          2.6002772,
          2.9394765,
          2.9166512,
          2.5706518,
          2.2423346,
          2.1312847,
          2.2754135,
          2.6386166,
          2.9747715,
          2.9454572
        ],
        "metrics": {
          "mae": 1.7797632813453674,
          "mape": 0.6378477815913145,
          "rmse": 2.036112762868333,
          "smape": 1.071441459046189,
          "rmsse": 0.8115301896808381
        }
      },
      "rounded": {
        "forecast": [
          2.0,
          2.0,
          1.0,
          2.0,
          2.0,
          2.0,
          2.0,
          2.0,
          2.0,
          2.0,
          2.0,
          3.0,
          3.0,
          3.0,
          3.0,
          2.0,
          2.0,
          2.0,
          3.0,
          3.0,
          3.0,
          3.0,
          2.0,
          2.0,
          2.0,
          3.0,
          3.0,
          3.0
        ],
        "metrics": {
          "mae": 1.6785714285714286,
          "mape": 0.5857142857142857,
          "rmse": 1.9730324738475904,
          "smape": 1.039285714285714,
          "rmsse": 0.7863883803234769
        }
      }
    },
    "sample-mean": {
      "raw": {
        "forecast": [
          1.66,
          1.35,
          1.43,
          1.26,
          1.94,
          1.93,
          1.96,
          2.19,
          1.86,
          1.57,
          1.86,
          2.63,
          2.81,
          2.12,
          2.18,
          1.83,
          1.78,
          1.92,
          2.01,
          2.26,
          2.45,
          2.13,
          1.91,
          2.02,
          2.06,
          2.07,
          2.59,
          2.63
        ],
        "metrics": {
          "mae": 1.658214271068573,
          "mape": 0.5591706271682466,
          "rmse": 1.9764099740230188,
          "smape": 1.0717441458671864,
          "rmsse": 0.7877345451371344
        }
      },
      "rounded": {
        "forecast": [
          2.0,
          1.0,
          1.0,
          1.0,
          2.0,
          2.0,
          2.0,
          2.0,
          2.0,
          2.0,
          2.0,
          3.0,
          3.0,
          2.0,
          2.0,
          2.0,
          2.0,
          2.0,
          2.0,
          2.0,
          2.0,
          2.0,
          2.0,
          2.0,
          2.0,
          2.0,
          3.0,
          3.0
        ],
        "metrics": {
          "mae": 1.6428571428571428,
          "mape": 0.5566137566137566,
          "rmse": 2.0,
          "smape": 1.0718253968253966,
          "rmsse": 0.7971367838563234
        }
      }
    },
    "p25": {
      "raw": {
        "forecast": [
          0.75,
          0.0,
          0.0,
          0.0,
          0.75,
          0.0,
          0.0,
          1.0,
          0.0,
          0.0,
          0.75,
          1.0,
          1.0,
          1.0,
          1.0,
          0.0,
          0.0,
          0.75,
          0.0,
          1.0,
          1.0,
          1.0,
          1.0,
          1.0,
          0.0,
          1.0,
          1.0,
          1.0
        ],
        "metrics": {
          "mae": 1.6607142857142858,
          "mape": 0.7253306878306879,
          "rmse": 2.407206442568409,
          "smape": 1.1049165120593691,
          "rmsse": 0.9594364008536016
        }
      },
      "rounded": {
        "forecast": [
          1.0,
          0.0,
          0.0,
          0.0,
          1.0,
          0.0,
          0.0,
          1.0,
          0.0,
          0.0,
          1.0,
          1.0,
          1.0,
          1.0,
          1.0,
          0.0,
          0.0,
          1.0,
          0.0,
          1.0,
          1.0,
          1.0,
          1.0,
          1.0,
          0.0,
          1.0,
          1.0,
          1.0
        ],
        "metrics": {
          "mae": 1.6428571428571428,
          "mape": 0.7091269841269843,
          "rmse": 2.390457218668787,
          "smape": 1.0819727891156463,
          "rmsse": 0.9527606896178846
        }
      }
    },
    "p50": {
      "raw": {
        "forecast": [
          1.0,
          1.0,
          1.0,
          1.0,
          1.0,
          2.0,
          1.0,
          2.0,
          1.0,
          1.0,
          1.0,
          2.0,
          3.0,
          2.0,
          1.0,
          1.0,
          1.0,
          1.0,
          2.0,
          2.0,
          2.0,
          2.0,
          2.0,
          1.0,
          2.0,
          2.0,
          2.0,
          2.0
        ],
        "metrics": {
          "mae": 1.5714285714285714,
          "mape": 0.4658730158730159,
          "rmse": 2.052872551885702,
          "smape": 1.0951247165532878,
          "rmsse": 0.818210111838546
        }
      },
      "rounded": {
        "forecast": [
          1.0,
          1.0,
          1.0,
          1.0,
          1.0,
          2.0,
          1.0,
          2.0,
          1.0,
          1.0,
          1.0,
          2.0,
          3.0,
          2.0,
          1.0,
          1.0,
          1.0,
          1.0,
          2.0,
          2.0,
          2.0,
          2.0,
          2.0,
          1.0,
          2.0,
          2.0,
          2.0,
          2.0
        ],
        "metrics": {
          "mae": 1.5714285714285714,
          "mape": 0.4658730158730159,
          "rmse": 2.052872551885702,
          "smape": 1.0951247165532878,
          "rmsse": 0.818210111838546
        }
      }
    },
    "p75": {
      "raw": {
        "forecast": [
          2.0,
          2.0,
          2.0,
          2.0,
          3.0,
          3.0,
          3.0,
          3.0,
          3.0,
          2.0,
          3.0,
          4.0,
          4.0,
          3.0,
          3.0,
          3.0,
          3.0,
          3.0,
          3.0,
          3.0,
          4.0,
          3.0,
          3.0,
          3.0,
          3.0,
          3.0,
          4.0,
          4.0
        ],
        "metrics": {
          "mae": 1.9642857142857144,
          "mape": 0.8226190476190476,
          "rmse": 2.179449471770337,
          "smape": 1.0649247577819003,
          "rmsse": 0.8686596712521846
        }
      },
      "rounded": {
        "forecast": [
          2.0,
          2.0,
          2.0,
          2.0,
          3.0,
          3.0,
          3.0,
          3.0,
          3.0,
          2.0,
          3.0,
          4.0,
          4.0,
          3.0,
          3.0,
          3.0,
          3.0,
          3.0,
          3.0,
          3.0,
          4.0,
          3.0,
          3.0,
          3.0,
          3.0,
          3.0,
          4.0,
          4.0
        ],
        "metrics": {
          "mae": 1.9642857142857144,
          "mape": 0.8226190476190476,
          "rmse": 2.179449471770337,
          "smape": 1.0649247577819003,
          "rmsse": 0.8686596712521846
        }
      }
    }
  }
}