{
  "series_id": "HOUSEHOLD_2_258_TX_3_validation",
  "run": "run_20260524_085747_563601_001_subset34590_ctx56_h16_emb8_ep10_steps100",
  "horizon": [
    1,
    2,
    3,
    4,
    5,
    6,
    7,
    8,
    9,
    10,
    11,
    12,
    13,
    14,
    15,
    16,
    17,
    18,
    19,
    20,
    21,
    22,
    23,
    24,
    25,
    26,
    27,
    28
  ],
  "actuals": [
    0.0,
    0.0,
    0.0,
    0.0,
    0.0,
    1.0,
    0.0,
    0.0,
    1.0,
    0.0,
    0.0,
    0.0,
    0.0,
    1.0,
    0.0,
    0.0,
    0.0,
    0.0,
    0.0,
    0.0,
    0.0,
    0.0,
    0.0,
    0.0,
    0.0,
    0.0,
    0.0,
    0.0
  ],
  "modes": {
    "mean": {
      "raw": {
        "forecast": [
          0.22463419,
          0.20722763,
          0.20010075,
          0.2084818,
          0.23339698,
          0.24092065,
          0.24305129,
          0.23674276,
          0.2199334,
          0.21245788,
          0.20295626,
          0.24058434,
          0.2715345,
          0.2551234,
          0.25486594,
          0.23540404,
          0.22797409,
          0.2396638,
          0.26893204,
          0.29851457,
          0.3115779,
          0.28781462,
          0.26269925,
          0.25304183,
          0.2625783,
          0.2913176,
          0.32392922,
          0.3312687
        ],
        "metrics": {
          "mae": 0.3076704586190836,
          "mape": 0.7613408466180166,
          "rmse": 0.3472674675030048,
          "smape": 1.917472083011022,
          "rmsse": 0.9884439382547782
        }
      },
      "rounded": {
        "forecast": [
          0.0,
          0.0,
          0.0,
          0.0,
          0.0,
          0.0,
          0.0,
          0.0,
          0.0,
          0.0,
          0.0,
          0.0,
          0.0,
          0.0,
          0.0,
          0.0,
          0.0,
          0.0,
          0.0,
          0.0,
          0.0,
          0.0,
          0.0,
          0.0,
          0.0,
          0.0,
          0.0,
          0.0
        ],
        "metrics": {
          "mae": 0.1071428571428571,
          "mape": 1.0,
          "rmse": 0.3273268353539885,
          "smape": 0.2142857142857142,
          "rmsse": 0.9316859669009172
        }
      }
    },
    "sample-mean": {
      "raw": {
        "forecast": [
          0.27,
          0.22,
          0.18,
          0.28,
          0.28,
          0.29,
          0.31,
          0.33,
          0.24,
          0.26,
          0.18,
          0.28,
          0.3,
          0.35,
          0.15,
          0.23,
          0.22,
          0.36,
          0.39,
          0.29,
          0.36,
          0.27,
          0.33,
          0.22,
          0.17,
          0.31,
          0.31,
          0.38
        ],
        "metrics": {
          "mae": 0.3214285751538617,
          "mape": 0.7066666732231776,
          "rmse": 0.3537048847631202,
          "smape": 1.9031980234096293,
          "rmsse": 1.006767065711924
        }
      },
      "rounded": {
        "forecast": [
          0.0,
          0.0,
          0.0,
          0.0,
          0.0,
          0.0,
          0.0,
          0.0,
          0.0,
          0.0,
          0.0,
          0.0,
          0.0,
          0.0,
          0.0,
          0.0,
          0.0,
          0.0,
          0.0,
          0.0,
          0.0,
          0.0,
          0.0,
          0.0,
          0.0,
          0.0,
          0.0,
          0.0
        ],
        "metrics": {
          "mae": 0.1071428571428571,
          "mape": 1.0,
          "rmse": 0.3273268353539885,
          "smape": 0.2142857142857142,
          "rmsse": 0.9316859669009172
        }
      }
    },
    "p25": {
      "raw": {
        "forecast": [
          0.0,
          0.0,
          0.0,
          0.0,
          0.0,
          0.0,
          0.0,
          0.0,
          0.0,
          0.0,
          0.0,
          0.0,
          0.0,
          0.0,
          0.0,
          0.0,
          0.0,
          0.0,
          0.0,
          0.0,
          0.0,
          0.0,
          0.0,
          0.0,
          0.0,
          0.0,
          0.0,
          0.0
        ],
        "metrics": {
          "mae": 0.1071428571428571,
          "mape": 1.0,
          "rmse": 0.3273268353539885,
          "smape": 0.2142857142857142,
          "rmsse": 0.9316859669009172
        }
      },
      "rounded": {
        "forecast": [
          0.0,
          0.0,
          0.0,
          0.0,
          0.0,
          0.0,
          0.0,
          0.0,
          0.0,
          0.0,
          0.0,
          0.0,
          0.0,
          0.0,
          0.0,
          0.0,
          0.0,
          0.0,
          0.0,
          0.0,
          0.0,
          0.0,
          0.0,
          0.0,
          0.0,
          0.0,
          0.0,
          0.0
        ],
        "metrics": {
          "mae": 0.1071428571428571,
          "mape": 1.0,
          "rmse": 0.3273268353539885,
          "smape": 0.2142857142857142,
          "rmsse": 0.9316859669009172
        }
      }
    },
    "p50": {
      "raw": {
        "forecast": [
          0.0,
          0.0,
          0.0,
          0.0,
          0.0,
          0.0,
          0.0,
          0.0,
          0.0,
          0.0,
          0.0,
          0.0,
          0.0,
          0.0,
          0.0,
          0.0,
          0.0,
          0.0,
          0.0,
          0.0,
          0.0,
          0.0,
          0.0,
          0.0,
          0.0,
          0.0,
          0.0,
          0.0
        ],
        "metrics": {
          "mae": 0.1071428571428571,
          "mape": 1.0,
          "rmse": 0.3273268353539885,
          "smape": 0.2142857142857142,
          "rmsse": 0.9316859669009172
        }
      },
      "rounded": {
        "forecast": [
          0.0,
          0.0,
          0.0,
          0.0,
          0.0,
          0.0,
          0.0,
          0.0,
          0.0,
          0.0,
          0.0,
          0.0,
          0.0,
          0.0,
          0.0,
          0.0,
          0.0,
          0.0,
          0.0,
          0.0,
          0.0,
          0.0,
          0.0,
          0.0,
          0.0,
          0.0,
          0.0,
          0.0
        ],
        "metrics": {
          "mae": 0.1071428571428571,
          "mape": 1.0,
          "rmse": 0.3273268353539885,
          "smape": 0.2142857142857142,
          "rmsse": 0.9316859669009172
        }
      }
    },
    "p75": {
      "raw": {
        "forecast": [
          0.0,
          0.0,
          0.0,
          0.0,
          0.0,
          0.0,
          0.0,
          0.0,
          0.0,
          0.0,
          0.0,
          0.0,
          0.0,
          1.0,
          0.0,
          0.0,
          0.0,
          0.0,
          1.0,
          0.0,
          1.0,
          0.0,
          0.0,
          0.0,
          0.0,
          0.0,
          0.0,
          1.0
        ],
        "metrics": {
          "mae": 0.1785714285714285,
          "mape": 0.6666666666666666,
          "rmse": 0.4225771273642583,
          "smape": 0.3571428571428571,
          "rmsse": 1.2028014112341354
        }
      },
      "rounded": {
        "forecast": [
          0.0,
          0.0,
          0.0,
          0.0,
          0.0,
          0.0,
          0.0,
          0.0,
          0.0,
          0.0,
          0.0,
          0.0,
          0.0,
          1.0,
          0.0,
          0.0,
          0.0,
          0.0,
          1.0,
          0.0,
          1.0,
          0.0,
          0.0,
          0.0,
          0.0,
          0.0,
          0.0,
          1.0
        ],
        "metrics": {
          "mae": 0.1785714285714285,
          "mape": 0.6666666666666666,
          "rmse": 0.4225771273642583,
          "smape": 0.3571428571428571,
          "rmsse": 1.2028014112341354
        }
      }
    }
  }
}