{
  "series_id": "HOUSEHOLD_2_467_TX_2_validation",
  "run": "run_20260524_085747_563601_001_subset34590_ctx56_h16_emb8_ep10_steps100",
  "horizon": [
    1,
    2,
    3,
    4,
    5,
    6,
    7,
    8,
    9,
    10,
    11,
    12,
    13,
    14,
    15,
    16,
    17,
    18,
    19,
    20,
    21,
    22,
    23,
    24,
    25,
    26,
    27,
    28
  ],
  "actuals": [
    0.0,
    0.0,
    0.0,
    4.0,
    0.0,
    1.0,
    1.0,
    0.0,
    1.0,
    0.0,
    2.0,
    1.0,
    1.0,
    0.0,
    0.0,
    1.0,
    0.0,
    0.0,
    0.0,
    0.0,
    0.0,
    1.0,
    1.0,
    1.0,
    0.0,
    2.0,
    0.0,
    0.0
  ],
  "modes": {
    "mean": {
      "raw": {
        "forecast": [
          0.76007396,
          0.6318897,
          0.59636384,
          0.6451703,
          0.74927974,
          0.75319993,
          0.75717384,
          0.6385571,
          0.5914603,
          0.53405464,
          0.5670455,
          0.7336106,
          0.8368675,
          0.68833965,
          0.66855615,
          0.5353298,
          0.552435,
          0.61686254,
          0.73829806,
          0.7697635,
          0.7925082,
          0.6248514,
          0.5297453,
          0.50523996,
          0.5517941,
          0.6481624,
          0.72036856,
          0.68651336
        ],
        "metrics": {
          "mae": 0.7131357597453254,
          "mape": 0.4469687379896641,
          "rmse": 0.9180055870477896,
          "smape": 1.4099061481181134,
          "rmsse": 0.821949388386909
        }
      },
      "rounded": {
        "forecast": [
          1.0,
          1.0,
          1.0,
          1.0,
          1.0,
          1.0,
          1.0,
          1.0,
          1.0,
          1.0,
          1.0,
          1.0,
          1.0,
          1.0,
          1.0,
          1.0,
          1.0,
          1.0,
          1.0,
          1.0,
          1.0,
          1.0,
          1.0,
          1.0,
          1.0,
          1.0,
          1.0,
          1.0
        ],
        "metrics": {
          "mae": 0.75,
          "mape": 0.1458333333333333,
          "rmse": 0.9819805060619656,
          "smape": 1.2333333333333332,
          "rmsse": 0.8792302440785495
        }
      }
    },
    "sample-mean": {
      "raw": {
        "forecast": [
          0.72,
          0.56,
          0.47,
          0.67,
          0.67,
          0.5,
          0.91,
          0.6,
          0.65,
          0.63,
          0.48,
          0.76,
          1.03,
          0.63,
          0.67,
          0.52,
          0.66,
          0.48,
          0.62,
          0.55,
          0.54,
          0.45,
          0.28,
          0.39,
          0.38,
          0.48,
          0.73,
          0.46
        ],
        "metrics": {
          "mae": 0.6896428636142186,
          "mape": 0.493541669100523,
          "rmse": 0.9104571108310358,
          "smape": 1.4556453042660074,
          "rmsse": 0.8151907526039104
        }
      },
      "rounded": {
        "forecast": [
          1.0,
          1.0,
          0.0,
          1.0,
          1.0,
          0.0,
          1.0,
          1.0,
          1.0,
          1.0,
          0.0,
          1.0,
          1.0,
          1.0,
          1.0,
          1.0,
          1.0,
          0.0,
          1.0,
          1.0,
          1.0,
          0.0,
          0.0,
          0.0,
          0.0,
          0.0,
          1.0,
          0.0
        ],
        "metrics": {
          "mae": 0.8214285714285714,
          "mape": 0.5625,
          "rmse": 1.0856202966836188,
          "smape": 1.3285714285714287,
          "rmsse": 0.9720256079803822
        }
      }
    },
    "p25": {
      "raw": {
        "forecast": [
          0.0,
          0.0,
          0.0,
          0.0,
          0.0,
          0.0,
          0.0,
          0.0,
          0.0,
          0.0,
          0.0,
          0.0,
          0.0,
          0.0,
          0.0,
          0.0,
          0.0,
          0.0,
          0.0,
          0.0,
          0.0,
          0.0,
          0.0,
          0.0,
          0.0,
          0.0,
          0.0,
          0.0
        ],
        "metrics": {
          "mae": 0.6071428571428571,
          "mape": 1.0,
          "rmse": 1.0856202966836188,
          "smape": 0.8571428571428571,
          "rmsse": 0.9720256079803822
        }
      },
      "rounded": {
        "forecast": [
          0.0,
          0.0,
          0.0,
          0.0,
          0.0,
          0.0,
          0.0,
          0.0,
          0.0,
          0.0,
          0.0,
          0.0,
          0.0,
          0.0,
          0.0,
          0.0,
          0.0,
          0.0,
          0.0,
          0.0,
          0.0,
          0.0,
          0.0,
          0.0,
          0.0,
          0.0,
          0.0,
          0.0
        ],
        "metrics": {
          "mae": 0.6071428571428571,
          "mape": 1.0,
          "rmse": 1.0856202966836188,
          "smape": 0.8571428571428571,
          "rmsse": 0.9720256079803822
        }
      }
    },
    "p50": {
      "raw": {
        "forecast": [
          0.0,
          0.0,
          0.0,
          0.0,
          0.0,
          0.0,
          0.0,
          0.0,
          0.0,
          0.0,
          0.0,
          0.0,
          0.0,
          0.0,
          0.0,
          0.0,
          0.0,
          0.0,
          0.0,
          0.0,
          0.0,
          0.0,
          0.0,
          0.0,
          0.0,
          0.0,
          0.0,
          0.0
        ],
        "metrics": {
          "mae": 0.6071428571428571,
          "mape": 1.0,
          "rmse": 1.0856202966836188,
          "smape": 0.8571428571428571,
          "rmsse": 0.9720256079803822
        }
      },
      "rounded": {
        "forecast": [
          0.0,
          0.0,
          0.0,
          0.0,
          0.0,
          0.0,
          0.0,
          0.0,
          0.0,
          0.0,
          0.0,
          0.0,
          0.0,
          0.0,
          0.0,
          0.0,
          0.0,
          0.0,
          0.0,
          0.0,
          0.0,
          0.0,
          0.0,
          0.0,
          0.0,
          0.0,
          0.0,
          0.0
        ],
        "metrics": {
          "mae": 0.6071428571428571,
          "mape": 1.0,
          "rmse": 1.0856202966836188,
          "smape": 0.8571428571428571,
          "rmsse": 0.9720256079803822
        }
      }
    },
    "p75": {
      "raw": {
        "forecast": [
          1.0,
          1.0,
          1.0,
          1.0,
          1.0,
          1.0,
          1.0,
          1.0,
          1.0,
          1.0,
          1.0,
          1.0,
          1.25,
          1.0,
          1.0,
          1.0,
          1.0,
          1.0,
          1.0,
          1.0,
          1.0,
          1.0,
          0.0,
          1.0,
          1.0,
          1.0,
          1.0,
          1.0
        ],
        "metrics": {
          "mae": 0.7946428571428571,
          "mape": 0.25,
          "rmse": 1.0011154493149843,
          "smape": 1.3126984126984127,
          "rmsse": 0.8963629882857131
        }
      },
      "rounded": {
        "forecast": [
          1.0,
          1.0,
          1.0,
          1.0,
          1.0,
          1.0,
          1.0,
          1.0,
          1.0,
          1.0,
          1.0,
          1.0,
          1.0,
          1.0,
          1.0,
          1.0,
          1.0,
          1.0,
          1.0,
          1.0,
          1.0,
          1.0,
          0.0,
          1.0,
          1.0,
          1.0,
          1.0,
          1.0
        ],
        "metrics": {
          "mae": 0.7857142857142857,
          "mape": 0.2291666666666666,
          "rmse": 1.0,
          "smape": 1.3047619047619048,
          "rmsse": 0.8953642548409894
        }
      }
    }
  }
}