{
  "series_id": "HOUSEHOLD_2_506_WI_2_validation",
  "run": "run_20260524_085747_563601_001_subset34590_ctx56_h16_emb8_ep10_steps100",
  "horizon": [
    1,
    2,
    3,
    4,
    5,
    6,
    7,
    8,
    9,
    10,
    11,
    12,
    13,
    14,
    15,
    16,
    17,
    18,
    19,
    20,
    21,
    22,
    23,
    24,
    25,
    26,
    27,
    28
  ],
  "actuals": [
    0.0,
    0.0,
    0.0,
    0.0,
    0.0,
    0.0,
    0.0,
    0.0,
    0.0,
    0.0,
    0.0,
    0.0,
    0.0,
    0.0,
    0.0,
    0.0,
    0.0,
    0.0,
    0.0,
    0.0,
    0.0,
    0.0,
    0.0,
    1.0,
    0.0,
    0.0,
    1.0,
    0.0
  ],
  "modes": {
    "mean": {
      "raw": {
        "forecast": [
          0.08910144,
          0.080011755,
          0.07522077,
          0.07716694,
          0.08688772,
          0.096394524,
          0.09944512,
          0.09792611,
          0.08957268,
          0.08389926,
          0.086496085,
          0.10314331,
          0.11241685,
          0.109905735,
          0.10503639,
          0.09274676,
          0.08662767,
          0.08990961,
          0.10021929,
          0.111746475,
          0.11054685,
          0.0980999,
          0.08694094,
          0.081172094,
          0.0833016,
          0.09391594,
          0.10398701,
          0.10306894
        ],
        "metrics": {
          "mae": 0.1523067698414836,
          "mape": 0.9074204489588736,
          "rmse": 0.2591742888870577,
          "smape": 1.9758185563811292,
          "rmsse": 0.9073473191561404
        }
      },
      "rounded": {
        "forecast": [
          0.0,
          0.0,
          0.0,
          0.0,
          0.0,
          0.0,
          0.0,
          0.0,
          0.0,
          0.0,
          0.0,
          0.0,
          0.0,
          0.0,
          0.0,
          0.0,
          0.0,
          0.0,
          0.0,
          0.0,
          0.0,
          0.0,
          0.0,
          0.0,
          0.0,
          0.0,
          0.0,
          0.0
        ],
        "metrics": {
          "mae": 0.0714285714285714,
          "mape": 1.0,
          "rmse": 0.2672612419124244,
          "smape": 0.1428571428571428,
          "rmsse": 0.935659059410999
        }
      }
    },
    "sample-mean": {
      "raw": {
        "forecast": [
          0.17,
          0.1,
          0.08,
          0.08,
          0.1,
          0.08,
          0.11,
          0.06,
          0.08,
          0.06,
          0.13,
          0.12,
          0.16,
          0.1,
          0.08,
          0.06,
          0.03,
          0.09,
          0.08,
          0.16,
          0.16,
          0.23,
          0.15,
          0.1,
          0.18,
          0.18,
          0.18,
          0.2
        ],
        "metrics": {
          "mae": 0.169642856943288,
          "mape": 0.8599999956786633,
          "rmse": 0.2604871802504463,
          "smape": 1.9652212185487423,
          "rmsse": 0.9119436410522256
        }
      },
      "rounded": {
        "forecast": [
          0.0,
          0.0,
          0.0,
          0.0,
          0.0,
          0.0,
          0.0,
          0.0,
          0.0,
          0.0,
          0.0,
          0.0,
          0.0,
          0.0,
          0.0,
          0.0,
          0.0,
          0.0,
          0.0,
          0.0,
          0.0,
          0.0,
          0.0,
          0.0,
          0.0,
          0.0,
          0.0,
          0.0
        ],
        "metrics": {
          "mae": 0.0714285714285714,
          "mape": 1.0,
          "rmse": 0.2672612419124244,
          "smape": 0.1428571428571428,
          "rmsse": 0.935659059410999
        }
      }
    },
    "p25": {
      "raw": {
        "forecast": [
          0.0,
          0.0,
          0.0,
          0.0,
          0.0,
          0.0,
          0.0,
          0.0,
          0.0,
          0.0,
          0.0,
          0.0,
          0.0,
          0.0,
          0.0,
          0.0,
          0.0,
          0.0,
          0.0,
          0.0,
          0.0,
          0.0,
          0.0,
          0.0,
          0.0,
          0.0,
          0.0,
          0.0
        ],
        "metrics": {
          "mae": 0.0714285714285714,
          "mape": 1.0,
          "rmse": 0.2672612419124244,
          "smape": 0.1428571428571428,
          "rmsse": 0.935659059410999
        }
      },
      "rounded": {
        "forecast": [
          0.0,
          0.0,
          0.0,
          0.0,
          0.0,
          0.0,
          0.0,
          0.0,
          0.0,
          0.0,
          0.0,
          0.0,
          0.0,
          0.0,
          0.0,
          0.0,
          0.0,
          0.0,
          0.0,
          0.0,
          0.0,
          0.0,
          0.0,
          0.0,
          0.0,
          0.0,
          0.0,
          0.0
        ],
        "metrics": {
          "mae": 0.0714285714285714,
          "mape": 1.0,
          "rmse": 0.2672612419124244,
          "smape": 0.1428571428571428,
          "rmsse": 0.935659059410999
        }
      }
    },
    "p50": {
      "raw": {
        "forecast": [
          0.0,
          0.0,
          0.0,
          0.0,
          0.0,
          0.0,
          0.0,
          0.0,
          0.0,
          0.0,
          0.0,
          0.0,
          0.0,
          0.0,
          0.0,
          0.0,
          0.0,
          0.0,
          0.0,
          0.0,
          0.0,
          0.0,
          0.0,
          0.0,
          0.0,
          0.0,
          0.0,
          0.0
        ],
        "metrics": {
          "mae": 0.0714285714285714,
          "mape": 1.0,
          "rmse": 0.2672612419124244,
          "smape": 0.1428571428571428,
          "rmsse": 0.935659059410999
        }
      },
      "rounded": {
        "forecast": [
          0.0,
          0.0,
          0.0,
          0.0,
          0.0,
          0.0,
          0.0,
          0.0,
          0.0,
          0.0,
          0.0,
          0.0,
          0.0,
          0.0,
          0.0,
          0.0,
          0.0,
          0.0,
          0.0,
          0.0,
          0.0,
          0.0,
          0.0,
          0.0,
          0.0,
          0.0,
          0.0,
          0.0
        ],
        "metrics": {
          "mae": 0.0714285714285714,
          "mape": 1.0,
          "rmse": 0.2672612419124244,
          "smape": 0.1428571428571428,
          "rmsse": 0.935659059410999
        }
      }
    },
    "p75": {
      "raw": {
        "forecast": [
          0.0,
          0.0,
          0.0,
          0.0,
          0.0,
          0.0,
          0.0,
          0.0,
          0.0,
          0.0,
          0.0,
          0.0,
          0.0,
          0.0,
          0.0,
          0.0,
          0.0,
          0.0,
          0.0,
          0.0,
          0.0,
          0.0,
          0.0,
          0.0,
          0.0,
          0.0,
          0.0,
          0.0
        ],
        "metrics": {
          "mae": 0.0714285714285714,
          "mape": 1.0,
          "rmse": 0.2672612419124244,
          "smape": 0.1428571428571428,
          "rmsse": 0.935659059410999
        }
      },
      "rounded": {
        "forecast": [
          0.0,
          0.0,
          0.0,
          0.0,
          0.0,
          0.0,
          0.0,
          0.0,
          0.0,
          0.0,
          0.0,
          0.0,
          0.0,
          0.0,
          0.0,
          0.0,
          0.0,
          0.0,
          0.0,
          0.0,
          0.0,
          0.0,
          0.0,
          0.0,
          0.0,
          0.0,
          0.0,
          0.0
        ],
        "metrics": {
          "mae": 0.0714285714285714,
          "mape": 1.0,
          "rmse": 0.2672612419124244,
          "smape": 0.1428571428571428,
          "rmsse": 0.935659059410999
        }
      }
    }
  }
}