{
  "series_id": "HOUSEHOLD_1_024_WI_3_validation",
  "run": "run_20260524_085747_563601_001_subset34590_ctx56_h16_emb8_ep10_steps100",
  "horizon": [
    1,
    2,
    3,
    4,
    5,
    6,
    7,
    8,
    9,
    10,
    11,
    12,
    13,
    14,
    15,
    16,
    17,
    18,
    19,
    20,
    21,
    22,
    23,
    24,
    25,
    26,
    27,
    28
  ],
  "actuals": [
    0.0,
    4.0,
    2.0,
    2.0,
    1.0,
    4.0,
    0.0,
    1.0,
    8.0,
    0.0,
    1.0,
    3.0,
    2.0,
    8.0,
    3.0,
    0.0,
    1.0,
    0.0,
    1.0,
    1.0,
    4.0,
    1.0,
    5.0,
    0.0,
    3.0,
    3.0,
    3.0,
    3.0
  ],
  "modes": {
    "mean": {
      "raw": {
        "forecast": [
          1.2244271,
          1.0675294,
          1.0105159,
          1.0764852,
          1.2856537,
          1.4070723,
          1.3961465,
          1.3881415,
          1.2705567,
          1.1728843,
          1.22212,
          1.5519313,
          1.7853779,
          1.7608968,
          1.6488059,
          1.3990293,
          1.3911053,
          1.5116367,
          1.7319474,
          2.1043706,
          2.1427605,
          1.8208944,
          1.5860426,
          1.4939423,
          1.5847254,
          1.8813354,
          2.1846793,
          2.1870923
        ],
        "metrics": {
          "mae": 1.6070175852094375,
          "mape": 0.5217290699030414,
          "rmse": 2.2295230459621758,
          "smape": 0.9182782859552282,
          "rmsse": 1.634379619213563
        }
      },
      "rounded": {
        "forecast": [
          1.0,
          1.0,
          1.0,
          1.0,
          1.0,
          1.0,
          1.0,
          1.0,
          1.0,
          1.0,
          1.0,
          2.0,
          2.0,
          2.0,
          2.0,
          1.0,
          1.0,
          2.0,
          2.0,
          2.0,
          2.0,
          2.0,
          2.0,
          1.0,
          2.0,
          2.0,
          2.0,
          2.0
        ],
        "metrics": {
          "mae": 1.5,
          "mape": 0.4647727272727273,
          "rmse": 2.2038926600773587,
          "smape": 0.8718820861678003,
          "rmsse": 1.61559094582506
        }
      }
    },
    "sample-mean": {
      "raw": {
        "forecast": [
          1.43,
          1.05,
          1.2,
          0.8,
          1.11,
          1.29,
          1.28,
          1.12,
          1.26,
          1.12,
          1.15,
          1.27,
          1.69,
          1.54,
          1.09,
          1.19,
          1.06,
          1.22,
          1.58,
          1.66,
          1.48,
          1.51,
          1.14,
          0.97,
          1.18,
          1.53,
          1.57,
          1.68
        ],
        "metrics": {
          "mae": 1.6653571448155813,
          "mape": 0.5017575724558397,
          "rmse": 2.3330031322357256,
          "smape": 0.9616655342875454,
          "rmsse": 1.710236984449706
        }
      },
      "rounded": {
        "forecast": [
          1.0,
          1.0,
          1.0,
          1.0,
          1.0,
          1.0,
          1.0,
          1.0,
          1.0,
          1.0,
          1.0,
          1.0,
          2.0,
          2.0,
          1.0,
          1.0,
          1.0,
          1.0,
          2.0,
          2.0,
          1.0,
          2.0,
          1.0,
          1.0,
          1.0,
          2.0,
          2.0,
          2.0
        ],
        "metrics": {
          "mae": 1.6428571428571428,
          "mape": 0.5306818181818183,
          "rmse": 2.345207879911715,
          "smape": 0.972222222222222,
          "rmsse": 1.7191838266433344
        }
      }
    },
    "p25": {
      "raw": {
        "forecast": [
          0.0,
          0.0,
          0.0,
          0.0,
          0.0,
          0.0,
          0.0,
          0.0,
          0.0,
          0.0,
          0.0,
          0.0,
          0.0,
          0.0,
          0.0,
          0.0,
          0.0,
          0.0,
          0.0,
          0.0,
          0.0,
          0.0,
          0.0,
          0.0,
          0.0,
          0.0,
          0.0,
          0.0
        ],
        "metrics": {
          "mae": 2.2857142857142856,
          "mape": 1.0,
          "rmse": 3.12821263435117,
          "smape": 1.5714285714285714,
          "rmsse": 2.2931752077689262
        }
      },
      "rounded": {
        "forecast": [
          0.0,
          0.0,
          0.0,
          0.0,
          0.0,
          0.0,
          0.0,
          0.0,
          0.0,
          0.0,
          0.0,
          0.0,
          0.0,
          0.0,
          0.0,
          0.0,
          0.0,
          0.0,
          0.0,
          0.0,
          0.0,
          0.0,
          0.0,
          0.0,
          0.0,
          0.0,
          0.0,
          0.0
        ],
        "metrics": {
          "mae": 2.2857142857142856,
          "mape": 1.0,
          "rmse": 3.12821263435117,
          "smape": 1.5714285714285714,
          "rmsse": 2.2931752077689262
        }
      }
    },
    "p50": {
      "raw": {
        "forecast": [
          1.0,
          1.0,
          1.0,
          0.0,
          0.5,
          1.0,
          1.0,
          1.0,
          1.0,
          1.0,
          1.0,
          1.0,
          1.0,
          1.0,
          0.5,
          1.0,
          1.0,
          1.0,
          1.0,
          1.0,
          1.0,
          1.0,
          1.0,
          0.0,
          1.0,
          1.0,
          1.0,
          1.0
        ],
        "metrics": {
          "mae": 1.75,
          "mape": 0.5212121212121211,
          "rmse": 2.52487623459052,
          "smape": 1.0168934240362812,
          "rmsse": 1.8508919503321597
        }
      },
      "rounded": {
        "forecast": [
          1.0,
          1.0,
          1.0,
          0.0,
          0.0,
          1.0,
          1.0,
          1.0,
          1.0,
          1.0,
          1.0,
          1.0,
          1.0,
          1.0,
          0.0,
          1.0,
          1.0,
          1.0,
          1.0,
          1.0,
          1.0,
          1.0,
          1.0,
          0.0,
          1.0,
          1.0,
          1.0,
          1.0
        ],
        "metrics": {
          "mae": 1.7857142857142858,
          "mape": 0.5515151515151514,
          "rmse": 2.549509756796392,
          "smape": 1.084920634920635,
          "rmsse": 1.8689498603930748
        }
      }
    },
    "p75": {
      "raw": {
        "forecast": [
          2.0,
          2.0,
          2.0,
          1.0,
          2.0,
          2.0,
          2.0,
          2.0,
          2.0,
          2.0,
          2.0,
          2.0,
          2.0,
          2.0,
          2.0,
          2.0,
          2.0,
          2.0,
          2.0,
          2.0,
          2.0,
          2.25,
          2.0,
          1.0,
          2.0,
          2.0,
          2.0,
          3.0
        ],
        "metrics": {
          "mae": 1.6160714285714286,
          "mape": 0.5916666666666667,
          "rmse": 2.134432845378034,
          "smape": 0.8818942961800104,
          "rmsse": 1.5646725641090573
        }
      },
      "rounded": {
        "forecast": [
          2.0,
          2.0,
          2.0,
          1.0,
          2.0,
          2.0,
          2.0,
          2.0,
          2.0,
          2.0,
          2.0,
          2.0,
          2.0,
          2.0,
          2.0,
          2.0,
          2.0,
          2.0,
          2.0,
          2.0,
          2.0,
          2.0,
          2.0,
          1.0,
          2.0,
          2.0,
          2.0,
          3.0
        ],
        "metrics": {
          "mae": 1.6071428571428572,
          "mape": 0.5803030303030303,
          "rmse": 2.1297216451250818,
          "smape": 0.8782312925170066,
          "rmsse": 1.5612189601243829
        }
      }
    }
  }
}