{
  "series_id": "HOUSEHOLD_1_030_WI_3_validation",
  "run": "run_20260524_085747_563601_001_subset34590_ctx56_h16_emb8_ep10_steps100",
  "horizon": [
    1,
    2,
    3,
    4,
    5,
    6,
    7,
    8,
    9,
    10,
    11,
    12,
    13,
    14,
    15,
    16,
    17,
    18,
    19,
    20,
    21,
    22,
    23,
    24,
    25,
    26,
    27,
    28
  ],
  "actuals": [
    1.0,
    1.0,
    2.0,
    3.0,
    0.0,
    0.0,
    1.0,
    1.0,
    0.0,
    0.0,
    0.0,
    1.0,
    1.0,
    0.0,
    0.0,
    0.0,
    3.0,
    1.0,
    0.0,
    2.0,
    2.0,
    0.0,
    2.0,
    3.0,
    1.0,
    1.0,
    0.0,
    3.0
  ],
  "modes": {
    "mean": {
      "raw": {
        "forecast": [
          1.1342167,
          1.004855,
          0.8988771,
          0.9271522,
          1.085026,
          1.133957,
          1.1137729,
          1.1178957,
          0.9587064,
          0.8124443,
          0.805233,
          1.0042028,
          1.1471597,
          1.1433898,
          1.0728273,
          0.84518844,
          0.82345545,
          0.8527344,
          0.9515705,
          1.1890613,
          1.2268778,
          1.0105426,
          0.8434678,
          0.75718266,
          0.78028864,
          0.9177742,
          1.0895398,
          1.1157906
        ],
        "metrics": {
          "mae": 0.8606380713837487,
          "mape": 0.3343707837310492,
          "rmse": 1.0780325834558124,
          "smape": 1.065963558464794,
          "rmsse": 0.7604963802525796
        }
      },
      "rounded": {
        "forecast": [
          1.0,
          1.0,
          1.0,
          1.0,
          1.0,
          1.0,
          1.0,
          1.0,
          1.0,
          1.0,
          1.0,
          1.0,
          1.0,
          1.0,
          1.0,
          1.0,
          1.0,
          1.0,
          1.0,
          1.0,
          1.0,
          1.0,
          1.0,
          1.0,
          1.0,
          1.0,
          1.0,
          1.0
        ],
        "metrics": {
          "mae": 0.8214285714285714,
          "mape": 0.2745098039215686,
          "rmse": 1.0522085616183026,
          "smape": 1.0238095238095235,
          "rmsse": 0.7422788649080678
        }
      }
    },
    "sample-mean": {
      "raw": {
        "forecast": [
          1.03,
          1.15,
          0.83,
          0.89,
          1.18,
          1.22,
          1.21,
          0.94,
          0.86,
          0.78,
          0.77,
          0.95,
          1.1,
          1.17,
          0.74,
          0.95,
          0.78,
          0.91,
          0.88,
          1.08,
          1.13,
          0.83,
          0.58,
          0.7,
          0.57,
          0.69,
          0.81,
          0.98
        ],
        "metrics": {
          "mae": 0.8803571398769107,
          "mape": 0.3825490205895667,
          "rmse": 1.0998749921289397,
          "smape": 1.1133959372240474,
          "rmsse": 0.7759050728902929
        }
      },
      "rounded": {
        "forecast": [
          1.0,
          1.0,
          1.0,
          1.0,
          1.0,
          1.0,
          1.0,
          1.0,
          1.0,
          1.0,
          1.0,
          1.0,
          1.0,
          1.0,
          1.0,
          1.0,
          1.0,
          1.0,
          1.0,
          1.0,
          1.0,
          1.0,
          1.0,
          1.0,
          1.0,
          1.0,
          1.0,
          1.0
        ],
        "metrics": {
          "mae": 0.8214285714285714,
          "mape": 0.2745098039215686,
          "rmse": 1.0522085616183026,
          "smape": 1.0238095238095235,
          "rmsse": 0.7422788649080678
        }
      }
    },
    "p25": {
      "raw": {
        "forecast": [
          0.0,
          0.0,
          0.0,
          0.0,
          0.0,
          0.0,
          0.0,
          0.0,
          0.0,
          0.0,
          0.0,
          0.0,
          0.0,
          0.0,
          0.0,
          0.0,
          0.0,
          0.0,
          0.0,
          0.0,
          0.0,
          0.0,
          0.0,
          0.0,
          0.0,
          0.0,
          0.0,
          0.0
        ],
        "metrics": {
          "mae": 1.0357142857142858,
          "mape": 1.0,
          "rmse": 1.475998451412273,
          "smape": 1.2142857142857142,
          "rmsse": 1.0412407721101653
        }
      },
      "rounded": {
        "forecast": [
          0.0,
          0.0,
          0.0,
          0.0,
          0.0,
          0.0,
          0.0,
          0.0,
          0.0,
          0.0,
          0.0,
          0.0,
          0.0,
          0.0,
          0.0,
          0.0,
          0.0,
          0.0,
          0.0,
          0.0,
          0.0,
          0.0,
          0.0,
          0.0,
          0.0,
          0.0,
          0.0,
          0.0
        ],
        "metrics": {
          "mae": 1.0357142857142858,
          "mape": 1.0,
          "rmse": 1.475998451412273,
          "smape": 1.2142857142857142,
          "rmsse": 1.0412407721101653
        }
      }
    },
    "p50": {
      "raw": {
        "forecast": [
          1.0,
          1.0,
          0.0,
          1.0,
          1.0,
          1.0,
          1.0,
          1.0,
          1.0,
          0.0,
          0.0,
          0.0,
          1.0,
          1.0,
          0.0,
          1.0,
          0.0,
          1.0,
          1.0,
          1.0,
          1.0,
          0.0,
          0.0,
          0.0,
          0.0,
          0.0,
          0.0,
          1.0
        ],
        "metrics": {
          "mae": 0.8928571428571429,
          "mape": 0.5490196078431372,
          "rmse": 1.267731382092775,
          "smape": 1.0476190476190477,
          "rmsse": 0.8943190975949502
        }
      },
      "rounded": {
        "forecast": [
          1.0,
          1.0,
          0.0,
          1.0,
          1.0,
          1.0,
          1.0,
          1.0,
          1.0,
          0.0,
          0.0,
          0.0,
          1.0,
          1.0,
          0.0,
          1.0,
          0.0,
          1.0,
          1.0,
          1.0,
          1.0,
          0.0,
          0.0,
          0.0,
          0.0,
          0.0,
          0.0,
          1.0
        ],
        "metrics": {
          "mae": 0.8928571428571429,
          "mape": 0.5490196078431372,
          "rmse": 1.267731382092775,
          "smape": 1.0476190476190477,
          "rmsse": 0.8943190975949502
        }
      }
    },
    "p75": {
      "raw": {
        "forecast": [
          2.0,
          2.0,
          1.0,
          1.0,
          2.0,
          2.0,
          2.0,
          1.25,
          1.0,
          1.0,
          1.0,
          1.25,
          2.0,
          2.0,
          1.0,
          1.0,
          1.0,
          1.0,
          2.0,
          2.0,
          2.0,
          2.0,
          1.0,
          1.0,
          1.0,
          1.0,
          1.0,
          1.0
        ],
        "metrics": {
          "mae": 1.0892857142857142,
          "mape": 0.480392156862745,
          "rmse": 1.3110110602126894,
          "smape": 1.0873015873015872,
          "rmsse": 0.9248506780441982
        }
      },
      "rounded": {
        "forecast": [
          2.0,
          2.0,
          1.0,
          1.0,
          2.0,
          2.0,
          2.0,
          1.0,
          1.0,
          1.0,
          1.0,
          1.0,
          2.0,
          2.0,
          1.0,
          1.0,
          1.0,
          1.0,
          2.0,
          2.0,
          2.0,
          2.0,
          1.0,
          1.0,
          1.0,
          1.0,
          1.0,
          1.0
        ],
        "metrics": {
          "mae": 1.0714285714285714,
          "mape": 0.4509803921568627,
          "rmse": 1.3093073414159542,
          "smape": 1.0714285714285714,
          "rmsse": 0.9236487923147968
        }
      }
    }
  }
}