{
  "series_id": "HOUSEHOLD_2_213_WI_3_validation",
  "run": "run_20260524_085747_563601_001_subset34590_ctx56_h16_emb8_ep10_steps100",
  "horizon": [
    1,
    2,
    3,
    4,
    5,
    6,
    7,
    8,
    9,
    10,
    11,
    12,
    13,
    14,
    15,
    16,
    17,
    18,
    19,
    20,
    21,
    22,
    23,
    24,
    25,
    26,
    27,
    28
  ],
  "actuals": [
    0.0,
    3.0,
    0.0,
    0.0,
    4.0,
    3.0,
    0.0,
    2.0,
    1.0,
    2.0,
    0.0,
    1.0,
    7.0,
    1.0,
    1.0,
    2.0,
    1.0,
    5.0,
    2.0,
    2.0,
    5.0,
    6.0,
    5.0,
    0.0,
    3.0,
    4.0,
    3.0,
    3.0
  ],
  "modes": {
    "mean": {
      "raw": {
        "forecast": [
          2.0348184,
          1.7730112,
          1.6700572,
          1.8103347,
          2.1081297,
          2.183808,
          2.0811863,
          2.0097606,
          1.7691193,
          1.597945,
          1.703991,
          2.0937474,
          2.2145684,
          2.2082436,
          2.0021415,
          1.6542354,
          1.7033992,
          1.8631029,
          2.0594358,
          2.4135716,
          2.3503478,
          1.9645591,
          1.7178524,
          1.6334002,
          1.7824943,
          2.0828702,
          2.2932942,
          2.243689
        ],
        "metrics": {
          "mae": 1.5486892546926223,
          "mape": 0.5040322025616963,
          "rmse": 1.9282747504978248,
          "smape": 0.8444925211280012,
          "rmsse": 1.5560904337109056
        }
      },
      "rounded": {
        "forecast": [
          2.0,
          2.0,
          2.0,
          2.0,
          2.0,
          2.0,
          2.0,
          2.0,
          2.0,
          2.0,
          2.0,
          2.0,
          2.0,
          2.0,
          2.0,
          2.0,
          2.0,
          2.0,
          2.0,
          2.0,
          2.0,
          2.0,
          2.0,
          2.0,
          2.0,
          2.0,
          2.0,
          2.0
        ],
        "metrics": {
          "mae": 1.5714285714285714,
          "mape": 0.4930735930735931,
          "rmse": 1.9820624179302295,
          "smape": 0.8339002267573694,
          "rmsse": 1.5994963200979884
        }
      }
    },
    "sample-mean": {
      "raw": {
        "forecast": [
          1.71,
          1.95,
          1.45,
          1.76,
          1.96,
          1.74,
          1.81,
          2.01,
          1.6,
          1.4,
          1.94,
          1.88,
          2.19,
          1.96,
          1.77,
          1.54,
          1.48,
          1.44,
          1.76,
          1.89,
          2.16,
          1.67,
          1.23,
          1.16,
          1.37,
          1.74,
          1.81,
          1.79
        ],
        "metrics": {
          "mae": 1.6032142852033888,
          "mape": 0.5014155871940381,
          "rmse": 2.02099426554938,
          "smape": 0.8901903888937529,
          "rmsse": 1.6309137701430143
        }
      },
      "rounded": {
        "forecast": [
          2.0,
          2.0,
          1.0,
          2.0,
          2.0,
          2.0,
          2.0,
          2.0,
          2.0,
          1.0,
          2.0,
          2.0,
          2.0,
          2.0,
          2.0,
          2.0,
          1.0,
          1.0,
          2.0,
          2.0,
          2.0,
          2.0,
          1.0,
          1.0,
          1.0,
          2.0,
          2.0,
          2.0
        ],
        "metrics": {
          "mae": 1.6071428571428572,
          "mape": 0.5036796536796536,
          "rmse": 2.078804601550749,
          "smape": 0.8893424036281178,
          "rmsse": 1.677565893134367
        }
      }
    },
    "p25": {
      "raw": {
        "forecast": [
          0.75,
          1.0,
          0.0,
          0.0,
          1.0,
          0.0,
          0.0,
          1.0,
          0.0,
          0.0,
          0.0,
          1.0,
          1.0,
          0.0,
          0.75,
          0.0,
          0.0,
          0.0,
          0.75,
          0.0,
          1.0,
          0.0,
          0.0,
          0.0,
          0.0,
          0.75,
          0.0,
          1.0
        ],
        "metrics": {
          "mae": 2.0535714285714284,
          "mape": 0.8149080086580086,
          "rmse": 2.743498808872662,
          "smape": 1.2594009374084565,
          "rmsse": 2.2139647113472014
        }
      },
      "rounded": {
        "forecast": [
          1.0,
          1.0,
          0.0,
          0.0,
          1.0,
          0.0,
          0.0,
          1.0,
          0.0,
          0.0,
          0.0,
          1.0,
          1.0,
          0.0,
          1.0,
          0.0,
          0.0,
          0.0,
          1.0,
          0.0,
          1.0,
          0.0,
          0.0,
          0.0,
          0.0,
          1.0,
          0.0,
          1.0
        ],
        "metrics": {
          "mae": 2.0357142857142856,
          "mape": 0.7950216450216451,
          "rmse": 2.732084499843611,
          "smape": 1.2345238095238094,
          "rmsse": 2.2047535255019577
        }
      }
    },
    "p50": {
      "raw": {
        "forecast": [
          1.0,
          1.0,
          1.0,
          1.0,
          1.0,
          1.0,
          1.0,
          2.0,
          1.0,
          1.0,
          2.0,
          1.0,
          2.0,
          1.0,
          1.0,
          1.0,
          1.0,
          1.0,
          1.0,
          1.0,
          2.0,
          1.0,
          1.0,
          1.0,
          1.0,
          1.0,
          1.5,
          2.0
        ],
        "metrics": {
          "mae": 1.6607142857142858,
          "mape": 0.4582251082251082,
          "rmse": 2.21399767711841,
          "smape": 0.971315192743764,
          "rmsse": 1.786664791795193
        }
      },
      "rounded": {
        "forecast": [
          1.0,
          1.0,
          1.0,
          1.0,
          1.0,
          1.0,
          1.0,
          2.0,
          1.0,
          1.0,
          2.0,
          1.0,
          2.0,
          1.0,
          1.0,
          1.0,
          1.0,
          1.0,
          1.0,
          1.0,
          2.0,
          1.0,
          1.0,
          1.0,
          1.0,
          1.0,
          2.0,
          2.0
        ],
        "metrics": {
          "mae": 1.6428571428571428,
          "mape": 0.4506493506493507,
          "rmse": 2.2038926600773587,
          "smape": 0.9617913832199544,
          "rmsse": 1.7785101860544883
        }
      }
    },
    "p75": {
      "raw": {
        "forecast": [
          3.0,
          3.0,
          2.0,
          3.0,
          3.0,
          3.0,
          3.0,
          3.0,
          3.0,
          2.0,
          3.0,
          3.0,
          3.0,
          3.0,
          3.0,
          2.0,
          2.0,
          2.0,
          3.0,
          3.0,
          3.0,
          2.0,
          1.0,
          2.0,
          2.0,
          3.0,
          3.0,
          3.0
        ],
        "metrics": {
          "mae": 1.7142857142857142,
          "mape": 0.6532467532467533,
          "rmse": 2.138089935299395,
          "smape": 0.8331632653061224,
          "rmsse": 1.7254083184328408
        }
      },
      "rounded": {
        "forecast": [
          3.0,
          3.0,
          2.0,
          3.0,
          3.0,
          3.0,
          3.0,
          3.0,
          3.0,
          2.0,
          3.0,
          3.0,
          3.0,
          3.0,
          3.0,
          2.0,
          2.0,
          2.0,
          3.0,
          3.0,
          3.0,
          2.0,
          1.0,
          2.0,
          2.0,
          3.0,
          3.0,
          3.0
        ],
        "metrics": {
          "mae": 1.7142857142857142,
          "mape": 0.6532467532467533,
          "rmse": 2.138089935299395,
          "smape": 0.8331632653061224,
          "rmsse": 1.7254083184328408
        }
      }
    }
  }
}