{
  "series_id": "HOUSEHOLD_2_274_TX_2_validation",
  "run": "run_20260524_085747_563601_001_subset34590_ctx56_h16_emb8_ep10_steps100",
  "horizon": [
    1,
    2,
    3,
    4,
    5,
    6,
    7,
    8,
    9,
    10,
    11,
    12,
    13,
    14,
    15,
    16,
    17,
    18,
    19,
    20,
    21,
    22,
    23,
    24,
    25,
    26,
    27,
    28
  ],
  "actuals": [
    0.0,
    0.0,
    0.0,
    0.0,
    0.0,
    0.0,
    0.0,
    1.0,
    0.0,
    0.0,
    0.0,
    1.0,
    0.0,
    0.0,
    0.0,
    0.0,
    0.0,
    0.0,
    0.0,
    0.0,
    0.0,
    0.0,
    1.0,
    1.0,
    1.0,
    0.0,
    1.0,
    0.0
  ],
  "modes": {
    "mean": {
      "raw": {
        "forecast": [
          0.12041676,
          0.11858304,
          0.12225084,
          0.13429081,
          0.15810844,
          0.17383713,
          0.19443855,
          0.19780624,
          0.1952481,
          0.19507523,
          0.19803274,
          0.24868014,
          0.29340282,
          0.2809696,
          0.286038,
          0.26445866,
          0.26499367,
          0.2886369,
          0.3370385,
          0.37754664,
          0.39837423,
          0.36297914,
          0.3307114,
          0.3237262,
          0.34726635,
          0.401078,
          0.45878273,
          0.46848038
        ],
        "metrics": {
          "mae": 0.3474037524844919,
          "mape": 0.6821711560090383,
          "rmse": 0.4008684133181436,
          "smape": 1.795767559594628,
          "rmsse": 0.5378776796256721
        }
      },
      "rounded": {
        "forecast": [
          0.0,
          0.0,
          0.0,
          0.0,
          0.0,
          0.0,
          0.0,
          0.0,
          0.0,
          0.0,
          0.0,
          0.0,
          0.0,
          0.0,
          0.0,
          0.0,
          0.0,
          0.0,
          0.0,
          0.0,
          0.0,
          0.0,
          0.0,
          0.0,
          0.0,
          0.0,
          0.0,
          0.0
        ],
        "metrics": {
          "mae": 0.2142857142857142,
          "mape": 1.0,
          "rmse": 0.4629100498862757,
          "smape": 0.4285714285714285,
          "rmsse": 0.6211239779339448
        }
      }
    },
    "sample-mean": {
      "raw": {
        "forecast": [
          0.16,
          0.18,
          0.09,
          0.12,
          0.28,
          0.16,
          0.15,
          0.22,
          0.21,
          0.22,
          0.17,
          0.24,
          0.19,
          0.18,
          0.22,
          0.27,
          0.17,
          0.23,
          0.21,
          0.29,
          0.31,
          0.26,
          0.32,
          0.39,
          0.32,
          0.28,
          0.32,
          0.19
        ],
        "metrics": {
          "mae": 0.3117857157651867,
          "mape": 0.6983333403865496,
          "rmse": 0.3756755845365233,
          "smape": 1.802610785888339,
          "rmsse": 0.5040744169138492
        }
      },
      "rounded": {
        "forecast": [
          0.0,
          0.0,
          0.0,
          0.0,
          0.0,
          0.0,
          0.0,
          0.0,
          0.0,
          0.0,
          0.0,
          0.0,
          0.0,
          0.0,
          0.0,
          0.0,
          0.0,
          0.0,
          0.0,
          0.0,
          0.0,
          0.0,
          0.0,
          0.0,
          0.0,
          0.0,
          0.0,
          0.0
        ],
        "metrics": {
          "mae": 0.2142857142857142,
          "mape": 1.0,
          "rmse": 0.4629100498862757,
          "smape": 0.4285714285714285,
          "rmsse": 0.6211239779339448
        }
      }
    },
    "p25": {
      "raw": {
        "forecast": [
          0.0,
          0.0,
          0.0,
          0.0,
          0.0,
          0.0,
          0.0,
          0.0,
          0.0,
          0.0,
          0.0,
          0.0,
          0.0,
          0.0,
          0.0,
          0.0,
          0.0,
          0.0,
          0.0,
          0.0,
          0.0,
          0.0,
          0.0,
          0.0,
          0.0,
          0.0,
          0.0,
          0.0
        ],
        "metrics": {
          "mae": 0.2142857142857142,
          "mape": 1.0,
          "rmse": 0.4629100498862757,
          "smape": 0.4285714285714285,
          "rmsse": 0.6211239779339448
        }
      },
      "rounded": {
        "forecast": [
          0.0,
          0.0,
          0.0,
          0.0,
          0.0,
          0.0,
          0.0,
          0.0,
          0.0,
          0.0,
          0.0,
          0.0,
          0.0,
          0.0,
          0.0,
          0.0,
          0.0,
          0.0,
          0.0,
          0.0,
          0.0,
          0.0,
          0.0,
          0.0,
          0.0,
          0.0,
          0.0,
          0.0
        ],
        "metrics": {
          "mae": 0.2142857142857142,
          "mape": 1.0,
          "rmse": 0.4629100498862757,
          "smape": 0.4285714285714285,
          "rmsse": 0.6211239779339448
        }
      }
    },
    "p50": {
      "raw": {
        "forecast": [
          0.0,
          0.0,
          0.0,
          0.0,
          0.0,
          0.0,
          0.0,
          0.0,
          0.0,
          0.0,
          0.0,
          0.0,
          0.0,
          0.0,
          0.0,
          0.0,
          0.0,
          0.0,
          0.0,
          0.0,
          0.0,
          0.0,
          0.0,
          0.0,
          0.0,
          0.0,
          0.0,
          0.0
        ],
        "metrics": {
          "mae": 0.2142857142857142,
          "mape": 1.0,
          "rmse": 0.4629100498862757,
          "smape": 0.4285714285714285,
          "rmsse": 0.6211239779339448
        }
      },
      "rounded": {
        "forecast": [
          0.0,
          0.0,
          0.0,
          0.0,
          0.0,
          0.0,
          0.0,
          0.0,
          0.0,
          0.0,
          0.0,
          0.0,
          0.0,
          0.0,
          0.0,
          0.0,
          0.0,
          0.0,
          0.0,
          0.0,
          0.0,
          0.0,
          0.0,
          0.0,
          0.0,
          0.0,
          0.0,
          0.0
        ],
        "metrics": {
          "mae": 0.2142857142857142,
          "mape": 1.0,
          "rmse": 0.4629100498862757,
          "smape": 0.4285714285714285,
          "rmsse": 0.6211239779339448
        }
      }
    },
    "p75": {
      "raw": {
        "forecast": [
          0.0,
          0.0,
          0.0,
          0.0,
          0.0,
          0.0,
          0.0,
          0.0,
          0.0,
          0.0,
          0.0,
          0.0,
          0.0,
          0.0,
          0.0,
          0.0,
          0.0,
          0.0,
          0.0,
          1.0,
          1.0,
          0.0,
          0.0,
          1.0,
          0.0,
          0.0,
          1.0,
          0.0
        ],
        "metrics": {
          "mae": 0.2142857142857142,
          "mape": 0.6666666666666666,
          "rmse": 0.4629100498862757,
          "smape": 0.4285714285714285,
          "rmsse": 0.6211239779339448
        }
      },
      "rounded": {
        "forecast": [
          0.0,
          0.0,
          0.0,
          0.0,
          0.0,
          0.0,
          0.0,
          0.0,
          0.0,
          0.0,
          0.0,
          0.0,
          0.0,
          0.0,
          0.0,
          0.0,
          0.0,
          0.0,
          0.0,
          1.0,
          1.0,
          0.0,
          0.0,
          1.0,
          0.0,
          0.0,
          1.0,
          0.0
        ],
        "metrics": {
          "mae": 0.2142857142857142,
          "mape": 0.6666666666666666,
          "rmse": 0.4629100498862757,
          "smape": 0.4285714285714285,
          "rmsse": 0.6211239779339448
        }
      }
    }
  }
}