{
  "series_id": "HOUSEHOLD_2_221_TX_2_validation",
  "run": "run_20260524_085747_563601_001_subset34590_ctx56_h16_emb8_ep10_steps100",
  "horizon": [
    1,
    2,
    3,
    4,
    5,
    6,
    7,
    8,
    9,
    10,
    11,
    12,
    13,
    14,
    15,
    16,
    17,
    18,
    19,
    20,
    21,
    22,
    23,
    24,
    25,
    26,
    27,
    28
  ],
  "actuals": [
    2.0,
    0.0,
    0.0,
    1.0,
    0.0,
    0.0,
    0.0,
    0.0,
    0.0,
    2.0,
    0.0,
    1.0,
    0.0,
    2.0,
    0.0,
    1.0,
    0.0,
    0.0,
    0.0,
    0.0,
    1.0,
    4.0,
    0.0,
    1.0,
    0.0,
    1.0,
    0.0,
    0.0
  ],
  "modes": {
    "mean": {
      "raw": {
        "forecast": [
          0.48153958,
          0.42770797,
          0.40449437,
          0.42054108,
          0.47525263,
          0.46607187,
          0.4452097,
          0.41533768,
          0.3853817,
          0.362187,
          0.34530333,
          0.4073272,
          0.45234182,
          0.39432293,
          0.36799714,
          0.32643497,
          0.31291053,
          0.32548854,
          0.36530754,
          0.39719382,
          0.38668904,
          0.3405077,
          0.30042106,
          0.28507066,
          0.29727575,
          0.33869275,
          0.37531653,
          0.36978507
        ],
        "metrics": {
          "mae": 0.6851958632469177,
          "mape": 0.7131092622876167,
          "rmse": 0.9662704873398738,
          "smape": 1.6891737236454716,
          "rmsse": 1.0636265258232342
        }
      },
      "rounded": {
        "forecast": [
          0.0,
          0.0,
          0.0,
          0.0,
          0.0,
          0.0,
          0.0,
          0.0,
          0.0,
          0.0,
          0.0,
          0.0,
          0.0,
          0.0,
          0.0,
          0.0,
          0.0,
          0.0,
          0.0,
          0.0,
          0.0,
          0.0,
          0.0,
          0.0,
          0.0,
          0.0,
          0.0,
          0.0
        ],
        "metrics": {
          "mae": 0.5714285714285714,
          "mape": 1.0,
          "rmse": 1.1019463300386794,
          "smape": 0.7142857142857143,
          "rmsse": 1.21297231160331
        }
      }
    },
    "sample-mean": {
      "raw": {
        "forecast": [
          0.35,
          0.44,
          0.45,
          0.48,
          0.34,
          0.34,
          0.44,
          0.3,
          0.3,
          0.27,
          0.22,
          0.43,
          0.34,
          0.41,
          0.35,
          0.32,
          0.33,
          0.34,
          0.38,
          0.42,
          0.37,
          0.35,
          0.39,
          0.39,
          0.36,
          0.46,
          0.31,
          0.37
        ],
        "metrics": {
          "mae": 0.6639285726206643,
          "mape": 0.6947500012814999,
          "rmse": 0.964211373817448,
          "smape": 1.6783388515913138,
          "rmsse": 1.061359947478114
        }
      },
      "rounded": {
        "forecast": [
          0.0,
          0.0,
          0.0,
          0.0,
          0.0,
          0.0,
          0.0,
          0.0,
          0.0,
          0.0,
          0.0,
          0.0,
          0.0,
          0.0,
          0.0,
          0.0,
          0.0,
          0.0,
          0.0,
          0.0,
          0.0,
          0.0,
          0.0,
          0.0,
          0.0,
          0.0,
          0.0,
          0.0
        ],
        "metrics": {
          "mae": 0.5714285714285714,
          "mape": 1.0,
          "rmse": 1.1019463300386794,
          "smape": 0.7142857142857143,
          "rmsse": 1.21297231160331
        }
      }
    },
    "p25": {
      "raw": {
        "forecast": [
          0.0,
          0.0,
          0.0,
          0.0,
          0.0,
          0.0,
          0.0,
          0.0,
          0.0,
          0.0,
          0.0,
          0.0,
          0.0,
          0.0,
          0.0,
          0.0,
          0.0,
          0.0,
          0.0,
          0.0,
          0.0,
          0.0,
          0.0,
          0.0,
          0.0,
          0.0,
          0.0,
          0.0
        ],
        "metrics": {
          "mae": 0.5714285714285714,
          "mape": 1.0,
          "rmse": 1.1019463300386794,
          "smape": 0.7142857142857143,
          "rmsse": 1.21297231160331
        }
      },
      "rounded": {
        "forecast": [
          0.0,
          0.0,
          0.0,
          0.0,
          0.0,
          0.0,
          0.0,
          0.0,
          0.0,
          0.0,
          0.0,
          0.0,
          0.0,
          0.0,
          0.0,
          0.0,
          0.0,
          0.0,
          0.0,
          0.0,
          0.0,
          0.0,
          0.0,
          0.0,
          0.0,
          0.0,
          0.0,
          0.0
        ],
        "metrics": {
          "mae": 0.5714285714285714,
          "mape": 1.0,
          "rmse": 1.1019463300386794,
          "smape": 0.7142857142857143,
          "rmsse": 1.21297231160331
        }
      }
    },
    "p50": {
      "raw": {
        "forecast": [
          0.0,
          0.0,
          0.0,
          0.0,
          0.0,
          0.0,
          0.0,
          0.0,
          0.0,
          0.0,
          0.0,
          0.0,
          0.0,
          0.0,
          0.0,
          0.0,
          0.0,
          0.0,
          0.0,
          0.0,
          0.0,
          0.0,
          0.0,
          0.0,
          0.0,
          0.0,
          0.0,
          0.0
        ],
        "metrics": {
          "mae": 0.5714285714285714,
          "mape": 1.0,
          "rmse": 1.1019463300386794,
          "smape": 0.7142857142857143,
          "rmsse": 1.21297231160331
        }
      },
      "rounded": {
        "forecast": [
          0.0,
          0.0,
          0.0,
          0.0,
          0.0,
          0.0,
          0.0,
          0.0,
          0.0,
          0.0,
          0.0,
          0.0,
          0.0,
          0.0,
          0.0,
          0.0,
          0.0,
          0.0,
          0.0,
          0.0,
          0.0,
          0.0,
          0.0,
          0.0,
          0.0,
          0.0,
          0.0,
          0.0
        ],
        "metrics": {
          "mae": 0.5714285714285714,
          "mape": 1.0,
          "rmse": 1.1019463300386794,
          "smape": 0.7142857142857143,
          "rmsse": 1.21297231160331
        }
      }
    },
    "p75": {
      "raw": {
        "forecast": [
          0.25,
          1.0,
          1.0,
          1.0,
          0.0,
          0.0,
          1.0,
          0.0,
          0.0,
          0.0,
          0.0,
          0.0,
          0.0,
          0.0,
          0.0,
          0.0,
          0.0,
          0.0,
          0.0,
          0.25,
          0.0,
          0.0,
          0.0,
          0.0,
          0.0,
          0.0,
          0.0,
          0.0
        ],
        "metrics": {
          "mae": 0.6428571428571429,
          "mape": 0.8875,
          "rmse": 1.1200286986119088,
          "smape": 0.9126984126984128,
          "rmsse": 1.2328765590331854
        }
      },
      "rounded": {
        "forecast": [
          0.0,
          1.0,
          1.0,
          1.0,
          0.0,
          0.0,
          1.0,
          0.0,
          0.0,
          0.0,
          0.0,
          0.0,
          0.0,
          0.0,
          0.0,
          0.0,
          0.0,
          0.0,
          0.0,
          0.0,
          0.0,
          0.0,
          0.0,
          0.0,
          0.0,
          0.0,
          0.0,
          0.0
        ],
        "metrics": {
          "mae": 0.6428571428571429,
          "mape": 0.9,
          "rmse": 1.1338934190276817,
          "smape": 0.8571428571428571,
          "rmsse": 1.2481382115420363
        }
      }
    }
  }
}