{
  "series_id": "HOUSEHOLD_2_451_WI_3_validation",
  "run": "run_20260524_085747_563601_001_subset34590_ctx56_h16_emb8_ep10_steps100",
  "horizon": [
    1,
    2,
    3,
    4,
    5,
    6,
    7,
    8,
    9,
    10,
    11,
    12,
    13,
    14,
    15,
    16,
    17,
    18,
    19,
    20,
    21,
    22,
    23,
    24,
    25,
    26,
    27,
    28
  ],
  "actuals": [
    0.0,
    0.0,
    0.0,
    0.0,
    0.0,
    0.0,
    0.0,
    0.0,
    0.0,
    0.0,
    0.0,
    0.0,
    0.0,
    0.0,
    0.0,
    0.0,
    0.0,
    0.0,
    0.0,
    0.0,
    0.0,
    0.0,
    0.0,
    0.0,
    0.0,
    2.0,
    1.0,
    0.0
  ],
  "modes": {
    "mean": {
      "raw": {
        "forecast": [
          0.20138521,
          0.16984561,
          0.15763558,
          0.16440564,
          0.19012563,
          0.21435142,
          0.21397401,
          0.19350222,
          0.16320996,
          0.14714909,
          0.1513783,
          0.1804479,
          0.20021015,
          0.19705755,
          0.17051192,
          0.1395172,
          0.13048998,
          0.13719662,
          0.15564558,
          0.18194245,
          0.17931405,
          0.14544705,
          0.122852646,
          0.11532336,
          0.12011062,
          0.13703752,
          0.15549639,
          0.14911306
        ],
        "metrics": {
          "mae": 0.2499860320240259,
          "mape": 0.8879924267530441,
          "rmse": 0.4188923714364724,
          "smape": 1.9716148477448017,
          "rmsse": 0.5589130559676078
        }
      },
      "rounded": {
        "forecast": [
          0.0,
          0.0,
          0.0,
          0.0,
          0.0,
          0.0,
          0.0,
          0.0,
          0.0,
          0.0,
          0.0,
          0.0,
          0.0,
          0.0,
          0.0,
          0.0,
          0.0,
          0.0,
          0.0,
          0.0,
          0.0,
          0.0,
          0.0,
          0.0,
          0.0,
          0.0,
          0.0,
          0.0
        ],
        "metrics": {
          "mae": 0.1071428571428571,
          "mape": 1.0,
          "rmse": 0.4225771273642583,
          "smape": 0.1428571428571428,
          "rmsse": 0.5638294935456694
        }
      }
    },
    "sample-mean": {
      "raw": {
        "forecast": [
          0.19,
          0.08,
          0.15,
          0.13,
          0.14,
          0.27,
          0.2,
          0.19,
          0.14,
          0.13,
          0.23,
          0.15,
          0.21,
          0.13,
          0.08,
          0.18,
          0.11,
          0.2,
          0.11,
          0.22,
          0.27,
          0.16,
          0.12,
          0.11,
          0.22,
          0.14,
          0.25,
          0.3
        ],
        "metrics": {
          "mae": 0.2510714294122798,
          "mape": 0.8399999998509884,
          "rmse": 0.4166319039641856,
          "smape": 1.9620827769988616,
          "rmsse": 0.5558969953539502
        }
      },
      "rounded": {
        "forecast": [
          0.0,
          0.0,
          0.0,
          0.0,
          0.0,
          0.0,
          0.0,
          0.0,
          0.0,
          0.0,
          0.0,
          0.0,
          0.0,
          0.0,
          0.0,
          0.0,
          0.0,
          0.0,
          0.0,
          0.0,
          0.0,
          0.0,
          0.0,
          0.0,
          0.0,
          0.0,
          0.0,
          0.0
        ],
        "metrics": {
          "mae": 0.1071428571428571,
          "mape": 1.0,
          "rmse": 0.4225771273642583,
          "smape": 0.1428571428571428,
          "rmsse": 0.5638294935456694
        }
      }
    },
    "p25": {
      "raw": {
        "forecast": [
          0.0,
          0.0,
          0.0,
          0.0,
          0.0,
          0.0,
          0.0,
          0.0,
          0.0,
          0.0,
          0.0,
          0.0,
          0.0,
          0.0,
          0.0,
          0.0,
          0.0,
          0.0,
          0.0,
          0.0,
          0.0,
          0.0,
          0.0,
          0.0,
          0.0,
          0.0,
          0.0,
          0.0
        ],
        "metrics": {
          "mae": 0.1071428571428571,
          "mape": 1.0,
          "rmse": 0.4225771273642583,
          "smape": 0.1428571428571428,
          "rmsse": 0.5638294935456694
        }
      },
      "rounded": {
        "forecast": [
          0.0,
          0.0,
          0.0,
          0.0,
          0.0,
          0.0,
          0.0,
          0.0,
          0.0,
          0.0,
          0.0,
          0.0,
          0.0,
          0.0,
          0.0,
          0.0,
          0.0,
          0.0,
          0.0,
          0.0,
          0.0,
          0.0,
          0.0,
          0.0,
          0.0,
          0.0,
          0.0,
          0.0
        ],
        "metrics": {
          "mae": 0.1071428571428571,
          "mape": 1.0,
          "rmse": 0.4225771273642583,
          "smape": 0.1428571428571428,
          "rmsse": 0.5638294935456694
        }
      }
    },
    "p50": {
      "raw": {
        "forecast": [
          0.0,
          0.0,
          0.0,
          0.0,
          0.0,
          0.0,
          0.0,
          0.0,
          0.0,
          0.0,
          0.0,
          0.0,
          0.0,
          0.0,
          0.0,
          0.0,
          0.0,
          0.0,
          0.0,
          0.0,
          0.0,
          0.0,
          0.0,
          0.0,
          0.0,
          0.0,
          0.0,
          0.0
        ],
        "metrics": {
          "mae": 0.1071428571428571,
          "mape": 1.0,
          "rmse": 0.4225771273642583,
          "smape": 0.1428571428571428,
          "rmsse": 0.5638294935456694
        }
      },
      "rounded": {
        "forecast": [
          0.0,
          0.0,
          0.0,
          0.0,
          0.0,
          0.0,
          0.0,
          0.0,
          0.0,
          0.0,
          0.0,
          0.0,
          0.0,
          0.0,
          0.0,
          0.0,
          0.0,
          0.0,
          0.0,
          0.0,
          0.0,
          0.0,
          0.0,
          0.0,
          0.0,
          0.0,
          0.0,
          0.0
        ],
        "metrics": {
          "mae": 0.1071428571428571,
          "mape": 1.0,
          "rmse": 0.4225771273642583,
          "smape": 0.1428571428571428,
          "rmsse": 0.5638294935456694
        }
      }
    },
    "p75": {
      "raw": {
        "forecast": [
          0.0,
          0.0,
          0.0,
          0.0,
          0.0,
          0.0,
          0.0,
          0.0,
          0.0,
          0.0,
          0.0,
          0.0,
          0.0,
          0.0,
          0.0,
          0.0,
          0.0,
          0.0,
          0.0,
          0.0,
          0.0,
          0.0,
          0.0,
          0.0,
          0.0,
          0.0,
          0.0,
          0.0
        ],
        "metrics": {
          "mae": 0.1071428571428571,
          "mape": 1.0,
          "rmse": 0.4225771273642583,
          "smape": 0.1428571428571428,
          "rmsse": 0.5638294935456694
        }
      },
      "rounded": {
        "forecast": [
          0.0,
          0.0,
          0.0,
          0.0,
          0.0,
          0.0,
          0.0,
          0.0,
          0.0,
          0.0,
          0.0,
          0.0,
          0.0,
          0.0,
          0.0,
          0.0,
          0.0,
          0.0,
          0.0,
          0.0,
          0.0,
          0.0,
          0.0,
          0.0,
          0.0,
          0.0,
          0.0,
          0.0
        ],
        "metrics": {
          "mae": 0.1071428571428571,
          "mape": 1.0,
          "rmse": 0.4225771273642583,
          "smape": 0.1428571428571428,
          "rmsse": 0.5638294935456694
        }
      }
    }
  }
}