{
  "series_id": "HOUSEHOLD_1_005_CA_1_validation",
  "run": "run_20260524_085747_563601_001_subset34590_ctx56_h16_emb8_ep10_steps100",
  "horizon": [
    1,
    2,
    3,
    4,
    5,
    6,
    7,
    8,
    9,
    10,
    11,
    12,
    13,
    14,
    15,
    16,
    17,
    18,
    19,
    20,
    21,
    22,
    23,
    24,
    25,
    26,
    27,
    28
  ],
  "actuals": [
    0.0,
    0.0,
    2.0,
    1.0,
    2.0,
    2.0,
    1.0,
    0.0,
    2.0,
    1.0,
    0.0,
    1.0,
    1.0,
    0.0,
    0.0,
    0.0,
    3.0,
    3.0,
    1.0,
    1.0,
    0.0,
    0.0,
    0.0,
    1.0,
    0.0,
    1.0,
    1.0,
    4.0
  ],
  "modes": {
    "mean": {
      "raw": {
        "forecast": [
          1.0429363,
          0.9271791,
          0.8776286,
          0.9245092,
          1.0638405,
          1.1311938,
          1.2036977,
          1.1872972,
          1.0844688,
          1.0429015,
          1.0318321,
          1.2429236,
          1.4552839,
          1.4101502,
          1.3328806,
          1.1934737,
          1.0622015,
          1.0937045,
          1.2393373,
          1.423772,
          1.4585168,
          1.3049719,
          1.1333605,
          1.0544024,
          1.0926504,
          1.2424,
          1.431268,
          1.4686768
        ],
        "metrics": {
          "mae": 0.9194646988596236,
          "mape": 0.36747686827884,
          "rmse": 1.1059171318471075,
          "smape": 1.051108942914737,
          "rmsse": 0.6464969559611053
        }
      },
      "rounded": {
        "forecast": [
          1.0,
          1.0,
          1.0,
          1.0,
          1.0,
          1.0,
          1.0,
          1.0,
          1.0,
          1.0,
          1.0,
          1.0,
          1.0,
          1.0,
          1.0,
          1.0,
          1.0,
          1.0,
          1.0,
          1.0,
          1.0,
          1.0,
          1.0,
          1.0,
          1.0,
          1.0,
          1.0,
          1.0
        ],
        "metrics": {
          "mae": 0.7857142857142857,
          "mape": 0.2401960784313725,
          "rmse": 1.0690449676496976,
          "smape": 0.9952380952380953,
          "rmsse": 0.624942228914324
        }
      }
    },
    "sample-mean": {
      "raw": {
        "forecast": [
          0.81,
          0.93,
          0.81,
          0.98,
          0.97,
          0.9,
          1.17,
          0.97,
          1.04,
          0.85,
          1.05,
          0.97,
          1.26,
          1.27,
          1.06,
          1.08,
          0.87,
          0.94,
          1.07,
          1.29,
          1.12,
          0.94,
          0.99,
          1.04,
          0.95,
          1.09,
          1.24,
          1.2
        ],
        "metrics": {
          "mae": 0.8499999940395355,
          "mape": 0.3292156802672966,
          "rmse": 1.0855150134686309,
          "smape": 1.050510220983899,
          "rmsse": 0.6345702870932368
        }
      },
      "rounded": {
        "forecast": [
          1.0,
          1.0,
          1.0,
          1.0,
          1.0,
          1.0,
          1.0,
          1.0,
          1.0,
          1.0,
          1.0,
          1.0,
          1.0,
          1.0,
          1.0,
          1.0,
          1.0,
          1.0,
          1.0,
          1.0,
          1.0,
          1.0,
          1.0,
          1.0,
          1.0,
          1.0,
          1.0,
          1.0
        ],
        "metrics": {
          "mae": 0.7857142857142857,
          "mape": 0.2401960784313725,
          "rmse": 1.0690449676496976,
          "smape": 0.9952380952380953,
          "rmsse": 0.624942228914324
        }
      }
    },
    "p25": {
      "raw": {
        "forecast": [
          0.0,
          0.0,
          0.0,
          0.0,
          0.0,
          0.0,
          0.0,
          0.0,
          0.0,
          0.0,
          0.0,
          0.0,
          0.0,
          0.0,
          0.0,
          0.0,
          0.0,
          0.0,
          0.0,
          0.0,
          0.0,
          0.0,
          0.0,
          0.0,
          0.0,
          0.0,
          0.0,
          0.0
        ],
        "metrics": {
          "mae": 1.0,
          "mape": 1.0,
          "rmse": 1.4638501094227998,
          "smape": 1.2142857142857142,
          "rmsse": 0.8557373897848314
        }
      },
      "rounded": {
        "forecast": [
          0.0,
          0.0,
          0.0,
          0.0,
          0.0,
          0.0,
          0.0,
          0.0,
          0.0,
          0.0,
          0.0,
          0.0,
          0.0,
          0.0,
          0.0,
          0.0,
          0.0,
          0.0,
          0.0,
          0.0,
          0.0,
          0.0,
          0.0,
          0.0,
          0.0,
          0.0,
          0.0,
          0.0
        ],
        "metrics": {
          "mae": 1.0,
          "mape": 1.0,
          "rmse": 1.4638501094227998,
          "smape": 1.2142857142857142,
          "rmsse": 0.8557373897848314
        }
      }
    },
    "p50": {
      "raw": {
        "forecast": [
          0.0,
          0.0,
          0.0,
          1.0,
          1.0,
          0.0,
          1.0,
          1.0,
          1.0,
          0.0,
          1.0,
          0.0,
          1.0,
          1.0,
          1.0,
          1.0,
          1.0,
          1.0,
          1.0,
          1.0,
          1.0,
          1.0,
          1.0,
          1.0,
          1.0,
          1.0,
          1.0,
          1.0
        ],
        "metrics": {
          "mae": 0.8571428571428571,
          "mape": 0.4166666666666666,
          "rmse": 1.164964745021435,
          "smape": 1.0904761904761904,
          "rmsse": 0.6810150053471503
        }
      },
      "rounded": {
        "forecast": [
          0.0,
          0.0,
          0.0,
          1.0,
          1.0,
          0.0,
          1.0,
          1.0,
          1.0,
          0.0,
          1.0,
          0.0,
          1.0,
          1.0,
          1.0,
          1.0,
          1.0,
          1.0,
          1.0,
          1.0,
          1.0,
          1.0,
          1.0,
          1.0,
          1.0,
          1.0,
          1.0,
          1.0
        ],
        "metrics": {
          "mae": 0.8571428571428571,
          "mape": 0.4166666666666666,
          "rmse": 1.164964745021435,
          "smape": 1.0904761904761904,
          "rmsse": 0.6810150053471503
        }
      }
    },
    "p75": {
      "raw": {
        "forecast": [
          1.0,
          1.0,
          1.0,
          2.0,
          2.0,
          1.0,
          2.0,
          2.0,
          2.0,
          1.25,
          2.0,
          2.0,
          2.0,
          2.0,
          2.0,
          2.0,
          1.0,
          1.0,
          2.0,
          2.0,
          2.0,
          1.0,
          1.0,
          2.0,
          1.0,
          1.25,
          2.0,
          2.0
        ],
        "metrics": {
          "mae": 1.1964285714285714,
          "mape": 0.6666666666666666,
          "rmse": 1.3512560294566154,
          "smape": 1.1349206349206349,
          "rmsse": 0.7899171507622181
        }
      },
      "rounded": {
        "forecast": [
          1.0,
          1.0,
          1.0,
          2.0,
          2.0,
          1.0,
          2.0,
          2.0,
          2.0,
          1.0,
          2.0,
          2.0,
          2.0,
          2.0,
          2.0,
          2.0,
          1.0,
          1.0,
          2.0,
          2.0,
          2.0,
          1.0,
          1.0,
          2.0,
          1.0,
          1.0,
          2.0,
          2.0
        ],
        "metrics": {
          "mae": 1.1785714285714286,
          "mape": 0.6372549019607843,
          "rmse": 1.349603116263656,
          "smape": 1.119047619047619,
          "rmsse": 0.7889508908889026
        }
      }
    }
  }
}