{
  "series_id": "HOUSEHOLD_1_045_TX_2_validation",
  "run": "run_20260524_085747_563601_001_subset34590_ctx56_h16_emb8_ep10_steps100",
  "horizon": [
    1,
    2,
    3,
    4,
    5,
    6,
    7,
    8,
    9,
    10,
    11,
    12,
    13,
    14,
    15,
    16,
    17,
    18,
    19,
    20,
    21,
    22,
    23,
    24,
    25,
    26,
    27,
    28
  ],
  "actuals": [
    1.0,
    0.0,
    1.0,
    1.0,
    4.0,
    0.0,
    4.0,
    1.0,
    0.0,
    10.0,
    2.0,
    1.0,
    1.0,
    2.0,
    3.0,
    4.0,
    1.0,
    2.0,
    2.0,
    0.0,
    5.0,
    4.0,
    1.0,
    1.0,
    0.0,
    1.0,
    1.0,
    3.0
  ],
  "modes": {
    "mean": {
      "raw": {
        "forecast": [
          1.6044366,
          1.514315,
          1.4740032,
          1.5930927,
          1.836229,
          1.9242631,
          2.0420532,
          1.8449708,
          1.812657,
          1.6363773,
          1.7441248,
          2.0866325,
          2.360058,
          2.096149,
          2.1624107,
          1.8010414,
          1.878478,
          2.003036,
          2.282744,
          2.3570313,
          2.5388072,
          2.1332965,
          1.908163,
          1.8251818,
          1.9359608,
          2.178828,
          2.3843977,
          2.3693383
        ],
        "metrics": {
          "mae": 1.457168583359037,
          "mape": 0.6226959730404011,
          "rmse": 2.09550682244716,
          "smape": 0.8040991547342422,
          "rmsse": 0.8177251771887731
        }
      },
      "rounded": {
        "forecast": [
          2.0,
          2.0,
          1.0,
          2.0,
          2.0,
          2.0,
          2.0,
          2.0,
          2.0,
          2.0,
          2.0,
          2.0,
          2.0,
          2.0,
          2.0,
          2.0,
          2.0,
          2.0,
          2.0,
          2.0,
          3.0,
          2.0,
          2.0,
          2.0,
          2.0,
          2.0,
          2.0,
          2.0
        ],
        "metrics": {
          "mae": 1.4285714285714286,
          "mape": 0.6028985507246377,
          "rmse": 2.0354009783964297,
          "smape": 0.7845238095238096,
          "rmsse": 0.7942702013089683
        }
      }
    },
    "sample-mean": {
      "raw": {
        "forecast": [
          1.81,
          1.39,
          1.42,
          1.62,
          1.92,
          2.0,
          1.85,
          1.77,
          1.79,
          1.3,
          1.77,
          1.66,
          1.88,
          1.88,
          1.7,
          1.39,
          1.74,
          2.19,
          2.21,
          2.29,
          2.43,
          2.01,
          1.63,
          1.65,
          1.56,
          1.72,
          2.17,
          1.78
        ],
        "metrics": {
          "mae": 1.4453571396214622,
          "mape": 0.5598478255928427,
          "rmse": 2.141677414445784,
          "smape": 0.8062720876959022,
          "rmsse": 0.8357422292539601
        }
      },
      "rounded": {
        "forecast": [
          2.0,
          1.0,
          1.0,
          2.0,
          2.0,
          2.0,
          2.0,
          2.0,
          2.0,
          1.0,
          2.0,
          2.0,
          2.0,
          2.0,
          2.0,
          1.0,
          2.0,
          2.0,
          2.0,
          2.0,
          2.0,
          2.0,
          2.0,
          2.0,
          2.0,
          2.0,
          2.0,
          2.0
        ],
        "metrics": {
          "mae": 1.5,
          "mape": 0.6268115942028986,
          "rmse": 2.23606797749979,
          "smape": 0.8271490414347556,
          "rmsse": 0.8725760582214777
        }
      }
    },
    "p25": {
      "raw": {
        "forecast": [
          0.0,
          0.0,
          0.0,
          0.0,
          1.0,
          1.0,
          0.75,
          0.0,
          0.0,
          0.0,
          1.0,
          0.0,
          1.0,
          0.0,
          0.0,
          0.0,
          0.0,
          1.0,
          1.0,
          1.0,
          1.0,
          0.0,
          0.0,
          0.75,
          0.0,
          0.0,
          1.0,
          0.0
        ],
        "metrics": {
          "mae": 1.7678571428571428,
          "mape": 0.7875,
          "rmse": 2.690094262820012,
          "smape": 1.3638381668456856,
          "rmsse": 1.0497497713465282
        }
      },
      "rounded": {
        "forecast": [
          0.0,
          0.0,
          0.0,
          0.0,
          1.0,
          1.0,
          1.0,
          0.0,
          0.0,
          0.0,
          1.0,
          0.0,
          1.0,
          0.0,
          0.0,
          0.0,
          0.0,
          1.0,
          1.0,
          1.0,
          1.0,
          0.0,
          0.0,
          1.0,
          0.0,
          0.0,
          1.0,
          0.0
        ],
        "metrics": {
          "mae": 1.75,
          "mape": 0.773913043478261,
          "rmse": 2.679285619073008,
          "smape": 1.3476190476190475,
          "rmsse": 1.0455319372509713
        }
      }
    },
    "p50": {
      "raw": {
        "forecast": [
          1.0,
          1.0,
          1.0,
          1.0,
          1.0,
          1.0,
          1.0,
          1.0,
          1.0,
          1.0,
          1.0,
          1.0,
          1.0,
          1.0,
          1.0,
          1.0,
          1.0,
          2.0,
          2.0,
          2.0,
          2.0,
          1.0,
          1.0,
          1.0,
          1.0,
          1.0,
          2.0,
          1.0
        ],
        "metrics": {
          "mae": 1.3214285714285714,
          "mape": 0.3405797101449275,
          "rmse": 2.275647474581999,
          "smape": 0.7604823747680891,
          "rmsse": 0.8880210813146477
        }
      },
      "rounded": {
        "forecast": [
          1.0,
          1.0,
          1.0,
          1.0,
          1.0,
          1.0,
          1.0,
          1.0,
          1.0,
          1.0,
          1.0,
          1.0,
          1.0,
          1.0,
          1.0,
          1.0,
          1.0,
          2.0,
          2.0,
          2.0,
          2.0,
          1.0,
          1.0,
          1.0,
          1.0,
          1.0,
          2.0,
          1.0
        ],
        "metrics": {
          "mae": 1.3214285714285714,
          "mape": 0.3405797101449275,
          "rmse": 2.275647474581999,
          "smape": 0.7604823747680891,
          "rmsse": 0.8880210813146477
        }
      }
    },
    "p75": {
      "raw": {
        "forecast": [
          3.0,
          2.0,
          2.0,
          2.25,
          3.0,
          3.0,
          2.25,
          3.0,
          3.0,
          2.0,
          3.0,
          2.0,
          3.0,
          3.0,
          3.0,
          2.0,
          3.0,
          3.0,
          3.0,
          3.0,
          4.0,
          3.0,
          2.0,
          3.0,
          2.25,
          3.0,
          3.0,
          3.0
        ],
        "metrics": {
          "mae": 1.7946428571428572,
          "mape": 0.9864130434782608,
          "rmse": 2.28885108421546,
          "smape": 0.8829600558171986,
          "rmsse": 0.8931734978619938
        }
      },
      "rounded": {
        "forecast": [
          3.0,
          2.0,
          2.0,
          2.0,
          3.0,
          3.0,
          2.0,
          3.0,
          3.0,
          2.0,
          3.0,
          2.0,
          3.0,
          3.0,
          3.0,
          2.0,
          3.0,
          3.0,
          3.0,
          3.0,
          4.0,
          3.0,
          2.0,
          3.0,
          2.0,
          3.0,
          3.0,
          3.0
        ],
        "metrics": {
          "mae": 1.7857142857142858,
          "mape": 0.9782608695652174,
          "rmse": 2.2834810518779687,
          "smape": 0.8831065759637188,
          "rmsse": 0.8910779615470339
        }
      }
    }
  }
}