{
  "series_id": "HOUSEHOLD_1_413_TX_2_validation",
  "run": "run_20260524_085747_563601_001_subset34590_ctx56_h16_emb8_ep10_steps100",
  "horizon": [
    1,
    2,
    3,
    4,
    5,
    6,
    7,
    8,
    9,
    10,
    11,
    12,
    13,
    14,
    15,
    16,
    17,
    18,
    19,
    20,
    21,
    22,
    23,
    24,
    25,
    26,
    27,
    28
  ],
  "actuals": [
    2.0,
    2.0,
    0.0,
    0.0,
    0.0,
    0.0,
    0.0,
    0.0,
    2.0,
    0.0,
    1.0,
    0.0,
    2.0,
    2.0,
    0.0,
    0.0,
    1.0,
    0.0,
    1.0,
    0.0,
    0.0,
    1.0,
    2.0,
    0.0,
    0.0,
    1.0,
    0.0,
    2.0
  ],
  "modes": {
    "mean": {
      "raw": {
        "forecast": [
          1.0987233,
          0.9355154,
          0.9071248,
          0.9744666,
          1.1137407,
          1.1782967,
          1.2574972,
          1.076429,
          1.0370978,
          0.9424095,
          1.0335705,
          1.2513754,
          1.398504,
          1.2210399,
          1.2166586,
          0.9927908,
          1.0396996,
          1.1232435,
          1.2888622,
          1.3333057,
          1.4104869,
          1.1455966,
          1.0079863,
          0.97448957,
          1.045923,
          1.1915116,
          1.3178128,
          1.2901751
        ],
        "metrics": {
          "mae": 0.886651771409171,
          "mape": 0.3087266385555267,
          "rmse": 0.9699676626126468,
          "smape": 1.3037358938828898,
          "rmsse": 0.7041538538045446
        }
      },
      "rounded": {
        "forecast": [
          1.0,
          1.0,
          1.0,
          1.0,
          1.0,
          1.0,
          1.0,
          1.0,
          1.0,
          1.0,
          1.0,
          1.0,
          1.0,
          1.0,
          1.0,
          1.0,
          1.0,
          1.0,
          1.0,
          1.0,
          1.0,
          1.0,
          1.0,
          1.0,
          1.0,
          1.0,
          1.0,
          1.0
        ],
        "metrics": {
          "mae": 0.8214285714285714,
          "mape": 0.2916666666666667,
          "rmse": 0.9063269671749656,
          "smape": 1.3095238095238095,
          "rmsse": 0.6579535084955689
        }
      }
    },
    "sample-mean": {
      "raw": {
        "forecast": [
          1.06,
          0.94,
          1.0,
          1.0,
          1.07,
          0.81,
          1.13,
          0.92,
          1.0,
          0.81,
          0.95,
          1.08,
          1.31,
          0.95,
          0.95,
          0.91,
          0.99,
          0.81,
          1.01,
          1.19,
          1.07,
          0.87,
          0.75,
          0.82,
          0.87,
          0.82,
          1.01,
          1.07
        ],
        "metrics": {
          "mae": 0.8125000106436866,
          "mape": 0.3200000027815501,
          "rmse": 0.8906077501285272,
          "smape": 1.323356905795586,
          "rmsse": 0.6465420484142856
        }
      },
      "rounded": {
        "forecast": [
          1.0,
          1.0,
          1.0,
          1.0,
          1.0,
          1.0,
          1.0,
          1.0,
          1.0,
          1.0,
          1.0,
          1.0,
          1.0,
          1.0,
          1.0,
          1.0,
          1.0,
          1.0,
          1.0,
          1.0,
          1.0,
          1.0,
          1.0,
          1.0,
          1.0,
          1.0,
          1.0,
          1.0
        ],
        "metrics": {
          "mae": 0.8214285714285714,
          "mape": 0.2916666666666667,
          "rmse": 0.9063269671749656,
          "smape": 1.3095238095238095,
          "rmsse": 0.6579535084955689
        }
      }
    },
    "p25": {
      "raw": {
        "forecast": [
          0.0,
          0.0,
          0.0,
          0.0,
          0.0,
          0.0,
          0.0,
          0.0,
          0.0,
          0.0,
          0.0,
          0.0,
          0.0,
          0.0,
          0.0,
          0.0,
          0.0,
          0.0,
          0.0,
          0.0,
          0.0,
          0.0,
          0.0,
          0.0,
          0.0,
          0.0,
          0.0,
          0.0
        ],
        "metrics": {
          "mae": 0.6785714285714286,
          "mape": 1.0,
          "rmse": 1.0856202966836188,
          "smape": 0.8571428571428571,
          "rmsse": 0.7881125785360138
        }
      },
      "rounded": {
        "forecast": [
          0.0,
          0.0,
          0.0,
          0.0,
          0.0,
          0.0,
          0.0,
          0.0,
          0.0,
          0.0,
          0.0,
          0.0,
          0.0,
          0.0,
          0.0,
          0.0,
          0.0,
          0.0,
          0.0,
          0.0,
          0.0,
          0.0,
          0.0,
          0.0,
          0.0,
          0.0,
          0.0,
          0.0
        ],
        "metrics": {
          "mae": 0.6785714285714286,
          "mape": 1.0,
          "rmse": 1.0856202966836188,
          "smape": 0.8571428571428571,
          "rmsse": 0.7881125785360138
        }
      }
    },
    "p50": {
      "raw": {
        "forecast": [
          1.0,
          1.0,
          1.0,
          1.0,
          1.0,
          0.0,
          1.0,
          1.0,
          1.0,
          1.0,
          1.0,
          1.0,
          1.0,
          1.0,
          0.5,
          0.0,
          1.0,
          1.0,
          0.5,
          1.0,
          1.0,
          1.0,
          0.0,
          1.0,
          1.0,
          0.0,
          0.5,
          1.0
        ],
        "metrics": {
          "mae": 0.8035714285714286,
          "mape": 0.4583333333333333,
          "rmse": 0.9209854970162592,
          "smape": 1.3095238095238095,
          "rmsse": 0.6685949563259566
        }
      },
      "rounded": {
        "forecast": [
          1.0,
          1.0,
          1.0,
          1.0,
          1.0,
          0.0,
          1.0,
          1.0,
          1.0,
          1.0,
          1.0,
          1.0,
          1.0,
          1.0,
          0.0,
          0.0,
          1.0,
          1.0,
          0.0,
          1.0,
          1.0,
          1.0,
          0.0,
          1.0,
          1.0,
          0.0,
          0.0,
          1.0
        ],
        "metrics": {
          "mae": 0.7857142857142857,
          "mape": 0.5,
          "rmse": 0.9258200997725514,
          "smape": 1.214285714285714,
          "rmsse": 0.6721046652509817
        }
      }
    },
    "p75": {
      "raw": {
        "forecast": [
          2.0,
          1.0,
          2.0,
          1.25,
          1.0,
          1.0,
          2.0,
          1.25,
          1.25,
          1.0,
          1.0,
          2.0,
          2.0,
          1.0,
          1.0,
          2.0,
          2.0,
          1.0,
          2.0,
          2.0,
          2.0,
          2.0,
          1.0,
          1.0,
          1.0,
          1.0,
          1.25,
          2.0
        ],
        "metrics": {
          "mae": 1.0535714285714286,
          "mape": 0.40625,
          "rmse": 1.2283845372799884,
          "smape": 1.3021978021978022,
          "rmsse": 0.8917531369548757
        }
      },
      "rounded": {
        "forecast": [
          2.0,
          1.0,
          2.0,
          1.0,
          1.0,
          1.0,
          2.0,
          1.0,
          1.0,
          1.0,
          1.0,
          2.0,
          2.0,
          1.0,
          1.0,
          2.0,
          2.0,
          1.0,
          2.0,
          2.0,
          2.0,
          2.0,
          1.0,
          1.0,
          1.0,
          1.0,
          1.0,
          2.0
        ],
        "metrics": {
          "mae": 1.0357142857142858,
          "mape": 0.4166666666666667,
          "rmse": 1.2100767390069582,
          "smape": 1.3095238095238095,
          "rmsse": 0.8784624807757753
        }
      }
    }
  }
}