{
  "series_id": "HOUSEHOLD_2_184_WI_3_validation",
  "run": "run_20260524_085747_563601_001_subset34590_ctx56_h16_emb8_ep10_steps100",
  "horizon": [
    1,
    2,
    3,
    4,
    5,
    6,
    7,
    8,
    9,
    10,
    11,
    12,
    13,
    14,
    15,
    16,
    17,
    18,
    19,
    20,
    21,
    22,
    23,
    24,
    25,
    26,
    27,
    28
  ],
  "actuals": [
    0.0,
    1.0,
    1.0,
    1.0,
    0.0,
    0.0,
    1.0,
    0.0,
    0.0,
    0.0,
    0.0,
    0.0,
    0.0,
    0.0,
    0.0,
    1.0,
    0.0,
    1.0,
    0.0,
    0.0,
    0.0,
    1.0,
    0.0,
    1.0,
    1.0,
    0.0,
    0.0,
    1.0
  ],
  "modes": {
    "mean": {
      "raw": {
        "forecast": [
          0.893204,
          0.7519509,
          0.69113076,
          0.7141751,
          0.8132402,
          0.84733695,
          0.82055336,
          0.8099609,
          0.7190091,
          0.63421506,
          0.6281692,
          0.78135425,
          0.85943246,
          0.83659357,
          0.7823113,
          0.6389236,
          0.6254605,
          0.6615272,
          0.7240961,
          0.8603387,
          0.8736296,
          0.72714365,
          0.6153661,
          0.5659894,
          0.58208805,
          0.6620926,
          0.7539057,
          0.754494
        ],
        "metrics": {
          "mae": 0.6004192956856319,
          "mape": 0.3092023968696594,
          "rmse": 0.6443677823412389,
          "smape": 1.4180550192780914,
          "rmsse": 0.6923849125725581
        }
      },
      "rounded": {
        "forecast": [
          1.0,
          1.0,
          1.0,
          1.0,
          1.0,
          1.0,
          1.0,
          1.0,
          1.0,
          1.0,
          1.0,
          1.0,
          1.0,
          1.0,
          1.0,
          1.0,
          1.0,
          1.0,
          1.0,
          1.0,
          1.0,
          1.0,
          1.0,
          1.0,
          1.0,
          1.0,
          1.0,
          1.0
        ],
        "metrics": {
          "mae": 0.6428571428571429,
          "mape": 0.0,
          "rmse": 0.8017837257372732,
          "smape": 1.2857142857142858,
          "rmsse": 0.8615312094432335
        }
      }
    },
    "sample-mean": {
      "raw": {
        "forecast": [
          0.89,
          0.65,
          0.52,
          0.62,
          0.75,
          0.9,
          0.78,
          0.72,
          0.55,
          0.52,
          0.42,
          0.59,
          0.61,
          0.66,
          0.62,
          0.51,
          0.4,
          0.57,
          0.47,
          0.65,
          0.54,
          0.54,
          0.53,
          0.56,
          0.51,
          0.43,
          0.46,
          0.63
        ],
        "metrics": {
          "mae": 0.5292857161590031,
          "mape": 0.411000007390976,
          "rmse": 0.5509018583826492,
          "smape": 1.4726223261283002,
          "rmsse": 0.5919540757708655
        }
      },
      "rounded": {
        "forecast": [
          1.0,
          1.0,
          1.0,
          1.0,
          1.0,
          1.0,
          1.0,
          1.0,
          1.0,
          1.0,
          0.0,
          1.0,
          1.0,
          1.0,
          1.0,
          1.0,
          0.0,
          1.0,
          0.0,
          1.0,
          1.0,
          1.0,
          1.0,
          1.0,
          1.0,
          0.0,
          0.0,
          1.0
        ],
        "metrics": {
          "mae": 0.4642857142857143,
          "mape": 0.0,
          "rmse": 0.6813851438692469,
          "smape": 0.9285714285714286,
          "rmsse": 0.73216074142004
        }
      }
    },
    "p25": {
      "raw": {
        "forecast": [
          0.0,
          0.0,
          0.0,
          0.0,
          0.0,
          0.0,
          0.0,
          0.0,
          0.0,
          0.0,
          0.0,
          0.0,
          0.0,
          0.0,
          0.0,
          0.0,
          0.0,
          0.0,
          0.0,
          0.0,
          0.0,
          0.0,
          0.0,
          0.0,
          0.0,
          0.0,
          0.0,
          0.0
        ],
        "metrics": {
          "mae": 0.3571428571428571,
          "mape": 1.0,
          "rmse": 0.5976143046671968,
          "smape": 0.7142857142857143,
          "rmsse": 0.6421474496842262
        }
      },
      "rounded": {
        "forecast": [
          0.0,
          0.0,
          0.0,
          0.0,
          0.0,
          0.0,
          0.0,
          0.0,
          0.0,
          0.0,
          0.0,
          0.0,
          0.0,
          0.0,
          0.0,
          0.0,
          0.0,
          0.0,
          0.0,
          0.0,
          0.0,
          0.0,
          0.0,
          0.0,
          0.0,
          0.0,
          0.0,
          0.0
        ],
        "metrics": {
          "mae": 0.3571428571428571,
          "mape": 1.0,
          "rmse": 0.5976143046671968,
          "smape": 0.7142857142857143,
          "rmsse": 0.6421474496842262
        }
      }
    },
    "p50": {
      "raw": {
        "forecast": [
          1.0,
          0.0,
          0.0,
          0.0,
          0.0,
          0.0,
          0.0,
          0.0,
          0.0,
          0.0,
          0.0,
          0.0,
          0.0,
          0.0,
          0.0,
          0.0,
          0.0,
          0.0,
          0.0,
          0.0,
          0.0,
          0.0,
          0.0,
          0.0,
          0.0,
          0.0,
          0.0,
          0.0
        ],
        "metrics": {
          "mae": 0.3928571428571428,
          "mape": 1.0,
          "rmse": 0.6267831705280087,
          "smape": 0.7857142857142857,
          "rmsse": 0.6734899270587137
        }
      },
      "rounded": {
        "forecast": [
          1.0,
          0.0,
          0.0,
          0.0,
          0.0,
          0.0,
          0.0,
          0.0,
          0.0,
          0.0,
          0.0,
          0.0,
          0.0,
          0.0,
          0.0,
          0.0,
          0.0,
          0.0,
          0.0,
          0.0,
          0.0,
          0.0,
          0.0,
          0.0,
          0.0,
          0.0,
          0.0,
          0.0
        ],
        "metrics": {
          "mae": 0.3928571428571428,
          "mape": 1.0,
          "rmse": 0.6267831705280087,
          "smape": 0.7857142857142857,
          "rmsse": 0.6734899270587137
        }
      }
    },
    "p75": {
      "raw": {
        "forecast": [
          1.0,
          1.0,
          1.0,
          1.0,
          1.0,
          1.0,
          1.0,
          1.0,
          1.0,
          1.0,
          1.0,
          1.0,
          1.0,
          1.0,
          1.0,
          1.0,
          1.0,
          1.0,
          1.0,
          1.0,
          1.0,
          1.0,
          1.0,
          1.0,
          1.0,
          1.0,
          1.0,
          1.0
        ],
        "metrics": {
          "mae": 0.6428571428571429,
          "mape": 0.0,
          "rmse": 0.8017837257372732,
          "smape": 1.2857142857142858,
          "rmsse": 0.8615312094432335
        }
      },
      "rounded": {
        "forecast": [
          1.0,
          1.0,
          1.0,
          1.0,
          1.0,
          1.0,
          1.0,
          1.0,
          1.0,
          1.0,
          1.0,
          1.0,
          1.0,
          1.0,
          1.0,
          1.0,
          1.0,
          1.0,
          1.0,
          1.0,
          1.0,
          1.0,
          1.0,
          1.0,
          1.0,
          1.0,
          1.0,
          1.0
        ],
        "metrics": {
          "mae": 0.6428571428571429,
          "mape": 0.0,
          "rmse": 0.8017837257372732,
          "smape": 1.2857142857142858,
          "rmsse": 0.8615312094432335
        }
      }
    }
  }
}