{
  "series_id": "HOUSEHOLD_1_093_CA_2_validation",
  "run": "run_20260524_085747_563601_001_subset34590_ctx56_h16_emb8_ep10_steps100",
  "horizon": [
    1,
    2,
    3,
    4,
    5,
    6,
    7,
    8,
    9,
    10,
    11,
    12,
    13,
    14,
    15,
    16,
    17,
    18,
    19,
    20,
    21,
    22,
    23,
    24,
    25,
    26,
    27,
    28
  ],
  "actuals": [
    2.0,
    0.0,
    4.0,
    1.0,
    1.0,
    0.0,
    0.0,
    3.0,
    0.0,
    1.0,
    1.0,
    0.0,
    2.0,
    2.0,
    0.0,
    0.0,
    3.0,
    2.0,
    2.0,
    4.0,
    4.0,
    0.0,
    0.0,
    1.0,
    3.0,
    0.0,
    0.0,
    0.0
  ],
  "modes": {
    "mean": {
      "raw": {
        "forecast": [
          1.2533464,
          1.1166567,
          1.0823768,
          1.1616367,
          1.3400229,
          1.3993409,
          1.467688,
          1.4517483,
          1.3475213,
          1.3169339,
          1.3044449,
          1.5362825,
          1.7565848,
          1.6847742,
          1.6215328,
          1.4830297,
          1.3423468,
          1.4208792,
          1.5986336,
          1.7705041,
          1.7753808,
          1.615465,
          1.4442219,
          1.3851253,
          1.462475,
          1.6428869,
          1.8082497,
          1.8031572
        ],
        "metrics": {
          "mae": 1.2212552215371812,
          "mape": 0.3796957780917486,
          "rmse": 1.4131576061977973,
          "smape": 1.1236296529196297,
          "rmsse": 1.0943982452104102
        }
      },
      "rounded": {
        "forecast": [
          1.0,
          1.0,
          1.0,
          1.0,
          1.0,
          1.0,
          1.0,
          1.0,
          1.0,
          1.0,
          1.0,
          2.0,
          2.0,
          2.0,
          2.0,
          1.0,
          1.0,
          1.0,
          2.0,
          2.0,
          2.0,
          2.0,
          1.0,
          1.0,
          1.0,
          2.0,
          2.0,
          2.0
        ],
        "metrics": {
          "mae": 1.1785714285714286,
          "mape": 0.296875,
          "rmse": 1.475998451412273,
          "smape": 1.1023809523809525,
          "rmsse": 1.1430643744720286
        }
      }
    },
    "sample-mean": {
      "raw": {
        "forecast": [
          1.1,
          1.54,
          1.31,
          1.06,
          1.47,
          1.41,
          1.35,
          1.36,
          1.17,
          1.13,
          1.05,
          1.37,
          1.48,
          1.56,
          1.8,
          1.08,
          1.36,
          1.32,
          1.51,
          1.64,
          1.37,
          1.14,
          0.9,
          0.94,
          1.06,
          1.23,
          1.66,
          1.45
        ],
        "metrics": {
          "mae": 1.1714285675968443,
          "mape": 0.3715624958276748,
          "rmse": 1.381050326274282,
          "smape": 1.1348885271907787,
          "rmsse": 1.0695332544601457
        }
      },
      "rounded": {
        "forecast": [
          1.0,
          2.0,
          1.0,
          1.0,
          1.0,
          1.0,
          1.0,
          1.0,
          1.0,
          1.0,
          1.0,
          1.0,
          1.0,
          2.0,
          2.0,
          1.0,
          1.0,
          1.0,
          2.0,
          2.0,
          1.0,
          1.0,
          1.0,
          1.0,
          1.0,
          1.0,
          2.0,
          1.0
        ],
        "metrics": {
          "mae": 1.1428571428571428,
          "mape": 0.34375,
          "rmse": 1.439245834257849,
          "smape": 1.1452380952380952,
          "rmsse": 1.1146018735136876
        }
      }
    },
    "p25": {
      "raw": {
        "forecast": [
          0.0,
          0.0,
          0.0,
          0.0,
          0.0,
          0.0,
          0.0,
          0.0,
          0.0,
          0.0,
          0.0,
          0.0,
          0.0,
          0.0,
          0.75,
          0.0,
          0.0,
          0.0,
          0.0,
          0.0,
          0.0,
          0.0,
          0.0,
          0.0,
          0.0,
          0.0,
          0.0,
          0.0
        ],
        "metrics": {
          "mae": 1.3125,
          "mape": 1.0,
          "rmse": 1.8951300370008537,
          "smape": 1.2142857142857142,
          "rmsse": 1.467654405880172
        }
      },
      "rounded": {
        "forecast": [
          0.0,
          0.0,
          0.0,
          0.0,
          0.0,
          0.0,
          0.0,
          0.0,
          0.0,
          0.0,
          0.0,
          0.0,
          0.0,
          0.0,
          1.0,
          0.0,
          0.0,
          0.0,
          0.0,
          0.0,
          0.0,
          0.0,
          0.0,
          0.0,
          0.0,
          0.0,
          0.0,
          0.0
        ],
        "metrics": {
          "mae": 1.3214285714285714,
          "mape": 1.0,
          "rmse": 1.8992479714726187,
          "smape": 1.2142857142857142,
          "rmsse": 1.4708434771062162
        }
      }
    },
    "p50": {
      "raw": {
        "forecast": [
          1.0,
          1.0,
          1.0,
          1.0,
          1.0,
          1.0,
          1.0,
          1.0,
          1.0,
          1.0,
          1.0,
          1.0,
          1.0,
          1.0,
          1.5,
          1.0,
          1.0,
          1.0,
          1.0,
          1.0,
          1.0,
          1.0,
          0.5,
          1.0,
          1.0,
          1.0,
          1.0,
          1.0
        ],
        "metrics": {
          "mae": 1.1428571428571428,
          "mape": 0.421875,
          "rmse": 1.42051298581081,
          "smape": 1.2119047619047618,
          "rmsse": 1.1000945061978848
        }
      },
      "rounded": {
        "forecast": [
          1.0,
          1.0,
          1.0,
          1.0,
          1.0,
          1.0,
          1.0,
          1.0,
          1.0,
          1.0,
          1.0,
          1.0,
          1.0,
          1.0,
          2.0,
          1.0,
          1.0,
          1.0,
          1.0,
          1.0,
          1.0,
          1.0,
          0.0,
          1.0,
          1.0,
          1.0,
          1.0,
          1.0
        ],
        "metrics": {
          "mae": 1.1428571428571428,
          "mape": 0.421875,
          "rmse": 1.439245834257849,
          "smape": 1.1404761904761904,
          "rmsse": 1.1146018735136876
        }
      }
    },
    "p75": {
      "raw": {
        "forecast": [
          2.0,
          2.0,
          2.0,
          2.0,
          2.0,
          2.0,
          2.0,
          2.0,
          2.0,
          1.0,
          2.0,
          2.0,
          2.0,
          2.0,
          3.0,
          2.0,
          2.0,
          2.0,
          2.0,
          2.0,
          2.0,
          2.0,
          1.0,
          1.0,
          1.0,
          2.0,
          2.25,
          2.0
        ],
        "metrics": {
          "mae": 1.3303571428571428,
          "mape": 0.3645833333333333,
          "rmse": 1.6042632933174388,
          "smape": 1.0642857142857145,
          "rmsse": 1.2423971150577635
        }
      },
      "rounded": {
        "forecast": [
          2.0,
          2.0,
          2.0,
          2.0,
          2.0,
          2.0,
          2.0,
          2.0,
          2.0,
          1.0,
          2.0,
          2.0,
          2.0,
          2.0,
          3.0,
          2.0,
          2.0,
          2.0,
          2.0,
          2.0,
          2.0,
          2.0,
          1.0,
          1.0,
          1.0,
          2.0,
          2.0,
          2.0
        ],
        "metrics": {
          "mae": 1.3214285714285714,
          "mape": 0.3645833333333333,
          "rmse": 1.5923926292577109,
          "smape": 1.0642857142857145,
          "rmsse": 1.2332040612472956
        }
      }
    }
  }
}