{
  "series_id": "HOUSEHOLD_1_025_TX_2_validation",
  "run": "run_20260524_085747_563601_001_subset34590_ctx56_h16_emb8_ep10_steps100",
  "horizon": [
    1,
    2,
    3,
    4,
    5,
    6,
    7,
    8,
    9,
    10,
    11,
    12,
    13,
    14,
    15,
    16,
    17,
    18,
    19,
    20,
    21,
    22,
    23,
    24,
    25,
    26,
    27,
    28
  ],
  "actuals": [
    0.0,
    0.0,
    0.0,
    0.0,
    0.0,
    0.0,
    0.0,
    0.0,
    0.0,
    0.0,
    0.0,
    0.0,
    1.0,
    0.0,
    2.0,
    0.0,
    0.0,
    0.0,
    1.0,
    0.0,
    0.0,
    0.0,
    2.0,
    1.0,
    1.0,
    1.0,
    1.0,
    0.0
  ],
  "modes": {
    "mean": {
      "raw": {
        "forecast": [
          0.40561208,
          0.38507208,
          0.38773555,
          0.43285313,
          0.5160708,
          0.57012576,
          0.6111647,
          0.56578237,
          0.55380213,
          0.5292821,
          0.581013,
          0.6957063,
          0.7889921,
          0.749621,
          0.74927616,
          0.65264404,
          0.6808234,
          0.7362585,
          0.8377014,
          0.8873447,
          0.94034666,
          0.8164986,
          0.7409998,
          0.72346854,
          0.7758635,
          0.8731407,
          0.9548701,
          0.9519417
        ],
        "metrics": {
          "mae": 0.578763794686113,
          "mape": 0.2876032069325447,
          "rmse": 0.6532060609685701,
          "smape": 1.535570606016627,
          "rmsse": 0.7614600115269602
        }
      },
      "rounded": {
        "forecast": [
          0.0,
          0.0,
          0.0,
          0.0,
          1.0,
          1.0,
          1.0,
          1.0,
          1.0,
          1.0,
          1.0,
          1.0,
          1.0,
          1.0,
          1.0,
          1.0,
          1.0,
          1.0,
          1.0,
          1.0,
          1.0,
          1.0,
          1.0,
          1.0,
          1.0,
          1.0,
          1.0,
          1.0
        ],
        "metrics": {
          "mae": 0.6428571428571429,
          "mape": 0.125,
          "rmse": 0.8017837257372732,
          "smape": 1.1904761904761902,
          "rmsse": 0.9346610227969232
        }
      }
    },
    "sample-mean": {
      "raw": {
        "forecast": [
          0.35,
          0.41,
          0.34,
          0.39,
          0.44,
          0.51,
          0.56,
          0.66,
          0.45,
          0.31,
          0.56,
          0.63,
          0.55,
          0.52,
          0.6,
          0.6,
          0.45,
          0.63,
          0.68,
          0.77,
          0.81,
          0.62,
          0.61,
          0.57,
          0.61,
          0.61,
          0.77,
          0.75
        ],
        "metrics": {
          "mae": 0.562857139323439,
          "mape": 0.4506249949336052,
          "rmse": 0.6249285627819379,
          "smape": 1.6028663014735216,
          "rmsse": 0.7284961653813521
        }
      },
      "rounded": {
        "forecast": [
          0.0,
          0.0,
          0.0,
          0.0,
          0.0,
          1.0,
          1.0,
          1.0,
          0.0,
          0.0,
          1.0,
          1.0,
          1.0,
          1.0,
          1.0,
          1.0,
          0.0,
          1.0,
          1.0,
          1.0,
          1.0,
          1.0,
          1.0,
          1.0,
          1.0,
          1.0,
          1.0,
          1.0
        ],
        "metrics": {
          "mae": 0.5,
          "mape": 0.125,
          "rmse": 0.7071067811865476,
          "smape": 0.9047619047619048,
          "rmsse": 0.8242935421553101
        }
      }
    },
    "p25": {
      "raw": {
        "forecast": [
          0.0,
          0.0,
          0.0,
          0.0,
          0.0,
          0.0,
          0.0,
          0.0,
          0.0,
          0.0,
          0.0,
          0.0,
          0.0,
          0.0,
          0.0,
          0.0,
          0.0,
          0.0,
          0.0,
          0.0,
          0.0,
          0.0,
          0.0,
          0.0,
          0.0,
          0.0,
          0.0,
          0.0
        ],
        "metrics": {
          "mae": 0.3571428571428571,
          "mape": 1.0,
          "rmse": 0.7071067811865476,
          "smape": 0.5714285714285714,
          "rmsse": 0.8242935421553101
        }
      },
      "rounded": {
        "forecast": [
          0.0,
          0.0,
          0.0,
          0.0,
          0.0,
          0.0,
          0.0,
          0.0,
          0.0,
          0.0,
          0.0,
          0.0,
          0.0,
          0.0,
          0.0,
          0.0,
          0.0,
          0.0,
          0.0,
          0.0,
          0.0,
          0.0,
          0.0,
          0.0,
          0.0,
          0.0,
          0.0,
          0.0
        ],
        "metrics": {
          "mae": 0.3571428571428571,
          "mape": 1.0,
          "rmse": 0.7071067811865476,
          "smape": 0.5714285714285714,
          "rmsse": 0.8242935421553101
        }
      }
    },
    "p50": {
      "raw": {
        "forecast": [
          0.0,
          0.0,
          0.0,
          0.0,
          0.0,
          0.0,
          0.0,
          0.0,
          0.0,
          0.0,
          0.0,
          0.0,
          0.0,
          0.0,
          0.0,
          0.0,
          0.0,
          0.0,
          0.0,
          0.0,
          0.0,
          0.0,
          0.0,
          0.0,
          0.0,
          0.0,
          0.0,
          0.0
        ],
        "metrics": {
          "mae": 0.3571428571428571,
          "mape": 1.0,
          "rmse": 0.7071067811865476,
          "smape": 0.5714285714285714,
          "rmsse": 0.8242935421553101
        }
      },
      "rounded": {
        "forecast": [
          0.0,
          0.0,
          0.0,
          0.0,
          0.0,
          0.0,
          0.0,
          0.0,
          0.0,
          0.0,
          0.0,
          0.0,
          0.0,
          0.0,
          0.0,
          0.0,
          0.0,
          0.0,
          0.0,
          0.0,
          0.0,
          0.0,
          0.0,
          0.0,
          0.0,
          0.0,
          0.0,
          0.0
        ],
        "metrics": {
          "mae": 0.3571428571428571,
          "mape": 1.0,
          "rmse": 0.7071067811865476,
          "smape": 0.5714285714285714,
          "rmsse": 0.8242935421553101
        }
      }
    },
    "p75": {
      "raw": {
        "forecast": [
          1.0,
          1.0,
          0.0,
          1.0,
          1.0,
          1.0,
          1.0,
          1.0,
          1.0,
          0.0,
          1.0,
          1.0,
          1.0,
          1.0,
          1.0,
          1.0,
          1.0,
          1.0,
          1.0,
          1.0,
          1.0,
          1.0,
          1.0,
          1.0,
          1.0,
          1.0,
          1.0,
          1.0
        ],
        "metrics": {
          "mae": 0.7142857142857143,
          "mape": 0.125,
          "rmse": 0.8451542547285166,
          "smape": 1.3333333333333333,
          "rmsse": 0.9852192240736128
        }
      },
      "rounded": {
        "forecast": [
          1.0,
          1.0,
          0.0,
          1.0,
          1.0,
          1.0,
          1.0,
          1.0,
          1.0,
          0.0,
          1.0,
          1.0,
          1.0,
          1.0,
          1.0,
          1.0,
          1.0,
          1.0,
          1.0,
          1.0,
          1.0,
          1.0,
          1.0,
          1.0,
          1.0,
          1.0,
          1.0,
          1.0
        ],
        "metrics": {
          "mae": 0.7142857142857143,
          "mape": 0.125,
          "rmse": 0.8451542547285166,
          "smape": 1.3333333333333333,
          "rmsse": 0.9852192240736128
        }
      }
    }
  }
}