{
  "series_id": "HOUSEHOLD_2_500_TX_1_validation",
  "run": "run_20260524_085747_563601_001_subset34590_ctx56_h16_emb8_ep10_steps100",
  "horizon": [
    1,
    2,
    3,
    4,
    5,
    6,
    7,
    8,
    9,
    10,
    11,
    12,
    13,
    14,
    15,
    16,
    17,
    18,
    19,
    20,
    21,
    22,
    23,
    24,
    25,
    26,
    27,
    28
  ],
  "actuals": [
    0.0,
    0.0,
    0.0,
    0.0,
    0.0,
    0.0,
    1.0,
    0.0,
    0.0,
    0.0,
    1.0,
    0.0,
    0.0,
    0.0,
    0.0,
    1.0,
    0.0,
    0.0,
    0.0,
    0.0,
    1.0,
    0.0,
    0.0,
    0.0,
    0.0,
    0.0,
    0.0,
    0.0
  ],
  "modes": {
    "mean": {
      "raw": {
        "forecast": [
          0.19108379,
          0.18618208,
          0.19388239,
          0.21189989,
          0.24086423,
          0.25900787,
          0.26942015,
          0.27079713,
          0.26315063,
          0.2733144,
          0.28263268,
          0.34099522,
          0.3867764,
          0.36259988,
          0.35755745,
          0.33738527,
          0.3419442,
          0.37565777,
          0.42916515,
          0.46230945,
          0.4761347,
          0.43078014,
          0.3946193,
          0.39117154,
          0.41680077,
          0.46355107,
          0.5039961,
          0.5012317
        ],
        "metrics": {
          "mae": 0.3887059172349317,
          "mape": 0.6586068049073219,
          "rmse": 0.4152117050861779,
          "smape": 1.8560829052782164,
          "rmsse": 0.6738220547215434
        }
      },
      "rounded": {
        "forecast": [
          0.0,
          0.0,
          0.0,
          0.0,
          0.0,
          0.0,
          0.0,
          0.0,
          0.0,
          0.0,
          0.0,
          0.0,
          0.0,
          0.0,
          0.0,
          0.0,
          0.0,
          0.0,
          0.0,
          0.0,
          0.0,
          0.0,
          0.0,
          0.0,
          0.0,
          0.0,
          1.0,
          1.0
        ],
        "metrics": {
          "mae": 0.2142857142857142,
          "mape": 1.0,
          "rmse": 0.4629100498862757,
          "smape": 0.4285714285714285,
          "rmsse": 0.7512288241028349
        }
      }
    },
    "sample-mean": {
      "raw": {
        "forecast": [
          0.15,
          0.18,
          0.2,
          0.14,
          0.29,
          0.2,
          0.25,
          0.17,
          0.16,
          0.21,
          0.21,
          0.31,
          0.33,
          0.18,
          0.35,
          0.21,
          0.32,
          0.3,
          0.35,
          0.28,
          0.36,
          0.42,
          0.28,
          0.26,
          0.26,
          0.48,
          0.37,
          0.33
        ],
        "metrics": {
          "mae": 0.338928571236985,
          "mape": 0.7424999997019768,
          "rmse": 0.3862317952443831,
          "smape": 1.884026668693248,
          "rmsse": 0.6267923054248797
        }
      },
      "rounded": {
        "forecast": [
          0.0,
          0.0,
          0.0,
          0.0,
          0.0,
          0.0,
          0.0,
          0.0,
          0.0,
          0.0,
          0.0,
          0.0,
          0.0,
          0.0,
          0.0,
          0.0,
          0.0,
          0.0,
          0.0,
          0.0,
          0.0,
          0.0,
          0.0,
          0.0,
          0.0,
          0.0,
          0.0,
          0.0
        ],
        "metrics": {
          "mae": 0.1428571428571428,
          "mape": 1.0,
          "rmse": 0.3779644730092272,
          "smape": 0.2857142857142857,
          "rmsse": 0.6133757663743207
        }
      }
    },
    "p25": {
      "raw": {
        "forecast": [
          0.0,
          0.0,
          0.0,
          0.0,
          0.0,
          0.0,
          0.0,
          0.0,
          0.0,
          0.0,
          0.0,
          0.0,
          0.0,
          0.0,
          0.0,
          0.0,
          0.0,
          0.0,
          0.0,
          0.0,
          0.0,
          0.0,
          0.0,
          0.0,
          0.0,
          0.0,
          0.0,
          0.0
        ],
        "metrics": {
          "mae": 0.1428571428571428,
          "mape": 1.0,
          "rmse": 0.3779644730092272,
          "smape": 0.2857142857142857,
          "rmsse": 0.6133757663743207
        }
      },
      "rounded": {
        "forecast": [
          0.0,
          0.0,
          0.0,
          0.0,
          0.0,
          0.0,
          0.0,
          0.0,
          0.0,
          0.0,
          0.0,
          0.0,
          0.0,
          0.0,
          0.0,
          0.0,
          0.0,
          0.0,
          0.0,
          0.0,
          0.0,
          0.0,
          0.0,
          0.0,
          0.0,
          0.0,
          0.0,
          0.0
        ],
        "metrics": {
          "mae": 0.1428571428571428,
          "mape": 1.0,
          "rmse": 0.3779644730092272,
          "smape": 0.2857142857142857,
          "rmsse": 0.6133757663743207
        }
      }
    },
    "p50": {
      "raw": {
        "forecast": [
          0.0,
          0.0,
          0.0,
          0.0,
          0.0,
          0.0,
          0.0,
          0.0,
          0.0,
          0.0,
          0.0,
          0.0,
          0.0,
          0.0,
          0.0,
          0.0,
          0.0,
          0.0,
          0.0,
          0.0,
          0.0,
          0.0,
          0.0,
          0.0,
          0.0,
          0.0,
          0.0,
          0.0
        ],
        "metrics": {
          "mae": 0.1428571428571428,
          "mape": 1.0,
          "rmse": 0.3779644730092272,
          "smape": 0.2857142857142857,
          "rmsse": 0.6133757663743207
        }
      },
      "rounded": {
        "forecast": [
          0.0,
          0.0,
          0.0,
          0.0,
          0.0,
          0.0,
          0.0,
          0.0,
          0.0,
          0.0,
          0.0,
          0.0,
          0.0,
          0.0,
          0.0,
          0.0,
          0.0,
          0.0,
          0.0,
          0.0,
          0.0,
          0.0,
          0.0,
          0.0,
          0.0,
          0.0,
          0.0,
          0.0
        ],
        "metrics": {
          "mae": 0.1428571428571428,
          "mape": 1.0,
          "rmse": 0.3779644730092272,
          "smape": 0.2857142857142857,
          "rmsse": 0.6133757663743207
        }
      }
    },
    "p75": {
      "raw": {
        "forecast": [
          0.0,
          0.0,
          0.0,
          0.0,
          0.0,
          0.0,
          0.0,
          0.0,
          0.0,
          0.0,
          0.0,
          0.0,
          1.0,
          0.0,
          0.0,
          0.0,
          0.0,
          0.0,
          0.0,
          0.0,
          0.25,
          0.25,
          0.0,
          0.0,
          0.0,
          1.0,
          1.0,
          0.0
        ],
        "metrics": {
          "mae": 0.25,
          "mape": 0.9375,
          "rmse": 0.4864228025670084,
          "smape": 0.5428571428571428,
          "rmsse": 0.7893862535043071
        }
      },
      "rounded": {
        "forecast": [
          0.0,
          0.0,
          0.0,
          0.0,
          0.0,
          0.0,
          0.0,
          0.0,
          0.0,
          0.0,
          0.0,
          0.0,
          1.0,
          0.0,
          0.0,
          0.0,
          0.0,
          0.0,
          0.0,
          0.0,
          0.0,
          0.0,
          0.0,
          0.0,
          0.0,
          1.0,
          1.0,
          0.0
        ],
        "metrics": {
          "mae": 0.25,
          "mape": 1.0,
          "rmse": 0.5,
          "smape": 0.5,
          "rmsse": 0.8114198690300536
        }
      }
    }
  }
}