{
  "series_id": "HOUSEHOLD_1_244_WI_3_validation",
  "run": "run_20260524_085747_563601_001_subset34590_ctx56_h16_emb8_ep10_steps100",
  "horizon": [
    1,
    2,
    3,
    4,
    5,
    6,
    7,
    8,
    9,
    10,
    11,
    12,
    13,
    14,
    15,
    16,
    17,
    18,
    19,
    20,
    21,
    22,
    23,
    24,
    25,
    26,
    27,
    28
  ],
  "actuals": [
    2.0,
    1.0,
    0.0,
    0.0,
    0.0,
    1.0,
    0.0,
    0.0,
    0.0,
    0.0,
    0.0,
    1.0,
    0.0,
    0.0,
    1.0,
    0.0,
    0.0,
    0.0,
    0.0,
    0.0,
    1.0,
    2.0,
    1.0,
    0.0,
    0.0,
    0.0,
    0.0,
    0.0
  ],
  "modes": {
    "mean": {
      "raw": {
        "forecast": [
          0.43213776,
          0.3903484,
          0.37719074,
          0.40306807,
          0.45497337,
          0.46373877,
          0.43871406,
          0.4174455,
          0.37605116,
          0.35355908,
          0.3657385,
          0.42989397,
          0.45567656,
          0.43020758,
          0.3961209,
          0.34306857,
          0.34005126,
          0.36216575,
          0.39786014,
          0.43922943,
          0.42448255,
          0.3640073,
          0.32255816,
          0.31111944,
          0.33004206,
          0.36991248,
          0.39869988,
          0.38373303
        ],
        "metrics": {
          "mae": 0.5187578158719199,
          "mape": 0.6468480881303549,
          "rmse": 0.6067950377405508,
          "smape": 1.7063588177380142,
          "rmsse": 0.7743760561846827
        }
      },
      "rounded": {
        "forecast": [
          0.0,
          0.0,
          0.0,
          0.0,
          0.0,
          0.0,
          0.0,
          0.0,
          0.0,
          0.0,
          0.0,
          0.0,
          0.0,
          0.0,
          0.0,
          0.0,
          0.0,
          0.0,
          0.0,
          0.0,
          0.0,
          0.0,
          0.0,
          0.0,
          0.0,
          0.0,
          0.0,
          0.0
        ],
        "metrics": {
          "mae": 0.3571428571428571,
          "mape": 1.0,
          "rmse": 0.7071067811865476,
          "smape": 0.5714285714285714,
          "rmsse": 0.9023912960059652
        }
      }
    },
    "sample-mean": {
      "raw": {
        "forecast": [
          0.37,
          0.35,
          0.35,
          0.22,
          0.49,
          0.56,
          0.42,
          0.37,
          0.41,
          0.4,
          0.4,
          0.31,
          0.36,
          0.44,
          0.38,
          0.34,
          0.38,
          0.29,
          0.44,
          0.41,
          0.5,
          0.34,
          0.16,
          0.15,
          0.23,
          0.29,
          0.37,
          0.3
        ],
        "metrics": {
          "mae": 0.5032142863741943,
          "mape": 0.6731250006705523,
          "rmse": 0.6115699935796916,
          "smape": 1.7281544554336563,
          "rmsse": 0.7804697307225271
        }
      },
      "rounded": {
        "forecast": [
          0.0,
          0.0,
          0.0,
          0.0,
          0.0,
          1.0,
          0.0,
          0.0,
          0.0,
          0.0,
          0.0,
          0.0,
          0.0,
          0.0,
          0.0,
          0.0,
          0.0,
          0.0,
          0.0,
          0.0,
          0.0,
          0.0,
          0.0,
          0.0,
          0.0,
          0.0,
          0.0,
          0.0
        ],
        "metrics": {
          "mae": 0.3214285714285714,
          "mape": 0.875,
          "rmse": 0.6813851438692469,
          "smape": 0.5,
          "rmsse": 0.8695660109829513
        }
      }
    },
    "p25": {
      "raw": {
        "forecast": [
          0.0,
          0.0,
          0.0,
          0.0,
          0.0,
          0.0,
          0.0,
          0.0,
          0.0,
          0.0,
          0.0,
          0.0,
          0.0,
          0.0,
          0.0,
          0.0,
          0.0,
          0.0,
          0.0,
          0.0,
          0.0,
          0.0,
          0.0,
          0.0,
          0.0,
          0.0,
          0.0,
          0.0
        ],
        "metrics": {
          "mae": 0.3571428571428571,
          "mape": 1.0,
          "rmse": 0.7071067811865476,
          "smape": 0.5714285714285714,
          "rmsse": 0.9023912960059652
        }
      },
      "rounded": {
        "forecast": [
          0.0,
          0.0,
          0.0,
          0.0,
          0.0,
          0.0,
          0.0,
          0.0,
          0.0,
          0.0,
          0.0,
          0.0,
          0.0,
          0.0,
          0.0,
          0.0,
          0.0,
          0.0,
          0.0,
          0.0,
          0.0,
          0.0,
          0.0,
          0.0,
          0.0,
          0.0,
          0.0,
          0.0
        ],
        "metrics": {
          "mae": 0.3571428571428571,
          "mape": 1.0,
          "rmse": 0.7071067811865476,
          "smape": 0.5714285714285714,
          "rmsse": 0.9023912960059652
        }
      }
    },
    "p50": {
      "raw": {
        "forecast": [
          0.0,
          0.0,
          0.0,
          0.0,
          0.0,
          0.0,
          0.0,
          0.0,
          0.0,
          0.0,
          0.0,
          0.0,
          0.0,
          0.0,
          0.0,
          0.0,
          0.0,
          0.0,
          0.0,
          0.0,
          0.0,
          0.0,
          0.0,
          0.0,
          0.0,
          0.0,
          0.0,
          0.0
        ],
        "metrics": {
          "mae": 0.3571428571428571,
          "mape": 1.0,
          "rmse": 0.7071067811865476,
          "smape": 0.5714285714285714,
          "rmsse": 0.9023912960059652
        }
      },
      "rounded": {
        "forecast": [
          0.0,
          0.0,
          0.0,
          0.0,
          0.0,
          0.0,
          0.0,
          0.0,
          0.0,
          0.0,
          0.0,
          0.0,
          0.0,
          0.0,
          0.0,
          0.0,
          0.0,
          0.0,
          0.0,
          0.0,
          0.0,
          0.0,
          0.0,
          0.0,
          0.0,
          0.0,
          0.0,
          0.0
        ],
        "metrics": {
          "mae": 0.3571428571428571,
          "mape": 1.0,
          "rmse": 0.7071067811865476,
          "smape": 0.5714285714285714,
          "rmsse": 0.9023912960059652
        }
      }
    },
    "p75": {
      "raw": {
        "forecast": [
          1.0,
          1.0,
          0.0,
          0.0,
          1.0,
          1.0,
          1.0,
          0.25,
          1.0,
          1.0,
          1.0,
          0.0,
          1.0,
          1.0,
          0.0,
          1.0,
          1.0,
          0.0,
          1.0,
          0.0,
          1.0,
          0.0,
          0.0,
          0.0,
          0.0,
          0.0,
          0.0,
          0.0
        ],
        "metrics": {
          "mae": 0.5803571428571429,
          "mape": 0.5625,
          "rmse": 0.8031745051446079,
          "smape": 1.0952380952380951,
          "rmsse": 1.0249904284614446
        }
      },
      "rounded": {
        "forecast": [
          1.0,
          1.0,
          0.0,
          0.0,
          1.0,
          1.0,
          1.0,
          0.0,
          1.0,
          1.0,
          1.0,
          0.0,
          1.0,
          1.0,
          0.0,
          1.0,
          1.0,
          0.0,
          1.0,
          0.0,
          1.0,
          0.0,
          0.0,
          0.0,
          0.0,
          0.0,
          0.0,
          0.0
        ],
        "metrics": {
          "mae": 0.5714285714285714,
          "mape": 0.5625,
          "rmse": 0.8017837257372732,
          "smape": 1.0238095238095235,
          "rmsse": 1.0232155519290245
        }
      }
    }
  }
}