{
  "series_id": "HOUSEHOLD_2_478_CA_3_validation",
  "run": "run_20260524_085747_563601_001_subset34590_ctx56_h16_emb8_ep10_steps100",
  "horizon": [
    1,
    2,
    3,
    4,
    5,
    6,
    7,
    8,
    9,
    10,
    11,
    12,
    13,
    14,
    15,
    16,
    17,
    18,
    19,
    20,
    21,
    22,
    23,
    24,
    25,
    26,
    27,
    28
  ],
  "actuals": [
    0.0,
    1.0,
    0.0,
    0.0,
    0.0,
    0.0,
    0.0,
    0.0,
    1.0,
    1.0,
    1.0,
    2.0,
    0.0,
    1.0,
    0.0,
    0.0,
    0.0,
    0.0,
    0.0,
    0.0,
    1.0,
    0.0,
    0.0,
    0.0,
    0.0,
    0.0,
    0.0,
    1.0
  ],
  "modes": {
    "mean": {
      "raw": {
        "forecast": [
          0.1382122,
          0.12957498,
          0.12393444,
          0.124475226,
          0.13287401,
          0.13594867,
          0.14835729,
          0.15626375,
          0.1459885,
          0.1381675,
          0.13025932,
          0.14937307,
          0.16359434,
          0.15648362,
          0.15548195,
          0.14212173,
          0.13043498,
          0.12705064,
          0.1340365,
          0.14513876,
          0.14815663,
          0.13956885,
          0.12859668,
          0.12208151,
          0.12265088,
          0.13153236,
          0.14413048,
          0.14833449
        ],
        "metrics": {
          "mae": 0.3785766831466129,
          "mape": 0.8660435536876321,
          "rmse": 0.5654762047771081,
          "smape": 1.8654625163286047,
          "rmsse": 0.9595646466567512
        }
      },
      "rounded": {
        "forecast": [
          0.0,
          0.0,
          0.0,
          0.0,
          0.0,
          0.0,
          0.0,
          0.0,
          0.0,
          0.0,
          0.0,
          0.0,
          0.0,
          0.0,
          0.0,
          0.0,
          0.0,
          0.0,
          0.0,
          0.0,
          0.0,
          0.0,
          0.0,
          0.0,
          0.0,
          0.0,
          0.0,
          0.0
        ],
        "metrics": {
          "mae": 0.3214285714285714,
          "mape": 1.0,
          "rmse": 0.6267831705280087,
          "smape": 0.5714285714285714,
          "rmsse": 1.063597312278019
        }
      }
    },
    "sample-mean": {
      "raw": {
        "forecast": [
          0.1,
          0.04,
          0.1,
          0.11,
          0.09,
          0.15,
          0.16,
          0.12,
          0.07,
          0.14,
          0.13,
          0.12,
          0.16,
          0.1,
          0.11,
          0.18,
          0.14,
          0.12,
          0.13,
          0.17,
          0.25,
          0.14,
          0.23,
          0.16,
          0.13,
          0.08,
          0.17,
          0.28
        ],
        "metrics": {
          "mae": 0.3792857144560133,
          "mape": 0.8662500004284084,
          "rmse": 0.5704384283615155,
          "smape": 1.870286253434546,
          "rmsse": 0.9679851147156688
        }
      },
      "rounded": {
        "forecast": [
          0.0,
          0.0,
          0.0,
          0.0,
          0.0,
          0.0,
          0.0,
          0.0,
          0.0,
          0.0,
          0.0,
          0.0,
          0.0,
          0.0,
          0.0,
          0.0,
          0.0,
          0.0,
          0.0,
          0.0,
          0.0,
          0.0,
          0.0,
          0.0,
          0.0,
          0.0,
          0.0,
          0.0
        ],
        "metrics": {
          "mae": 0.3214285714285714,
          "mape": 1.0,
          "rmse": 0.6267831705280087,
          "smape": 0.5714285714285714,
          "rmsse": 1.063597312278019
        }
      }
    },
    "p25": {
      "raw": {
        "forecast": [
          0.0,
          0.0,
          0.0,
          0.0,
          0.0,
          0.0,
          0.0,
          0.0,
          0.0,
          0.0,
          0.0,
          0.0,
          0.0,
          0.0,
          0.0,
          0.0,
          0.0,
          0.0,
          0.0,
          0.0,
          0.0,
          0.0,
          0.0,
          0.0,
          0.0,
          0.0,
          0.0,
          0.0
        ],
        "metrics": {
          "mae": 0.3214285714285714,
          "mape": 1.0,
          "rmse": 0.6267831705280087,
          "smape": 0.5714285714285714,
          "rmsse": 1.063597312278019
        }
      },
      "rounded": {
        "forecast": [
          0.0,
          0.0,
          0.0,
          0.0,
          0.0,
          0.0,
          0.0,
          0.0,
          0.0,
          0.0,
          0.0,
          0.0,
          0.0,
          0.0,
          0.0,
          0.0,
          0.0,
          0.0,
          0.0,
          0.0,
          0.0,
          0.0,
          0.0,
          0.0,
          0.0,
          0.0,
          0.0,
          0.0
        ],
        "metrics": {
          "mae": 0.3214285714285714,
          "mape": 1.0,
          "rmse": 0.6267831705280087,
          "smape": 0.5714285714285714,
          "rmsse": 1.063597312278019
        }
      }
    },
    "p50": {
      "raw": {
        "forecast": [
          0.0,
          0.0,
          0.0,
          0.0,
          0.0,
          0.0,
          0.0,
          0.0,
          0.0,
          0.0,
          0.0,
          0.0,
          0.0,
          0.0,
          0.0,
          0.0,
          0.0,
          0.0,
          0.0,
          0.0,
          0.0,
          0.0,
          0.0,
          0.0,
          0.0,
          0.0,
          0.0,
          0.0
        ],
        "metrics": {
          "mae": 0.3214285714285714,
          "mape": 1.0,
          "rmse": 0.6267831705280087,
          "smape": 0.5714285714285714,
          "rmsse": 1.063597312278019
        }
      },
      "rounded": {
        "forecast": [
          0.0,
          0.0,
          0.0,
          0.0,
          0.0,
          0.0,
          0.0,
          0.0,
          0.0,
          0.0,
          0.0,
          0.0,
          0.0,
          0.0,
          0.0,
          0.0,
          0.0,
          0.0,
          0.0,
          0.0,
          0.0,
          0.0,
          0.0,
          0.0,
          0.0,
          0.0,
          0.0,
          0.0
        ],
        "metrics": {
          "mae": 0.3214285714285714,
          "mape": 1.0,
          "rmse": 0.6267831705280087,
          "smape": 0.5714285714285714,
          "rmsse": 1.063597312278019
        }
      }
    },
    "p75": {
      "raw": {
        "forecast": [
          0.0,
          0.0,
          0.0,
          0.0,
          0.0,
          0.0,
          0.0,
          0.0,
          0.0,
          0.0,
          0.0,
          0.0,
          0.0,
          0.0,
          0.0,
          0.0,
          0.0,
          0.0,
          0.0,
          0.0,
          0.0,
          0.0,
          0.0,
          0.0,
          0.0,
          0.0,
          0.0,
          0.0
        ],
        "metrics": {
          "mae": 0.3214285714285714,
          "mape": 1.0,
          "rmse": 0.6267831705280087,
          "smape": 0.5714285714285714,
          "rmsse": 1.063597312278019
        }
      },
      "rounded": {
        "forecast": [
          0.0,
          0.0,
          0.0,
          0.0,
          0.0,
          0.0,
          0.0,
          0.0,
          0.0,
          0.0,
          0.0,
          0.0,
          0.0,
          0.0,
          0.0,
          0.0,
          0.0,
          0.0,
          0.0,
          0.0,
          0.0,
          0.0,
          0.0,
          0.0,
          0.0,
          0.0,
          0.0,
          0.0
        ],
        "metrics": {
          "mae": 0.3214285714285714,
          "mape": 1.0,
          "rmse": 0.6267831705280087,
          "smape": 0.5714285714285714,
          "rmsse": 1.063597312278019
        }
      }
    }
  }
}