{
  "series_id": "HOUSEHOLD_1_145_TX_3_validation",
  "run": "run_20260524_085747_563601_001_subset34590_ctx56_h16_emb8_ep10_steps100",
  "horizon": [
    1,
    2,
    3,
    4,
    5,
    6,
    7,
    8,
    9,
    10,
    11,
    12,
    13,
    14,
    15,
    16,
    17,
    18,
    19,
    20,
    21,
    22,
    23,
    24,
    25,
    26,
    27,
    28
  ],
  "actuals": [
    4.0,
    0.0,
    1.0,
    2.0,
    0.0,
    0.0,
    1.0,
    1.0,
    1.0,
    0.0,
    5.0,
    1.0,
    1.0,
    2.0,
    0.0,
    0.0,
    2.0,
    0.0,
    2.0,
    2.0,
    3.0,
    4.0,
    1.0,
    3.0,
    0.0,
    0.0,
    0.0,
    3.0
  ],
  "modes": {
    "mean": {
      "raw": {
        "forecast": [
          1.2139385,
          1.061878,
          1.0182536,
          1.1006525,
          1.3009437,
          1.3903923,
          1.4663317,
          1.3138473,
          1.2492777,
          1.1415018,
          1.2380669,
          1.5255514,
          1.7471434,
          1.5663929,
          1.5477188,
          1.3001844,
          1.325708,
          1.4352616,
          1.6775912,
          1.7925396,
          1.903227,
          1.6049851,
          1.4198935,
          1.348184,
          1.4327487,
          1.6529377,
          1.8583727,
          1.8484253
        ],
        "metrics": {
          "mae": 1.1515188302312578,
          "mape": 0.4086981580213264,
          "rmse": 1.4184529699253927,
          "smape": 1.0186228756426492,
          "rmsse": 0.9728113074148524
        }
      },
      "rounded": {
        "forecast": [
          1.0,
          1.0,
          1.0,
          1.0,
          1.0,
          1.0,
          1.0,
          1.0,
          1.0,
          1.0,
          1.0,
          2.0,
          2.0,
          2.0,
          2.0,
          1.0,
          1.0,
          1.0,
          2.0,
          2.0,
          2.0,
          2.0,
          1.0,
          1.0,
          1.0,
          2.0,
          2.0,
          2.0
        ],
        "metrics": {
          "mae": 1.0714285714285714,
          "mape": 0.3546296296296296,
          "rmse": 1.439245834257849,
          "smape": 0.988095238095238,
          "rmsse": 0.9870715853126948
        }
      }
    },
    "sample-mean": {
      "raw": {
        "forecast": [
          1.26,
          0.89,
          0.81,
          1.22,
          1.35,
          1.29,
          1.28,
          1.25,
          1.18,
          0.96,
          1.15,
          1.16,
          1.29,
          1.26,
          1.17,
          1.03,
          0.92,
          1.01,
          1.37,
          1.11,
          1.32,
          1.03,
          0.89,
          0.99,
          0.97,
          1.03,
          1.26,
          1.37
        ],
        "metrics": {
          "mae": 1.1221428449664796,
          "mape": 0.4161573976278305,
          "rmse": 1.4236848530857515,
          "smape": 1.0711152954885863,
          "rmsse": 0.976399466631536
        }
      },
      "rounded": {
        "forecast": [
          1.0,
          1.0,
          1.0,
          1.0,
          1.0,
          1.0,
          1.0,
          1.0,
          1.0,
          1.0,
          1.0,
          1.0,
          1.0,
          1.0,
          1.0,
          1.0,
          1.0,
          1.0,
          1.0,
          1.0,
          1.0,
          1.0,
          1.0,
          1.0,
          1.0,
          1.0,
          1.0,
          1.0
        ],
        "metrics": {
          "mae": 1.1071428571428572,
          "mape": 0.3777777777777778,
          "rmse": 1.475998451412273,
          "smape": 1.0738095238095238,
          "rmsse": 1.0122774696831816
        }
      }
    },
    "p25": {
      "raw": {
        "forecast": [
          0.0,
          0.0,
          0.0,
          0.0,
          0.0,
          0.0,
          0.0,
          0.0,
          0.0,
          0.0,
          0.0,
          0.0,
          0.0,
          0.0,
          0.0,
          0.0,
          0.0,
          0.0,
          0.0,
          0.0,
          0.0,
          0.0,
          0.0,
          0.0,
          0.0,
          0.0,
          0.0,
          0.0
        ],
        "metrics": {
          "mae": 1.3928571428571428,
          "mape": 1.0,
          "rmse": 1.9910514092523364,
          "smape": 1.2857142857142858,
          "rmsse": 1.365513954732547
        }
      },
      "rounded": {
        "forecast": [
          0.0,
          0.0,
          0.0,
          0.0,
          0.0,
          0.0,
          0.0,
          0.0,
          0.0,
          0.0,
          0.0,
          0.0,
          0.0,
          0.0,
          0.0,
          0.0,
          0.0,
          0.0,
          0.0,
          0.0,
          0.0,
          0.0,
          0.0,
          0.0,
          0.0,
          0.0,
          0.0,
          0.0
        ],
        "metrics": {
          "mae": 1.3928571428571428,
          "mape": 1.0,
          "rmse": 1.9910514092523364,
          "smape": 1.2857142857142858,
          "rmsse": 1.365513954732547
        }
      }
    },
    "p50": {
      "raw": {
        "forecast": [
          1.0,
          1.0,
          0.0,
          1.0,
          1.0,
          1.0,
          1.0,
          1.0,
          1.0,
          0.5,
          1.0,
          1.0,
          1.0,
          1.0,
          1.0,
          1.0,
          1.0,
          1.0,
          1.0,
          1.0,
          1.0,
          0.0,
          0.0,
          1.0,
          0.0,
          0.0,
          1.0,
          1.0
        ],
        "metrics": {
          "mae": 1.125,
          "mape": 0.5027777777777778,
          "rmse": 1.5497695681247952,
          "smape": 1.1023809523809525,
          "rmsse": 1.0628715873734826
        }
      },
      "rounded": {
        "forecast": [
          1.0,
          1.0,
          0.0,
          1.0,
          1.0,
          1.0,
          1.0,
          1.0,
          1.0,
          0.0,
          1.0,
          1.0,
          1.0,
          1.0,
          1.0,
          1.0,
          1.0,
          1.0,
          1.0,
          1.0,
          1.0,
          0.0,
          0.0,
          1.0,
          0.0,
          0.0,
          1.0,
          1.0
        ],
        "metrics": {
          "mae": 1.1071428571428572,
          "mape": 0.5027777777777778,
          "rmse": 1.546886273407694,
          "smape": 1.030952380952381,
          "rmsse": 1.0608941501493545
        }
      }
    },
    "p75": {
      "raw": {
        "forecast": [
          2.0,
          1.0,
          1.0,
          2.0,
          2.0,
          2.0,
          2.0,
          2.0,
          2.0,
          1.25,
          2.0,
          2.0,
          2.0,
          2.0,
          2.0,
          2.0,
          2.0,
          1.0,
          2.0,
          2.0,
          2.0,
          2.0,
          1.25,
          1.0,
          2.0,
          2.0,
          2.0,
          2.0
        ],
        "metrics": {
          "mae": 1.1964285714285714,
          "mape": 0.4546296296296296,
          "rmse": 1.4592684077010252,
          "smape": 0.9837868480725624,
          "rmsse": 1.0008035780273288
        }
      },
      "rounded": {
        "forecast": [
          2.0,
          1.0,
          1.0,
          2.0,
          2.0,
          2.0,
          2.0,
          2.0,
          2.0,
          1.0,
          2.0,
          2.0,
          2.0,
          2.0,
          2.0,
          2.0,
          2.0,
          1.0,
          2.0,
          2.0,
          2.0,
          2.0,
          1.0,
          1.0,
          2.0,
          2.0,
          2.0,
          2.0
        ],
        "metrics": {
          "mae": 1.1785714285714286,
          "mape": 0.4407407407407407,
          "rmse": 1.4516001023501126,
          "smape": 0.9758503401360544,
          "rmsse": 0.9955444581888544
        }
      }
    }
  }
}