{
  "series_id": "HOUSEHOLD_1_428_CA_1_validation",
  "run": "run_20260524_085747_563601_001_subset34590_ctx56_h16_emb8_ep10_steps100",
  "horizon": [
    1,
    2,
    3,
    4,
    5,
    6,
    7,
    8,
    9,
    10,
    11,
    12,
    13,
    14,
    15,
    16,
    17,
    18,
    19,
    20,
    21,
    22,
    23,
    24,
    25,
    26,
    27,
    28
  ],
  "actuals": [
    0.0,
    0.0,
    0.0,
    1.0,
    1.0,
    0.0,
    0.0,
    0.0,
    0.0,
    0.0,
    0.0,
    0.0,
    0.0,
    0.0,
    0.0,
    0.0,
    0.0,
    0.0,
    0.0,
    0.0,
    1.0,
    0.0,
    0.0,
    0.0,
    0.0,
    0.0,
    0.0,
    0.0
  ],
  "modes": {
    "mean": {
      "raw": {
        "forecast": [
          0.40287936,
          0.34919456,
          0.31721506,
          0.32246476,
          0.38152823,
          0.4397243,
          0.46880636,
          0.44940007,
          0.3903664,
          0.3542643,
          0.34476715,
          0.42258194,
          0.5234509,
          0.52110595,
          0.4913098,
          0.42358902,
          0.37701288,
          0.38215038,
          0.453308,
          0.5618788,
          0.600161,
          0.5395381,
          0.46007797,
          0.41269368,
          0.4177317,
          0.49341413,
          0.60626435,
          0.64328516
        ],
        "metrics": {
          "mae": 0.462209152323859,
          "mape": 0.565281997124354,
          "rmse": 0.471505578639583,
          "smape": 1.872133859988967,
          "rmsse": 0.4789531895890823
        }
      },
      "rounded": {
        "forecast": [
          0.0,
          0.0,
          0.0,
          0.0,
          0.0,
          0.0,
          0.0,
          0.0,
          0.0,
          0.0,
          0.0,
          0.0,
          1.0,
          1.0,
          0.0,
          0.0,
          0.0,
          0.0,
          0.0,
          1.0,
          1.0,
          1.0,
          0.0,
          0.0,
          0.0,
          0.0,
          1.0,
          1.0
        ],
        "metrics": {
          "mae": 0.2857142857142857,
          "mape": 0.6666666666666666,
          "rmse": 0.5345224838248488,
          "smape": 0.5714285714285714,
          "rmsse": 0.5429654708935776
        }
      }
    },
    "sample-mean": {
      "raw": {
        "forecast": [
          0.48,
          0.43,
          0.29,
          0.36,
          0.38,
          0.49,
          0.7,
          0.51,
          0.29,
          0.35,
          0.27,
          0.48,
          0.69,
          0.49,
          0.42,
          0.5,
          0.38,
          0.39,
          0.34,
          0.51,
          0.47,
          0.49,
          0.36,
          0.29,
          0.35,
          0.46,
          0.56,
          0.52
        ],
        "metrics": {
          "mae": 0.4582142829895019,
          "mape": 0.5966666638851166,
          "rmse": 0.4728749428230059,
          "smape": 1.8771719861387692,
          "rmsse": 0.4803441834035178
        }
      },
      "rounded": {
        "forecast": [
          0.0,
          0.0,
          0.0,
          0.0,
          0.0,
          0.0,
          1.0,
          1.0,
          0.0,
          0.0,
          0.0,
          0.0,
          1.0,
          0.0,
          0.0,
          0.0,
          0.0,
          0.0,
          0.0,
          1.0,
          0.0,
          0.0,
          0.0,
          0.0,
          0.0,
          0.0,
          1.0,
          1.0
        ],
        "metrics": {
          "mae": 0.3214285714285714,
          "mape": 1.0,
          "rmse": 0.5669467095138409,
          "smape": 0.6428571428571429,
          "rmsse": 0.5759018496284936
        }
      }
    },
    "p25": {
      "raw": {
        "forecast": [
          0.0,
          0.0,
          0.0,
          0.0,
          0.0,
          0.0,
          0.0,
          0.0,
          0.0,
          0.0,
          0.0,
          0.0,
          0.0,
          0.0,
          0.0,
          0.0,
          0.0,
          0.0,
          0.0,
          0.0,
          0.0,
          0.0,
          0.0,
          0.0,
          0.0,
          0.0,
          0.0,
          0.0
        ],
        "metrics": {
          "mae": 0.1071428571428571,
          "mape": 1.0,
          "rmse": 0.3273268353539885,
          "smape": 0.2142857142857142,
          "rmsse": 0.3324970879098141
        }
      },
      "rounded": {
        "forecast": [
          0.0,
          0.0,
          0.0,
          0.0,
          0.0,
          0.0,
          0.0,
          0.0,
          0.0,
          0.0,
          0.0,
          0.0,
          0.0,
          0.0,
          0.0,
          0.0,
          0.0,
          0.0,
          0.0,
          0.0,
          0.0,
          0.0,
          0.0,
          0.0,
          0.0,
          0.0,
          0.0,
          0.0
        ],
        "metrics": {
          "mae": 0.1071428571428571,
          "mape": 1.0,
          "rmse": 0.3273268353539885,
          "smape": 0.2142857142857142,
          "rmsse": 0.3324970879098141
        }
      }
    },
    "p50": {
      "raw": {
        "forecast": [
          0.0,
          0.0,
          0.0,
          0.0,
          0.0,
          0.0,
          0.0,
          0.0,
          0.0,
          0.0,
          0.0,
          0.0,
          0.0,
          0.0,
          0.0,
          0.0,
          0.0,
          0.0,
          0.0,
          0.0,
          0.0,
          0.0,
          0.0,
          0.0,
          0.0,
          0.0,
          0.0,
          0.0
        ],
        "metrics": {
          "mae": 0.1071428571428571,
          "mape": 1.0,
          "rmse": 0.3273268353539885,
          "smape": 0.2142857142857142,
          "rmsse": 0.3324970879098141
        }
      },
      "rounded": {
        "forecast": [
          0.0,
          0.0,
          0.0,
          0.0,
          0.0,
          0.0,
          0.0,
          0.0,
          0.0,
          0.0,
          0.0,
          0.0,
          0.0,
          0.0,
          0.0,
          0.0,
          0.0,
          0.0,
          0.0,
          0.0,
          0.0,
          0.0,
          0.0,
          0.0,
          0.0,
          0.0,
          0.0,
          0.0
        ],
        "metrics": {
          "mae": 0.1071428571428571,
          "mape": 1.0,
          "rmse": 0.3273268353539885,
          "smape": 0.2142857142857142,
          "rmsse": 0.3324970879098141
        }
      }
    },
    "p75": {
      "raw": {
        "forecast": [
          1.0,
          1.0,
          0.0,
          0.25,
          1.0,
          1.0,
          1.0,
          1.0,
          0.0,
          0.0,
          0.0,
          1.0,
          1.0,
          1.0,
          0.25,
          1.0,
          1.0,
          1.0,
          1.0,
          1.0,
          1.0,
          1.0,
          0.0,
          0.0,
          0.0,
          1.0,
          1.0,
          1.0
        ],
        "metrics": {
          "mae": 0.6428571428571429,
          "mape": 0.25,
          "rmse": 0.7933878532686808,
          "smape": 1.3285714285714287,
          "rmsse": 0.8059197178549962
        }
      },
      "rounded": {
        "forecast": [
          1.0,
          1.0,
          0.0,
          0.0,
          1.0,
          1.0,
          1.0,
          1.0,
          0.0,
          0.0,
          0.0,
          1.0,
          1.0,
          1.0,
          0.0,
          1.0,
          1.0,
          1.0,
          1.0,
          1.0,
          1.0,
          1.0,
          0.0,
          0.0,
          0.0,
          1.0,
          1.0,
          1.0
        ],
        "metrics": {
          "mae": 0.6428571428571429,
          "mape": 0.3333333333333333,
          "rmse": 0.8017837257372732,
          "smape": 1.2857142857142858,
          "rmsse": 0.8144482063403664
        }
      }
    }
  }
}