{
  "series_id": "HOUSEHOLD_1_426_TX_1_validation",
  "run": "run_20260524_085747_563601_001_subset34590_ctx56_h16_emb8_ep10_steps100",
  "horizon": [
    1,
    2,
    3,
    4,
    5,
    6,
    7,
    8,
    9,
    10,
    11,
    12,
    13,
    14,
    15,
    16,
    17,
    18,
    19,
    20,
    21,
    22,
    23,
    24,
    25,
    26,
    27,
    28
  ],
  "actuals": [
    1.0,
    1.0,
    2.0,
    2.0,
    2.0,
    4.0,
    0.0,
    0.0,
    2.0,
    0.0,
    1.0,
    2.0,
    0.0,
    1.0,
    0.0,
    0.0,
    2.0,
    0.0,
    0.0,
    2.0,
    0.0,
    1.0,
    1.0,
    0.0,
    0.0,
    1.0,
    0.0,
    0.0
  ],
  "modes": {
    "mean": {
      "raw": {
        "forecast": [
          1.2421565,
          1.0733792,
          1.0089251,
          1.0697142,
          1.2549999,
          1.3707317,
          1.4254963,
          1.2706375,
          1.1599122,
          1.0628746,
          1.1057471,
          1.3642195,
          1.6027259,
          1.4687009,
          1.3983141,
          1.1778696,
          1.1515243,
          1.2453895,
          1.4724566,
          1.636424,
          1.7245479,
          1.4696286,
          1.2637502,
          1.1805509,
          1.2474849,
          1.4512831,
          1.6754897,
          1.6981889
        ],
        "metrics": {
          "mae": 1.00857931801251,
          "mape": 0.3606068670749664,
          "rmse": 1.1663179199928917,
          "smape": 1.14636827073401,
          "rmsse": 0.5986216373282155
        }
      },
      "rounded": {
        "forecast": [
          1.0,
          1.0,
          1.0,
          1.0,
          1.0,
          1.0,
          1.0,
          1.0,
          1.0,
          1.0,
          1.0,
          1.0,
          2.0,
          1.0,
          1.0,
          1.0,
          1.0,
          1.0,
          1.0,
          2.0,
          2.0,
          1.0,
          1.0,
          1.0,
          1.0,
          1.0,
          2.0,
          2.0
        ],
        "metrics": {
          "mae": 0.9285714285714286,
          "mape": 0.25,
          "rmse": 1.1952286093343936,
          "smape": 1.1142857142857143,
          "rmsse": 0.6134602708544867
        }
      }
    },
    "sample-mean": {
      "raw": {
        "forecast": [
          1.05,
          1.15,
          0.86,
          0.88,
          1.16,
          1.31,
          1.37,
          1.25,
          1.23,
          1.06,
          1.06,
          1.46,
          1.73,
          1.21,
          1.3,
          0.96,
          0.86,
          0.88,
          1.1,
          1.32,
          1.52,
          1.34,
          1.09,
          0.79,
          0.93,
          1.06,
          1.46,
          1.43
        ],
        "metrics": {
          "mae": 0.9164285638502666,
          "mape": 0.3164999922116597,
          "rmse": 1.0933238961627518,
          "smape": 1.142398468625789,
          "rmsse": 0.5611568935295098
        }
      },
      "rounded": {
        "forecast": [
          1.0,
          1.0,
          1.0,
          1.0,
          1.0,
          1.0,
          1.0,
          1.0,
          1.0,
          1.0,
          1.0,
          1.0,
          2.0,
          1.0,
          1.0,
          1.0,
          1.0,
          1.0,
          1.0,
          1.0,
          2.0,
          1.0,
          1.0,
          1.0,
          1.0,
          1.0,
          1.0,
          1.0
        ],
        "metrics": {
          "mae": 0.8928571428571429,
          "mape": 0.2833333333333333,
          "rmse": 1.118033988749895,
          "smape": 1.138095238095238,
          "rmsse": 0.5738395384837582
        }
      }
    },
    "p25": {
      "raw": {
        "forecast": [
          0.0,
          0.0,
          0.0,
          0.0,
          0.0,
          0.0,
          0.0,
          0.0,
          0.0,
          0.0,
          0.0,
          0.0,
          0.0,
          0.0,
          0.0,
          0.0,
          0.0,
          0.0,
          0.0,
          0.0,
          0.0,
          0.0,
          0.0,
          0.0,
          0.0,
          0.0,
          0.0,
          0.0
        ],
        "metrics": {
          "mae": 0.8928571428571429,
          "mape": 1.0,
          "rmse": 1.349603116263656,
          "smape": 1.0714285714285714,
          "rmsse": 0.6926941731341449
        }
      },
      "rounded": {
        "forecast": [
          0.0,
          0.0,
          0.0,
          0.0,
          0.0,
          0.0,
          0.0,
          0.0,
          0.0,
          0.0,
          0.0,
          0.0,
          0.0,
          0.0,
          0.0,
          0.0,
          0.0,
          0.0,
          0.0,
          0.0,
          0.0,
          0.0,
          0.0,
          0.0,
          0.0,
          0.0,
          0.0,
          0.0
        ],
        "metrics": {
          "mae": 0.8928571428571429,
          "mape": 1.0,
          "rmse": 1.349603116263656,
          "smape": 1.0714285714285714,
          "rmsse": 0.6926941731341449
        }
      }
    },
    "p50": {
      "raw": {
        "forecast": [
          1.0,
          1.0,
          1.0,
          1.0,
          1.0,
          1.0,
          1.0,
          1.0,
          1.0,
          1.0,
          1.0,
          1.0,
          1.0,
          1.0,
          1.0,
          1.0,
          0.0,
          1.0,
          1.0,
          1.0,
          1.0,
          1.0,
          1.0,
          0.0,
          1.0,
          1.0,
          1.0,
          1.0
        ],
        "metrics": {
          "mae": 0.8214285714285714,
          "mape": 0.3166666666666666,
          "rmse": 1.0522085616183026,
          "smape": 1.1142857142857143,
          "rmsse": 0.540054132041934
        }
      },
      "rounded": {
        "forecast": [
          1.0,
          1.0,
          1.0,
          1.0,
          1.0,
          1.0,
          1.0,
          1.0,
          1.0,
          1.0,
          1.0,
          1.0,
          1.0,
          1.0,
          1.0,
          1.0,
          0.0,
          1.0,
          1.0,
          1.0,
          1.0,
          1.0,
          1.0,
          0.0,
          1.0,
          1.0,
          1.0,
          1.0
        ],
        "metrics": {
          "mae": 0.8214285714285714,
          "mape": 0.3166666666666666,
          "rmse": 1.0522085616183026,
          "smape": 1.1142857142857143,
          "rmsse": 0.540054132041934
        }
      }
    },
    "p75": {
      "raw": {
        "forecast": [
          1.0,
          2.0,
          1.0,
          1.0,
          2.0,
          2.0,
          2.0,
          2.0,
          2.0,
          2.0,
          2.0,
          2.0,
          3.0,
          2.0,
          2.0,
          1.0,
          1.0,
          1.0,
          2.0,
          2.0,
          2.0,
          2.0,
          2.0,
          1.0,
          1.0,
          2.0,
          2.0,
          2.0
        ],
        "metrics": {
          "mae": 1.2142857142857142,
          "mape": 0.5333333333333333,
          "rmse": 1.439245834257849,
          "smape": 1.1666666666666667,
          "rmsse": 0.7387039871825841
        }
      },
      "rounded": {
        "forecast": [
          1.0,
          2.0,
          1.0,
          1.0,
          2.0,
          2.0,
          2.0,
          2.0,
          2.0,
          2.0,
          2.0,
          2.0,
          3.0,
          2.0,
          2.0,
          1.0,
          1.0,
          1.0,
          2.0,
          2.0,
          2.0,
          2.0,
          2.0,
          1.0,
          1.0,
          2.0,
          2.0,
          2.0
        ],
        "metrics": {
          "mae": 1.2142857142857142,
          "mape": 0.5333333333333333,
          "rmse": 1.439245834257849,
          "smape": 1.1666666666666667,
          "rmsse": 0.7387039871825841
        }
      }
    }
  }
}