{
  "series_id": "HOUSEHOLD_1_071_WI_2_validation",
  "run": "run_20260524_085747_563601_001_subset34590_ctx56_h16_emb8_ep10_steps100",
  "horizon": [
    1,
    2,
    3,
    4,
    5,
    6,
    7,
    8,
    9,
    10,
    11,
    12,
    13,
    14,
    15,
    16,
    17,
    18,
    19,
    20,
    21,
    22,
    23,
    24,
    25,
    26,
    27,
    28
  ],
  "actuals": [
    2.0,
    7.0,
    4.0,
    5.0,
    11.0,
    8.0,
    6.0,
    2.0,
    4.0,
    3.0,
    6.0,
    5.0,
    8.0,
    3.0,
    4.0,
    4.0,
    3.0,
    3.0,
    5.0,
    8.0,
    4.0,
    2.0,
    3.0,
    7.0,
    4.0,
    8.0,
    6.0,
    8.0
  ],
  "modes": {
    "mean": {
      "raw": {
        "forecast": [
          3.6305742,
          3.2436912,
          3.051051,
          3.2566354,
          3.8241625,
          4.0482445,
          4.015134,
          4.0643096,
          3.608014,
          3.2007613,
          3.4537063,
          4.161056,
          4.4352574,
          4.553092,
          4.2285852,
          3.5217376,
          3.6604528,
          3.8656924,
          4.1841164,
          5.0237794,
          4.937342,
          4.1665773,
          3.7530718,
          3.5476792,
          3.7756305,
          4.348019,
          4.806904,
          4.749494
        ],
        "metrics": {
          "mae": 1.9287909524781364,
          "mape": 0.3774177083334366,
          "rmse": 2.4852741784783925,
          "smape": 0.3934821812232806,
          "rmsse": 0.8791082662003986
        }
      },
      "rounded": {
        "forecast": [
          4.0,
          3.0,
          3.0,
          3.0,
          4.0,
          4.0,
          4.0,
          4.0,
          4.0,
          3.0,
          3.0,
          4.0,
          4.0,
          5.0,
          4.0,
          4.0,
          4.0,
          4.0,
          4.0,
          5.0,
          5.0,
          4.0,
          4.0,
          4.0,
          4.0,
          4.0,
          5.0,
          5.0
        ],
        "metrics": {
          "mae": 1.9642857142857144,
          "mape": 0.387608225108225,
          "rmse": 2.5424959615082408,
          "smape": 0.4021383378526235,
          "rmsse": 0.8993491486365829
        }
      }
    },
    "sample-mean": {
      "raw": {
        "forecast": [
          3.85,
          3.25,
          3.12,
          3.15,
          3.77,
          3.71,
          3.76,
          3.81,
          3.25,
          2.94,
          3.6,
          4.28,
          3.85,
          3.8,
          3.88,
          3.0,
          2.9,
          3.26,
          3.74,
          3.95,
          4.15,
          3.5,
          3.05,
          2.84,
          3.22,
          3.46,
          4.01,
          4.47
        ],
        "metrics": {
          "mae": 2.0096428394317627,
          "mape": 0.3625573524360901,
          "rmse": 2.6837028031600108,
          "smape": 0.4104611111402781,
          "rmsse": 0.94929780332229
        }
      },
      "rounded": {
        "forecast": [
          4.0,
          3.0,
          3.0,
          3.0,
          4.0,
          4.0,
          4.0,
          4.0,
          3.0,
          3.0,
          4.0,
          4.0,
          4.0,
          4.0,
          4.0,
          3.0,
          3.0,
          3.0,
          4.0,
          4.0,
          4.0,
          4.0,
          3.0,
          3.0,
          3.0,
          3.0,
          4.0,
          4.0
        ],
        "metrics": {
          "mae": 2.0357142857142856,
          "mape": 0.376341218305504,
          "rmse": 2.70581384641083,
          "smape": 0.4172180993609565,
          "rmsse": 0.9571190735324084
        }
      }
    },
    "p25": {
      "raw": {
        "forecast": [
          1.0,
          1.0,
          1.0,
          1.0,
          1.75,
          1.75,
          1.0,
          1.75,
          1.0,
          1.0,
          2.0,
          2.0,
          2.0,
          1.0,
          2.0,
          1.0,
          1.0,
          1.0,
          1.0,
          2.0,
          2.0,
          1.75,
          1.0,
          1.0,
          1.0,
          1.0,
          2.0,
          1.75
        ],
        "metrics": {
          "mae": 3.7232142857142856,
          "mape": 0.6765248144712431,
          "rmse": 4.308681021247354,
          "smape": 1.0710602189593783,
          "rmsse": 1.5240962687337785
        }
      },
      "rounded": {
        "forecast": [
          1.0,
          1.0,
          1.0,
          1.0,
          2.0,
          2.0,
          1.0,
          2.0,
          1.0,
          1.0,
          2.0,
          2.0,
          2.0,
          1.0,
          2.0,
          1.0,
          1.0,
          1.0,
          1.0,
          2.0,
          2.0,
          2.0,
          1.0,
          1.0,
          1.0,
          1.0,
          2.0,
          2.0
        ],
        "metrics": {
          "mae": 3.678571428571429,
          "mape": 0.6645524118738405,
          "rmse": 4.26363359454954,
          "smape": 1.053305424733996,
          "rmsse": 1.5081617833059568
        }
      }
    },
    "p50": {
      "raw": {
        "forecast": [
          3.0,
          3.0,
          2.0,
          2.0,
          3.0,
          3.0,
          3.0,
          3.0,
          2.0,
          2.0,
          3.0,
          4.0,
          3.0,
          3.0,
          3.0,
          3.0,
          2.0,
          3.0,
          3.0,
          3.0,
          3.0,
          3.0,
          2.0,
          2.0,
          2.0,
          3.0,
          3.0,
          3.5
        ],
        "metrics": {
          "mae": 2.5535714285714284,
          "mape": 0.4473388218923934,
          "rmse": 3.202956223776493,
          "smape": 0.5824803043747142,
          "rmsse": 1.132971692613757
        }
      },
      "rounded": {
        "forecast": [
          3.0,
          3.0,
          2.0,
          2.0,
          3.0,
          3.0,
          3.0,
          3.0,
          2.0,
          2.0,
          3.0,
          4.0,
          3.0,
          3.0,
          3.0,
          3.0,
          2.0,
          3.0,
          3.0,
          3.0,
          3.0,
          3.0,
          2.0,
          2.0,
          2.0,
          3.0,
          3.0,
          4.0
        ],
        "metrics": {
          "mae": 2.5357142857142856,
          "mape": 0.4451066790352505,
          "rmse": 3.179173297752555,
          "smape": 0.5783395176252318,
          "rmsse": 1.1245590325365993
        }
      }
    },
    "p75": {
      "raw": {
        "forecast": [
          5.0,
          4.0,
          4.25,
          4.0,
          5.0,
          5.25,
          5.25,
          6.0,
          5.0,
          4.0,
          5.0,
          5.25,
          5.0,
          6.0,
          5.0,
          4.25,
          4.0,
          4.25,
          5.0,
          6.0,
          5.25,
          5.0,
          5.0,
          4.0,
          5.0,
          5.0,
          6.0,
          6.0
        ],
        "metrics": {
          "mae": 1.8125,
          "mape": 0.4455540739022882,
          "rmse": 2.2790779777294654,
          "smape": 0.3640007409625982,
          "rmsse": 0.8061711286776162
        }
      },
      "rounded": {
        "forecast": [
          5.0,
          4.0,
          4.0,
          4.0,
          5.0,
          5.0,
          5.0,
          6.0,
          5.0,
          4.0,
          5.0,
          5.0,
          5.0,
          6.0,
          5.0,
          4.0,
          4.0,
          4.0,
          5.0,
          6.0,
          5.0,
          5.0,
          5.0,
          4.0,
          5.0,
          5.0,
          6.0,
          6.0
        ],
        "metrics": {
          "mae": 1.7857142857142858,
          "mape": 0.4366999072356215,
          "rmse": 2.2834810518779687,
          "smape": 0.3574927057069914,
          "rmsse": 0.8077286143321819
        }
      }
    }
  }
}