{
  "series_id": "HOUSEHOLD_2_480_WI_2_validation",
  "run": "run_20260524_085747_563601_001_subset34590_ctx56_h16_emb8_ep10_steps100",
  "horizon": [
    1,
    2,
    3,
    4,
    5,
    6,
    7,
    8,
    9,
    10,
    11,
    12,
    13,
    14,
    15,
    16,
    17,
    18,
    19,
    20,
    21,
    22,
    23,
    24,
    25,
    26,
    27,
    28
  ],
  "actuals": [
    0.0,
    0.0,
    0.0,
    0.0,
    0.0,
    0.0,
    0.0,
    1.0,
    0.0,
    0.0,
    1.0,
    0.0,
    1.0,
    0.0,
    0.0,
    0.0,
    1.0,
    0.0,
    3.0,
    0.0,
    0.0,
    0.0,
    0.0,
    0.0,
    0.0,
    0.0,
    0.0,
    0.0
  ],
  "modes": {
    "mean": {
      "raw": {
        "forecast": [
          0.1817544,
          0.15954648,
          0.1553178,
          0.1705767,
          0.20629342,
          0.23601791,
          0.2416043,
          0.23462592,
          0.22024989,
          0.22024554,
          0.24008657,
          0.30918005,
          0.35983136,
          0.36642137,
          0.35599595,
          0.31978524,
          0.3286232,
          0.37237337,
          0.44289026,
          0.5392424,
          0.5586725,
          0.4859227,
          0.43928546,
          0.43738323,
          0.48822945,
          0.58273584,
          0.6596679,
          0.65410036
        ],
        "metrics": {
          "mae": 0.4912337474524975,
          "mape": 0.7378405710061391,
          "rmse": 0.6598096966367586,
          "smape": 1.8536803295629916,
          "rmsse": 1.2800613404989505
        }
      },
      "rounded": {
        "forecast": [
          0.0,
          0.0,
          0.0,
          0.0,
          0.0,
          0.0,
          0.0,
          0.0,
          0.0,
          0.0,
          0.0,
          0.0,
          0.0,
          0.0,
          0.0,
          0.0,
          0.0,
          0.0,
          0.0,
          1.0,
          1.0,
          0.0,
          0.0,
          0.0,
          0.0,
          1.0,
          1.0,
          1.0
        ],
        "metrics": {
          "mae": 0.4285714285714285,
          "mape": 1.0,
          "rmse": 0.8017837257372732,
          "smape": 0.7142857142857143,
          "rmsse": 1.55549752601244
        }
      }
    },
    "sample-mean": {
      "raw": {
        "forecast": [
          0.2,
          0.17,
          0.17,
          0.15,
          0.26,
          0.3,
          0.23,
          0.29,
          0.19,
          0.23,
          0.13,
          0.34,
          0.34,
          0.35,
          0.28,
          0.2,
          0.3,
          0.39,
          0.37,
          0.36,
          0.41,
          0.27,
          0.2,
          0.3,
          0.28,
          0.27,
          0.29,
          0.36
        ],
        "metrics": {
          "mae": 0.4203571448368685,
          "mape": 0.7633333325386047,
          "rmse": 0.6238560961976848,
          "smape": 1.866550955740925,
          "rmsse": 1.2103096920942722
        }
      },
      "rounded": {
        "forecast": [
          0.0,
          0.0,
          0.0,
          0.0,
          0.0,
          0.0,
          0.0,
          0.0,
          0.0,
          0.0,
          0.0,
          0.0,
          0.0,
          0.0,
          0.0,
          0.0,
          0.0,
          0.0,
          0.0,
          0.0,
          0.0,
          0.0,
          0.0,
          0.0,
          0.0,
          0.0,
          0.0,
          0.0
        ],
        "metrics": {
          "mae": 0.25,
          "mape": 1.0,
          "rmse": 0.6813851438692469,
          "smape": 0.3571428571428571,
          "rmsse": 1.3219187064137887
        }
      }
    },
    "p25": {
      "raw": {
        "forecast": [
          0.0,
          0.0,
          0.0,
          0.0,
          0.0,
          0.0,
          0.0,
          0.0,
          0.0,
          0.0,
          0.0,
          0.0,
          0.0,
          0.0,
          0.0,
          0.0,
          0.0,
          0.0,
          0.0,
          0.0,
          0.0,
          0.0,
          0.0,
          0.0,
          0.0,
          0.0,
          0.0,
          0.0
        ],
        "metrics": {
          "mae": 0.25,
          "mape": 1.0,
          "rmse": 0.6813851438692469,
          "smape": 0.3571428571428571,
          "rmsse": 1.3219187064137887
        }
      },
      "rounded": {
        "forecast": [
          0.0,
          0.0,
          0.0,
          0.0,
          0.0,
          0.0,
          0.0,
          0.0,
          0.0,
          0.0,
          0.0,
          0.0,
          0.0,
          0.0,
          0.0,
          0.0,
          0.0,
          0.0,
          0.0,
          0.0,
          0.0,
          0.0,
          0.0,
          0.0,
          0.0,
          0.0,
          0.0,
          0.0
        ],
        "metrics": {
          "mae": 0.25,
          "mape": 1.0,
          "rmse": 0.6813851438692469,
          "smape": 0.3571428571428571,
          "rmsse": 1.3219187064137887
        }
      }
    },
    "p50": {
      "raw": {
        "forecast": [
          0.0,
          0.0,
          0.0,
          0.0,
          0.0,
          0.0,
          0.0,
          0.0,
          0.0,
          0.0,
          0.0,
          0.0,
          0.0,
          0.0,
          0.0,
          0.0,
          0.0,
          0.0,
          0.0,
          0.0,
          0.0,
          0.0,
          0.0,
          0.0,
          0.0,
          0.0,
          0.0,
          0.0
        ],
        "metrics": {
          "mae": 0.25,
          "mape": 1.0,
          "rmse": 0.6813851438692469,
          "smape": 0.3571428571428571,
          "rmsse": 1.3219187064137887
        }
      },
      "rounded": {
        "forecast": [
          0.0,
          0.0,
          0.0,
          0.0,
          0.0,
          0.0,
          0.0,
          0.0,
          0.0,
          0.0,
          0.0,
          0.0,
          0.0,
          0.0,
          0.0,
          0.0,
          0.0,
          0.0,
          0.0,
          0.0,
          0.0,
          0.0,
          0.0,
          0.0,
          0.0,
          0.0,
          0.0,
          0.0
        ],
        "metrics": {
          "mae": 0.25,
          "mape": 1.0,
          "rmse": 0.6813851438692469,
          "smape": 0.3571428571428571,
          "rmsse": 1.3219187064137887
        }
      }
    },
    "p75": {
      "raw": {
        "forecast": [
          0.0,
          0.0,
          0.0,
          0.0,
          0.0,
          0.0,
          0.0,
          0.0,
          0.0,
          0.0,
          0.0,
          0.0,
          0.0,
          0.0,
          0.0,
          0.0,
          0.0,
          0.25,
          0.0,
          0.0,
          1.0,
          0.0,
          0.0,
          0.0,
          0.0,
          0.0,
          0.0,
          1.0
        ],
        "metrics": {
          "mae": 0.3303571428571428,
          "mape": 1.0,
          "rmse": 0.7334483134968875,
          "smape": 0.5714285714285714,
          "rmsse": 1.422923664424994
        }
      },
      "rounded": {
        "forecast": [
          0.0,
          0.0,
          0.0,
          0.0,
          0.0,
          0.0,
          0.0,
          0.0,
          0.0,
          0.0,
          0.0,
          0.0,
          0.0,
          0.0,
          0.0,
          0.0,
          0.0,
          0.0,
          0.0,
          0.0,
          1.0,
          0.0,
          0.0,
          0.0,
          0.0,
          0.0,
          0.0,
          1.0
        ],
        "metrics": {
          "mae": 0.3214285714285714,
          "mape": 1.0,
          "rmse": 0.7319250547113999,
          "smape": 0.5,
          "rmsse": 1.4199684719008203
        }
      }
    }
  }
}